"DESCRIPTION","DURATION IN MS","NAME","PARENT SUITE","START TIME","STATUS","STOP TIME","SUB SUITE","SUITE","TEST CLASS","TEST METHOD"
"","13922","Каталог заданий: ЗПР ""Вероятность и статистика. 7.1"" — Класс 5","default","Thu Apr 02 16:00:25 UTC 2026","passed","Thu Apr 02 16:00:39 UTC 2026","AuTestCatalogTask","","",""
"","34088","Каталог заданий: Школьная программа ""Русский язык"" — Класс 2","default","Thu Apr 02 14:38:03 UTC 2026","passed","Thu Apr 02 14:38:37 UTC 2026","AuTestCatalogTask","","",""
"","18268","Каталог заданий: ЗПР ""Геометрия. 7.1"" — Класс 3","default","Thu Apr 02 15:55:14 UTC 2026","passed","Thu Apr 02 15:55:32 UTC 2026","AuTestCatalogTask","","",""
"","25093","Каталог заданий: ЗПР ""Окружающий мир. 7.1"" — Класс 4","default","Thu Apr 02 15:55:36 UTC 2026","passed","Thu Apr 02 15:56:01 UTC 2026","AuTestCatalogTask","","",""
"","16073","Каталог заданий: Подготовка к контрольным работам ""Химия"" — Класс 1","default","Thu Apr 02 14:58:53 UTC 2026","passed","Thu Apr 02 14:59:09 UTC 2026","AuTestCatalogTask","","",""
"","16678","Каталог заданий: ТНР ""Вероятность и статистика. 5.1"" — Класс 5","default","Thu Apr 02 15:21:09 UTC 2026","passed","Thu Apr 02 15:21:26 UTC 2026","AuTestCatalogTask","","",""
"","28192","Каталог заданий: Подготовка к ВПР ""Химия"" — Класс 2","default","Thu Apr 02 14:54:44 UTC 2026","passed","Thu Apr 02 14:55:12 UTC 2026","AuTestCatalogTask","","",""
"","12392","Каталог заданий: ЗПР ""Английский язык. 7.1"" — Класс 2","default","Thu Apr 02 15:59:33 UTC 2026","passed","Thu Apr 02 15:59:46 UTC 2026","AuTestCatalogTask","","",""
"","61903","Каталог заданий: Слепые ""История. 3.1"" — Класс 4","default","Thu Apr 02 15:26:46 UTC 2026","passed","Thu Apr 02 15:27:48 UTC 2026","AuTestCatalogTask","","",""
"","20588","Каталог заданий: Слепые ""Геометрия. 3.1"" — Класс 1","default","Thu Apr 02 15:25:11 UTC 2026","passed","Thu Apr 02 15:25:32 UTC 2026","AuTestCatalogTask","","",""
"","25633","Каталог заданий: ЗПР ""Русский язык. 7.1"" — Класс 1","default","Thu Apr 02 15:53:17 UTC 2026","passed","Thu Apr 02 15:53:42 UTC 2026","AuTestCatalogTask","","",""
"","24561","Каталог заданий: Слабовидящие ""Русский язык. 4.1"" — Класс 6","default","Thu Apr 02 15:31:24 UTC 2026","passed","Thu Apr 02 15:31:49 UTC 2026","AuTestCatalogTask","","",""
"","25926","Каталог заданий: ТНР ""Русский язык. 5.1"" — Класс 6","default","Thu Apr 02 15:15:55 UTC 2026","passed","Thu Apr 02 15:16:21 UTC 2026","AuTestCatalogTask","","",""
"","14107","Каталог заданий: НОДА ""Вероятность и статистика. 6.1"" — Класс 3","default","Thu Apr 02 16:08:26 UTC 2026","passed","Thu Apr 02 16:08:41 UTC 2026","AuTestCatalogTask","","",""
"","25627","Каталог заданий: ТНР ""Математика. 5.1"" — Класс 3","default","Thu Apr 02 15:16:38 UTC 2026","passed","Thu Apr 02 15:17:04 UTC 2026","AuTestCatalogTask","","",""
"","44617","Каталог заданий: НОДА ""История. 6.1"" — Класс 7","default","Thu Apr 02 16:05:09 UTC 2026","passed","Thu Apr 02 16:05:53 UTC 2026","AuTestCatalogTask","","",""
"","37259","Каталог заданий: Нарушение слуха ""Физика. 1.1"" — Класс 4","default","Thu Apr 02 15:46:02 UTC 2026","passed","Thu Apr 02 15:46:40 UTC 2026","AuTestCatalogTask","","",""
"","31655","Каталог заданий: Слепые ""Литература. 3.1"" — Класс 3","default","Thu Apr 02 15:26:02 UTC 2026","passed","Thu Apr 02 15:26:34 UTC 2026","AuTestCatalogTask","","",""
"","25295","Каталог заданий: Подготовка к ВПР ""Математика"" — Класс 1","default","Thu Apr 02 14:51:40 UTC 2026","passed","Thu Apr 02 14:52:05 UTC 2026","AuTestCatalogTask","","",""
"","35758","Каталог заданий: Повторение пройденного материала ""Математика"" — Класс 5","default","Thu Apr 02 15:00:20 UTC 2026","passed","Thu Apr 02 15:00:56 UTC 2026","AuTestCatalogTask","","",""
"","21286","Каталог заданий: НОДА ""Русский язык. 6.1"" — Класс 6","default","Thu Apr 02 16:01:06 UTC 2026","passed","Thu Apr 02 16:01:27 UTC 2026","AuTestCatalogTask","","",""
"","26720","Каталог заданий: Слабовидящие ""Окружающий мир. 4.1"" — Класс 4","default","Thu Apr 02 15:33:25 UTC 2026","passed","Thu Apr 02 15:33:52 UTC 2026","AuTestCatalogTask","","",""
"","24304","Каталог заданий: Повторение пройденного материала ""Русский язык"" — Класс 9","default","Thu Apr 02 15:01:19 UTC 2026","passed","Thu Apr 02 15:01:44 UTC 2026","AuTestCatalogTask","","",""
"","27210","Каталог заданий: РАС ""Литература. 8.1"" — Класс 6","default","Thu Apr 02 16:12:21 UTC 2026","passed","Thu Apr 02 16:12:48 UTC 2026","AuTestCatalogTask","","",""
"","43360","Каталог заданий: ТНР ""История. 5.1"" — Класс 7","default","Thu Apr 02 15:20:38 UTC 2026","passed","Thu Apr 02 15:21:21 UTC 2026","AuTestCatalogTask","","",""
"","26501","Каталог заданий: Повторение пройденного материала ""Русский язык"" — Класс 8","default","Thu Apr 02 15:01:16 UTC 2026","passed","Thu Apr 02 15:01:42 UTC 2026","AuTestCatalogTask","","",""
"","29418","Каталог заданий: Подготовка к ВПР ""Математика"" — Класс 4","default","Thu Apr 02 14:51:53 UTC 2026","passed","Thu Apr 02 14:52:23 UTC 2026","AuTestCatalogTask","","",""
"","26968","Каталог заданий: Слабовидящие ""Химия. 4.1"" — Класс 4","default","Thu Apr 02 15:38:00 UTC 2026","passed","Thu Apr 02 15:38:26 UTC 2026","AuTestCatalogTask","","",""
"","47250","Каталог заданий: Слабовидящие ""Русский язык. 4.1"" — Класс 4","default","Thu Apr 02 15:31:18 UTC 2026","passed","Thu Apr 02 15:32:05 UTC 2026","AuTestCatalogTask","","",""
"","28066","Каталог заданий: НОДА ""Литература. 6.1"" — Класс 6","default","Thu Apr 02 16:04:18 UTC 2026","passed","Thu Apr 02 16:04:46 UTC 2026","AuTestCatalogTask","","",""
"","28555","Каталог заданий: ТНР ""Химия. 5.1"" — Класс 1","default","Thu Apr 02 15:21:14 UTC 2026","passed","Thu Apr 02 15:21:42 UTC 2026","AuTestCatalogTask","","",""
"","25807","Каталог заданий: ЗПР ""Алгебра и начала мат. анализа. 7.1"" — Класс 2","default","Thu Apr 02 15:55:05 UTC 2026","passed","Thu Apr 02 15:55:31 UTC 2026","AuTestCatalogTask","","",""
"","37205","Каталог заданий: Школьная программа ""Литература"" — Класс 1","default","Thu Apr 02 14:41:15 UTC 2026","passed","Thu Apr 02 14:41:53 UTC 2026","AuTestCatalogTask","","",""
"","18178","Каталог заданий: Подготовка к контрольным работам ""История"" — Класс 5","default","Thu Apr 02 14:58:46 UTC 2026","passed","Thu Apr 02 14:59:04 UTC 2026","AuTestCatalogTask","","",""
"","25070","Каталог заданий: Повторение пройденного материала ""Английский язык"" — Класс 4","default","Thu Apr 02 15:02:07 UTC 2026","passed","Thu Apr 02 15:02:32 UTC 2026","AuTestCatalogTask","","",""
"","15052","Каталог заданий: ЗПР ""Алгебра. 7.1"" — Класс 3","default","Thu Apr 02 15:54:51 UTC 2026","passed","Thu Apr 02 15:55:06 UTC 2026","AuTestCatalogTask","","",""
"","18290","Каталог заданий: Нарушение слуха ""Английский язык. 1.1"" — Класс 2","default","Thu Apr 02 15:43:43 UTC 2026","passed","Thu Apr 02 15:44:01 UTC 2026","AuTestCatalogTask","","",""
"","25584","Каталог заданий: НОДА ""Химия. 6.1"" — Класс 4","default","Thu Apr 02 16:07:07 UTC 2026","passed","Thu Apr 02 16:07:33 UTC 2026","AuTestCatalogTask","","",""
"","24246","Каталог заданий: ТНР ""Английский язык. 5.1"" — Класс 8","default","Thu Apr 02 15:23:09 UTC 2026","passed","Thu Apr 02 15:23:33 UTC 2026","AuTestCatalogTask","","",""
"","28853","Каталог заданий: РАС ""Биология. 8.1"" — Класс 5","default","Thu Apr 02 16:14:04 UTC 2026","passed","Thu Apr 02 16:14:33 UTC 2026","AuTestCatalogTask","","",""
"","23789","Каталог заданий: Повторение пройденного материала ""Английский язык"" — Класс 2","default","Thu Apr 02 15:02:02 UTC 2026","passed","Thu Apr 02 15:02:25 UTC 2026","AuTestCatalogTask","","",""
"","13498","Каталог заданий: Школьная программа ""Геометрия"" — Класс 5","default","Thu Apr 02 14:37:03 UTC 2026","passed","Thu Apr 02 14:37:17 UTC 2026","AuTestCatalogTask","","",""
"","33550","Каталог заданий: Школьная программа ""История"" — Класс 1","default","Thu Apr 02 14:37:04 UTC 2026","passed","Thu Apr 02 14:37:37 UTC 2026","AuTestCatalogTask","","",""
"","18170","Каталог заданий: Подготовка к контрольным работам ""Русский язык"" — Класс 6","default","Thu Apr 02 14:55:38 UTC 2026","passed","Thu Apr 02 14:55:56 UTC 2026","AuTestCatalogTask","","",""
"","20675","Каталог заданий: Слепые ""Русский язык. 3.1"" — Класс 1","default","Thu Apr 02 15:23:28 UTC 2026","passed","Thu Apr 02 15:23:48 UTC 2026","AuTestCatalogTask","","",""
"","13044","Каталог заданий: ЗПР ""Алгебра. 7.1"" — Класс 1","default","Thu Apr 02 15:54:48 UTC 2026","passed","Thu Apr 02 15:55:01 UTC 2026","AuTestCatalogTask","","",""
"","10636","Каталог заданий: Русский язык пакеты ""Важные вопросы орфографии (10-11 кл.)"" — Класс 2","default","Thu Apr 02 15:10:18 UTC 2026","passed","Thu Apr 02 15:10:28 UTC 2026","AuTestCatalogTask","","",""
"","19895","Каталог заданий: Слабовидящие ""Русский язык. 4.1"" — Класс 8","default","Thu Apr 02 15:31:46 UTC 2026","passed","Thu Apr 02 15:32:06 UTC 2026","AuTestCatalogTask","","",""
"","23441","Каталог заданий: Повторение пройденного материала ""Русский язык"" — Класс 4","default","Thu Apr 02 15:00:56 UTC 2026","passed","Thu Apr 02 15:01:19 UTC 2026","AuTestCatalogTask","","",""
"","15329","Каталог заданий: НОДА ""Вероятность и статистика. 6.1"" — Класс 5","default","Thu Apr 02 16:08:36 UTC 2026","passed","Thu Apr 02 16:08:51 UTC 2026","AuTestCatalogTask","","",""
"","32311","Каталог заданий: Нарушение слуха ""Химия. 1.1"" — Класс 2","default","Thu Apr 02 15:45:15 UTC 2026","passed","Thu Apr 02 15:45:47 UTC 2026","AuTestCatalogTask","","",""
"","30067","Каталог заданий: СПО ""Английский язык. 144 ч.""","default","Thu Apr 02 15:07:50 UTC 2026","passed","Thu Apr 02 15:08:20 UTC 2026","AuTestCatalogTask","","",""
"","21994","Каталог заданий: РАС ""Английский язык. 8.1"" — Класс 5","default","Thu Apr 02 16:15:51 UTC 2026","passed","Thu Apr 02 16:16:13 UTC 2026","AuTestCatalogTask","","",""
"","34111","Каталог заданий: Подготовка к ЕГЭ ""Биология""","default","Thu Apr 02 14:50:24 UTC 2026","passed","Thu Apr 02 14:50:58 UTC 2026","AuTestCatalogTask","","",""
"","15414","Каталог заданий: НОДА ""Геометрия. 6.1"" — Класс 2","default","Thu Apr 02 16:02:55 UTC 2026","passed","Thu Apr 02 16:03:10 UTC 2026","AuTestCatalogTask","","",""
"","44900","Каталог заданий: Слабовидящие ""Биология. 4.1"" — Класс 3","default","Thu Apr 02 15:36:48 UTC 2026","passed","Thu Apr 02 15:37:33 UTC 2026","AuTestCatalogTask","","",""
"","32609","Каталог заданий: НОДА ""Окружающий мир. 6.1"" — Класс 3","default","Thu Apr 02 16:03:15 UTC 2026","passed","Thu Apr 02 16:03:48 UTC 2026","AuTestCatalogTask","","",""
"","30592","Каталог заданий: ТНР ""История. 5.1"" — Класс 3","default","Thu Apr 02 15:20:16 UTC 2026","passed","Thu Apr 02 15:20:47 UTC 2026","AuTestCatalogTask","","",""
"","24774","Каталог заданий: Слабовидящие ""Литература. 4.1"" — Класс 5","default","Thu Apr 02 15:34:19 UTC 2026","passed","Thu Apr 02 15:34:44 UTC 2026","AuTestCatalogTask","","",""
"","23798","Каталог заданий: Повторение пройденного материала ""Информатика"" — Класс 5","default","Thu Apr 02 15:07:18 UTC 2026","passed","Thu Apr 02 15:07:42 UTC 2026","AuTestCatalogTask","","",""
"","18089","Каталог заданий: Слепые ""Русский язык. 3.1"" — Класс 6","default","Thu Apr 02 15:23:48 UTC 2026","passed","Thu Apr 02 15:24:06 UTC 2026","AuTestCatalogTask","","",""
"","45680","Каталог заданий: НОДА ""Математика. 6.1"" — Класс 2","default","Thu Apr 02 16:01:40 UTC 2026","passed","Thu Apr 02 16:02:26 UTC 2026","AuTestCatalogTask","","",""
"","22919","Каталог заданий: СПО ""Информатика. 108 ч.""","default","Thu Apr 02 15:07:50 UTC 2026","passed","Thu Apr 02 15:08:13 UTC 2026","AuTestCatalogTask","","",""
"","20144","Каталог заданий: Нарушение слуха ""Алгебра. 1.1"" — Класс 3","default","Thu Apr 02 15:40:37 UTC 2026","passed","Thu Apr 02 15:40:57 UTC 2026","AuTestCatalogTask","","",""
"","43080","Каталог заданий: ТНР ""Биология. 5.1"" — Класс 1","default","Thu Apr 02 15:17:54 UTC 2026","passed","Thu Apr 02 15:18:37 UTC 2026","AuTestCatalogTask","","",""
"","28259","Каталог заданий: Слепые ""Русский язык. 3.1"" — Класс 4","default","Thu Apr 02 15:23:36 UTC 2026","passed","Thu Apr 02 15:24:04 UTC 2026","AuTestCatalogTask","","",""
"","14723","Каталог заданий: НОДА ""Русский язык. 6.1"" — Класс 8","default","Thu Apr 02 16:01:26 UTC 2026","passed","Thu Apr 02 16:01:40 UTC 2026","AuTestCatalogTask","","",""
"","65294","Каталог заданий: Слепые ""Биология. 3.1"" — Класс 6","default","Thu Apr 02 15:29:21 UTC 2026","passed","Thu Apr 02 15:30:27 UTC 2026","AuTestCatalogTask","","",""
"","17544","Каталог заданий: ТНР ""Русский язык. 5.1"" — Класс 7","default","Thu Apr 02 15:16:04 UTC 2026","passed","Thu Apr 02 15:16:22 UTC 2026","AuTestCatalogTask","","",""
"","12939","Каталог заданий: Школьная программа ""Физика"" — Класс 2","default","Thu Apr 02 14:42:34 UTC 2026","passed","Thu Apr 02 14:42:47 UTC 2026","AuTestCatalogTask","","",""
"","27438","Каталог заданий: Дополнительное образование ""Английский язык"" — Класс 4","default","Thu Apr 02 14:45:56 UTC 2026","passed","Thu Apr 02 14:46:23 UTC 2026","AuTestCatalogTask","","",""
"","37555","Каталог заданий: Слабослышащие ""Литература. 2.1"" — Класс 1","default","Thu Apr 02 15:49:01 UTC 2026","passed","Thu Apr 02 15:49:38 UTC 2026","AuTestCatalogTask","","",""
"","30360","Каталог заданий: РАС ""История. 8.1"" — Класс 2","default","Thu Apr 02 16:12:36 UTC 2026","passed","Thu Apr 02 16:13:06 UTC 2026","AuTestCatalogTask","","",""
"","35583","Каталог заданий: Слабовидящие ""Математика. 4.1"" — Класс 1","default","Thu Apr 02 15:32:05 UTC 2026","passed","Thu Apr 02 15:32:41 UTC 2026","AuTestCatalogTask","","",""
"","18135","Каталог заданий: СПО ""Английский язык. 72 ч.""","default","Thu Apr 02 15:07:42 UTC 2026","passed","Thu Apr 02 15:08:00 UTC 2026","AuTestCatalogTask","","",""
"","24576","Каталог заданий: Слепые ""Английский язык. 3.1"" — Класс 9","default","Thu Apr 02 15:28:34 UTC 2026","passed","Thu Apr 02 15:28:59 UTC 2026","AuTestCatalogTask","","",""
"","24722","Каталог заданий: Слепые ""Окружающий мир. 3.1"" — Класс 1","default","Thu Apr 02 15:25:32 UTC 2026","passed","Thu Apr 02 15:25:56 UTC 2026","AuTestCatalogTask","","",""
"","20635","Каталог заданий: Слабовидящие ""Алгебра и начала мат. анализа. 4.1"" — Класс 1","default","Thu Apr 02 15:32:47 UTC 2026","passed","Thu Apr 02 15:33:08 UTC 2026","AuTestCatalogTask","","",""
"","23439","Каталог заданий: Слепые ""Алгебра и начала мат. анализа. 3.1"" — Класс 2","default","Thu Apr 02 15:25:11 UTC 2026","passed","Thu Apr 02 15:25:34 UTC 2026","AuTestCatalogTask","","",""
"","32685","Каталог заданий: Подготовка к ВПР ""Математика"" — Класс 2","default","Thu Apr 02 14:51:45 UTC 2026","passed","Thu Apr 02 14:52:17 UTC 2026","AuTestCatalogTask","","",""
"","66224","Каталог заданий: ЗПР ""Биология. 7.1"" — Класс 6","default","Thu Apr 02 15:58:30 UTC 2026","passed","Thu Apr 02 15:59:36 UTC 2026","AuTestCatalogTask","","",""
"","19401","Каталог заданий: Школьная программа ""Окружающий мир"" — Класс 2","default","Thu Apr 02 14:44:04 UTC 2026","passed","Thu Apr 02 14:44:23 UTC 2026","AuTestCatalogTask","","",""
"","11058","Каталог заданий: ЗПР ""Обществознание. 7.1"" — Класс 1","default","Thu Apr 02 15:57:12 UTC 2026","passed","Thu Apr 02 15:57:23 UTC 2026","AuTestCatalogTask","","",""
"","13868","Каталог заданий: Школьная программа ""Родной язык (русский)"" — Класс 1","default","Thu Apr 02 14:44:30 UTC 2026","passed","Thu Apr 02 14:44:44 UTC 2026","AuTestCatalogTask","","",""
"","16421","Каталог заданий: Слепые ""Геометрия. 3.1"" — Класс 4","default","Thu Apr 02 15:25:23 UTC 2026","passed","Thu Apr 02 15:25:39 UTC 2026","AuTestCatalogTask","","",""
"","21866","Каталог заданий: Слабослышащие ""Геометрия. 2.1"" — Класс 1","default","Thu Apr 02 15:47:36 UTC 2026","passed","Thu Apr 02 15:47:58 UTC 2026","AuTestCatalogTask","","",""
"","19871","Каталог заданий: ТНР ""Физика. 5.1"" — Класс 5","default","Thu Apr 02 15:19:59 UTC 2026","passed","Thu Apr 02 15:20:19 UTC 2026","AuTestCatalogTask","","",""
"","15387","Каталог заданий: Слабовидящие ""Информатика. 4.1"" — Класс 3","default","Thu Apr 02 15:38:47 UTC 2026","passed","Thu Apr 02 15:39:02 UTC 2026","AuTestCatalogTask","","",""
"","13672","Каталог заданий: ТНР ""Информатика. 5.1"" — Класс 5","default","Thu Apr 02 15:21:56 UTC 2026","passed","Thu Apr 02 15:22:10 UTC 2026","AuTestCatalogTask","","",""
"","8488","Каталог заданий: Специальные курсы ""Финансовая грамотность""","default","Thu Apr 02 15:08:55 UTC 2026","passed","Thu Apr 02 15:09:04 UTC 2026","AuTestCatalogTask","","",""
"","17552","Каталог заданий: НОДА ""Геометрия. 6.1"" — Класс 1","default","Thu Apr 02 16:02:39 UTC 2026","passed","Thu Apr 02 16:02:56 UTC 2026","AuTestCatalogTask","","",""
"","12676","Каталог заданий: Нарушение слуха ""Русский язык. 1.1"" — Класс 11","default","Thu Apr 02 15:39:55 UTC 2026","passed","Thu Apr 02 15:40:08 UTC 2026","AuTestCatalogTask","","",""
"","23503","Каталог заданий: Повторение пройденного материала ""Информатика"" — Класс 4","default","Thu Apr 02 15:07:10 UTC 2026","passed","Thu Apr 02 15:07:34 UTC 2026","AuTestCatalogTask","","",""
"","13606","Каталог заданий: Подготовка к контрольным работам ""Вероятность и статистика"" — Класс 3","default","Thu Apr 02 14:59:59 UTC 2026","passed","Thu Apr 02 15:00:13 UTC 2026","AuTestCatalogTask","","",""
"","37361","Каталог заданий: РАС ""Математика. 8.1"" — Класс 5","default","Thu Apr 02 16:10:07 UTC 2026","passed","Thu Apr 02 16:10:44 UTC 2026","AuTestCatalogTask","","",""
"","33194","Каталог заданий: ТНР ""Литература. 5.1"" — Класс 2","default","Thu Apr 02 15:18:54 UTC 2026","passed","Thu Apr 02 15:19:27 UTC 2026","AuTestCatalogTask","","",""
"","22713","Каталог заданий: ЗПР ""Английский язык. 7.1"" — Класс 5","default","Thu Apr 02 15:59:42 UTC 2026","passed","Thu Apr 02 16:00:05 UTC 2026","AuTestCatalogTask","","",""
"","13899","Каталог заданий: НОДА ""Обществознание. 6.1"" — Класс 5","default","Thu Apr 02 16:05:41 UTC 2026","passed","Thu Apr 02 16:05:55 UTC 2026","AuTestCatalogTask","","",""
"","44308","Каталог заданий: Школьная программа ""История"" — Класс 5","default","Thu Apr 02 14:37:19 UTC 2026","passed","Thu Apr 02 14:38:03 UTC 2026","AuTestCatalogTask","","",""
"","13910","Каталог заданий: Слабовидящие ""Физика. 4.1"" — Класс 1","default","Thu Apr 02 15:38:08 UTC 2026","passed","Thu Apr 02 15:38:22 UTC 2026","AuTestCatalogTask","","",""
"","17385","Каталог заданий: Слабослышащие ""Вероятность и статистика. 2.1"" — Класс 4","default","Thu Apr 02 15:52:56 UTC 2026","passed","Thu Apr 02 15:53:14 UTC 2026","AuTestCatalogTask","","",""
"","18690","Каталог заданий: Дополнительное образование ""Алгебра"" — Класс 3","default","Thu Apr 02 14:47:55 UTC 2026","passed","Thu Apr 02 14:48:14 UTC 2026","AuTestCatalogTask","","",""
"","29128","Каталог заданий: НОДА ""Химия. 6.1"" — Класс 3","default","Thu Apr 02 16:06:55 UTC 2026","passed","Thu Apr 02 16:07:24 UTC 2026","AuTestCatalogTask","","",""
"","15752","Каталог заданий: Школьная программа ""Геометрия"" — Класс 2","default","Thu Apr 02 14:36:52 UTC 2026","passed","Thu Apr 02 14:37:08 UTC 2026","AuTestCatalogTask","","",""
"","12097","Каталог заданий: НОДА ""Обществознание. 6.1"" — Класс 4","default","Thu Apr 02 16:05:34 UTC 2026","passed","Thu Apr 02 16:05:46 UTC 2026","AuTestCatalogTask","","",""
"","28530","Каталог заданий: Слабовидящие ""Математика. 4.1"" — Класс 4","default","Thu Apr 02 15:32:09 UTC 2026","passed","Thu Apr 02 15:32:37 UTC 2026","AuTestCatalogTask","","",""
"","13397","Каталог заданий: Подготовка к ОГЭ ""Литература""","default","Thu Apr 02 14:49:44 UTC 2026","passed","Thu Apr 02 14:49:58 UTC 2026","AuTestCatalogTask","","",""
"","11390","Каталог заданий: ЗПР ""Обществознание. 7.1"" — Класс 4","default","Thu Apr 02 15:57:35 UTC 2026","passed","Thu Apr 02 15:57:46 UTC 2026","AuTestCatalogTask","","",""
"","16923","Каталог заданий: Школьная программа ""Окружающий мир (2)"" — Класс 2","default","Thu Apr 02 14:44:14 UTC 2026","passed","Thu Apr 02 14:44:31 UTC 2026","AuTestCatalogTask","","",""
"","21226","Каталог заданий: Школьная программа ""Химия"" — Класс 2","default","Thu Apr 02 14:43:15 UTC 2026","passed","Thu Apr 02 14:43:36 UTC 2026","AuTestCatalogTask","","",""
"","14719","Каталог заданий: Нарушение слуха ""Геометрия. 1.1"" — Класс 2","default","Thu Apr 02 15:40:57 UTC 2026","passed","Thu Apr 02 15:41:12 UTC 2026","AuTestCatalogTask","","",""
"","20976","Каталог заданий: Школьная программа ""Окружающий мир"" — Класс 4","default","Thu Apr 02 14:44:09 UTC 2026","passed","Thu Apr 02 14:44:30 UTC 2026","AuTestCatalogTask","","",""
"","15375","Каталог заданий: ТНР ""Русский язык. 5.1"" — Класс 8","default","Thu Apr 02 15:16:06 UTC 2026","passed","Thu Apr 02 15:16:22 UTC 2026","AuTestCatalogTask","","",""
"","31228","Каталог заданий: Школьная программа ""История"" — Класс 2","default","Thu Apr 02 14:37:08 UTC 2026","passed","Thu Apr 02 14:37:39 UTC 2026","AuTestCatalogTask","","",""
"","23449","Каталог заданий: Подготовка к ВПР ""Информатика"" — Класс 2","default","Thu Apr 02 14:53:56 UTC 2026","passed","Thu Apr 02 14:54:19 UTC 2026","AuTestCatalogTask","","",""
"","16958","Каталог заданий: Школьная программа ""Физика"" — Класс 3","default","Thu Apr 02 14:42:37 UTC 2026","passed","Thu Apr 02 14:42:54 UTC 2026","AuTestCatalogTask","","",""
"","36105","Каталог заданий: ТНР ""Алгебра и начала мат. анализа. 5.1"" — Класс 2","default","Thu Apr 02 15:17:19 UTC 2026","passed","Thu Apr 02 15:17:55 UTC 2026","AuTestCatalogTask","","",""
"","24315","Каталог заданий: Повторение пройденного материала ""Вероятность и статистика"" — Класс 3","default","Thu Apr 02 15:04:58 UTC 2026","passed","Thu Apr 02 15:05:22 UTC 2026","AuTestCatalogTask","","",""
"","12460","Каталог заданий: Слепые ""Обществознание. 3.1"" — Класс 3","default","Thu Apr 02 15:27:42 UTC 2026","passed","Thu Apr 02 15:27:54 UTC 2026","AuTestCatalogTask","","",""
"","44449","Каталог заданий: Слепые ""Математика. 3.1"" — Класс 5","default","Thu Apr 02 15:24:32 UTC 2026","passed","Thu Apr 02 15:25:16 UTC 2026","AuTestCatalogTask","","",""
"","20883","Каталог заданий: Подготовка к ЕГЭ ""Литература""","default","Thu Apr 02 14:50:59 UTC 2026","passed","Thu Apr 02 14:51:20 UTC 2026","AuTestCatalogTask","","",""
"","14274","Каталог заданий: Нарушение слуха ""Физика. 1.1"" — Класс 3","default","Thu Apr 02 15:45:56 UTC 2026","passed","Thu Apr 02 15:46:10 UTC 2026","AuTestCatalogTask","","",""
"","23513","Каталог заданий: Повторение пройденного материала ""Информатика"" — Класс 1","default","Thu Apr 02 15:07:01 UTC 2026","passed","Thu Apr 02 15:07:24 UTC 2026","AuTestCatalogTask","","",""
"","23147","Каталог заданий: Слепые ""Английский язык. 3.1"" — Класс 5","default","Thu Apr 02 15:28:11 UTC 2026","passed","Thu Apr 02 15:28:34 UTC 2026","AuTestCatalogTask","","",""
"","39119","Каталог заданий: ЗПР ""Русский язык. 7.1"" — Класс 3","default","Thu Apr 02 15:53:19 UTC 2026","passed","Thu Apr 02 15:53:58 UTC 2026","AuTestCatalogTask","","",""
"","37087","Каталог заданий: Дополнительное образование ""Биология"" — Класс 2","default","Thu Apr 02 14:46:38 UTC 2026","passed","Thu Apr 02 14:47:15 UTC 2026","AuTestCatalogTask","","",""
"","26673","Каталог заданий: ЗПР ""Химия. 7.1"" — Класс 4","default","Thu Apr 02 15:58:59 UTC 2026","passed","Thu Apr 02 15:59:25 UTC 2026","AuTestCatalogTask","","",""
"","30884","Каталог заданий: Подготовка к контрольным работам ""Физика"" — Класс 2","default","Thu Apr 02 14:57:38 UTC 2026","passed","Thu Apr 02 14:58:09 UTC 2026","AuTestCatalogTask","","",""
"","42649","Каталог заданий: Школьная программа ""Русский язык"" — Класс 4","default","Thu Apr 02 14:38:22 UTC 2026","passed","Thu Apr 02 14:39:05 UTC 2026","AuTestCatalogTask","","",""
"","17014","Каталог заданий: Слепые ""Информатика. 3.1"" — Класс 4","default","Thu Apr 02 15:31:01 UTC 2026","passed","Thu Apr 02 15:31:18 UTC 2026","AuTestCatalogTask","","",""
"","22158","Каталог заданий: Подготовка к ВПР ""История"" — Класс 3","default","Thu Apr 02 14:54:07 UTC 2026","passed","Thu Apr 02 14:54:29 UTC 2026","AuTestCatalogTask","","",""
"","19482","Каталог заданий: Подготовка к контрольным работам ""Русский язык"" — Класс 5","default","Thu Apr 02 14:55:36 UTC 2026","passed","Thu Apr 02 14:55:55 UTC 2026","AuTestCatalogTask","","",""
"","19415","Каталог заданий: ТНР ""Физика. 5.1"" — Класс 4","default","Thu Apr 02 15:19:57 UTC 2026","passed","Thu Apr 02 15:20:16 UTC 2026","AuTestCatalogTask","","",""
"","16426","Каталог заданий: Дополнительное образование ""Геометрия"" — Класс 3","default","Thu Apr 02 14:48:14 UTC 2026","passed","Thu Apr 02 14:48:30 UTC 2026","AuTestCatalogTask","","",""
"","11586","Каталог заданий: Подготовка к ОГЭ ""Химия. Варианты КИМ""","default","Thu Apr 02 14:50:09 UTC 2026","passed","Thu Apr 02 14:50:21 UTC 2026","AuTestCatalogTask","","",""
"","25876","Каталог заданий: Дополнительное образование ""Английский язык"" — Класс 1","default","Thu Apr 02 14:45:45 UTC 2026","passed","Thu Apr 02 14:46:11 UTC 2026","AuTestCatalogTask","","",""
"","17436","Каталог заданий: Подготовка к контрольным работам ""Алгебра"" — Класс 1","default","Thu Apr 02 14:57:23 UTC 2026","passed","Thu Apr 02 14:57:41 UTC 2026","AuTestCatalogTask","","",""
"","21521","Каталог заданий: Подготовка к контрольным работам ""Английский язык"" — Класс 8","default","Thu Apr 02 14:56:34 UTC 2026","passed","Thu Apr 02 14:56:55 UTC 2026","AuTestCatalogTask","","",""
"","22478","Каталог заданий: Повторение пройденного материала ""Информатика"" — Класс 3","default","Thu Apr 02 15:07:08 UTC 2026","passed","Thu Apr 02 15:07:31 UTC 2026","AuTestCatalogTask","","",""
"","16687","Каталог заданий: Подготовка к ОГЭ ""Русский язык""","default","Thu Apr 02 14:48:56 UTC 2026","passed","Thu Apr 02 14:49:13 UTC 2026","AuTestCatalogTask","","",""
"","23181","Каталог заданий: ЗПР ""Английский язык. 7.1"" — Класс 6","default","Thu Apr 02 15:59:44 UTC 2026","passed","Thu Apr 02 16:00:07 UTC 2026","AuTestCatalogTask","","",""
"","9121","Каталог заданий: Подготовка к ОГЭ ""Английский язык""","default","Thu Apr 02 14:49:05 UTC 2026","passed","Thu Apr 02 14:49:14 UTC 2026","AuTestCatalogTask","","",""
"","14278","Каталог заданий: Слабослышащие ""Информатика. 2.1"" — Класс 2","default","Thu Apr 02 15:53:02 UTC 2026","passed","Thu Apr 02 15:53:16 UTC 2026","AuTestCatalogTask","","",""
"","15536","Каталог заданий: Слабослышащие ""Вероятность и статистика. 2.1"" — Класс 2","default","Thu Apr 02 15:52:43 UTC 2026","passed","Thu Apr 02 15:52:59 UTC 2026","AuTestCatalogTask","","",""
"","15148","Каталог заданий: ТНР ""Геометрия. 5.1"" — Класс 2","default","Thu Apr 02 15:17:22 UTC 2026","passed","Thu Apr 02 15:17:38 UTC 2026","AuTestCatalogTask","","",""
"","12951","Каталог заданий: ТНР ""Вероятность и статистика. 5.1"" — Класс 1","default","Thu Apr 02 15:20:47 UTC 2026","passed","Thu Apr 02 15:21:00 UTC 2026","AuTestCatalogTask","","",""
"","16739","Каталог заданий: Русский язык пакеты ""Пунктуационная грамотность (5-9 кл.)"" — Класс 1","default","Thu Apr 02 15:09:50 UTC 2026","passed","Thu Apr 02 15:10:06 UTC 2026","AuTestCatalogTask","","",""
"","43121","Каталог заданий: НОДА ""Русский язык. 6.1"" — Класс 4","default","Thu Apr 02 16:00:56 UTC 2026","passed","Thu Apr 02 16:01:39 UTC 2026","AuTestCatalogTask","","",""
"","19573","Каталог заданий: Дополнительное образование ""Геометрия"" — Класс 1","default","Thu Apr 02 14:48:02 UTC 2026","passed","Thu Apr 02 14:48:22 UTC 2026","AuTestCatalogTask","","",""
"","17845","Каталог заданий: НОДА ""Вероятность и статистика. 6.1"" — Класс 4","default","Thu Apr 02 16:08:34 UTC 2026","passed","Thu Apr 02 16:08:52 UTC 2026","AuTestCatalogTask","","",""
"","18006","Каталог заданий: Специальные курсы ""Скоросчёт"" — Класс 2","default","Thu Apr 02 15:08:19 UTC 2026","passed","Thu Apr 02 15:08:37 UTC 2026","AuTestCatalogTask","","",""
"","20377","Каталог заданий: Дополнительное образование ""Практикум по английскому языку"" — Класс 4","default","Thu Apr 02 14:48:49 UTC 2026","passed","Thu Apr 02 14:49:09 UTC 2026","AuTestCatalogTask","","",""
"","75470","Каталог заданий: НОДА ""История. 6.1"" — Класс 4","default","Thu Apr 02 16:04:46 UTC 2026","failed","Thu Apr 02 16:06:02 UTC 2026","AuTestCatalogTask","","",""
"","27322","Каталог заданий: Школьная программа ""Литература"" — Класс 6","default","Thu Apr 02 14:41:53 UTC 2026","passed","Thu Apr 02 14:42:20 UTC 2026","AuTestCatalogTask","","",""
"","16044","Каталог заданий: Слабовидящие ""Вероятность и статистика. 4.1"" — Класс 4","default","Thu Apr 02 15:38:42 UTC 2026","passed","Thu Apr 02 15:38:58 UTC 2026","AuTestCatalogTask","","",""
"","23576","Каталог заданий: Повторение пройденного материала ""Биология"" — Класс 7","default","Thu Apr 02 15:06:23 UTC 2026","passed","Thu Apr 02 15:06:47 UTC 2026","AuTestCatalogTask","","",""
"","26504","Каталог заданий: Нарушение слуха ""Литература. 1.1"" — Класс 5","default","Thu Apr 02 15:41:50 UTC 2026","passed","Thu Apr 02 15:42:16 UTC 2026","AuTestCatalogTask","","",""
"","50621","Каталог заданий: ЗПР ""Литература. 7.1"" — Класс 7","default","Thu Apr 02 15:56:21 UTC 2026","passed","Thu Apr 02 15:57:12 UTC 2026","AuTestCatalogTask","","",""
"","13801","Каталог заданий: Слабослышащие ""Обществознание. 2.1"" — Класс 2","default","Thu Apr 02 15:51:49 UTC 2026","passed","Thu Apr 02 15:52:03 UTC 2026","AuTestCatalogTask","","",""
"","54503","Каталог заданий: Нарушение слуха ""История. 1.1"" — Класс 7","default","Thu Apr 02 15:42:53 UTC 2026","passed","Thu Apr 02 15:43:48 UTC 2026","AuTestCatalogTask","","",""
"","36428","Каталог заданий: Нарушение слуха ""Литература. 1.1"" — Класс 1","default","Thu Apr 02 15:41:34 UTC 2026","passed","Thu Apr 02 15:42:10 UTC 2026","AuTestCatalogTask","","",""
"","22315","Каталог заданий: Подготовка к ОГЭ ""История. Варианты КИМ""","default","Thu Apr 02 14:50:06 UTC 2026","passed","Thu Apr 02 14:50:28 UTC 2026","AuTestCatalogTask","","",""
"","22204","Каталог заданий: Школьная программа ""Окружающий мир"" — Класс 1","default","Thu Apr 02 14:43:52 UTC 2026","passed","Thu Apr 02 14:44:14 UTC 2026","AuTestCatalogTask","","",""
"","28135","Каталог заданий: НОДА ""Химия. 6.1"" — Класс 1","default","Thu Apr 02 16:06:39 UTC 2026","passed","Thu Apr 02 16:07:07 UTC 2026","AuTestCatalogTask","","",""
"","23213","Каталог заданий: Повторение пройденного материала ""Английский язык"" — Класс 5","default","Thu Apr 02 15:02:07 UTC 2026","passed","Thu Apr 02 15:02:31 UTC 2026","AuTestCatalogTask","","",""
"","32629","Каталог заданий: Школьная программа ""Литература"" — Класс 2","default","Thu Apr 02 14:41:20 UTC 2026","passed","Thu Apr 02 14:41:52 UTC 2026","AuTestCatalogTask","","",""
"","25529","Каталог заданий: Повторение пройденного материала ""Английский язык"" — Класс 8","default","Thu Apr 02 15:02:31 UTC 2026","passed","Thu Apr 02 15:02:56 UTC 2026","AuTestCatalogTask","","",""
"","150213","Каталог заданий: Сложные темы ""Русский язык"" — Класс 5","default","Thu Apr 02 15:13:58 UTC 2026","broken","Thu Apr 02 15:16:28 UTC 2026","AuTestCatalogTask","","",""
"","17652","Каталог заданий: Подготовка к контрольным работам ""Физика"" — Класс 4","default","Thu Apr 02 14:57:51 UTC 2026","passed","Thu Apr 02 14:58:08 UTC 2026","AuTestCatalogTask","","",""
"","48186","Каталог заданий: Слепые ""История. 3.1"" — Класс 7","default","Thu Apr 02 15:27:09 UTC 2026","passed","Thu Apr 02 15:27:57 UTC 2026","AuTestCatalogTask","","",""
"","19098","Каталог заданий: Подготовка к контрольным работам ""Геометрия"" — Класс 3","default","Thu Apr 02 14:57:19 UTC 2026","passed","Thu Apr 02 14:57:38 UTC 2026","AuTestCatalogTask","","",""
"","48378","Каталог заданий: Подготовка к ЕГЭ ""Химия""","default","Thu Apr 02 14:50:26 UTC 2026","passed","Thu Apr 02 14:51:14 UTC 2026","AuTestCatalogTask","","",""
"","23600","Каталог заданий: Подготовка к контрольным работам ""Математика"" — Класс 1","default","Thu Apr 02 14:54:56 UTC 2026","passed","Thu Apr 02 14:55:20 UTC 2026","AuTestCatalogTask","","",""
"","32066","Каталог заданий: Слепые ""История. 3.1"" — Класс 3","default","Thu Apr 02 15:26:38 UTC 2026","passed","Thu Apr 02 15:27:10 UTC 2026","AuTestCatalogTask","","",""
"","73847","Каталог заданий: Школьная программа ""Мокшанский язык"" — Класс 1","default","Thu Apr 02 14:44:31 UTC 2026","passed","Thu Apr 02 14:45:45 UTC 2026","AuTestCatalogTask","","",""
"","22931","Каталог заданий: Повторение пройденного материала ""История"" — Класс 7","default","Thu Apr 02 15:03:13 UTC 2026","passed","Thu Apr 02 15:03:36 UTC 2026","AuTestCatalogTask","","",""
"","25482","Каталог заданий: Дополнительное образование ""Английский язык"" — Класс 3","default","Thu Apr 02 14:45:51 UTC 2026","passed","Thu Apr 02 14:46:16 UTC 2026","AuTestCatalogTask","","",""
"","19868","Каталог заданий: Сложные темы ""Математика"" — Класс 4","default","Thu Apr 02 15:10:52 UTC 2026","passed","Thu Apr 02 15:11:12 UTC 2026","AuTestCatalogTask","","",""
"","25626","Каталог заданий: Повторение пройденного материала ""Русский язык"" — Класс 2","default","Thu Apr 02 15:00:49 UTC 2026","passed","Thu Apr 02 15:01:14 UTC 2026","AuTestCatalogTask","","",""
"","14856","Каталог заданий: Подготовка к контрольным работам ""Геометрия"" — Класс 5","default","Thu Apr 02 14:57:23 UTC 2026","passed","Thu Apr 02 14:57:38 UTC 2026","AuTestCatalogTask","","",""
"","23801","Каталог заданий: Повторение пройденного материала ""Английский язык"" — Класс 7","default","Thu Apr 02 15:02:25 UTC 2026","passed","Thu Apr 02 15:02:49 UTC 2026","AuTestCatalogTask","","",""
"","24527","Каталог заданий: Слепые ""Английский язык. 3.1"" — Класс 8","default","Thu Apr 02 15:28:24 UTC 2026","passed","Thu Apr 02 15:28:49 UTC 2026","AuTestCatalogTask","","",""
"","23950","Каталог заданий: Повторение пройденного материала ""Геометрия"" — Класс 4","default","Thu Apr 02 15:04:21 UTC 2026","passed","Thu Apr 02 15:04:45 UTC 2026","AuTestCatalogTask","","",""
"","18421","Каталог заданий: ЗПР ""Русский язык. 7.1"" — Класс 10","default","Thu Apr 02 15:54:04 UTC 2026","passed","Thu Apr 02 15:54:23 UTC 2026","AuTestCatalogTask","","",""
"","22219","Каталог заданий: Слепые ""Вероятность и статистика. 3.1"" — Класс 5","default","Thu Apr 02 15:30:43 UTC 2026","passed","Thu Apr 02 15:31:05 UTC 2026","AuTestCatalogTask","","",""
"","27461","Каталог заданий: Слабослышащие ""Литература. 2.1"" — Класс 6","default","Thu Apr 02 15:49:43 UTC 2026","passed","Thu Apr 02 15:50:10 UTC 2026","AuTestCatalogTask","","",""
"","150192","Каталог заданий: Сложные темы ""Математика"" — Класс 5","default","Thu Apr 02 15:11:02 UTC 2026","broken","Thu Apr 02 15:13:32 UTC 2026","AuTestCatalogTask","","",""
"","26482","Каталог заданий: Дополнительное образование ""Математика"" — Класс 4","default","Thu Apr 02 14:45:19 UTC 2026","passed","Thu Apr 02 14:45:45 UTC 2026","AuTestCatalogTask","","",""
"","13307","Каталог заданий: Русский язык пакеты ""Развитие речи (1-4 кл.)"" — Класс 2","default","Thu Apr 02 15:09:06 UTC 2026","passed","Thu Apr 02 15:09:19 UTC 2026","AuTestCatalogTask","","",""
"","13771","Каталог заданий: Нарушение слуха ""Английский язык. 1.1"" — Класс 1","default","Thu Apr 02 15:43:38 UTC 2026","passed","Thu Apr 02 15:43:51 UTC 2026","AuTestCatalogTask","","",""
"","12229","Каталог заданий: Русский язык пакеты ""Орфографическая грамотность (1-4 кл.)"" — Класс 1","default","Thu Apr 02 15:09:19 UTC 2026","passed","Thu Apr 02 15:09:32 UTC 2026","AuTestCatalogTask","","",""
"","15657","Каталог заданий: РАС ""Геометрия. 8.1"" — Класс 4","default","Thu Apr 02 16:11:10 UTC 2026","passed","Thu Apr 02 16:11:26 UTC 2026","AuTestCatalogTask","","",""
"","26303","Каталог заданий: Повторение пройденного материала ""Биология"" — Класс 4","default","Thu Apr 02 15:06:13 UTC 2026","passed","Thu Apr 02 15:06:39 UTC 2026","AuTestCatalogTask","","",""
"","25999","Каталог заданий: Повторение пройденного материала ""Химия"" — Класс 1","default","Thu Apr 02 15:05:36 UTC 2026","passed","Thu Apr 02 15:06:02 UTC 2026","AuTestCatalogTask","","",""
"","17993","Каталог заданий: Подготовка к контрольным работам ""Математика"" — Класс 2","default","Thu Apr 02 14:55:01 UTC 2026","passed","Thu Apr 02 14:55:19 UTC 2026","AuTestCatalogTask","","",""
"","17777","Каталог заданий: Подготовка к ВПР ""Русский язык"" — Класс 4","default","Thu Apr 02 14:52:34 UTC 2026","passed","Thu Apr 02 14:52:52 UTC 2026","AuTestCatalogTask","","",""
"","14058","Каталог заданий: Нарушение слуха ""Физика. 1.1"" — Класс 2","default","Thu Apr 02 15:45:52 UTC 2026","passed","Thu Apr 02 15:46:06 UTC 2026","AuTestCatalogTask","","",""
"","27815","Каталог заданий: Нарушение слуха ""Литература. 1.1"" — Класс 6","default","Thu Apr 02 15:42:10 UTC 2026","passed","Thu Apr 02 15:42:38 UTC 2026","AuTestCatalogTask","","",""
"","12636","Каталог заданий: РАС ""Информатика. 8.1"" — Класс 5","default","Thu Apr 02 16:16:58 UTC 2026","passed","Thu Apr 02 16:17:11 UTC 2026","AuTestCatalogTask","","",""
"","32253","Каталог заданий: Дополнительное образование ""Математика"" — Класс 3","default","Thu Apr 02 14:44:58 UTC 2026","passed","Thu Apr 02 14:45:30 UTC 2026","AuTestCatalogTask","","",""
"","14063","Каталог заданий: Дополнительное образование ""Геометрия"" — Класс 2","default","Thu Apr 02 14:48:06 UTC 2026","passed","Thu Apr 02 14:48:20 UTC 2026","AuTestCatalogTask","","",""
"","38856","Каталог заданий: РАС ""Литература. 8.1"" — Класс 3","default","Thu Apr 02 16:11:51 UTC 2026","passed","Thu Apr 02 16:12:30 UTC 2026","AuTestCatalogTask","","",""
"","17336","Каталог заданий: Русский язык пакеты ""Сочинение"" — Класс 2","default","Thu Apr 02 15:10:21 UTC 2026","passed","Thu Apr 02 15:10:38 UTC 2026","AuTestCatalogTask","","",""
"","15177","Каталог заданий: Слабовидящие ""Геометрия. 4.1"" — Класс 3","default","Thu Apr 02 15:33:08 UTC 2026","passed","Thu Apr 02 15:33:23 UTC 2026","AuTestCatalogTask","","",""
"","30969","Каталог заданий: НОДА ""Русский язык. 6.1"" — Класс 10","default","Thu Apr 02 16:01:32 UTC 2026","passed","Thu Apr 02 16:02:03 UTC 2026","AuTestCatalogTask","","",""
"","34806","Каталог заданий: Слепые ""История. 3.1"" — Класс 1","default","Thu Apr 02 15:26:34 UTC 2026","passed","Thu Apr 02 15:27:09 UTC 2026","AuTestCatalogTask","","",""
"","20212","Каталог заданий: РАС ""Алгебра. 8.1"" — Класс 2","default","Thu Apr 02 16:10:29 UTC 2026","passed","Thu Apr 02 16:10:49 UTC 2026","AuTestCatalogTask","","",""
"","42342","Каталог заданий: Слабовидящие ""Биология. 4.1"" — Класс 7","default","Thu Apr 02 15:37:33 UTC 2026","passed","Thu Apr 02 15:38:15 UTC 2026","AuTestCatalogTask","","",""
"","17418","Каталог заданий: Подготовка к контрольным работам ""Биология"" — Класс 1","default","Thu Apr 02 14:59:09 UTC 2026","passed","Thu Apr 02 14:59:26 UTC 2026","AuTestCatalogTask","","",""
"","16394","Каталог заданий: Школьная программа ""Окружающий мир (2)"" — Класс 1","default","Thu Apr 02 14:44:13 UTC 2026","passed","Thu Apr 02 14:44:30 UTC 2026","AuTestCatalogTask","","",""
"","15115","Каталог заданий: ЗПР ""Русский язык. 7.1"" — Класс 8","default","Thu Apr 02 15:53:56 UTC 2026","passed","Thu Apr 02 15:54:11 UTC 2026","AuTestCatalogTask","","",""
"","21979","Каталог заданий: Подготовка к контрольным работам ""Физика"" — Класс 3","default","Thu Apr 02 14:57:41 UTC 2026","passed","Thu Apr 02 14:58:03 UTC 2026","AuTestCatalogTask","","",""
"","23096","Каталог заданий: Подготовка к контрольным работам ""Биология"" — Класс 4","default","Thu Apr 02 14:59:20 UTC 2026","passed","Thu Apr 02 14:59:43 UTC 2026","AuTestCatalogTask","","",""
"","29902","Каталог заданий: Нарушение слуха ""Окружающий мир. 1.1"" — Класс 3","default","Thu Apr 02 15:41:18 UTC 2026","passed","Thu Apr 02 15:41:48 UTC 2026","AuTestCatalogTask","","",""
"","17016","Каталог заданий: ЗПР ""Вероятность и статистика. 7.1"" — Класс 4","default","Thu Apr 02 16:00:24 UTC 2026","passed","Thu Apr 02 16:00:41 UTC 2026","AuTestCatalogTask","","",""
"","17723","Каталог заданий: Школьная программа ""Алгебра и начала мат. анализа"" — Класс 2","default","Thu Apr 02 14:43:33 UTC 2026","passed","Thu Apr 02 14:43:51 UTC 2026","AuTestCatalogTask","","",""
"","28904","Каталог заданий: ЗПР ""Окружающий мир. 7.1"" — Класс 2","default","Thu Apr 02 15:55:31 UTC 2026","passed","Thu Apr 02 15:56:00 UTC 2026","AuTestCatalogTask","","",""
"","29603","Каталог заданий: Подготовка к ВПР ""История"" — Класс 2","default","Thu Apr 02 14:54:05 UTC 2026","passed","Thu Apr 02 14:54:35 UTC 2026","AuTestCatalogTask","","",""
"","16540","Каталог заданий: ЗПР ""Геометрия. 7.1"" — Класс 4","default","Thu Apr 02 15:55:19 UTC 2026","passed","Thu Apr 02 15:55:36 UTC 2026","AuTestCatalogTask","","",""
"","32965","Каталог заданий: ЗПР ""История. 7.1"" — Класс 1","default","Thu Apr 02 15:56:29 UTC 2026","passed","Thu Apr 02 15:57:02 UTC 2026","AuTestCatalogTask","","",""
"","49259","Каталог заданий: РАС ""Биология. 8.1"" — Класс 1","default","Thu Apr 02 16:13:56 UTC 2026","passed","Thu Apr 02 16:14:45 UTC 2026","AuTestCatalogTask","","",""
"","15014","Каталог заданий: Подготовка к ВПР ""Русский язык"" — Класс 3","default","Thu Apr 02 14:52:26 UTC 2026","passed","Thu Apr 02 14:52:41 UTC 2026","AuTestCatalogTask","","",""
"","150190","Каталог заданий: Сложные темы ""Русский язык"" — Класс 6","default","Thu Apr 02 15:14:07 UTC 2026","broken","Thu Apr 02 15:16:37 UTC 2026","AuTestCatalogTask","","",""
"","37855","Каталог заданий: Нарушение слуха ""Окружающий мир. 1.1"" — Класс 2","default","Thu Apr 02 15:41:12 UTC 2026","passed","Thu Apr 02 15:41:50 UTC 2026","AuTestCatalogTask","","",""
"","40077","Каталог заданий: ТНР ""Литература. 5.1"" — Класс 1","default","Thu Apr 02 15:18:41 UTC 2026","passed","Thu Apr 02 15:19:21 UTC 2026","AuTestCatalogTask","","",""
"","17538","Каталог заданий: Слабослышащие ""Русский язык. 2.1"" — Класс 7","default","Thu Apr 02 15:47:13 UTC 2026","passed","Thu Apr 02 15:47:31 UTC 2026","AuTestCatalogTask","","",""
"","150216","Каталог заданий: Сложные темы ""Математика"" — Класс 10","default","Thu Apr 02 15:13:33 UTC 2026","broken","Thu Apr 02 15:16:03 UTC 2026","AuTestCatalogTask","","",""
"","19874","Каталог заданий: Подготовка к контрольным работам ""История"" — Класс 1","default","Thu Apr 02 14:58:27 UTC 2026","passed","Thu Apr 02 14:58:46 UTC 2026","AuTestCatalogTask","","",""
"","30803","Каталог заданий: НОДА ""Литература. 6.1"" — Класс 3","default","Thu Apr 02 16:03:41 UTC 2026","passed","Thu Apr 02 16:04:12 UTC 2026","AuTestCatalogTask","","",""
"","37396","Каталог заданий: Слабовидящие ""Литература. 4.1"" — Класс 1","default","Thu Apr 02 15:33:42 UTC 2026","passed","Thu Apr 02 15:34:19 UTC 2026","AuTestCatalogTask","","",""
"","21419","Каталог заданий: Слабослышащие ""Русский язык. 2.1"" — Класс 6","default","Thu Apr 02 15:47:11 UTC 2026","passed","Thu Apr 02 15:47:32 UTC 2026","AuTestCatalogTask","","",""
"","47063","Каталог заданий: Слабовидящие ""История. 4.1"" — Класс 5","default","Thu Apr 02 15:35:04 UTC 2026","passed","Thu Apr 02 15:35:51 UTC 2026","AuTestCatalogTask","","",""
"","42424","Каталог заданий: Слабослышащие ""Биология. 2.1"" — Класс 7","default","Thu Apr 02 15:48:58 UTC 2026","passed","Thu Apr 02 15:49:40 UTC 2026","AuTestCatalogTask","","",""
"","18150","Каталог заданий: Специальные курсы ""Скоросчёт"" — Класс 1","default","Thu Apr 02 15:08:18 UTC 2026","passed","Thu Apr 02 15:08:36 UTC 2026","AuTestCatalogTask","","",""
"","33072","Каталог заданий: Слабослышащие ""История. 2.1"" — Класс 1","default","Thu Apr 02 15:50:18 UTC 2026","passed","Thu Apr 02 15:50:51 UTC 2026","AuTestCatalogTask","","",""
"","19926","Каталог заданий: РАС ""Информатика. 8.1"" — Класс 1","default","Thu Apr 02 16:16:38 UTC 2026","passed","Thu Apr 02 16:16:58 UTC 2026","AuTestCatalogTask","","",""
"","34533","Каталог заданий: РАС ""Математика. 8.1"" — Класс 1","default","Thu Apr 02 16:09:53 UTC 2026","passed","Thu Apr 02 16:10:27 UTC 2026","AuTestCatalogTask","","",""
"","32223","Каталог заданий: РАС ""Химия. 8.1"" — Класс 2","default","Thu Apr 02 16:14:45 UTC 2026","passed","Thu Apr 02 16:15:18 UTC 2026","AuTestCatalogTask","","",""
"","22457","Каталог заданий: Повторение пройденного материала ""Вероятность и статистика"" — Класс 1","default","Thu Apr 02 15:04:45 UTC 2026","passed","Thu Apr 02 15:05:08 UTC 2026","AuTestCatalogTask","","",""
"","8970","Каталог заданий: Подготовка к ЕГЭ ""Русский язык""","default","Thu Apr 02 14:50:17 UTC 2026","passed","Thu Apr 02 14:50:26 UTC 2026","AuTestCatalogTask","","",""
"","13708","Каталог заданий: Нарушение слуха ""Обществознание. 1.1"" — Класс 3","default","Thu Apr 02 15:43:21 UTC 2026","passed","Thu Apr 02 15:43:35 UTC 2026","AuTestCatalogTask","","",""
"","9893","Каталог заданий: НОДА ""Обществознание. 6.1"" — Класс 3","default","Thu Apr 02 16:05:31 UTC 2026","passed","Thu Apr 02 16:05:41 UTC 2026","AuTestCatalogTask","","",""
"","31797","Каталог заданий: Слабовидящие ""История. 4.1"" — Класс 3","default","Thu Apr 02 15:34:50 UTC 2026","passed","Thu Apr 02 15:35:21 UTC 2026","AuTestCatalogTask","","",""
"","25247","Каталог заданий: НОДА ""Окружающий мир. 6.1"" — Класс 1","default","Thu Apr 02 16:03:10 UTC 2026","passed","Thu Apr 02 16:03:36 UTC 2026","AuTestCatalogTask","","",""
"","35783","Каталог заданий: Дополнительное образование ""Математика"" — Класс 5","default","Thu Apr 02 14:45:20 UTC 2026","passed","Thu Apr 02 14:45:56 UTC 2026","AuTestCatalogTask","","",""
"","35018","Каталог заданий: Слепые ""Литература. 3.1"" — Класс 2","default","Thu Apr 02 15:25:56 UTC 2026","passed","Thu Apr 02 15:26:31 UTC 2026","AuTestCatalogTask","","",""
"","23109","Каталог заданий: Нарушение слуха ""Окружающий мир. 1.1"" — Класс 4","default","Thu Apr 02 15:41:20 UTC 2026","passed","Thu Apr 02 15:41:44 UTC 2026","AuTestCatalogTask","","",""
"","13577","Каталог заданий: РАС ""Английский язык. 8.1"" — Класс 2","default","Thu Apr 02 16:15:37 UTC 2026","passed","Thu Apr 02 16:15:51 UTC 2026","AuTestCatalogTask","","",""
"","21816","Каталог заданий: Слабослышащие ""Окружающий мир. 2.1"" — Класс 4","default","Thu Apr 02 15:48:13 UTC 2026","passed","Thu Apr 02 15:48:35 UTC 2026","AuTestCatalogTask","","",""
"","22351","Каталог заданий: Подготовка к ВПР ""Физика"" — Класс 2","default","Thu Apr 02 14:54:29 UTC 2026","passed","Thu Apr 02 14:54:51 UTC 2026","AuTestCatalogTask","","",""
"","25054","Каталог заданий: Повторение пройденного материала ""Алгебра"" — Класс 3","default","Thu Apr 02 15:04:00 UTC 2026","passed","Thu Apr 02 15:04:25 UTC 2026","AuTestCatalogTask","","",""
"","10083","Каталог заданий: Слепые ""Русский язык. 3.1"" — Класс 7","default","Thu Apr 02 15:23:50 UTC 2026","passed","Thu Apr 02 15:24:00 UTC 2026","AuTestCatalogTask","","",""
"","19201","Каталог заданий: Подготовка к контрольным работам ""Геометрия"" — Класс 2","default","Thu Apr 02 14:57:09 UTC 2026","passed","Thu Apr 02 14:57:28 UTC 2026","AuTestCatalogTask","","",""
"","55302","Каталог заданий: Слабовидящие ""История. 4.1"" — Класс 6","default","Thu Apr 02 15:35:13 UTC 2026","passed","Thu Apr 02 15:36:09 UTC 2026","AuTestCatalogTask","","",""
"","21643","Каталог заданий: Слабовидящие ""Английский язык. 4.1"" — Класс 10","default","Thu Apr 02 15:36:20 UTC 2026","passed","Thu Apr 02 15:36:41 UTC 2026","AuTestCatalogTask","","",""
"","28847","Каталог заданий: Дополнительное образование ""Химия"" — Класс 1","default","Thu Apr 02 14:47:15 UTC 2026","passed","Thu Apr 02 14:47:44 UTC 2026","AuTestCatalogTask","","",""
"","28487","Каталог заданий: Повторение пройденного материала ""Физика"" — Класс 1","default","Thu Apr 02 15:05:08 UTC 2026","passed","Thu Apr 02 15:05:36 UTC 2026","AuTestCatalogTask","","",""
"","19190","Каталог заданий: СПО ""Информатика. 144 ч.""","default","Thu Apr 02 15:08:00 UTC 2026","passed","Thu Apr 02 15:08:19 UTC 2026","AuTestCatalogTask","","",""
"","15660","Каталог заданий: Подготовка к контрольным работам ""Информатика"" — Класс 4","default","Thu Apr 02 14:59:44 UTC 2026","passed","Thu Apr 02 15:00:00 UTC 2026","AuTestCatalogTask","","",""
"","14657","Каталог заданий: Слабослышащие ""Вероятность и статистика. 2.1"" — Класс 1","default","Thu Apr 02 15:52:43 UTC 2026","passed","Thu Apr 02 15:52:57 UTC 2026","AuTestCatalogTask","","",""
"","30043","Каталог заданий: Слабовидящие ""Литература. 4.1"" — Класс 3","default","Thu Apr 02 15:33:52 UTC 2026","passed","Thu Apr 02 15:34:22 UTC 2026","AuTestCatalogTask","","",""
"","46419","Каталог заданий: НОДА ""Математика. 6.1"" — Класс 1","default","Thu Apr 02 16:01:39 UTC 2026","passed","Thu Apr 02 16:02:26 UTC 2026","AuTestCatalogTask","","",""
"","26678","Каталог заданий: Школьная программа ""Английский язык"" — Класс 1","default","Thu Apr 02 14:39:43 UTC 2026","passed","Thu Apr 02 14:40:10 UTC 2026","AuTestCatalogTask","","",""
"","16342","Каталог заданий: ТНР ""Геометрия. 5.1"" — Класс 1","default","Thu Apr 02 15:17:21 UTC 2026","passed","Thu Apr 02 15:17:38 UTC 2026","AuTestCatalogTask","","",""
"","33142","Каталог заданий: Подготовка к ЕГЭ ""Обществознание""","default","Thu Apr 02 14:50:41 UTC 2026","passed","Thu Apr 02 14:51:14 UTC 2026","AuTestCatalogTask","","",""
"","14194","Каталог заданий: Русский язык пакеты ""Нормы языка (10-11 кл.)"" — Класс 1","default","Thu Apr 02 15:10:06 UTC 2026","passed","Thu Apr 02 15:10:20 UTC 2026","AuTestCatalogTask","","",""
"","29179","Каталог заданий: ТНР ""Литература. 5.1"" — Класс 6","default","Thu Apr 02 15:19:27 UTC 2026","passed","Thu Apr 02 15:19:57 UTC 2026","AuTestCatalogTask","","",""
"","17095","Каталог заданий: Школьная программа ""Информатика"" — Класс 5","default","Thu Apr 02 14:42:22 UTC 2026","passed","Thu Apr 02 14:42:40 UTC 2026","AuTestCatalogTask","","",""
"","44342","Каталог заданий: НОДА ""Биология. 6.1"" — Класс 2","default","Thu Apr 02 16:05:55 UTC 2026","passed","Thu Apr 02 16:06:39 UTC 2026","AuTestCatalogTask","","",""
"","12579","Каталог заданий: Нарушение слуха ""Геометрия. 1.1"" — Класс 5","default","Thu Apr 02 15:41:08 UTC 2026","passed","Thu Apr 02 15:41:20 UTC 2026","AuTestCatalogTask","","",""
"","27818","Каталог заданий: ЗПР ""Химия. 7.1"" — Класс 3","default","Thu Apr 02 15:58:50 UTC 2026","passed","Thu Apr 02 15:59:18 UTC 2026","AuTestCatalogTask","","",""
"","20481","Каталог заданий: Подготовка к контрольным работам ""Английский язык"" — Класс 7","default","Thu Apr 02 14:56:19 UTC 2026","passed","Thu Apr 02 14:56:40 UTC 2026","AuTestCatalogTask","","",""
"","17215","Каталог заданий: Нарушение слуха ""Информатика. 1.1"" — Класс 5","default","Thu Apr 02 15:46:39 UTC 2026","passed","Thu Apr 02 15:46:56 UTC 2026","AuTestCatalogTask","","",""
"","15266","Каталог заданий: Подготовка к ВПР ""Английский язык"" — Класс 5","default","Thu Apr 02 14:53:20 UTC 2026","passed","Thu Apr 02 14:53:35 UTC 2026","AuTestCatalogTask","","",""
"","32889","Каталог заданий: Слабослышащие ""Литература. 2.1"" — Класс 2","default","Thu Apr 02 15:49:10 UTC 2026","passed","Thu Apr 02 15:49:43 UTC 2026","AuTestCatalogTask","","",""
"","18835","Каталог заданий: Школьная программа ""Физика"" — Класс 5","default","Thu Apr 02 14:42:46 UTC 2026","passed","Thu Apr 02 14:43:05 UTC 2026","AuTestCatalogTask","","",""
"","42244","Каталог заданий: Повторение пройденного материала ""Математика"" — Класс 1","default","Thu Apr 02 15:00:06 UTC 2026","passed","Thu Apr 02 15:00:49 UTC 2026","AuTestCatalogTask","","",""
"","14592","Каталог заданий: Подготовка к ВПР ""Русский язык"" — Класс 2","default","Thu Apr 02 14:52:23 UTC 2026","passed","Thu Apr 02 14:52:37 UTC 2026","AuTestCatalogTask","","",""
"","14347","Каталог заданий: НОДА ""Английский язык. 6.1"" — Класс 2","default","Thu Apr 02 16:07:40 UTC 2026","passed","Thu Apr 02 16:07:55 UTC 2026","AuTestCatalogTask","","",""
"","23579","Каталог заданий: ЗПР ""Английский язык. 7.1"" — Класс 7","default","Thu Apr 02 15:59:46 UTC 2026","passed","Thu Apr 02 16:00:09 UTC 2026","AuTestCatalogTask","","",""
"","27760","Каталог заданий: ЗПР ""Математика. 7.1"" — Класс 4","default","Thu Apr 02 15:54:23 UTC 2026","passed","Thu Apr 02 15:54:51 UTC 2026","AuTestCatalogTask","","",""
"","25016","Каталог заданий: РАС ""Английский язык. 8.1"" — Класс 7","default","Thu Apr 02 16:15:58 UTC 2026","passed","Thu Apr 02 16:16:23 UTC 2026","AuTestCatalogTask","","",""
"","30632","Каталог заданий: Подготовка к ВПР ""Математика"" — Класс 3","default","Thu Apr 02 14:51:48 UTC 2026","passed","Thu Apr 02 14:52:18 UTC 2026","AuTestCatalogTask","","",""
"","12644","Каталог заданий: ТНР ""Физика. 5.1"" — Класс 2","default","Thu Apr 02 15:19:50 UTC 2026","passed","Thu Apr 02 15:20:03 UTC 2026","AuTestCatalogTask","","",""
"","37169","Каталог заданий: РАС ""Литература. 8.1"" — Класс 1","default","Thu Apr 02 16:11:37 UTC 2026","passed","Thu Apr 02 16:12:15 UTC 2026","AuTestCatalogTask","","",""
"","19333","Каталог заданий: ТНР ""Окружающий мир. 5.1"" — Класс 3","default","Thu Apr 02 15:17:49 UTC 2026","passed","Thu Apr 02 15:18:09 UTC 2026","AuTestCatalogTask","","",""
"","16277","Каталог заданий: Нарушение слуха ""Физика. 1.1"" — Класс 5","default","Thu Apr 02 15:46:05 UTC 2026","passed","Thu Apr 02 15:46:21 UTC 2026","AuTestCatalogTask","","",""
"","21539","Каталог заданий: РАС ""Английский язык. 8.1"" — Класс 3","default","Thu Apr 02 16:15:43 UTC 2026","passed","Thu Apr 02 16:16:04 UTC 2026","AuTestCatalogTask","","",""
"","14769","Каталог заданий: Школьная программа ""Обществознание"" — Класс 5","default","Thu Apr 02 14:43:00 UTC 2026","passed","Thu Apr 02 14:43:15 UTC 2026","AuTestCatalogTask","","",""
"","18270","Каталог заданий: Специальные курсы ""Скоросчёт"" — Класс 4","default","Thu Apr 02 15:08:36 UTC 2026","passed","Thu Apr 02 15:08:54 UTC 2026","AuTestCatalogTask","","",""
"","26563","Каталог заданий: Повторение пройденного материала ""Вероятность и статистика"" — Класс 5","default","Thu Apr 02 15:05:01 UTC 2026","passed","Thu Apr 02 15:05:28 UTC 2026","AuTestCatalogTask","","",""
"","22277","Каталог заданий: НОДА ""Математика. 6.1"" — Класс 3","default","Thu Apr 02 16:01:43 UTC 2026","passed","Thu Apr 02 16:02:06 UTC 2026","AuTestCatalogTask","","",""
"","32007","Каталог заданий: НОДА ""История. 6.1"" — Класс 1","default","Thu Apr 02 16:04:21 UTC 2026","passed","Thu Apr 02 16:04:53 UTC 2026","AuTestCatalogTask","","",""
"","32482","Каталог заданий: Слабовидящие ""История. 4.1"" — Класс 1","default","Thu Apr 02 15:34:31 UTC 2026","passed","Thu Apr 02 15:35:04 UTC 2026","AuTestCatalogTask","","",""
"","13110","Каталог заданий: Нарушение слуха ""Обществознание. 1.1"" — Класс 6","default","Thu Apr 02 15:43:35 UTC 2026","passed","Thu Apr 02 15:43:48 UTC 2026","AuTestCatalogTask","","",""
"","27489","Каталог заданий: Слабовидящие ""Литература. 4.1"" — Класс 6","default","Thu Apr 02 15:34:22 UTC 2026","passed","Thu Apr 02 15:34:50 UTC 2026","AuTestCatalogTask","","",""
"","16553","Каталог заданий: Школьная программа ""Информатика"" — Класс 4","default","Thu Apr 02 14:42:20 UTC 2026","passed","Thu Apr 02 14:42:37 UTC 2026","AuTestCatalogTask","","",""
"","34996","Каталог заданий: Подготовка к ОГЭ ""Обществознание""","default","Thu Apr 02 14:49:14 UTC 2026","passed","Thu Apr 02 14:49:49 UTC 2026","AuTestCatalogTask","","",""
"","11343","Каталог заданий: Школьная программа ""Биология"" — Класс 2","default","Thu Apr 02 14:39:18 UTC 2026","passed","Thu Apr 02 14:39:29 UTC 2026","AuTestCatalogTask","","",""
"","11388","Каталог заданий: РАС ""Обществознание. 8.1"" — Класс 1","default","Thu Apr 02 16:13:18 UTC 2026","passed","Thu Apr 02 16:13:30 UTC 2026","AuTestCatalogTask","","",""
"","23521","Каталог заданий: Подготовка к контрольным работам ""Английский язык"" — Класс 6","default","Thu Apr 02 14:56:18 UTC 2026","passed","Thu Apr 02 14:56:41 UTC 2026","AuTestCatalogTask","","",""
"","35428","Каталог заданий: ТНР ""История. 5.1"" — Класс 5","default","Thu Apr 02 15:20:30 UTC 2026","passed","Thu Apr 02 15:21:05 UTC 2026","AuTestCatalogTask","","",""
"","15725","Каталог заданий: Нарушение слуха ""Русский язык. 1.1"" — Класс 8","default","Thu Apr 02 15:39:45 UTC 2026","passed","Thu Apr 02 15:40:01 UTC 2026","AuTestCatalogTask","","",""
"","28809","Каталог заданий: Нарушение слуха ""Математика. 1.1"" — Класс 4","default","Thu Apr 02 15:40:08 UTC 2026","passed","Thu Apr 02 15:40:37 UTC 2026","AuTestCatalogTask","","",""
"","35240","Каталог заданий: Нарушение слуха ""Английский язык. 1.1"" — Класс 4","default","Thu Apr 02 15:43:48 UTC 2026","passed","Thu Apr 02 15:44:23 UTC 2026","AuTestCatalogTask","","",""
"","28740","Каталог заданий: Повторение пройденного материала ""Литература"" — Класс 1","default","Thu Apr 02 15:03:23 UTC 2026","passed","Thu Apr 02 15:03:52 UTC 2026","AuTestCatalogTask","","",""
"","23600","Каталог заданий: Повторение пройденного материала ""История"" — Класс 1","default","Thu Apr 02 15:02:37 UTC 2026","passed","Thu Apr 02 15:03:00 UTC 2026","AuTestCatalogTask","","",""
"","12743","Каталог заданий: ТНР ""Алгебра. 5.1"" — Класс 1","default","Thu Apr 02 15:17:04 UTC 2026","passed","Thu Apr 02 15:17:16 UTC 2026","AuTestCatalogTask","","",""
"","21112","Каталог заданий: Подготовка к ВПР ""Физика"" — Класс 3","default","Thu Apr 02 14:54:35 UTC 2026","passed","Thu Apr 02 14:54:56 UTC 2026","AuTestCatalogTask","","",""
"","65600","Каталог заданий: Слабослышащие ""Биология. 2.1"" — Класс 6","default","Thu Apr 02 15:48:58 UTC 2026","passed","Thu Apr 02 15:50:03 UTC 2026","AuTestCatalogTask","","",""
"","13759","Каталог заданий: ТНР ""Русский язык. 5.1"" — Класс 11","default","Thu Apr 02 15:16:22 UTC 2026","passed","Thu Apr 02 15:16:36 UTC 2026","AuTestCatalogTask","","",""
"","24513","Каталог заданий: НОДА ""Английский язык. 6.1"" — Класс 10","default","Thu Apr 02 16:08:18 UTC 2026","passed","Thu Apr 02 16:08:43 UTC 2026","AuTestCatalogTask","","",""
"","28954","Каталог заданий: Подготовка к ВПР ""Математика"" — Класс 6","default","Thu Apr 02 14:52:05 UTC 2026","passed","Thu Apr 02 14:52:34 UTC 2026","AuTestCatalogTask","","",""
"","20805","Каталог заданий: РАС ""Алгебра и начала мат. анализа. 8.1"" — Класс 1","default","Thu Apr 02 16:10:44 UTC 2026","passed","Thu Apr 02 16:11:05 UTC 2026","AuTestCatalogTask","","",""
"","26803","Каталог заданий: ЗПР ""Математика. 7.1"" — Класс 3","default","Thu Apr 02 15:54:21 UTC 2026","passed","Thu Apr 02 15:54:48 UTC 2026","AuTestCatalogTask","","",""
"","150191","Каталог заданий: Сложные темы ""Математика"" — Класс 6","default","Thu Apr 02 15:11:04 UTC 2026","broken","Thu Apr 02 15:13:34 UTC 2026","AuTestCatalogTask","","",""
"","150204","Каталог заданий: Сложные темы ""Математика"" — Класс 8","default","Thu Apr 02 15:11:11 UTC 2026","broken","Thu Apr 02 15:13:41 UTC 2026","AuTestCatalogTask","","",""
"","13189","Каталог заданий: Русский язык пакеты ""Важные вопросы орфографии (10-11 кл.)"" — Класс 1","default","Thu Apr 02 15:10:10 UTC 2026","passed","Thu Apr 02 15:10:23 UTC 2026","AuTestCatalogTask","","",""
"","34511","Каталог заданий: НОДА ""Химия. 6.1"" — Класс 2","default","Thu Apr 02 16:06:40 UTC 2026","passed","Thu Apr 02 16:07:14 UTC 2026","AuTestCatalogTask","","",""
"","13022","Каталог заданий: Слабовидящие ""Английский язык. 4.1"" — Класс 1","default","Thu Apr 02 15:35:21 UTC 2026","passed","Thu Apr 02 15:35:35 UTC 2026","AuTestCatalogTask","","",""
"","29617","Каталог заданий: Слепые ""Окружающий мир. 3.1"" — Класс 2","default","Thu Apr 02 15:25:33 UTC 2026","passed","Thu Apr 02 15:26:02 UTC 2026","AuTestCatalogTask","","",""
"","18502","Каталог заданий: Слабослышащие ""Информатика. 2.1"" — Класс 4","default","Thu Apr 02 15:53:14 UTC 2026","passed","Thu Apr 02 15:53:32 UTC 2026","AuTestCatalogTask","","",""
"","11639","Каталог заданий: Русский язык пакеты ""Орфографическая грамотность (1-4 кл.)"" — Класс 3","default","Thu Apr 02 15:09:23 UTC 2026","passed","Thu Apr 02 15:09:35 UTC 2026","AuTestCatalogTask","","",""
"","17507","Каталог заданий: Слабослышащие ""Английский язык. 2.1"" — Класс 1","default","Thu Apr 02 15:52:02 UTC 2026","passed","Thu Apr 02 15:52:19 UTC 2026","AuTestCatalogTask","","",""
"","49273","Каталог заданий: Нарушение слуха ""Биология. 1.1"" — Класс 4","default","Thu Apr 02 15:44:36 UTC 2026","passed","Thu Apr 02 15:45:25 UTC 2026","AuTestCatalogTask","","",""
"","17302","Каталог заданий: Подготовка к контрольным работам ""Литература"" — Класс 1","default","Thu Apr 02 14:58:02 UTC 2026","passed","Thu Apr 02 14:58:20 UTC 2026","AuTestCatalogTask","","",""
"","19773","Каталог заданий: Русский язык пакеты ""Сочинение"" — Класс 4","default","Thu Apr 02 15:10:28 UTC 2026","passed","Thu Apr 02 15:10:48 UTC 2026","AuTestCatalogTask","","",""
"","43273","Каталог заданий: РАС ""История. 8.1"" — Класс 7","default","Thu Apr 02 16:13:13 UTC 2026","passed","Thu Apr 02 16:13:57 UTC 2026","AuTestCatalogTask","","",""
"","18414","Каталог заданий: Нарушение слуха ""Вероятность и статистика. 1.1"" — Класс 4","default","Thu Apr 02 15:46:21 UTC 2026","passed","Thu Apr 02 15:46:39 UTC 2026","AuTestCatalogTask","","",""
"","23491","Каталог заданий: Повторение пройденного материала ""Русский язык"" — Класс 10","default","Thu Apr 02 15:01:24 UTC 2026","passed","Thu Apr 02 15:01:48 UTC 2026","AuTestCatalogTask","","",""
"","42308","Каталог заданий: Нарушение слуха ""Биология. 1.1"" — Класс 3","default","Thu Apr 02 15:44:33 UTC 2026","passed","Thu Apr 02 15:45:15 UTC 2026","AuTestCatalogTask","","",""
"","32567","Каталог заданий: Слепые ""Окружающий мир. 3.1"" — Класс 3","default","Thu Apr 02 15:25:34 UTC 2026","passed","Thu Apr 02 15:26:07 UTC 2026","AuTestCatalogTask","","",""
"","30318","Каталог заданий: Нарушение слуха ""Математика. 1.1"" — Класс 2","default","Thu Apr 02 15:40:01 UTC 2026","passed","Thu Apr 02 15:40:31 UTC 2026","AuTestCatalogTask","","",""
"","18539","Каталог заданий: Нарушение слуха ""Русский язык. 1.1"" — Класс 9","default","Thu Apr 02 15:39:49 UTC 2026","passed","Thu Apr 02 15:40:08 UTC 2026","AuTestCatalogTask","","",""
"","14278","Каталог заданий: Дополнительное образование ""Вероятность и статистика"" — Класс 1","default","Thu Apr 02 14:48:22 UTC 2026","passed","Thu Apr 02 14:48:36 UTC 2026","AuTestCatalogTask","","",""
"","22363","Каталог заданий: Школьная программа ""Английский язык"" — Класс 4","default","Thu Apr 02 14:40:09 UTC 2026","passed","Thu Apr 02 14:40:31 UTC 2026","AuTestCatalogTask","","",""
"","11607","Каталог заданий: Слабовидящие ""Обществознание. 4.1"" — Класс 1","default","Thu Apr 02 15:36:31 UTC 2026","passed","Thu Apr 02 15:36:42 UTC 2026","AuTestCatalogTask","","",""
"","43841","Каталог заданий: ЗПР ""Биология. 7.1"" — Класс 1","default","Thu Apr 02 15:57:47 UTC 2026","passed","Thu Apr 02 15:58:30 UTC 2026","AuTestCatalogTask","","",""
"","42521","Каталог заданий: Слабослышащие ""Биология. 2.1"" — Класс 3","default","Thu Apr 02 15:48:28 UTC 2026","passed","Thu Apr 02 15:49:10 UTC 2026","AuTestCatalogTask","","",""
"","24738","Каталог заданий: НОДА ""Алгебра и начала мат. анализа. 6.1"" — Класс 1","default","Thu Apr 02 16:02:38 UTC 2026","passed","Thu Apr 02 16:03:03 UTC 2026","AuTestCatalogTask","","",""
"","27179","Каталог заданий: Повторение пройденного материала ""История"" — Класс 3","default","Thu Apr 02 15:02:56 UTC 2026","passed","Thu Apr 02 15:03:23 UTC 2026","AuTestCatalogTask","","",""
"","15279","Каталог заданий: Слабовидящие ""Геометрия. 4.1"" — Класс 2","default","Thu Apr 02 15:32:59 UTC 2026","passed","Thu Apr 02 15:33:14 UTC 2026","AuTestCatalogTask","","",""
"","30629","Каталог заданий: ТНР ""Окружающий мир. 5.1"" — Класс 2","default","Thu Apr 02 15:17:44 UTC 2026","passed","Thu Apr 02 15:18:15 UTC 2026","AuTestCatalogTask","","",""
"","33021","Каталог заданий: Повторение пройденного материала ""Геометрия"" — Класс 5","default","Thu Apr 02 15:04:25 UTC 2026","passed","Thu Apr 02 15:04:58 UTC 2026","AuTestCatalogTask","","",""
"","11082","Каталог заданий: Подготовка к ЕГЭ ""Литература. Варианты КИМ""","default","Thu Apr 02 14:51:34 UTC 2026","passed","Thu Apr 02 14:51:45 UTC 2026","AuTestCatalogTask","","",""
"","25195","Каталог заданий: Повторение пройденного материала ""Математика"" — Класс 6","default","Thu Apr 02 15:00:34 UTC 2026","passed","Thu Apr 02 15:00:59 UTC 2026","AuTestCatalogTask","","",""
"","23443","Каталог заданий: Школьная программа ""Математика"" — Класс 5","default","Thu Apr 02 14:36:20 UTC 2026","passed","Thu Apr 02 14:36:43 UTC 2026","AuTestCatalogTask","","",""
"","27334","Каталог заданий: ТНР ""Химия. 5.1"" — Класс 4","default","Thu Apr 02 15:21:26 UTC 2026","passed","Thu Apr 02 15:21:53 UTC 2026","AuTestCatalogTask","","",""
"","29511","Каталог заданий: Подготовка к контрольным работам ""Литература"" — Класс 7","default","Thu Apr 02 14:58:21 UTC 2026","passed","Thu Apr 02 14:58:50 UTC 2026","AuTestCatalogTask","","",""
"","11549","Каталог заданий: Русский язык пакеты ""Пунктуационная грамотность (5-9 кл.)"" — Класс 5","default","Thu Apr 02 15:10:06 UTC 2026","passed","Thu Apr 02 15:10:18 UTC 2026","AuTestCatalogTask","","",""
"","13890","Каталог заданий: РАС ""Обществознание. 8.1"" — Класс 5","default","Thu Apr 02 16:13:42 UTC 2026","passed","Thu Apr 02 16:13:56 UTC 2026","AuTestCatalogTask","","",""
"","28146","Каталог заданий: Слепые ""Английский язык. 3.1"" — Класс 4","default","Thu Apr 02 15:28:06 UTC 2026","passed","Thu Apr 02 15:28:34 UTC 2026","AuTestCatalogTask","","",""
"","10843","Каталог заданий: Слабовидящие ""Физика. 4.1"" — Класс 2","default","Thu Apr 02 15:38:15 UTC 2026","passed","Thu Apr 02 15:38:26 UTC 2026","AuTestCatalogTask","","",""
"","11008","Каталог заданий: ЗПР ""Физика. 7.1"" — Класс 2","default","Thu Apr 02 15:59:14 UTC 2026","passed","Thu Apr 02 15:59:25 UTC 2026","AuTestCatalogTask","","",""
"","19850","Каталог заданий: Слепые ""Вероятность и статистика. 3.1"" — Класс 1","default","Thu Apr 02 15:30:26 UTC 2026","passed","Thu Apr 02 15:30:46 UTC 2026","AuTestCatalogTask","","",""
"","13031","Каталог заданий: РАС ""Физика. 8.1"" — Класс 1","default","Thu Apr 02 16:15:18 UTC 2026","passed","Thu Apr 02 16:15:31 UTC 2026","AuTestCatalogTask","","",""
"","20530","Каталог заданий: Слабовидящие ""Английский язык. 4.1"" — Класс 3","default","Thu Apr 02 15:35:49 UTC 2026","passed","Thu Apr 02 15:36:09 UTC 2026","AuTestCatalogTask","","",""
"","14424","Каталог заданий: Слабовидящие ""Обществознание. 4.1"" — Класс 2","default","Thu Apr 02 15:36:32 UTC 2026","passed","Thu Apr 02 15:36:47 UTC 2026","AuTestCatalogTask","","",""
"","13097","Каталог заданий: РАС ""Геометрия. 8.1"" — Класс 5","default","Thu Apr 02 16:11:11 UTC 2026","passed","Thu Apr 02 16:11:24 UTC 2026","AuTestCatalogTask","","",""
"","33372","Каталог заданий: Подготовка к ВПР ""Биология"" — Класс 1","default","Thu Apr 02 14:53:25 UTC 2026","passed","Thu Apr 02 14:53:59 UTC 2026","AuTestCatalogTask","","",""
"","35510","Каталог заданий: РАС ""История. 8.1"" — Класс 5","default","Thu Apr 02 16:13:05 UTC 2026","passed","Thu Apr 02 16:13:41 UTC 2026","AuTestCatalogTask","","",""
"","11535","Каталог заданий: Слабослышащие ""Обществознание. 2.1"" — Класс 4","default","Thu Apr 02 15:51:56 UTC 2026","passed","Thu Apr 02 15:52:07 UTC 2026","AuTestCatalogTask","","",""
"","24264","Каталог заданий: Повторение пройденного материала ""Вероятность и статистика"" — Класс 4","default","Thu Apr 02 15:05:00 UTC 2026","passed","Thu Apr 02 15:05:25 UTC 2026","AuTestCatalogTask","","",""
"","24905","Каталог заданий: Слепые ""Биология. 3.1"" — Класс 5","default","Thu Apr 02 15:28:59 UTC 2026","passed","Thu Apr 02 15:29:23 UTC 2026","AuTestCatalogTask","","",""
"","17353","Каталог заданий: Русский язык пакеты ""Пунктуационная грамотность (5-9 кл.)"" — Класс 2","default","Thu Apr 02 15:09:50 UTC 2026","passed","Thu Apr 02 15:10:07 UTC 2026","AuTestCatalogTask","","",""
"","23602","Каталог заданий: Слабослышащие ""Английский язык. 2.1"" — Класс 8","default","Thu Apr 02 15:52:28 UTC 2026","passed","Thu Apr 02 15:52:52 UTC 2026","AuTestCatalogTask","","",""
"","64500","Каталог заданий: РАС ""Биология. 8.1"" — Класс 6","default","Thu Apr 02 16:14:33 UTC 2026","passed","Thu Apr 02 16:15:37 UTC 2026","AuTestCatalogTask","","",""
"","55522","Каталог заданий: ЗПР ""Русский язык. 7.1"" — Класс 4","default","Thu Apr 02 15:53:32 UTC 2026","passed","Thu Apr 02 15:54:28 UTC 2026","AuTestCatalogTask","","",""
"","19056","Каталог заданий: Нарушение слуха ""Русский язык. 1.1"" — Класс 10","default","Thu Apr 02 15:39:50 UTC 2026","passed","Thu Apr 02 15:40:09 UTC 2026","AuTestCatalogTask","","",""
"","35713","Каталог заданий: РАС ""История. 8.1"" — Класс 1","default","Thu Apr 02 16:12:30 UTC 2026","passed","Thu Apr 02 16:13:05 UTC 2026","AuTestCatalogTask","","",""
"","14101","Каталог заданий: Русский язык пакеты ""Пунктуационная грамотность (5-9 кл.)"" — Класс 3","default","Thu Apr 02 15:09:52 UTC 2026","passed","Thu Apr 02 15:10:06 UTC 2026","AuTestCatalogTask","","",""
"","150178","Каталог заданий: Школьная программа ""История"" — Класс 3","default","Thu Apr 02 14:37:12 UTC 2026","broken","Thu Apr 02 14:39:42 UTC 2026","AuTestCatalogTask","","",""
"","52576","Каталог заданий: Школьная программа ""История"" — Класс 6","default","Thu Apr 02 14:37:37 UTC 2026","passed","Thu Apr 02 14:38:30 UTC 2026","AuTestCatalogTask","","",""
"","17335","Каталог заданий: Подготовка к контрольным работам ""Русский язык"" — Класс 10","default","Thu Apr 02 14:55:55 UTC 2026","passed","Thu Apr 02 14:56:12 UTC 2026","AuTestCatalogTask","","",""
"","43417","Каталог заданий: Школьная программа ""Математика"" — Класс 1","default","Thu Apr 02 14:36:20 UTC 2026","passed","Thu Apr 02 14:37:03 UTC 2026","AuTestCatalogTask","","",""
"","20111","Каталог заданий: Слепые ""Обществознание. 3.1"" — Класс 6","default","Thu Apr 02 15:27:54 UTC 2026","passed","Thu Apr 02 15:28:14 UTC 2026","AuTestCatalogTask","","",""
"","45543","Каталог заданий: Дополнительное образование ""Биология"" — Класс 1","default","Thu Apr 02 14:46:36 UTC 2026","passed","Thu Apr 02 14:47:22 UTC 2026","AuTestCatalogTask","","",""
"","17819","Каталог заданий: ЗПР ""Алгебра. 7.1"" — Класс 2","default","Thu Apr 02 15:54:48 UTC 2026","passed","Thu Apr 02 15:55:05 UTC 2026","AuTestCatalogTask","","",""
"","26400","Каталог заданий: Сложные темы ""Русский язык"" — Класс 2","default","Thu Apr 02 15:13:42 UTC 2026","passed","Thu Apr 02 15:14:08 UTC 2026","AuTestCatalogTask","","",""
"","31526","Каталог заданий: ЗПР ""Математика. 7.1"" — Класс 2","default","Thu Apr 02 15:54:16 UTC 2026","passed","Thu Apr 02 15:54:48 UTC 2026","AuTestCatalogTask","","",""
"","24969","Каталог заданий: РАС ""Математика. 8.1"" — Класс 3","default","Thu Apr 02 16:09:58 UTC 2026","passed","Thu Apr 02 16:10:23 UTC 2026","AuTestCatalogTask","","",""
"","23956","Каталог заданий: СПО ""Элементы высшей математики"" — Класс 1","default","Thu Apr 02 15:07:24 UTC 2026","passed","Thu Apr 02 15:07:48 UTC 2026","AuTestCatalogTask","","",""
"","150221","Каталог заданий: Сложные темы ""Математика"" — Класс 7","default","Thu Apr 02 15:11:08 UTC 2026","broken","Thu Apr 02 15:13:38 UTC 2026","AuTestCatalogTask","","",""
"","16819","Каталог заданий: РАС ""Информатика. 8.1"" — Класс 3","default","Thu Apr 02 16:16:44 UTC 2026","passed","Thu Apr 02 16:17:01 UTC 2026","AuTestCatalogTask","","",""
"","14448","Каталог заданий: РАС ""Алгебра. 8.1"" — Класс 1","default","Thu Apr 02 16:10:27 UTC 2026","passed","Thu Apr 02 16:10:42 UTC 2026","AuTestCatalogTask","","",""
"","24251","Каталог заданий: ЗПР ""Английский язык. 7.1"" — Класс 3","default","Thu Apr 02 15:59:36 UTC 2026","passed","Thu Apr 02 16:00:00 UTC 2026","AuTestCatalogTask","","",""
"","18934","Каталог заданий: Школьная программа ""Химия"" — Класс 1","default","Thu Apr 02 14:43:14 UTC 2026","passed","Thu Apr 02 14:43:33 UTC 2026","AuTestCatalogTask","","",""
"","29422","Каталог заданий: ТНР ""Математика. 5.1"" — Класс 2","default","Thu Apr 02 15:16:36 UTC 2026","passed","Thu Apr 02 15:17:05 UTC 2026","AuTestCatalogTask","","",""
"","36198","Каталог заданий: НОДА ""Русский язык. 6.1"" — Класс 2","default","Thu Apr 02 16:00:49 UTC 2026","passed","Thu Apr 02 16:01:26 UTC 2026","AuTestCatalogTask","","",""
"","27998","Каталог заданий: ТНР ""Химия. 5.1"" — Класс 3","default","Thu Apr 02 15:21:26 UTC 2026","passed","Thu Apr 02 15:21:54 UTC 2026","AuTestCatalogTask","","",""
"","12510","Каталог заданий: РАС ""Обществознание. 8.1"" — Класс 2","default","Thu Apr 02 16:13:30 UTC 2026","passed","Thu Apr 02 16:13:42 UTC 2026","AuTestCatalogTask","","",""
"","38198","Каталог заданий: НОДА ""История. 6.1"" — Класс 5","default","Thu Apr 02 16:04:53 UTC 2026","passed","Thu Apr 02 16:05:31 UTC 2026","AuTestCatalogTask","","",""
"","22423","Каталог заданий: Подготовка к ОГЭ ""Русский язык (2)""","default","Thu Apr 02 14:49:49 UTC 2026","passed","Thu Apr 02 14:50:12 UTC 2026","AuTestCatalogTask","","",""
"","17274","Каталог заданий: РАС ""Русский язык. 8.1"" — Класс 9","default","Thu Apr 02 16:09:41 UTC 2026","passed","Thu Apr 02 16:09:58 UTC 2026","AuTestCatalogTask","","",""
"","33463","Каталог заданий: РАС ""Литература. 8.1"" — Класс 2","default","Thu Apr 02 16:11:47 UTC 2026","passed","Thu Apr 02 16:12:21 UTC 2026","AuTestCatalogTask","","",""
"","34960","Каталог заданий: Подготовка к ОГЭ ""Химия""","default","Thu Apr 02 14:49:09 UTC 2026","passed","Thu Apr 02 14:49:44 UTC 2026","AuTestCatalogTask","","",""
"","15017","Каталог заданий: ТНР ""Физика. 5.1"" — Класс 3","default","Thu Apr 02 15:19:54 UTC 2026","passed","Thu Apr 02 15:20:09 UTC 2026","AuTestCatalogTask","","",""
"","29384","Каталог заданий: ТНР ""История. 5.1"" — Класс 2","default","Thu Apr 02 15:20:09 UTC 2026","passed","Thu Apr 02 15:20:38 UTC 2026","AuTestCatalogTask","","",""
"","26776","Каталог заданий: ТНР ""Русский язык. 5.1"" — Класс 1","default","Thu Apr 02 15:14:08 UTC 2026","passed","Thu Apr 02 15:14:35 UTC 2026","AuTestCatalogTask","","",""
"","17121","Каталог заданий: Подготовка к ВПР ""Литература"" — Класс 1","default","Thu Apr 02 14:52:41 UTC 2026","passed","Thu Apr 02 14:52:58 UTC 2026","AuTestCatalogTask","","",""
"","17124","Каталог заданий: Нарушение слуха ""Русский язык. 1.1"" — Класс 5","default","Thu Apr 02 15:39:20 UTC 2026","passed","Thu Apr 02 15:39:37 UTC 2026","AuTestCatalogTask","","",""
"","13829","Каталог заданий: Слепые ""Обществознание. 3.1"" — Класс 4","default","Thu Apr 02 15:27:43 UTC 2026","passed","Thu Apr 02 15:27:57 UTC 2026","AuTestCatalogTask","","",""
"","33695","Каталог заданий: Подготовка к ВПР ""Биология"" — Класс 3","default","Thu Apr 02 14:53:35 UTC 2026","passed","Thu Apr 02 14:54:09 UTC 2026","AuTestCatalogTask","","",""
"","12409","Каталог заданий: ТНР ""Обществознание. 5.1"" — Класс 4","default","Thu Apr 02 15:22:16 UTC 2026","passed","Thu Apr 02 15:22:28 UTC 2026","AuTestCatalogTask","","",""
"","18009","Каталог заданий: ТНР ""Геометрия. 5.1"" — Класс 3","default","Thu Apr 02 15:17:26 UTC 2026","passed","Thu Apr 02 15:17:44 UTC 2026","AuTestCatalogTask","","",""
"","12948","Каталог заданий: НОДА ""Русский язык. 6.1"" — Класс 11","default","Thu Apr 02 16:01:35 UTC 2026","passed","Thu Apr 02 16:01:48 UTC 2026","AuTestCatalogTask","","",""
"","19208","Каталог заданий: СПО ""Русский язык"" — Класс 1","default","Thu Apr 02 15:07:31 UTC 2026","passed","Thu Apr 02 15:07:50 UTC 2026","AuTestCatalogTask","","",""
"","23693","Каталог заданий: Слабослышащие ""Английский язык. 2.1"" — Класс 6","default","Thu Apr 02 15:52:19 UTC 2026","passed","Thu Apr 02 15:52:43 UTC 2026","AuTestCatalogTask","","",""
"","29066","Каталог заданий: Слабовидящие ""Математика. 4.1"" — Класс 2","default","Thu Apr 02 15:32:06 UTC 2026","passed","Thu Apr 02 15:32:35 UTC 2026","AuTestCatalogTask","","",""
"","14035","Каталог заданий: Подготовка к контрольным работам ""Геометрия"" — Класс 4","default","Thu Apr 02 14:57:22 UTC 2026","passed","Thu Apr 02 14:57:36 UTC 2026","AuTestCatalogTask","","",""
"","14931","Каталог заданий: ЗПР ""Обществознание. 7.1"" — Класс 5","default","Thu Apr 02 15:57:36 UTC 2026","passed","Thu Apr 02 15:57:51 UTC 2026","AuTestCatalogTask","","",""
"","14018","Каталог заданий: Подготовка к контрольным работам ""Вероятность и статистика"" — Класс 2","default","Thu Apr 02 14:59:58 UTC 2026","passed","Thu Apr 02 15:00:12 UTC 2026","AuTestCatalogTask","","",""
"","18830","Каталог заданий: ЗПР ""Информатика. 7.1"" — Класс 1","default","Thu Apr 02 16:00:31 UTC 2026","passed","Thu Apr 02 16:00:49 UTC 2026","AuTestCatalogTask","","",""
"","11796","Каталог заданий: Школьная программа ""Обществознание"" — Класс 6","default","Thu Apr 02 14:43:01 UTC 2026","passed","Thu Apr 02 14:43:13 UTC 2026","AuTestCatalogTask","","",""
"","14101","Каталог заданий: ЗПР ""Английский язык. 7.1"" — Класс 1","default","Thu Apr 02 15:59:25 UTC 2026","passed","Thu Apr 02 15:59:40 UTC 2026","AuTestCatalogTask","","",""
"","27641","Каталог заданий: Слабослышащие ""Русский язык. 2.1"" — Класс 4","default","Thu Apr 02 15:46:54 UTC 2026","passed","Thu Apr 02 15:47:21 UTC 2026","AuTestCatalogTask","","",""
"","27777","Каталог заданий: ЗПР ""Математика. 7.1"" — Класс 6","default","Thu Apr 02 15:54:46 UTC 2026","passed","Thu Apr 02 15:55:14 UTC 2026","AuTestCatalogTask","","",""
"","20932","Каталог заданий: Подготовка к контрольным работам ""Английский язык"" — Класс 2","default","Thu Apr 02 14:55:58 UTC 2026","passed","Thu Apr 02 14:56:19 UTC 2026","AuTestCatalogTask","","",""
"","34922","Каталог заданий: ЗПР ""Математика. 7.1"" — Класс 1","default","Thu Apr 02 15:54:11 UTC 2026","passed","Thu Apr 02 15:54:46 UTC 2026","AuTestCatalogTask","","",""
"","21451","Каталог заданий: РАС ""Алгебра и начала мат. анализа. 8.1"" — Класс 2","default","Thu Apr 02 16:10:49 UTC 2026","passed","Thu Apr 02 16:11:10 UTC 2026","AuTestCatalogTask","","",""
"","52241","Каталог заданий: ЗПР ""Биология. 7.1"" — Класс 4","default","Thu Apr 02 15:57:58 UTC 2026","passed","Thu Apr 02 15:58:50 UTC 2026","AuTestCatalogTask","","",""
"","30898","Каталог заданий: Слабослышащие ""Русский язык. 2.1"" — Класс 2","default","Thu Apr 02 15:46:40 UTC 2026","passed","Thu Apr 02 15:47:11 UTC 2026","AuTestCatalogTask","","",""
"","27293","Каталог заданий: Школьная программа ""Биология"" — Класс 5","default","Thu Apr 02 14:39:27 UTC 2026","passed","Thu Apr 02 14:39:54 UTC 2026","AuTestCatalogTask","","",""
"","22449","Каталог заданий: Подготовка к ВПР ""Физика"" — Класс 1","default","Thu Apr 02 14:54:29 UTC 2026","passed","Thu Apr 02 14:54:51 UTC 2026","AuTestCatalogTask","","",""
"","30439","Каталог заданий: Подготовка к ВПР ""Биология"" — Класс 4","default","Thu Apr 02 14:53:36 UTC 2026","passed","Thu Apr 02 14:54:07 UTC 2026","AuTestCatalogTask","","",""
"","16116","Каталог заданий: ТНР ""Обществознание. 5.1"" — Класс 1","default","Thu Apr 02 15:22:10 UTC 2026","passed","Thu Apr 02 15:22:26 UTC 2026","AuTestCatalogTask","","",""
"","40598","Каталог заданий: НОДА ""Биология. 6.1"" — Класс 3","default","Thu Apr 02 16:05:59 UTC 2026","passed","Thu Apr 02 16:06:40 UTC 2026","AuTestCatalogTask","","",""
"","22023","Каталог заданий: НОДА ""Физика. 6.1"" — Класс 5","default","Thu Apr 02 16:07:33 UTC 2026","passed","Thu Apr 02 16:07:55 UTC 2026","AuTestCatalogTask","","",""
"","22351","Каталог заданий: Слепые ""Английский язык. 3.1"" — Класс 3","default","Thu Apr 02 15:28:01 UTC 2026","passed","Thu Apr 02 15:28:23 UTC 2026","AuTestCatalogTask","","",""
"","39447","Каталог заданий: Слабослышащие ""Биология. 2.1"" — Класс 2","default","Thu Apr 02 15:48:18 UTC 2026","passed","Thu Apr 02 15:48:58 UTC 2026","AuTestCatalogTask","","",""
"","25555","Каталог заданий: Слабослышащие ""Биология. 2.1"" — Класс 5","default","Thu Apr 02 15:48:35 UTC 2026","passed","Thu Apr 02 15:49:01 UTC 2026","AuTestCatalogTask","","",""
"","28998","Каталог заданий: НОДА ""Английский язык. 6.1"" — Класс 4","default","Thu Apr 02 16:07:50 UTC 2026","passed","Thu Apr 02 16:08:19 UTC 2026","AuTestCatalogTask","","",""
"","17316","Каталог заданий: Слепые ""Русский язык. 3.1"" — Класс 2","default","Thu Apr 02 15:23:33 UTC 2026","passed","Thu Apr 02 15:23:50 UTC 2026","AuTestCatalogTask","","",""
"","23989","Каталог заданий: НОДА ""Английский язык. 6.1"" — Класс 6","default","Thu Apr 02 16:07:55 UTC 2026","passed","Thu Apr 02 16:08:19 UTC 2026","AuTestCatalogTask","","",""
"","25432","Каталог заданий: Подготовка к контрольным работам ""Английский язык"" — Класс 4","default","Thu Apr 02 14:56:12 UTC 2026","passed","Thu Apr 02 14:56:37 UTC 2026","AuTestCatalogTask","","",""
"","17001","Каталог заданий: РАС ""Русский язык. 8.1"" — Класс 8","default","Thu Apr 02 16:09:36 UTC 2026","passed","Thu Apr 02 16:09:53 UTC 2026","AuTestCatalogTask","","",""
"","15400","Каталог заданий: Школьная программа ""Русский язык"" — Класс 7","default","Thu Apr 02 14:38:48 UTC 2026","passed","Thu Apr 02 14:39:03 UTC 2026","AuTestCatalogTask","","",""
"","12264","Каталог заданий: НОДА ""Информатика. 6.1"" — Класс 3","default","Thu Apr 02 16:08:43 UTC 2026","passed","Thu Apr 02 16:08:55 UTC 2026","AuTestCatalogTask","","",""
"","36744","Каталог заданий: Слабовидящие ""Математика. 4.1"" — Класс 5","default","Thu Apr 02 15:32:13 UTC 2026","passed","Thu Apr 02 15:32:49 UTC 2026","AuTestCatalogTask","","",""
"","13858","Каталог заданий: ЗПР ""Обществознание. 7.1"" — Класс 6","default","Thu Apr 02 15:57:44 UTC 2026","passed","Thu Apr 02 15:57:58 UTC 2026","AuTestCatalogTask","","",""
"","24278","Каталог заданий: Повторение пройденного материала ""Обществознание"" — Класс 2","default","Thu Apr 02 15:06:36 UTC 2026","passed","Thu Apr 02 15:07:01 UTC 2026","AuTestCatalogTask","","",""
"","13498","Каталог заданий: РАС ""Русский язык. 8.1"" — Класс 11","default","Thu Apr 02 16:09:47 UTC 2026","passed","Thu Apr 02 16:10:01 UTC 2026","AuTestCatalogTask","","",""
"","32317","Каталог заданий: Нарушение слуха ""Литература. 1.1"" — Класс 4","default","Thu Apr 02 15:41:48 UTC 2026","passed","Thu Apr 02 15:42:21 UTC 2026","AuTestCatalogTask","","",""
"","11795","Каталог заданий: Слабовидящие ""Обществознание. 4.1"" — Класс 6","default","Thu Apr 02 15:36:42 UTC 2026","passed","Thu Apr 02 15:36:54 UTC 2026","AuTestCatalogTask","","",""
"","20979","Каталог заданий: ТНР ""Математика. 5.1"" — Класс 1","default","Thu Apr 02 15:16:29 UTC 2026","passed","Thu Apr 02 15:16:50 UTC 2026","AuTestCatalogTask","","",""
"","28717","Каталог заданий: Слабовидящие ""Информатика. 4.1"" — Класс 4","default","Thu Apr 02 15:38:58 UTC 2026","passed","Thu Apr 02 15:39:26 UTC 2026","AuTestCatalogTask","","",""
"","13551","Каталог заданий: Школьная программа ""Обществознание"" — Класс 2","default","Thu Apr 02 14:42:47 UTC 2026","passed","Thu Apr 02 14:43:00 UTC 2026","AuTestCatalogTask","","",""
"","17263","Каталог заданий: Подготовка к контрольным работам ""Химия"" — Класс 2","default","Thu Apr 02 14:59:03 UTC 2026","passed","Thu Apr 02 14:59:20 UTC 2026","AuTestCatalogTask","","",""
"","18141","Каталог заданий: Подготовка к контрольным работам ""Литература"" — Класс 3","default","Thu Apr 02 14:58:08 UTC 2026","passed","Thu Apr 02 14:58:27 UTC 2026","AuTestCatalogTask","","",""
"","24215","Каталог заданий: Повторение пройденного материала ""Английский язык"" — Класс 1","default","Thu Apr 02 15:01:48 UTC 2026","passed","Thu Apr 02 15:02:12 UTC 2026","AuTestCatalogTask","","",""
"","20093","Каталог заданий: Подготовка к контрольным работам ""Математика"" — Класс 3","default","Thu Apr 02 14:55:11 UTC 2026","passed","Thu Apr 02 14:55:31 UTC 2026","AuTestCatalogTask","","",""
"","15968","Каталог заданий: Подготовка к ВПР ""Литература"" — Класс 3","default","Thu Apr 02 14:52:52 UTC 2026","passed","Thu Apr 02 14:53:08 UTC 2026","AuTestCatalogTask","","",""
"","25933","Каталог заданий: ЗПР ""Литература. 7.1"" — Класс 5","default","Thu Apr 02 15:56:03 UTC 2026","passed","Thu Apr 02 15:56:29 UTC 2026","AuTestCatalogTask","","",""
"","14272","Каталог заданий: Слабовидящие ""Английский язык. 4.1"" — Класс 2","default","Thu Apr 02 15:35:35 UTC 2026","passed","Thu Apr 02 15:35:49 UTC 2026","AuTestCatalogTask","","",""
"","21979","Каталог заданий: РАС ""Английский язык. 8.1"" — Класс 6","default","Thu Apr 02 16:15:56 UTC 2026","passed","Thu Apr 02 16:16:18 UTC 2026","AuTestCatalogTask","","",""
"","51569","Каталог заданий: Слабовидящие ""Биология. 4.1"" — Класс 4","default","Thu Apr 02 15:36:54 UTC 2026","passed","Thu Apr 02 15:37:46 UTC 2026","AuTestCatalogTask","","",""
"","19558","Каталог заданий: РАС ""Обществознание. 8.1"" — Класс 4","default","Thu Apr 02 16:13:41 UTC 2026","passed","Thu Apr 02 16:14:01 UTC 2026","AuTestCatalogTask","","",""
"","15763","Каталог заданий: Слабослышащие ""Русский язык. 2.1"" — Класс 11","default","Thu Apr 02 15:47:31 UTC 2026","passed","Thu Apr 02 15:47:46 UTC 2026","AuTestCatalogTask","","",""
"","22102","Каталог заданий: Школьная программа ""Русский язык"" — Класс 6","default","Thu Apr 02 14:38:37 UTC 2026","passed","Thu Apr 02 14:38:59 UTC 2026","AuTestCatalogTask","","",""
"","12291","Каталог заданий: Русский язык пакеты ""Орфографическая грамотность (5-9 кл.)"" — Класс 3","default","Thu Apr 02 15:09:37 UTC 2026","passed","Thu Apr 02 15:09:50 UTC 2026","AuTestCatalogTask","","",""
"","18330","Каталог заданий: Слабослышащие ""Физика. 2.1"" — Класс 3","default","Thu Apr 02 15:50:10 UTC 2026","passed","Thu Apr 02 15:50:29 UTC 2026","AuTestCatalogTask","","",""
"","23779","Каталог заданий: Подготовка к контрольным работам ""Окружающий мир"" — Класс 1","default","Thu Apr 02 14:56:55 UTC 2026","passed","Thu Apr 02 14:57:19 UTC 2026","AuTestCatalogTask","","",""
"","23854","Каталог заданий: ТНР ""Окружающий мир. 5.1"" — Класс 4","default","Thu Apr 02 15:17:51 UTC 2026","passed","Thu Apr 02 15:18:15 UTC 2026","AuTestCatalogTask","","",""
"","14745","Каталог заданий: Сложные темы ""Русский язык"" — Класс 3","default","Thu Apr 02 15:13:43 UTC 2026","passed","Thu Apr 02 15:13:58 UTC 2026","AuTestCatalogTask","","",""
"","15516","Каталог заданий: СПО ""Рус. яз. Особенности проф. коммуникации""","default","Thu Apr 02 15:07:34 UTC 2026","passed","Thu Apr 02 15:07:49 UTC 2026","AuTestCatalogTask","","",""
"","28218","Каталог заданий: Слабослышащие ""История. 2.1"" — Класс 2","default","Thu Apr 02 15:50:29 UTC 2026","passed","Thu Apr 02 15:50:57 UTC 2026","AuTestCatalogTask","","",""
"","150346","Каталог заданий: Специальные курсы ""ОВЗ""","default","Thu Apr 02 15:08:13 UTC 2026","broken","Thu Apr 02 15:10:44 UTC 2026","AuTestCatalogTask","","",""
"","23692","Каталог заданий: Повторение пройденного материала ""Информатика"" — Класс 2","default","Thu Apr 02 15:07:03 UTC 2026","passed","Thu Apr 02 15:07:27 UTC 2026","AuTestCatalogTask","","",""
"","19446","Каталог заданий: Слабовидящие ""Русский язык. 4.1"" — Класс 1","default","Thu Apr 02 15:31:05 UTC 2026","passed","Thu Apr 02 15:31:24 UTC 2026","AuTestCatalogTask","","",""
"","15186","Каталог заданий: Нарушение слуха ""Физика. 1.1"" — Класс 1","default","Thu Apr 02 15:45:47 UTC 2026","passed","Thu Apr 02 15:46:02 UTC 2026","AuTestCatalogTask","","",""
"","57083","Каталог заданий: РАС ""Биология. 8.1"" — Класс 4","default","Thu Apr 02 16:14:02 UTC 2026","passed","Thu Apr 02 16:14:59 UTC 2026","AuTestCatalogTask","","",""
"","14022","Каталог заданий: Слепые ""Физика. 3.1"" — Класс 3","default","Thu Apr 02 15:30:19 UTC 2026","passed","Thu Apr 02 15:30:33 UTC 2026","AuTestCatalogTask","","",""
"","14210","Каталог заданий: ЗПР ""Вероятность и статистика. 7.1"" — Класс 2","default","Thu Apr 02 16:00:09 UTC 2026","passed","Thu Apr 02 16:00:24 UTC 2026","AuTestCatalogTask","","",""
"","12163","Каталог заданий: РАС ""Вероятность и статистика. 8.1"" — Класс 3","default","Thu Apr 02 16:16:32 UTC 2026","passed","Thu Apr 02 16:16:44 UTC 2026","AuTestCatalogTask","","",""
"","45644","Каталог заданий: Слабовидящие ""Биология. 4.1"" — Класс 1","default","Thu Apr 02 15:36:47 UTC 2026","passed","Thu Apr 02 15:37:33 UTC 2026","AuTestCatalogTask","","",""
"","16209","Каталог заданий: РАС ""Геометрия. 8.1"" — Класс 1","default","Thu Apr 02 16:10:55 UTC 2026","passed","Thu Apr 02 16:11:11 UTC 2026","AuTestCatalogTask","","",""
"","21964","Каталог заданий: Школьная программа ""Вероятность и статистика"" — Класс 5","default","Thu Apr 02 14:43:51 UTC 2026","passed","Thu Apr 02 14:44:13 UTC 2026","AuTestCatalogTask","","",""
"","25308","Каталог заданий: Повторение пройденного материала ""Английский язык"" — Класс 10","default","Thu Apr 02 15:02:32 UTC 2026","passed","Thu Apr 02 15:02:58 UTC 2026","AuTestCatalogTask","","",""
"","34011","Каталог заданий: Дополнительное образование ""Математика"" — Класс 1","default","Thu Apr 02 14:44:46 UTC 2026","passed","Thu Apr 02 14:45:20 UTC 2026","AuTestCatalogTask","","",""
"","35894","Каталог заданий: Слабослышащие ""Русский язык. 2.1"" — Класс 1","default","Thu Apr 02 15:46:39 UTC 2026","passed","Thu Apr 02 15:47:15 UTC 2026","AuTestCatalogTask","","",""
"","21092","Каталог заданий: ТНР ""Русский язык. 5.1"" — Класс 3","default","Thu Apr 02 15:14:53 UTC 2026","passed","Thu Apr 02 15:15:14 UTC 2026","AuTestCatalogTask","","",""
"","19919","Каталог заданий: ТНР ""Алгебра и начала мат. анализа. 5.1"" — Класс 1","default","Thu Apr 02 15:17:17 UTC 2026","passed","Thu Apr 02 15:17:36 UTC 2026","AuTestCatalogTask","","",""
"","22162","Каталог заданий: Подготовка к контрольным работам ""Английский язык"" — Класс 10","default","Thu Apr 02 14:56:38 UTC 2026","passed","Thu Apr 02 14:57:01 UTC 2026","AuTestCatalogTask","","",""
"","19822","Каталог заданий: Подготовка к контрольным работам ""Алгебра"" — Класс 3","default","Thu Apr 02 14:57:36 UTC 2026","passed","Thu Apr 02 14:57:56 UTC 2026","AuTestCatalogTask","","",""
"","14373","Каталог заданий: Слепые ""Вероятность и статистика. 3.1"" — Класс 2","default","Thu Apr 02 15:30:27 UTC 2026","passed","Thu Apr 02 15:30:41 UTC 2026","AuTestCatalogTask","","",""
"","21056","Каталог заданий: Слабослышащие ""Английский язык. 2.1"" — Класс 3","default","Thu Apr 02 15:52:07 UTC 2026","passed","Thu Apr 02 15:52:28 UTC 2026","AuTestCatalogTask","","",""
"","50288","Каталог заданий: РАС ""История. 8.1"" — Класс 4","default","Thu Apr 02 16:12:48 UTC 2026","passed","Thu Apr 02 16:13:39 UTC 2026","AuTestCatalogTask","","",""
"","22846","Каталог заданий: Слабослышащие ""Английский язык. 2.1"" — Класс 9","default","Thu Apr 02 15:52:34 UTC 2026","passed","Thu Apr 02 15:52:56 UTC 2026","AuTestCatalogTask","","",""
"","12956","Каталог заданий: Слепые ""Русский язык. 3.1"" — Класс 11","default","Thu Apr 02 15:24:05 UTC 2026","passed","Thu Apr 02 15:24:18 UTC 2026","AuTestCatalogTask","","",""
"","24530","Каталог заданий: Подготовка к контрольным работам ""Физика"" — Класс 1","default","Thu Apr 02 14:57:38 UTC 2026","passed","Thu Apr 02 14:58:02 UTC 2026","AuTestCatalogTask","","",""
"","43268","Каталог заданий: ЗПР ""Биология. 7.1"" — Класс 7","default","Thu Apr 02 15:58:30 UTC 2026","passed","Thu Apr 02 15:59:14 UTC 2026","AuTestCatalogTask","","",""
"","27912","Каталог заданий: Слепые ""Математика. 3.1"" — Класс 4","default","Thu Apr 02 15:24:19 UTC 2026","passed","Thu Apr 02 15:24:47 UTC 2026","AuTestCatalogTask","","",""
"","24659","Каталог заданий: Нарушение слуха ""Английский язык. 1.1"" — Класс 8","default","Thu Apr 02 15:44:08 UTC 2026","passed","Thu Apr 02 15:44:32 UTC 2026","AuTestCatalogTask","","",""
"","28789","Каталог заданий: Слабовидящие ""Химия. 4.1"" — Класс 3","default","Thu Apr 02 15:37:46 UTC 2026","passed","Thu Apr 02 15:38:15 UTC 2026","AuTestCatalogTask","","",""
"","21259","Каталог заданий: Школьная программа ""Английский язык"" — Класс 10","default","Thu Apr 02 14:40:59 UTC 2026","passed","Thu Apr 02 14:41:20 UTC 2026","AuTestCatalogTask","","",""
"","17627","Каталог заданий: ТНР ""Вероятность и статистика. 5.1"" — Класс 4","default","Thu Apr 02 15:21:08 UTC 2026","passed","Thu Apr 02 15:21:26 UTC 2026","AuTestCatalogTask","","",""
"","29919","Каталог заданий: Подготовка к ВПР ""История"" — Класс 4","default","Thu Apr 02 14:54:09 UTC 2026","passed","Thu Apr 02 14:54:39 UTC 2026","AuTestCatalogTask","","",""
"","15573","Каталог заданий: Слабовидящие ""Вероятность и статистика. 4.1"" — Класс 2","default","Thu Apr 02 15:38:28 UTC 2026","passed","Thu Apr 02 15:38:43 UTC 2026","AuTestCatalogTask","","",""
"","15914","Каталог заданий: Слепые ""Геометрия. 3.1"" — Класс 3","default","Thu Apr 02 15:25:17 UTC 2026","passed","Thu Apr 02 15:25:33 UTC 2026","AuTestCatalogTask","","",""
"","22613","Каталог заданий: Повторение пройденного материала ""Алгебра и начала мат. анализа"" — Класс 2","default","Thu Apr 02 15:04:38 UTC 2026","passed","Thu Apr 02 15:05:01 UTC 2026","AuTestCatalogTask","","",""
"","23999","Каталог заданий: Слабовидящие ""Окружающий мир. 4.1"" — Класс 2","default","Thu Apr 02 15:33:23 UTC 2026","passed","Thu Apr 02 15:33:47 UTC 2026","AuTestCatalogTask","","",""
"","14447","Каталог заданий: Слабовидящие ""Геометрия. 4.1"" — Класс 4","default","Thu Apr 02 15:33:11 UTC 2026","passed","Thu Apr 02 15:33:25 UTC 2026","AuTestCatalogTask","","",""
"","25172","Каталог заданий: Дополнительное образование ""Алгебра"" — Класс 1","default","Thu Apr 02 14:47:37 UTC 2026","passed","Thu Apr 02 14:48:02 UTC 2026","AuTestCatalogTask","","",""
"","27349","Каталог заданий: Подготовка к контрольным работам ""Алгебра и начала мат. анализа"" — Класс 2","default","Thu Apr 02 14:56:41 UTC 2026","passed","Thu Apr 02 14:57:09 UTC 2026","AuTestCatalogTask","","",""
"","12256","Каталог заданий: Слепые ""Обществознание. 3.1"" — Класс 2","default","Thu Apr 02 15:27:31 UTC 2026","passed","Thu Apr 02 15:27:43 UTC 2026","AuTestCatalogTask","","",""
"","17302","Каталог заданий: ТНР ""Алгебра. 5.1"" — Класс 2","default","Thu Apr 02 15:17:05 UTC 2026","passed","Thu Apr 02 15:17:22 UTC 2026","AuTestCatalogTask","","",""
"","19221","Каталог заданий: Подготовка к ЕГЭ ""Математика. Варианты КИМ""","default","Thu Apr 02 14:51:14 UTC 2026","passed","Thu Apr 02 14:51:34 UTC 2026","AuTestCatalogTask","","",""
"","23416","Каталог заданий: Повторение пройденного материала ""Химия"" — Класс 2","default","Thu Apr 02 15:05:36 UTC 2026","passed","Thu Apr 02 15:06:00 UTC 2026","AuTestCatalogTask","","",""
"","21742","Каталог заданий: Слабослышащие ""Русский язык. 2.1"" — Класс 8","default","Thu Apr 02 15:47:14 UTC 2026","passed","Thu Apr 02 15:47:36 UTC 2026","AuTestCatalogTask","","",""
"","11525","Каталог заданий: Нарушение слуха ""Обществознание. 1.1"" — Класс 4","default","Thu Apr 02 15:43:26 UTC 2026","passed","Thu Apr 02 15:43:38 UTC 2026","AuTestCatalogTask","","",""
"","14938","Каталог заданий: РАС ""Информатика. 8.1"" — Класс 4","default","Thu Apr 02 16:16:55 UTC 2026","passed","Thu Apr 02 16:17:10 UTC 2026","AuTestCatalogTask","","",""
"","42908","Каталог заданий: Слабослышащие ""Биология. 2.1"" — Класс 1","default","Thu Apr 02 15:48:15 UTC 2026","passed","Thu Apr 02 15:48:58 UTC 2026","AuTestCatalogTask","","",""
"","16609","Каталог заданий: Слабослышащие ""Английский язык. 2.1"" — Класс 2","default","Thu Apr 02 15:52:03 UTC 2026","passed","Thu Apr 02 15:52:20 UTC 2026","AuTestCatalogTask","","",""
"","20195","Каталог заданий: ЗПР ""Алгебра и начала мат. анализа. 7.1"" — Класс 1","default","Thu Apr 02 15:55:01 UTC 2026","passed","Thu Apr 02 15:55:21 UTC 2026","AuTestCatalogTask","","",""
"","25838","Каталог заданий: Подготовка к контрольным работам ""Английский язык"" — Класс 5","default","Thu Apr 02 14:56:12 UTC 2026","passed","Thu Apr 02 14:56:38 UTC 2026","AuTestCatalogTask","","",""
"","23678","Каталог заданий: Повторение пройденного материала ""Окружающий мир"" — Класс 2","default","Thu Apr 02 15:01:42 UTC 2026","passed","Thu Apr 02 15:02:06 UTC 2026","AuTestCatalogTask","","",""
"","35328","Каталог заданий: Слабовидящие ""Литература. 4.1"" — Класс 2","default","Thu Apr 02 15:33:47 UTC 2026","passed","Thu Apr 02 15:34:23 UTC 2026","AuTestCatalogTask","","",""
"","24558","Каталог заданий: Повторение пройденного материала ""Алгебра"" — Класс 1","default","Thu Apr 02 15:03:52 UTC 2026","passed","Thu Apr 02 15:04:16 UTC 2026","AuTestCatalogTask","","",""
"","15140","Каталог заданий: Русский язык пакеты ""Орфографическая грамотность (1-4 кл.)"" — Класс 4","default","Thu Apr 02 15:09:25 UTC 2026","passed","Thu Apr 02 15:09:40 UTC 2026","AuTestCatalogTask","","",""
"","23463","Каталог заданий: Школьная программа ""Английский язык"" — Класс 6","default","Thu Apr 02 14:40:31 UTC 2026","passed","Thu Apr 02 14:40:54 UTC 2026","AuTestCatalogTask","","",""
"","23811","Каталог заданий: Специальные курсы ""Внеклассные часы""","default","Thu Apr 02 15:08:57 UTC 2026","passed","Thu Apr 02 15:09:21 UTC 2026","AuTestCatalogTask","","",""
"","15710","Каталог заданий: ЗПР ""Физика. 7.1"" — Класс 3","default","Thu Apr 02 15:59:18 UTC 2026","passed","Thu Apr 02 15:59:33 UTC 2026","AuTestCatalogTask","","",""
"","16941","Каталог заданий: Дополнительное образование ""Окружающий мир"" — Класс 2","default","Thu Apr 02 14:46:23 UTC 2026","passed","Thu Apr 02 14:46:40 UTC 2026","AuTestCatalogTask","","",""
"","19831","Каталог заданий: Подготовка к контрольным работам ""Биология"" — Класс 6","default","Thu Apr 02 14:59:23 UTC 2026","passed","Thu Apr 02 14:59:43 UTC 2026","AuTestCatalogTask","","",""
"","34451","Каталог заданий: Дополнительное образование ""Химия"" — Класс 2","default","Thu Apr 02 14:47:22 UTC 2026","passed","Thu Apr 02 14:47:56 UTC 2026","AuTestCatalogTask","","",""
"","36793","Каталог заданий: Слабослышащие ""Русский язык. 2.1"" — Класс 10","default","Thu Apr 02 15:47:21 UTC 2026","passed","Thu Apr 02 15:47:58 UTC 2026","AuTestCatalogTask","","",""
"","34509","Каталог заданий: Слепые ""Литература. 3.1"" — Класс 4","default","Thu Apr 02 15:26:04 UTC 2026","passed","Thu Apr 02 15:26:38 UTC 2026","AuTestCatalogTask","","",""
"","25442","Каталог заданий: Повторение пройденного материала ""Физика"" — Класс 2","default","Thu Apr 02 15:05:11 UTC 2026","passed","Thu Apr 02 15:05:36 UTC 2026","AuTestCatalogTask","","",""
"","68097","Каталог заданий: НОДА ""Биология. 6.1"" — Класс 6","default","Thu Apr 02 16:06:33 UTC 2026","passed","Thu Apr 02 16:07:41 UTC 2026","AuTestCatalogTask","","",""
"","16069","Каталог заданий: Школьная программа ""Вероятность и статистика"" — Класс 2","default","Thu Apr 02 14:43:48 UTC 2026","passed","Thu Apr 02 14:44:04 UTC 2026","AuTestCatalogTask","","",""
"","39316","Каталог заданий: РАС ""Английский язык. 8.1"" — Класс 8","default","Thu Apr 02 16:16:04 UTC 2026","passed","Thu Apr 02 16:16:44 UTC 2026","AuTestCatalogTask","","",""
"","67048","Каталог заданий: Школьная программа ""Эрзянский язык"" — Класс 1","default","Thu Apr 02 14:44:44 UTC 2026","passed","Thu Apr 02 14:45:51 UTC 2026","AuTestCatalogTask","","",""
"","57739","Каталог заданий: Нарушение слуха ""История. 1.1"" — Класс 6","default","Thu Apr 02 15:42:49 UTC 2026","passed","Thu Apr 02 15:43:47 UTC 2026","AuTestCatalogTask","","",""
"","18574","Каталог заданий: Слабовидящие ""Русский язык. 4.1"" — Класс 7","default","Thu Apr 02 15:31:36 UTC 2026","passed","Thu Apr 02 15:31:54 UTC 2026","AuTestCatalogTask","","",""
"","19630","Каталог заданий: Сложные темы ""Математика"" — Класс 2","default","Thu Apr 02 15:10:48 UTC 2026","passed","Thu Apr 02 15:11:08 UTC 2026","AuTestCatalogTask","","",""
"","31961","Каталог заданий: Слабослышащие ""История. 2.1"" — Класс 3","default","Thu Apr 02 15:50:32 UTC 2026","passed","Thu Apr 02 15:51:04 UTC 2026","AuTestCatalogTask","","",""
"","41000","Каталог заданий: Слепые ""Биология. 3.1"" — Класс 3","default","Thu Apr 02 15:28:49 UTC 2026","passed","Thu Apr 02 15:29:30 UTC 2026","AuTestCatalogTask","","",""
"","33362","Каталог заданий: Слабовидящие ""Литература. 4.1"" — Класс 4","default","Thu Apr 02 15:33:58 UTC 2026","passed","Thu Apr 02 15:34:31 UTC 2026","AuTestCatalogTask","","",""
"","26148","Каталог заданий: ЗПР ""Окружающий мир. 7.1"" — Класс 1","default","Thu Apr 02 15:55:21 UTC 2026","passed","Thu Apr 02 15:55:47 UTC 2026","AuTestCatalogTask","","",""
"","23507","Каталог заданий: Повторение пройденного материала ""История"" — Класс 2","default","Thu Apr 02 15:02:49 UTC 2026","passed","Thu Apr 02 15:03:13 UTC 2026","AuTestCatalogTask","","",""
"","11912","Каталог заданий: НОДА ""Обществознание. 6.1"" — Класс 1","default","Thu Apr 02 16:05:10 UTC 2026","passed","Thu Apr 02 16:05:22 UTC 2026","AuTestCatalogTask","","",""
"","14719","Каталог заданий: ЗПР ""Вероятность и статистика. 7.1"" — Класс 1","default","Thu Apr 02 16:00:07 UTC 2026","passed","Thu Apr 02 16:00:22 UTC 2026","AuTestCatalogTask","","",""
"","20133","Каталог заданий: Школьная программа ""Математика"" — Класс 6","default","Thu Apr 02 14:36:43 UTC 2026","passed","Thu Apr 02 14:37:04 UTC 2026","AuTestCatalogTask","","",""
"","27239","Каталог заданий: РАС ""Окружающий мир. 8.1"" — Класс 2","default","Thu Apr 02 16:11:20 UTC 2026","passed","Thu Apr 02 16:11:47 UTC 2026","AuTestCatalogTask","","",""
"","12996","Каталог заданий: Дополнительное образование ""Геометрия"" — Класс 5","default","Thu Apr 02 14:48:20 UTC 2026","passed","Thu Apr 02 14:48:33 UTC 2026","AuTestCatalogTask","","",""
"","57331","Каталог заданий: ЗПР ""История. 7.1"" — Класс 6","default","Thu Apr 02 15:57:07 UTC 2026","passed","Thu Apr 02 15:58:04 UTC 2026","AuTestCatalogTask","","",""
"","15439","Каталог заданий: Нарушение слуха ""Алгебра. 1.1"" — Класс 1","default","Thu Apr 02 15:40:32 UTC 2026","passed","Thu Apr 02 15:40:47 UTC 2026","AuTestCatalogTask","","",""
"","48155","Каталог заданий: Нарушение слуха ""История. 1.1"" — Класс 4","default","Thu Apr 02 15:42:38 UTC 2026","passed","Thu Apr 02 15:43:26 UTC 2026","AuTestCatalogTask","","",""
"","50441","Каталог заданий: ТНР ""Биология. 5.1"" — Класс 4","default","Thu Apr 02 15:18:15 UTC 2026","passed","Thu Apr 02 15:19:05 UTC 2026","AuTestCatalogTask","","",""
"","11925","Каталог заданий: Школьная программа ""Обществознание"" — Класс 1","default","Thu Apr 02 14:42:47 UTC 2026","passed","Thu Apr 02 14:42:58 UTC 2026","AuTestCatalogTask","","",""
"","15512","Каталог заданий: РАС ""Физика. 8.1"" — Класс 3","default","Thu Apr 02 16:15:27 UTC 2026","passed","Thu Apr 02 16:15:43 UTC 2026","AuTestCatalogTask","","",""
"","23369","Каталог заданий: Школьная программа ""Русский язык"" — Класс 8","default","Thu Apr 02 14:38:49 UTC 2026","passed","Thu Apr 02 14:39:12 UTC 2026","AuTestCatalogTask","","",""
"","33141","Каталог заданий: РАС ""История. 8.1"" — Класс 3","default","Thu Apr 02 16:12:40 UTC 2026","passed","Thu Apr 02 16:13:13 UTC 2026","AuTestCatalogTask","","",""
"","37094","Каталог заданий: Нарушение слуха ""Математика. 1.1"" — Класс 1","default","Thu Apr 02 15:39:57 UTC 2026","passed","Thu Apr 02 15:40:34 UTC 2026","AuTestCatalogTask","","",""
"","30657","Каталог заданий: Школьная программа ""Литература"" — Класс 4","default","Thu Apr 02 14:41:36 UTC 2026","passed","Thu Apr 02 14:42:07 UTC 2026","AuTestCatalogTask","","",""
"","14878","Каталог заданий: Слепые ""Алгебра. 3.1"" — Класс 3","default","Thu Apr 02 15:24:47 UTC 2026","passed","Thu Apr 02 15:25:02 UTC 2026","AuTestCatalogTask","","",""
"","25568","Каталог заданий: ЗПР ""Английский язык. 7.1"" — Класс 9","default","Thu Apr 02 16:00:05 UTC 2026","passed","Thu Apr 02 16:00:31 UTC 2026","AuTestCatalogTask","","",""
"","14134","Каталог заданий: Подготовка к контрольным работам ""Биология"" — Класс 2","default","Thu Apr 02 14:59:09 UTC 2026","passed","Thu Apr 02 14:59:23 UTC 2026","AuTestCatalogTask","","",""
"","32493","Каталог заданий: Слабовидящие ""Окружающий мир. 4.1"" — Класс 3","default","Thu Apr 02 15:33:25 UTC 2026","passed","Thu Apr 02 15:33:58 UTC 2026","AuTestCatalogTask","","",""
"","32938","Каталог заданий: ТНР ""Литература. 5.1"" — Класс 3","default","Thu Apr 02 15:19:05 UTC 2026","passed","Thu Apr 02 15:19:38 UTC 2026","AuTestCatalogTask","","",""
"","31780","Каталог заданий: Повторение пройденного материала ""Физика"" — Класс 4","default","Thu Apr 02 15:05:25 UTC 2026","passed","Thu Apr 02 15:05:56 UTC 2026","AuTestCatalogTask","","",""
"","23658","Каталог заданий: Повторение пройденного материала ""Биология"" — Класс 2","default","Thu Apr 02 15:06:00 UTC 2026","passed","Thu Apr 02 15:06:23 UTC 2026","AuTestCatalogTask","","",""
"","22899","Каталог заданий: Повторение пройденного материала ""Обществознание"" — Класс 6","default","Thu Apr 02 15:06:55 UTC 2026","passed","Thu Apr 02 15:07:18 UTC 2026","AuTestCatalogTask","","",""
"","11885","Каталог заданий: НОДА ""Геометрия. 6.1"" — Класс 5","default","Thu Apr 02 16:03:03 UTC 2026","passed","Thu Apr 02 16:03:15 UTC 2026","AuTestCatalogTask","","",""
"","24084","Каталог заданий: Повторение пройденного материала ""Вероятность и статистика"" — Класс 2","default","Thu Apr 02 15:04:47 UTC 2026","passed","Thu Apr 02 15:05:11 UTC 2026","AuTestCatalogTask","","",""
"","16422","Каталог заданий: Нарушение слуха ""Алгебра. 1.1"" — Класс 2","default","Thu Apr 02 15:40:34 UTC 2026","passed","Thu Apr 02 15:40:51 UTC 2026","AuTestCatalogTask","","",""
"","19775","Каталог заданий: Подготовка к контрольным работам ""Русский язык"" — Класс 2","default","Thu Apr 02 14:55:20 UTC 2026","passed","Thu Apr 02 14:55:39 UTC 2026","AuTestCatalogTask","","",""
"","27022","Каталог заданий: Повторение пройденного материала ""Биология"" — Класс 3","default","Thu Apr 02 15:06:02 UTC 2026","passed","Thu Apr 02 15:06:29 UTC 2026","AuTestCatalogTask","","",""
"","22553","Каталог заданий: Слепые ""Английский язык. 3.1"" — Класс 7","default","Thu Apr 02 15:28:23 UTC 2026","passed","Thu Apr 02 15:28:46 UTC 2026","AuTestCatalogTask","","",""
"","10925","Каталог заданий: Слабослышащие ""Обществознание. 2.1"" — Класс 1","default","Thu Apr 02 15:51:38 UTC 2026","passed","Thu Apr 02 15:51:49 UTC 2026","AuTestCatalogTask","","",""
"","14771","Каталог заданий: НОДА ""Геометрия. 6.1"" — Класс 4","default","Thu Apr 02 16:03:03 UTC 2026","passed","Thu Apr 02 16:03:18 UTC 2026","AuTestCatalogTask","","",""
"","16666","Каталог заданий: Слабослышащие ""Русский язык. 2.1"" — Класс 9","default","Thu Apr 02 15:47:15 UTC 2026","passed","Thu Apr 02 15:47:32 UTC 2026","AuTestCatalogTask","","",""
"","43064","Каталог заданий: РАС ""Биология. 8.1"" — Класс 7","default","Thu Apr 02 16:14:43 UTC 2026","passed","Thu Apr 02 16:15:26 UTC 2026","AuTestCatalogTask","","",""
"","15676","Каталог заданий: Школьная программа ""Геометрия"" — Класс 1","default","Thu Apr 02 14:36:46 UTC 2026","passed","Thu Apr 02 14:37:02 UTC 2026","AuTestCatalogTask","","",""
"","18307","Каталог заданий: Школьная программа ""Русский язык"" — Класс 9","default","Thu Apr 02 14:39:00 UTC 2026","passed","Thu Apr 02 14:39:18 UTC 2026","AuTestCatalogTask","","",""
"","32534","Каталог заданий: Нарушение слуха ""Литература. 1.1"" — Класс 3","default","Thu Apr 02 15:41:44 UTC 2026","passed","Thu Apr 02 15:42:16 UTC 2026","AuTestCatalogTask","","",""
"","24883","Каталог заданий: Повторение пройденного материала ""Литература"" — Класс 3","default","Thu Apr 02 15:03:26 UTC 2026","passed","Thu Apr 02 15:03:51 UTC 2026","AuTestCatalogTask","","",""
"","22121","Каталог заданий: ТНР ""Английский язык. 5.1"" — Класс 6","default","Thu Apr 02 15:22:53 UTC 2026","passed","Thu Apr 02 15:23:15 UTC 2026","AuTestCatalogTask","","",""
"","18028","Каталог заданий: Специальные курсы ""Скоросчёт"" — Класс 3","default","Thu Apr 02 15:08:20 UTC 2026","passed","Thu Apr 02 15:08:38 UTC 2026","AuTestCatalogTask","","",""
"","15613","Каталог заданий: Школьная программа ""Алгебра и начала мат. анализа"" — Класс 1","default","Thu Apr 02 14:43:32 UTC 2026","passed","Thu Apr 02 14:43:47 UTC 2026","AuTestCatalogTask","","",""
"","32253","Каталог заданий: Слабослышащие ""Литература. 2.1"" — Класс 4","default","Thu Apr 02 15:49:38 UTC 2026","passed","Thu Apr 02 15:50:11 UTC 2026","AuTestCatalogTask","","",""
"","21554","Каталог заданий: РАС ""Русский язык. 8.1"" — Класс 10","default","Thu Apr 02 16:09:45 UTC 2026","passed","Thu Apr 02 16:10:07 UTC 2026","AuTestCatalogTask","","",""
"","21939","Каталог заданий: Подготовка к ВПР ""Литература"" — Класс 4","default","Thu Apr 02 14:52:58 UTC 2026","passed","Thu Apr 02 14:53:20 UTC 2026","AuTestCatalogTask","","",""
"","52217","Каталог заданий: НОДА ""Биология. 6.1"" — Класс 4","default","Thu Apr 02 16:06:03 UTC 2026","passed","Thu Apr 02 16:06:55 UTC 2026","AuTestCatalogTask","","",""
"","22484","Каталог заданий: Подготовка к ВПР ""Химия"" — Класс 1","default","Thu Apr 02 14:54:39 UTC 2026","passed","Thu Apr 02 14:55:01 UTC 2026","AuTestCatalogTask","","",""
"","21132","Каталог заданий: Школьная программа ""Физика"" — Класс 4","default","Thu Apr 02 14:42:40 UTC 2026","passed","Thu Apr 02 14:43:01 UTC 2026","AuTestCatalogTask","","",""
"","11876","Каталог заданий: ТНР ""Геометрия. 5.1"" — Класс 5","default","Thu Apr 02 15:17:38 UTC 2026","passed","Thu Apr 02 15:17:49 UTC 2026","AuTestCatalogTask","","",""
"","39409","Каталог заданий: Подготовка к ЕГЭ ""Информатика""","default","Thu Apr 02 14:50:58 UTC 2026","passed","Thu Apr 02 14:51:38 UTC 2026","AuTestCatalogTask","","",""
"","10876","Каталог заданий: Нарушение слуха ""Обществознание. 1.1"" — Класс 1","default","Thu Apr 02 15:43:05 UTC 2026","passed","Thu Apr 02 15:43:16 UTC 2026","AuTestCatalogTask","","",""
"","114615","Каталог заданий: Школьная программа ""Биология"" — Класс 6","default","Thu Apr 02 14:39:29 UTC 2026","passed","Thu Apr 02 14:41:24 UTC 2026","AuTestCatalogTask","","",""
"","30506","Каталог заданий: НОДА ""Литература. 6.1"" — Класс 4","default","Thu Apr 02 16:03:48 UTC 2026","passed","Thu Apr 02 16:04:18 UTC 2026","AuTestCatalogTask","","",""
"","21927","Каталог заданий: НОДА ""Обществознание. 6.1"" — Класс 6","default","Thu Apr 02 16:05:46 UTC 2026","passed","Thu Apr 02 16:06:08 UTC 2026","AuTestCatalogTask","","",""
"","54156","Каталог заданий: Слабовидящие ""История. 4.1"" — Класс 7","default","Thu Apr 02 15:35:14 UTC 2026","passed","Thu Apr 02 15:36:08 UTC 2026","AuTestCatalogTask","","",""
"","18600","Каталог заданий: ЗПР ""Информатика. 7.1"" — Класс 4","default","Thu Apr 02 16:00:39 UTC 2026","passed","Thu Apr 02 16:00:58 UTC 2026","AuTestCatalogTask","","",""
"","13837","Каталог заданий: Школьная программа ""Информатика"" — Класс 3","default","Thu Apr 02 14:42:20 UTC 2026","passed","Thu Apr 02 14:42:34 UTC 2026","AuTestCatalogTask","","",""
"","33033","Каталог заданий: ЗПР ""История. 7.1"" — Класс 3","default","Thu Apr 02 15:56:36 UTC 2026","passed","Thu Apr 02 15:57:09 UTC 2026","AuTestCatalogTask","","",""
"","17286","Каталог заданий: ТНР ""Обществознание. 5.1"" — Класс 2","default","Thu Apr 02 15:22:11 UTC 2026","passed","Thu Apr 02 15:22:28 UTC 2026","AuTestCatalogTask","","",""
"","34055","Каталог заданий: Нарушение слуха ""История. 1.1"" — Класс 5","default","Thu Apr 02 15:42:47 UTC 2026","passed","Thu Apr 02 15:43:21 UTC 2026","AuTestCatalogTask","","",""
"","34614","Каталог заданий: Слепые ""История. 3.1"" — Класс 5","default","Thu Apr 02 15:27:07 UTC 2026","passed","Thu Apr 02 15:27:42 UTC 2026","AuTestCatalogTask","","",""
"","14648","Каталог заданий: Подготовка к контрольным работам ""Информатика"" — Класс 3","default","Thu Apr 02 14:59:43 UTC 2026","passed","Thu Apr 02 14:59:58 UTC 2026","AuTestCatalogTask","","",""
"","46356","Каталог заданий: Нарушение слуха ""Биология. 1.1"" — Класс 1","default","Thu Apr 02 15:44:24 UTC 2026","passed","Thu Apr 02 15:45:11 UTC 2026","AuTestCatalogTask","","",""
"","13888","Каталог заданий: Подготовка к контрольным работам ""Химия"" — Класс 4","default","Thu Apr 02 14:59:06 UTC 2026","passed","Thu Apr 02 14:59:20 UTC 2026","AuTestCatalogTask","","",""
"","15106","Каталог заданий: Слабовидящие ""Вероятность и статистика. 4.1"" — Класс 1","default","Thu Apr 02 15:38:26 UTC 2026","passed","Thu Apr 02 15:38:42 UTC 2026","AuTestCatalogTask","","",""
"","22445","Каталог заданий: Подготовка к ВПР ""Русский язык"" — Класс 6","default","Thu Apr 02 14:52:41 UTC 2026","passed","Thu Apr 02 14:53:03 UTC 2026","AuTestCatalogTask","","",""
"","150181","Каталог заданий: ТНР ""Вероятность и статистика. 5.1"" — Класс 3","default","Thu Apr 02 15:21:05 UTC 2026","broken","Thu Apr 02 15:23:35 UTC 2026","AuTestCatalogTask","","",""
"","19695","Каталог заданий: ЗПР ""Физика. 7.1"" — Класс 4","default","Thu Apr 02 15:59:23 UTC 2026","passed","Thu Apr 02 15:59:42 UTC 2026","AuTestCatalogTask","","",""
"","27226","Каталог заданий: Подготовка к ВПР ""Литература"" — Класс 5","default","Thu Apr 02 14:52:58 UTC 2026","passed","Thu Apr 02 14:53:26 UTC 2026","AuTestCatalogTask","","",""
"","15457","Каталог заданий: Слепые ""Вероятность и статистика. 3.1"" — Класс 3","default","Thu Apr 02 15:30:33 UTC 2026","passed","Thu Apr 02 15:30:49 UTC 2026","AuTestCatalogTask","","",""
"","9651","Каталог заданий: Русский язык пакеты ""Развитие речи (1-4 кл.)"" — Класс 1","default","Thu Apr 02 15:09:04 UTC 2026","passed","Thu Apr 02 15:09:13 UTC 2026","AuTestCatalogTask","","",""
"","26680","Каталог заданий: ЗПР ""Литература. 7.1"" — Класс 6","default","Thu Apr 02 15:56:16 UTC 2026","passed","Thu Apr 02 15:56:42 UTC 2026","AuTestCatalogTask","","",""
"","17723","Каталог заданий: Подготовка к ЕГЭ ""Английский язык""","default","Thu Apr 02 14:50:23 UTC 2026","passed","Thu Apr 02 14:50:41 UTC 2026","AuTestCatalogTask","","",""
"","27846","Каталог заданий: Повторение пройденного материала ""Литература"" — Класс 7","default","Thu Apr 02 15:03:51 UTC 2026","passed","Thu Apr 02 15:04:19 UTC 2026","AuTestCatalogTask","","",""
"","22272","Каталог заданий: Повторение пройденного материала ""Литература"" — Класс 6","default","Thu Apr 02 15:03:51 UTC 2026","passed","Thu Apr 02 15:04:13 UTC 2026","AuTestCatalogTask","","",""
"","29985","Каталог заданий: ЗПР ""Литература. 7.1"" — Класс 3","default","Thu Apr 02 15:56:00 UTC 2026","passed","Thu Apr 02 15:56:30 UTC 2026","AuTestCatalogTask","","",""
"","15717","Каталог заданий: ТНР ""Русский язык. 5.1"" — Класс 5","default","Thu Apr 02 15:15:39 UTC 2026","passed","Thu Apr 02 15:15:55 UTC 2026","AuTestCatalogTask","","",""
"","36887","Каталог заданий: ЗПР ""История. 7.1"" — Класс 2","default","Thu Apr 02 15:56:30 UTC 2026","passed","Thu Apr 02 15:57:07 UTC 2026","AuTestCatalogTask","","",""
"","19456","Каталог заданий: ТНР ""Информатика. 5.1"" — Класс 3","default","Thu Apr 02 15:21:54 UTC 2026","passed","Thu Apr 02 15:22:13 UTC 2026","AuTestCatalogTask","","",""
"","41854","Каталог заданий: ЗПР ""История. 7.1"" — Класс 7","default","Thu Apr 02 15:57:09 UTC 2026","passed","Thu Apr 02 15:57:51 UTC 2026","AuTestCatalogTask","","",""
"","26241","Каталог заданий: Русский язык пакеты ""Сочинение"" — Класс 5","default","Thu Apr 02 15:10:38 UTC 2026","passed","Thu Apr 02 15:11:04 UTC 2026","AuTestCatalogTask","","",""
"","26175","Каталог заданий: Слабовидящие ""Биология. 4.1"" — Класс 5","default","Thu Apr 02 15:36:56 UTC 2026","passed","Thu Apr 02 15:37:22 UTC 2026","AuTestCatalogTask","","",""
"","12543","Каталог заданий: Слабовидящие ""Алгебра. 4.1"" — Класс 1","default","Thu Apr 02 15:32:35 UTC 2026","passed","Thu Apr 02 15:32:47 UTC 2026","AuTestCatalogTask","","",""
"","32721","Каталог заданий: Нарушение слуха ""Английский язык. 1.1"" — Класс 6","default","Thu Apr 02 15:43:51 UTC 2026","passed","Thu Apr 02 15:44:24 UTC 2026","AuTestCatalogTask","","",""
"","42044","Каталог заданий: НОДА ""Биология. 6.1"" — Класс 1","default","Thu Apr 02 16:05:53 UTC 2026","passed","Thu Apr 02 16:06:35 UTC 2026","AuTestCatalogTask","","",""
"","150207","Каталог заданий: Сложные темы ""Математика"" — Класс 11","default","Thu Apr 02 15:13:35 UTC 2026","broken","Thu Apr 02 15:16:05 UTC 2026","AuTestCatalogTask","","",""
"","42177","Каталог заданий: Нарушение слуха ""Биология. 1.1"" — Класс 7","default","Thu Apr 02 15:45:10 UTC 2026","passed","Thu Apr 02 15:45:52 UTC 2026","AuTestCatalogTask","","",""
"","23634","Каталог заданий: Повторение пройденного материала ""Окружающий мир"" — Класс 4","default","Thu Apr 02 15:01:44 UTC 2026","passed","Thu Apr 02 15:02:07 UTC 2026","AuTestCatalogTask","","",""
"","23023","Каталог заданий: Слабослышащие ""Английский язык. 2.1"" — Класс 7","default","Thu Apr 02 15:52:20 UTC 2026","passed","Thu Apr 02 15:52:43 UTC 2026","AuTestCatalogTask","","",""
"","24763","Каталог заданий: Слабослышащие ""Русский язык. 2.1"" — Класс 3","default","Thu Apr 02 15:46:49 UTC 2026","passed","Thu Apr 02 15:47:14 UTC 2026","AuTestCatalogTask","","",""
"","44697","Каталог заданий: ТНР ""Биология. 5.1"" — Класс 2","default","Thu Apr 02 15:17:55 UTC 2026","passed","Thu Apr 02 15:18:40 UTC 2026","AuTestCatalogTask","","",""
"","34556","Каталог заданий: ЗПР ""История. 7.1"" — Класс 5","default","Thu Apr 02 15:57:02 UTC 2026","passed","Thu Apr 02 15:57:36 UTC 2026","AuTestCatalogTask","","",""
"","24427","Каталог заданий: Повторение пройденного материала ""Английский язык"" — Класс 6","default","Thu Apr 02 15:02:12 UTC 2026","passed","Thu Apr 02 15:02:37 UTC 2026","AuTestCatalogTask","","",""
"","28996","Каталог заданий: Нарушение слуха ""Химия. 1.1"" — Класс 1","default","Thu Apr 02 15:45:11 UTC 2026","passed","Thu Apr 02 15:45:40 UTC 2026","AuTestCatalogTask","","",""
"","17371","Каталог заданий: Школьная программа ""Геометрия"" — Класс 4","default","Thu Apr 02 14:37:02 UTC 2026","passed","Thu Apr 02 14:37:19 UTC 2026","AuTestCatalogTask","","",""
"","44114","Каталог заданий: НОДА ""Биология. 6.1"" — Класс 7","default","Thu Apr 02 16:06:35 UTC 2026","passed","Thu Apr 02 16:07:19 UTC 2026","AuTestCatalogTask","","",""
"","19206","Каталог заданий: Слабослышащие ""Информатика. 2.1"" — Класс 5","default","Thu Apr 02 15:53:14 UTC 2026","passed","Thu Apr 02 15:53:33 UTC 2026","AuTestCatalogTask","","",""
"","23916","Каталог заданий: Повторение пройденного материала ""Русский язык"" — Класс 3","default","Thu Apr 02 15:00:52 UTC 2026","passed","Thu Apr 02 15:01:16 UTC 2026","AuTestCatalogTask","","",""
"","40798","Каталог заданий: РАС ""Русский язык. 8.1"" — Класс 2","default","Thu Apr 02 16:08:55 UTC 2026","passed","Thu Apr 02 16:09:36 UTC 2026","AuTestCatalogTask","","",""
"","26243","Каталог заданий: Слабослышащие ""Литература. 2.1"" — Класс 5","default","Thu Apr 02 15:49:40 UTC 2026","passed","Thu Apr 02 15:50:07 UTC 2026","AuTestCatalogTask","","",""
"","29324","Каталог заданий: Слабовидящие ""История. 4.1"" — Класс 2","default","Thu Apr 02 15:34:44 UTC 2026","passed","Thu Apr 02 15:35:13 UTC 2026","AuTestCatalogTask","","",""
"","14646","Каталог заданий: Слабовидящие ""Обществознание. 4.1"" — Класс 5","default","Thu Apr 02 15:36:41 UTC 2026","passed","Thu Apr 02 15:36:56 UTC 2026","AuTestCatalogTask","","",""
"","24275","Каталог заданий: Подготовка к ВПР ""История"" — Класс 5","default","Thu Apr 02 14:54:19 UTC 2026","passed","Thu Apr 02 14:54:44 UTC 2026","AuTestCatalogTask","","",""
"","16195","Каталог заданий: РАС ""Русский язык. 8.1"" — Класс 7","default","Thu Apr 02 16:09:31 UTC 2026","passed","Thu Apr 02 16:09:47 UTC 2026","AuTestCatalogTask","","",""
"","12554","Каталог заданий: НОДА ""Алгебра. 6.1"" — Класс 1","default","Thu Apr 02 16:02:26 UTC 2026","passed","Thu Apr 02 16:02:38 UTC 2026","AuTestCatalogTask","","",""
"","32093","Каталог заданий: ТНР ""Литература. 5.1"" — Класс 4","default","Thu Apr 02 15:19:21 UTC 2026","passed","Thu Apr 02 15:19:54 UTC 2026","AuTestCatalogTask","","",""
"","31130","Каталог заданий: Подготовка к ЕГЭ ""Физика""","default","Thu Apr 02 14:50:28 UTC 2026","passed","Thu Apr 02 14:50:59 UTC 2026","AuTestCatalogTask","","",""
"","27046","Каталог заданий: Слабовидящие ""Окружающий мир. 4.1"" — Класс 1","default","Thu Apr 02 15:33:15 UTC 2026","passed","Thu Apr 02 15:33:42 UTC 2026","AuTestCatalogTask","","",""
"","25101","Каталог заданий: Дополнительное образование ""Английский язык"" — Класс 6","default","Thu Apr 02 14:46:11 UTC 2026","passed","Thu Apr 02 14:46:36 UTC 2026","AuTestCatalogTask","","",""
"","26836","Каталог заданий: ЗПР ""Английский язык. 7.1"" — Класс 4","default","Thu Apr 02 15:59:40 UTC 2026","passed","Thu Apr 02 16:00:06 UTC 2026","AuTestCatalogTask","","",""
"","26001","Каталог заданий: Слепые ""Русский язык. 3.1"" — Класс 3","default","Thu Apr 02 15:23:33 UTC 2026","passed","Thu Apr 02 15:23:59 UTC 2026","AuTestCatalogTask","","",""
"","15145","Каталог заданий: РАС ""Вероятность и статистика. 8.1"" — Класс 2","default","Thu Apr 02 16:16:23 UTC 2026","passed","Thu Apr 02 16:16:38 UTC 2026","AuTestCatalogTask","","",""
"","28385","Каталог заданий: Повторение пройденного материала ""Русский язык"" — Класс 7","default","Thu Apr 02 15:01:14 UTC 2026","passed","Thu Apr 02 15:01:43 UTC 2026","AuTestCatalogTask","","",""
"","49500","Каталог заданий: ТНР ""История. 5.1"" — Класс 4","default","Thu Apr 02 15:20:19 UTC 2026","passed","Thu Apr 02 15:21:09 UTC 2026","AuTestCatalogTask","","",""
"","20056","Каталог заданий: Нарушение слуха ""Русский язык. 1.1"" — Класс 1","default","Thu Apr 02 15:39:00 UTC 2026","passed","Thu Apr 02 15:39:20 UTC 2026","AuTestCatalogTask","","",""
"","24725","Каталог заданий: Повторение пройденного материала ""Алгебра"" — Класс 2","default","Thu Apr 02 15:03:57 UTC 2026","passed","Thu Apr 02 15:04:21 UTC 2026","AuTestCatalogTask","","",""
"","16972","Каталог заданий: НОДА ""Русский язык. 6.1"" — Класс 5","default","Thu Apr 02 16:00:58 UTC 2026","passed","Thu Apr 02 16:01:15 UTC 2026","AuTestCatalogTask","","",""
"","41200","Каталог заданий: Слабослышащие ""История. 2.1"" — Класс 7","default","Thu Apr 02 15:50:57 UTC 2026","passed","Thu Apr 02 15:51:38 UTC 2026","AuTestCatalogTask","","",""
"","15154","Каталог заданий: ЗПР ""Информатика. 7.1"" — Класс 5","default","Thu Apr 02 16:00:41 UTC 2026","passed","Thu Apr 02 16:00:56 UTC 2026","AuTestCatalogTask","","",""
"","24117","Каталог заданий: ЗПР ""Английский язык. 7.1"" — Класс 10","default","Thu Apr 02 16:00:06 UTC 2026","passed","Thu Apr 02 16:00:31 UTC 2026","AuTestCatalogTask","","",""
"","16010","Каталог заданий: Слепые ""Физика. 3.1"" — Класс 1","default","Thu Apr 02 15:30:03 UTC 2026","passed","Thu Apr 02 15:30:19 UTC 2026","AuTestCatalogTask","","",""
"","15558","Каталог заданий: Школьная программа ""Алгебра"" — Класс 1","default","Thu Apr 02 14:43:05 UTC 2026","passed","Thu Apr 02 14:43:20 UTC 2026","AuTestCatalogTask","","",""
"","49461","Каталог заданий: РАС ""Литература. 8.1"" — Класс 7","default","Thu Apr 02 16:12:29 UTC 2026","passed","Thu Apr 02 16:13:18 UTC 2026","AuTestCatalogTask","","",""
"","18349","Каталог заданий: Слабовидящие ""Алгебра. 4.1"" — Класс 2","default","Thu Apr 02 15:32:37 UTC 2026","passed","Thu Apr 02 15:32:56 UTC 2026","AuTestCatalogTask","","",""
"","40098","Каталог заданий: Подготовка к ЕГЭ ""Русский язык (версия 2026)""","default","Thu Apr 02 14:51:14 UTC 2026","passed","Thu Apr 02 14:51:54 UTC 2026","AuTestCatalogTask","","",""
"","17060","Каталог заданий: ТНР ""Русский язык. 5.1"" — Класс 9","default","Thu Apr 02 15:16:21 UTC 2026","passed","Thu Apr 02 15:16:38 UTC 2026","AuTestCatalogTask","","",""
"","48837","Каталог заданий: Слабовидящие ""История. 4.1"" — Класс 4","default","Thu Apr 02 15:35:02 UTC 2026","passed","Thu Apr 02 15:35:51 UTC 2026","AuTestCatalogTask","","",""
"","24536","Каталог заданий: ТНР ""Английский язык. 5.1"" — Класс 4","default","Thu Apr 02 15:22:45 UTC 2026","passed","Thu Apr 02 15:23:10 UTC 2026","AuTestCatalogTask","","",""
"","18682","Каталог заданий: Подготовка к контрольным работам ""Биология"" — Класс 7","default","Thu Apr 02 14:59:26 UTC 2026","passed","Thu Apr 02 14:59:45 UTC 2026","AuTestCatalogTask","","",""
"","12686","Каталог заданий: Слепые ""Обществознание. 3.1"" — Класс 5","default","Thu Apr 02 15:27:48 UTC 2026","passed","Thu Apr 02 15:28:01 UTC 2026","AuTestCatalogTask","","",""
"","14794","Каталог заданий: Нарушение слуха ""Вероятность и статистика. 1.1"" — Класс 2","default","Thu Apr 02 15:46:10 UTC 2026","passed","Thu Apr 02 15:46:24 UTC 2026","AuTestCatalogTask","","",""
"","11856","Каталог заданий: Русский язык пакеты ""Орфографическая грамотность (5-9 кл.)"" — Класс 2","default","Thu Apr 02 15:09:35 UTC 2026","passed","Thu Apr 02 15:09:47 UTC 2026","AuTestCatalogTask","","",""
"","13870","Каталог заданий: Школьная программа ""Русский язык"" — Класс 11","default","Thu Apr 02 14:39:05 UTC 2026","passed","Thu Apr 02 14:39:19 UTC 2026","AuTestCatalogTask","","",""
"","26310","Каталог заданий: Повторение пройденного материала ""Английский язык"" — Класс 3","default","Thu Apr 02 15:02:06 UTC 2026","passed","Thu Apr 02 15:02:32 UTC 2026","AuTestCatalogTask","","",""
"","24896","Каталог заданий: ТНР ""Английский язык. 5.1"" — Класс 2","default","Thu Apr 02 15:22:28 UTC 2026","passed","Thu Apr 02 15:22:53 UTC 2026","AuTestCatalogTask","","",""
"","31508","Каталог заданий: ТНР ""Математика. 5.1"" — Класс 6","default","Thu Apr 02 15:16:50 UTC 2026","passed","Thu Apr 02 15:17:21 UTC 2026","AuTestCatalogTask","","",""
"","15061","Каталог заданий: Подготовка к ОГЭ ""Литература. Варианты КИМ""","default","Thu Apr 02 14:50:09 UTC 2026","passed","Thu Apr 02 14:50:24 UTC 2026","AuTestCatalogTask","","",""
"","20617","Каталог заданий: ТНР ""Английский язык. 5.1"" — Класс 5","default","Thu Apr 02 15:22:48 UTC 2026","passed","Thu Apr 02 15:23:09 UTC 2026","AuTestCatalogTask","","",""
"","48906","Каталог заданий: НОДА ""Литература. 6.1"" — Класс 7","default","Thu Apr 02 16:04:20 UTC 2026","passed","Thu Apr 02 16:05:08 UTC 2026","AuTestCatalogTask","","",""
"","57467","Каталог заданий: Слепые ""История. 3.1"" — Класс 6","default","Thu Apr 02 15:27:09 UTC 2026","passed","Thu Apr 02 15:28:06 UTC 2026","AuTestCatalogTask","","",""
"","25809","Каталог заданий: Школьная программа ""Математика"" — Класс 3","default","Thu Apr 02 14:36:20 UTC 2026","passed","Thu Apr 02 14:36:46 UTC 2026","AuTestCatalogTask","","",""
"","23940","Каталог заданий: НОДА ""Английский язык. 6.1"" — Класс 8","default","Thu Apr 02 16:08:03 UTC 2026","passed","Thu Apr 02 16:08:26 UTC 2026","AuTestCatalogTask","","",""
"","17335","Каталог заданий: Дополнительное образование ""Вероятность и статистика"" — Класс 2","default","Thu Apr 02 14:48:22 UTC 2026","passed","Thu Apr 02 14:48:39 UTC 2026","AuTestCatalogTask","","",""
"","22664","Каталог заданий: НОДА ""Окружающий мир. 6.1"" — Класс 4","default","Thu Apr 02 16:03:18 UTC 2026","passed","Thu Apr 02 16:03:40 UTC 2026","AuTestCatalogTask","","",""
"","38522","Каталог заданий: ЗПР ""Литература. 7.1"" — Класс 1","default","Thu Apr 02 15:55:37 UTC 2026","passed","Thu Apr 02 15:56:15 UTC 2026","AuTestCatalogTask","","",""
"","25767","Каталог заданий: Повторение пройденного материала ""Английский язык"" — Класс 9","default","Thu Apr 02 15:02:32 UTC 2026","passed","Thu Apr 02 15:02:58 UTC 2026","AuTestCatalogTask","","",""
"","25681","Каталог заданий: Слепые ""Информатика. 3.1"" — Класс 1","default","Thu Apr 02 15:30:46 UTC 2026","passed","Thu Apr 02 15:31:12 UTC 2026","AuTestCatalogTask","","",""
"","23410","Каталог заданий: Школьная программа ""Окружающий мир (2)"" — Класс 3","default","Thu Apr 02 14:44:23 UTC 2026","passed","Thu Apr 02 14:44:46 UTC 2026","AuTestCatalogTask","","",""
"","11983","Каталог заданий: Русский язык пакеты ""Развитие речи (1-4 кл.)"" — Класс 3","default","Thu Apr 02 15:09:13 UTC 2026","passed","Thu Apr 02 15:09:25 UTC 2026","AuTestCatalogTask","","",""
"","19402","Каталог заданий: ЗПР ""Физика. 7.1"" — Класс 5","default","Thu Apr 02 15:59:25 UTC 2026","passed","Thu Apr 02 15:59:44 UTC 2026","AuTestCatalogTask","","",""
"","13913","Каталог заданий: ТНР ""Информатика. 5.1"" — Класс 1","default","Thu Apr 02 15:21:42 UTC 2026","passed","Thu Apr 02 15:21:56 UTC 2026","AuTestCatalogTask","","",""
"","30248","Каталог заданий: Слепые ""Алгебра. 3.1"" — Класс 2","default","Thu Apr 02 15:24:41 UTC 2026","passed","Thu Apr 02 15:25:11 UTC 2026","AuTestCatalogTask","","",""
"","21673","Каталог заданий: НОДА ""Английский язык. 6.1"" — Класс 5","default","Thu Apr 02 16:07:53 UTC 2026","passed","Thu Apr 02 16:08:14 UTC 2026","AuTestCatalogTask","","",""
"","26715","Каталог заданий: Школьная программа ""Английский язык"" — Класс 5","default","Thu Apr 02 14:40:10 UTC 2026","passed","Thu Apr 02 14:40:37 UTC 2026","AuTestCatalogTask","","",""
"","28412","Каталог заданий: Слабослышащие ""Окружающий мир. 2.1"" — Класс 2","default","Thu Apr 02 15:48:06 UTC 2026","passed","Thu Apr 02 15:48:34 UTC 2026","AuTestCatalogTask","","",""
"","21058","Каталог заданий: Нарушение слуха ""Английский язык. 1.1"" — Класс 3","default","Thu Apr 02 15:43:47 UTC 2026","passed","Thu Apr 02 15:44:08 UTC 2026","AuTestCatalogTask","","",""
"","16062","Каталог заданий: Слабослышащие ""Окружающий мир. 2.1"" — Класс 3","default","Thu Apr 02 15:48:11 UTC 2026","passed","Thu Apr 02 15:48:27 UTC 2026","AuTestCatalogTask","","",""
"","16339","Каталог заданий: Подготовка к контрольным работам ""Информатика"" — Класс 2","default","Thu Apr 02 14:59:43 UTC 2026","passed","Thu Apr 02 14:59:59 UTC 2026","AuTestCatalogTask","","",""
"","36754","Каталог заданий: Нарушение слуха ""Математика. 1.1"" — Класс 5","default","Thu Apr 02 15:40:09 UTC 2026","passed","Thu Apr 02 15:40:45 UTC 2026","AuTestCatalogTask","","",""
"","15539","Каталог заданий: Подготовка к контрольным работам ""Вероятность и статистика"" — Класс 5","default","Thu Apr 02 15:00:00 UTC 2026","passed","Thu Apr 02 15:00:16 UTC 2026","AuTestCatalogTask","","",""
"","16020","Каталог заданий: НОДА ""Русский язык. 6.1"" — Класс 9","default","Thu Apr 02 16:01:27 UTC 2026","passed","Thu Apr 02 16:01:43 UTC 2026","AuTestCatalogTask","","",""
"","23563","Каталог заданий: РАС ""Английский язык. 8.1"" — Класс 10","default","Thu Apr 02 16:16:15 UTC 2026","passed","Thu Apr 02 16:16:38 UTC 2026","AuTestCatalogTask","","",""
"","18754","Каталог заданий: Подготовка к контрольным работам ""Литература"" — Класс 5","default","Thu Apr 02 14:58:16 UTC 2026","passed","Thu Apr 02 14:58:35 UTC 2026","AuTestCatalogTask","","",""
"","21275","Каталог заданий: Слабослышащие ""Английский язык. 2.1"" — Класс 5","default","Thu Apr 02 15:52:12 UTC 2026","passed","Thu Apr 02 15:52:33 UTC 2026","AuTestCatalogTask","","",""
"","22111","Каталог заданий: Подготовка к контрольным работам ""Окружающий мир"" — Класс 3","default","Thu Apr 02 14:57:01 UTC 2026","passed","Thu Apr 02 14:57:23 UTC 2026","AuTestCatalogTask","","",""
"","11676","Каталог заданий: Подготовка к контрольным работам ""Информатика"" — Класс 1","default","Thu Apr 02 14:59:35 UTC 2026","passed","Thu Apr 02 14:59:46 UTC 2026","AuTestCatalogTask","","",""
"","36557","Каталог заданий: ТНР ""Математика. 5.1"" — Класс 5","default","Thu Apr 02 15:16:43 UTC 2026","passed","Thu Apr 02 15:17:19 UTC 2026","AuTestCatalogTask","","",""
"","25403","Каталог заданий: Русский язык пакеты ""Сочинение"" — Класс 1","default","Thu Apr 02 15:10:18 UTC 2026","passed","Thu Apr 02 15:10:43 UTC 2026","AuTestCatalogTask","","",""
"","22959","Каталог заданий: Дополнительное образование ""Английский язык"" — Класс 7","default","Thu Apr 02 14:46:13 UTC 2026","passed","Thu Apr 02 14:46:36 UTC 2026","AuTestCatalogTask","","",""
"","24662","Каталог заданий: Повторение пройденного материала ""Окружающий мир"" — Класс 3","default","Thu Apr 02 15:01:43 UTC 2026","passed","Thu Apr 02 15:02:07 UTC 2026","AuTestCatalogTask","","",""
"","50910","Каталог заданий: Слабовидящие ""Литература. 4.1"" — Класс 7","default","Thu Apr 02 15:34:23 UTC 2026","passed","Thu Apr 02 15:35:14 UTC 2026","AuTestCatalogTask","","",""
"","16252","Каталог заданий: ТНР ""Окружающий мир. 5.1"" — Класс 1","default","Thu Apr 02 15:17:38 UTC 2026","passed","Thu Apr 02 15:17:54 UTC 2026","AuTestCatalogTask","","",""
"","29059","Каталог заданий: Подготовка к ОГЭ ""Физика""","default","Thu Apr 02 14:49:13 UTC 2026","passed","Thu Apr 02 14:49:42 UTC 2026","AuTestCatalogTask","","",""
"","32876","Каталог заданий: Слепые ""Химия. 3.1"" — Класс 2","default","Thu Apr 02 15:29:30 UTC 2026","passed","Thu Apr 02 15:30:03 UTC 2026","AuTestCatalogTask","","",""
"","31993","Каталог заданий: ТНР ""История. 5.1"" — Класс 1","default","Thu Apr 02 15:20:03 UTC 2026","passed","Thu Apr 02 15:20:35 UTC 2026","AuTestCatalogTask","","",""
"","29586","Каталог заданий: Слепые ""Химия. 3.1"" — Класс 3","default","Thu Apr 02 15:29:57 UTC 2026","passed","Thu Apr 02 15:30:26 UTC 2026","AuTestCatalogTask","","",""
"","18211","Каталог заданий: Школьная программа ""Русский язык"" — Класс 5","default","Thu Apr 02 14:38:30 UTC 2026","passed","Thu Apr 02 14:38:48 UTC 2026","AuTestCatalogTask","","",""
"","32686","Каталог заданий: Слепые ""История. 3.1"" — Класс 2","default","Thu Apr 02 15:26:35 UTC 2026","passed","Thu Apr 02 15:27:07 UTC 2026","AuTestCatalogTask","","",""
"","25466","Каталог заданий: Повторение пройденного материала ""История"" — Класс 6","default","Thu Apr 02 15:03:00 UTC 2026","passed","Thu Apr 02 15:03:26 UTC 2026","AuTestCatalogTask","","",""
"","14822","Каталог заданий: ТНР ""Геометрия. 5.1"" — Класс 4","default","Thu Apr 02 15:17:36 UTC 2026","passed","Thu Apr 02 15:17:51 UTC 2026","AuTestCatalogTask","","",""
"","32822","Каталог заданий: Школьная программа ""Математика"" — Класс 2","default","Thu Apr 02 14:36:20 UTC 2026","passed","Thu Apr 02 14:36:53 UTC 2026","AuTestCatalogTask","","",""
"","32314","Каталог заданий: НОДА ""История. 6.1"" — Класс 3","default","Thu Apr 02 16:04:38 UTC 2026","passed","Thu Apr 02 16:05:10 UTC 2026","AuTestCatalogTask","","",""
"","14430","Каталог заданий: НОДА ""Информатика. 6.1"" — Класс 1","default","Thu Apr 02 16:08:38 UTC 2026","passed","Thu Apr 02 16:08:52 UTC 2026","AuTestCatalogTask","","",""
"","20216","Каталог заданий: ТНР ""Информатика. 5.1"" — Класс 4","default","Thu Apr 02 15:21:55 UTC 2026","passed","Thu Apr 02 15:22:16 UTC 2026","AuTestCatalogTask","","",""
"","27585","Каталог заданий: Повторение пройденного материала ""Геометрия"" — Класс 3","default","Thu Apr 02 15:04:19 UTC 2026","passed","Thu Apr 02 15:04:47 UTC 2026","AuTestCatalogTask","","",""
"","34632","Каталог заданий: ЗПР ""Литература. 7.1"" — Класс 4","default","Thu Apr 02 15:56:01 UTC 2026","passed","Thu Apr 02 15:56:36 UTC 2026","AuTestCatalogTask","","",""
"","9819","Каталог заданий: Подготовка к ЕГЭ ""Химия. Варианты КИМ""","default","Thu Apr 02 14:51:38 UTC 2026","passed","Thu Apr 02 14:51:48 UTC 2026","AuTestCatalogTask","","",""
"","17218","Каталог заданий: НОДА ""Алгебра. 6.1"" — Класс 3","default","Thu Apr 02 16:02:38 UTC 2026","passed","Thu Apr 02 16:02:55 UTC 2026","AuTestCatalogTask","","",""
"","41232","Каталог заданий: Слабовидящие ""Русский язык. 4.1"" — Класс 3","default","Thu Apr 02 15:31:12 UTC 2026","passed","Thu Apr 02 15:31:53 UTC 2026","AuTestCatalogTask","","",""
"","26902","Каталог заданий: Слабослышащие ""Английский язык. 2.1"" — Класс 4","default","Thu Apr 02 15:52:09 UTC 2026","passed","Thu Apr 02 15:52:36 UTC 2026","AuTestCatalogTask","","",""
"","40238","Каталог заданий: НОДА ""Литература. 6.1"" — Класс 2","default","Thu Apr 02 16:03:40 UTC 2026","passed","Thu Apr 02 16:04:21 UTC 2026","AuTestCatalogTask","","",""
"","21039","Каталог заданий: Подготовка к ВПР ""Русский язык"" — Класс 5","default","Thu Apr 02 14:52:37 UTC 2026","passed","Thu Apr 02 14:52:58 UTC 2026","AuTestCatalogTask","","",""
"","18031","Каталог заданий: Специальные курсы ""Физика. Базовый уровень"" — Класс 2","default","Thu Apr 02 15:08:38 UTC 2026","passed","Thu Apr 02 15:08:56 UTC 2026","AuTestCatalogTask","","",""
"","34571","Каталог заданий: Слабослышащие ""История. 2.1"" — Класс 5","default","Thu Apr 02 15:50:51 UTC 2026","passed","Thu Apr 02 15:51:26 UTC 2026","AuTestCatalogTask","","",""
"","16751","Каталог заданий: Нарушение слуха ""Геометрия. 1.1"" — Класс 3","default","Thu Apr 02 15:41:02 UTC 2026","passed","Thu Apr 02 15:41:18 UTC 2026","AuTestCatalogTask","","",""
"","12153","Каталог заданий: Школьная программа ""Обществознание"" — Класс 4","default","Thu Apr 02 14:42:59 UTC 2026","passed","Thu Apr 02 14:43:11 UTC 2026","AuTestCatalogTask","","",""
"","17857","Каталог заданий: Нарушение слуха ""Русский язык. 1.1"" — Класс 7","default","Thu Apr 02 15:39:37 UTC 2026","passed","Thu Apr 02 15:39:55 UTC 2026","AuTestCatalogTask","","",""
"","18059","Каталог заданий: Подготовка к контрольным работам ""История"" — Класс 2","default","Thu Apr 02 14:58:28 UTC 2026","passed","Thu Apr 02 14:58:46 UTC 2026","AuTestCatalogTask","","",""
"","21774","Каталог заданий: ТНР ""Английский язык. 5.1"" — Класс 3","default","Thu Apr 02 15:22:42 UTC 2026","passed","Thu Apr 02 15:23:04 UTC 2026","AuTestCatalogTask","","",""
"","23340","Каталог заданий: Повторение пройденного материала ""Обществознание"" — Класс 5","default","Thu Apr 02 15:06:47 UTC 2026","passed","Thu Apr 02 15:07:10 UTC 2026","AuTestCatalogTask","","",""
"","30073","Каталог заданий: Нарушение слуха ""История. 1.1"" — Класс 2","default","Thu Apr 02 15:42:17 UTC 2026","passed","Thu Apr 02 15:42:47 UTC 2026","AuTestCatalogTask","","",""
"","40740","Каталог заданий: НОДА ""Русский язык. 6.1"" — Класс 3","default","Thu Apr 02 16:00:55 UTC 2026","passed","Thu Apr 02 16:01:35 UTC 2026","AuTestCatalogTask","","",""
"","20101","Каталог заданий: Подготовка к контрольным работам ""Физика"" — Класс 5","default","Thu Apr 02 14:57:56 UTC 2026","passed","Thu Apr 02 14:58:16 UTC 2026","AuTestCatalogTask","","",""
"","28392","Каталог заданий: РАС ""Химия. 8.1"" — Класс 3","default","Thu Apr 02 16:14:59 UTC 2026","passed","Thu Apr 02 16:15:27 UTC 2026","AuTestCatalogTask","","",""
"","14279","Каталог заданий: РАС ""Геометрия. 8.1"" — Класс 2","default","Thu Apr 02 16:10:58 UTC 2026","passed","Thu Apr 02 16:11:12 UTC 2026","AuTestCatalogTask","","",""
"","13013","Каталог заданий: ТНР ""Обществознание. 5.1"" — Класс 3","default","Thu Apr 02 15:22:13 UTC 2026","passed","Thu Apr 02 15:22:26 UTC 2026","AuTestCatalogTask","","",""
"","12186","Каталог заданий: Слабовидящие ""Обществознание. 4.1"" — Класс 4","default","Thu Apr 02 15:36:36 UTC 2026","passed","Thu Apr 02 15:36:48 UTC 2026","AuTestCatalogTask","","",""
"","150202","Каталог заданий: РАС ""Математика. 8.1"" — Класс 2","default","Thu Apr 02 16:09:58 UTC 2026","broken","Thu Apr 02 16:12:28 UTC 2026","AuTestCatalogTask","","",""
"","19859","Каталог заданий: Дополнительное образование ""Практикум по английскому языку"" — Класс 1","default","Thu Apr 02 14:48:36 UTC 2026","passed","Thu Apr 02 14:48:56 UTC 2026","AuTestCatalogTask","","",""
"","11748","Каталог заданий: Русский язык пакеты ""Орфографическая грамотность (5-9 кл.)"" — Класс 5","default","Thu Apr 02 15:09:47 UTC 2026","passed","Thu Apr 02 15:09:59 UTC 2026","AuTestCatalogTask","","",""
"","22504","Каталог заданий: НОДА ""Информатика. 6.1"" — Класс 4","default","Thu Apr 02 16:08:51 UTC 2026","passed","Thu Apr 02 16:09:14 UTC 2026","AuTestCatalogTask","","",""
"","26997","Каталог заданий: Дополнительное образование ""Химия"" — Класс 4","default","Thu Apr 02 14:47:29 UTC 2026","passed","Thu Apr 02 14:47:56 UTC 2026","AuTestCatalogTask","","",""
"","13615","Каталог заданий: Слабослышащие ""Вероятность и статистика. 2.1"" — Класс 3","default","Thu Apr 02 15:52:52 UTC 2026","passed","Thu Apr 02 15:53:06 UTC 2026","AuTestCatalogTask","","",""
"","14167","Каталог заданий: Дополнительное образование ""Вероятность и статистика"" — Класс 3","default","Thu Apr 02 14:48:30 UTC 2026","passed","Thu Apr 02 14:48:44 UTC 2026","AuTestCatalogTask","","",""
"","18823","Каталог заданий: Подготовка к контрольным работам ""Русский язык"" — Класс 1","default","Thu Apr 02 14:55:19 UTC 2026","passed","Thu Apr 02 14:55:38 UTC 2026","AuTestCatalogTask","","",""
"","30491","Каталог заданий: Школьная программа ""Литература"" — Класс 3","default","Thu Apr 02 14:41:24 UTC 2026","passed","Thu Apr 02 14:41:54 UTC 2026","AuTestCatalogTask","","",""
"","45339","Каталог заданий: ТНР ""Биология. 5.1"" — Класс 3","default","Thu Apr 02 15:18:09 UTC 2026","passed","Thu Apr 02 15:18:54 UTC 2026","AuTestCatalogTask","","",""
"","13079","Каталог заданий: НОДА ""Физика. 6.1"" — Класс 2","default","Thu Apr 02 16:07:19 UTC 2026","passed","Thu Apr 02 16:07:33 UTC 2026","AuTestCatalogTask","","",""
"","64441","Каталог заданий: Нарушение слуха ""Биология. 1.1"" — Класс 6","default","Thu Apr 02 15:45:05 UTC 2026","passed","Thu Apr 02 15:46:09 UTC 2026","AuTestCatalogTask","","",""
"","61053","Каталог заданий: Слепые ""Биология. 3.1"" — Класс 4","default","Thu Apr 02 15:28:57 UTC 2026","passed","Thu Apr 02 15:29:58 UTC 2026","AuTestCatalogTask","","",""
"","16884","Каталог заданий: Слепые ""Русский язык. 3.1"" — Класс 5","default","Thu Apr 02 15:23:38 UTC 2026","passed","Thu Apr 02 15:23:55 UTC 2026","AuTestCatalogTask","","",""
"","20268","Каталог заданий: Слабовидящие ""Вероятность и статистика. 4.1"" — Класс 5","default","Thu Apr 02 15:38:43 UTC 2026","passed","Thu Apr 02 15:39:03 UTC 2026","AuTestCatalogTask","","",""
"","47021","Каталог заданий: Слабовидящие ""Биология. 4.1"" — Класс 2","default","Thu Apr 02 15:36:47 UTC 2026","passed","Thu Apr 02 15:37:34 UTC 2026","AuTestCatalogTask","","",""
"","67481","Каталог заданий: ТНР ""Биология. 5.1"" — Класс 6","default","Thu Apr 02 15:18:37 UTC 2026","passed","Thu Apr 02 15:19:45 UTC 2026","AuTestCatalogTask","","",""
"","19496","Каталог заданий: Слабослышащие ""Геометрия. 2.1"" — Класс 3","default","Thu Apr 02 15:47:55 UTC 2026","passed","Thu Apr 02 15:48:15 UTC 2026","AuTestCatalogTask","","",""
"","15188","Каталог заданий: Школьная программа ""Физика"" — Класс 1","default","Thu Apr 02 14:42:32 UTC 2026","passed","Thu Apr 02 14:42:47 UTC 2026","AuTestCatalogTask","","",""
"","18281","Каталог заданий: Подготовка к ЕГЭ ""Русский язык. Варианты КИМ""","default","Thu Apr 02 14:51:20 UTC 2026","passed","Thu Apr 02 14:51:38 UTC 2026","AuTestCatalogTask","","",""
"","12565","Каталог заданий: Нарушение слуха ""Обществознание. 1.1"" — Класс 2","default","Thu Apr 02 15:43:16 UTC 2026","passed","Thu Apr 02 15:43:29 UTC 2026","AuTestCatalogTask","","",""
"","29662","Каталог заданий: Подготовка к ОГЭ ""История""","default","Thu Apr 02 14:49:36 UTC 2026","passed","Thu Apr 02 14:50:06 UTC 2026","AuTestCatalogTask","","",""
"","16823","Каталог заданий: Дополнительное образование ""Окружающий мир"" — Класс 3","default","Thu Apr 02 14:46:32 UTC 2026","passed","Thu Apr 02 14:46:49 UTC 2026","AuTestCatalogTask","","",""
"","17650","Каталог заданий: Подготовка к ВПР ""Литература"" — Класс 2","default","Thu Apr 02 14:52:43 UTC 2026","passed","Thu Apr 02 14:53:01 UTC 2026","AuTestCatalogTask","","",""
"","25354","Каталог заданий: НОДА ""Литература. 6.1"" — Класс 5","default","Thu Apr 02 16:04:12 UTC 2026","passed","Thu Apr 02 16:04:38 UTC 2026","AuTestCatalogTask","","",""
"","24723","Каталог заданий: РАС ""Окружающий мир. 8.1"" — Класс 4","default","Thu Apr 02 16:11:26 UTC 2026","passed","Thu Apr 02 16:11:51 UTC 2026","AuTestCatalogTask","","",""
"","22991","Каталог заданий: Повторение пройденного материала ""Физика"" — Класс 5","default","Thu Apr 02 15:05:28 UTC 2026","passed","Thu Apr 02 15:05:51 UTC 2026","AuTestCatalogTask","","",""
"","20367","Каталог заданий: Школьная программа ""Химия"" — Класс 4","default","Thu Apr 02 14:43:30 UTC 2026","passed","Thu Apr 02 14:43:50 UTC 2026","AuTestCatalogTask","","",""
"","10228","Каталог заданий: Специальные курсы ""Экология""","default","Thu Apr 02 15:08:56 UTC 2026","passed","Thu Apr 02 15:09:06 UTC 2026","AuTestCatalogTask","","",""
"","25164","Каталог заданий: Повторение пройденного материала ""Русский язык"" — Класс 5","default","Thu Apr 02 15:00:59 UTC 2026","passed","Thu Apr 02 15:01:24 UTC 2026","AuTestCatalogTask","","",""
"","16980","Каталог заданий: Нарушение слуха ""Геометрия. 1.1"" — Класс 1","default","Thu Apr 02 15:40:51 UTC 2026","passed","Thu Apr 02 15:41:08 UTC 2026","AuTestCatalogTask","","",""
"","28377","Каталог заданий: Школьная программа ""Окружающий мир (2)"" — Класс 4","default","Thu Apr 02 14:44:30 UTC 2026","passed","Thu Apr 02 14:44:58 UTC 2026","AuTestCatalogTask","","",""
"","21315","Каталог заданий: Школьная программа ""Окружающий мир"" — Класс 3","default","Thu Apr 02 14:44:09 UTC 2026","passed","Thu Apr 02 14:44:30 UTC 2026","AuTestCatalogTask","","",""
"","23733","Каталог заданий: Повторение пройденного материала ""Обществознание"" — Класс 3","default","Thu Apr 02 15:06:39 UTC 2026","passed","Thu Apr 02 15:07:03 UTC 2026","AuTestCatalogTask","","",""
"","26367","Каталог заданий: ТНР ""Литература. 5.1"" — Класс 5","default","Thu Apr 02 15:19:23 UTC 2026","passed","Thu Apr 02 15:19:50 UTC 2026","AuTestCatalogTask","","",""
"","22131","Каталог заданий: Повторение пройденного материала ""Химия"" — Класс 4","default","Thu Apr 02 15:05:51 UTC 2026","passed","Thu Apr 02 15:06:13 UTC 2026","AuTestCatalogTask","","",""
"","21333","Каталог заданий: РАС ""Физика. 8.1"" — Класс 5","default","Thu Apr 02 16:15:37 UTC 2026","passed","Thu Apr 02 16:15:58 UTC 2026","AuTestCatalogTask","","",""
"","14890","Каталог заданий: Слабовидящие ""Информатика. 4.1"" — Класс 1","default","Thu Apr 02 15:38:43 UTC 2026","passed","Thu Apr 02 15:38:58 UTC 2026","AuTestCatalogTask","","",""
"","72405","Каталог заданий: СПО ""Математика"" — Класс 1","default","Thu Apr 02 15:07:27 UTC 2026","passed","Thu Apr 02 15:08:39 UTC 2026","AuTestCatalogTask","","",""
"","31584","Каталог заданий: Подготовка к ВПР ""Математика"" — Класс 5","default","Thu Apr 02 14:51:54 UTC 2026","passed","Thu Apr 02 14:52:25 UTC 2026","AuTestCatalogTask","","",""
"","33616","Каталог заданий: ТНР ""История. 5.1"" — Класс 6","default","Thu Apr 02 15:20:35 UTC 2026","passed","Thu Apr 02 15:21:08 UTC 2026","AuTestCatalogTask","","",""
"","22948","Каталог заданий: Подготовка к контрольным работам ""Алгебра"" — Класс 2","default","Thu Apr 02 14:57:28 UTC 2026","passed","Thu Apr 02 14:57:51 UTC 2026","AuTestCatalogTask","","",""
"","24630","Каталог заданий: Подготовка к контрольным работам ""Литература"" — Класс 6","default","Thu Apr 02 14:58:20 UTC 2026","passed","Thu Apr 02 14:58:44 UTC 2026","AuTestCatalogTask","","",""
"","22148","Каталог заданий: Дополнительное образование ""Алгебра и начала мат. анализа"" — Класс 1","default","Thu Apr 02 14:47:56 UTC 2026","passed","Thu Apr 02 14:48:18 UTC 2026","AuTestCatalogTask","","",""
"","15712","Каталог заданий: ЗПР ""Геометрия. 7.1"" — Класс 1","default","Thu Apr 02 15:55:05 UTC 2026","passed","Thu Apr 02 15:55:21 UTC 2026","AuTestCatalogTask","","",""
"","23993","Каталог заданий: Нарушение слуха ""Математика. 1.1"" — Класс 3","default","Thu Apr 02 15:40:08 UTC 2026","passed","Thu Apr 02 15:40:32 UTC 2026","AuTestCatalogTask","","",""
"","8339","Каталог заданий: Цифровой марафон ""Память в цифре""","default","Thu Apr 02 15:10:43 UTC 2026","passed","Thu Apr 02 15:10:52 UTC 2026","AuTestCatalogTask","","",""
"","30522","Каталог заданий: Дополнительное образование ""Математика"" — Класс 6","default","Thu Apr 02 14:45:30 UTC 2026","passed","Thu Apr 02 14:46:01 UTC 2026","AuTestCatalogTask","","",""
"","26048","Каталог заданий: Нарушение слуха ""Геометрия. 1.1"" — Класс 4","default","Thu Apr 02 15:41:08 UTC 2026","passed","Thu Apr 02 15:41:34 UTC 2026","AuTestCatalogTask","","",""
"","16311","Каталог заданий: Дополнительное образование ""Вероятность и статистика"" — Класс 4","default","Thu Apr 02 14:48:33 UTC 2026","passed","Thu Apr 02 14:48:49 UTC 2026","AuTestCatalogTask","","",""
"","17222","Каталог заданий: Школьная программа ""Алгебра"" — Класс 3","default","Thu Apr 02 14:43:13 UTC 2026","passed","Thu Apr 02 14:43:30 UTC 2026","AuTestCatalogTask","","",""
"","24315","Каталог заданий: Повторение пройденного материала ""Русский язык"" — Класс 6","default","Thu Apr 02 15:01:12 UTC 2026","passed","Thu Apr 02 15:01:36 UTC 2026","AuTestCatalogTask","","",""
"","150213","Каталог заданий: Школьная программа ""Английский язык"" — Класс 2","default","Thu Apr 02 14:39:51 UTC 2026","broken","Thu Apr 02 14:42:22 UTC 2026","AuTestCatalogTask","","",""
"","24710","Каталог заданий: Слабовидящие ""Математика. 4.1"" — Класс 3","default","Thu Apr 02 15:32:06 UTC 2026","passed","Thu Apr 02 15:32:31 UTC 2026","AuTestCatalogTask","","",""
"","17734","Каталог заданий: ТНР ""Информатика. 5.1"" — Класс 2","default","Thu Apr 02 15:21:53 UTC 2026","passed","Thu Apr 02 15:22:11 UTC 2026","AuTestCatalogTask","","",""
"","51587","Каталог заданий: ТНР ""Литература. 5.1"" — Класс 7","default","Thu Apr 02 15:19:38 UTC 2026","passed","Thu Apr 02 15:20:30 UTC 2026","AuTestCatalogTask","","",""
"","18817","Каталог заданий: ТНР ""Обществознание. 5.1"" — Класс 6","default","Thu Apr 02 15:22:26 UTC 2026","passed","Thu Apr 02 15:22:45 UTC 2026","AuTestCatalogTask","","",""
"","13246","Каталог заданий: Нарушение слуха ""Информатика. 1.1"" — Класс 2","default","Thu Apr 02 15:46:25 UTC 2026","passed","Thu Apr 02 15:46:38 UTC 2026","AuTestCatalogTask","","",""
"","12440","Каталог заданий: Слепые ""Геометрия. 3.1"" — Класс 5","default","Thu Apr 02 15:25:28 UTC 2026","passed","Thu Apr 02 15:25:41 UTC 2026","AuTestCatalogTask","","",""
"","23157","Каталог заданий: НОДА ""Английский язык. 6.1"" — Класс 7","default","Thu Apr 02 16:07:55 UTC 2026","passed","Thu Apr 02 16:08:18 UTC 2026","AuTestCatalogTask","","",""
"","44990","Каталог заданий: РАС ""Русский язык. 8.1"" — Класс 4","default","Thu Apr 02 16:09:12 UTC 2026","passed","Thu Apr 02 16:09:57 UTC 2026","AuTestCatalogTask","","",""
"","21678","Каталог заданий: Школьная программа ""Английский язык"" — Класс 11","default","Thu Apr 02 14:41:14 UTC 2026","passed","Thu Apr 02 14:41:36 UTC 2026","AuTestCatalogTask","","",""
"","16960","Каталог заданий: НОДА ""Русский язык. 6.1"" — Класс 7","default","Thu Apr 02 16:01:15 UTC 2026","passed","Thu Apr 02 16:01:32 UTC 2026","AuTestCatalogTask","","",""
"","27507","Каталог заданий: Слепые ""Литература. 3.1"" — Класс 5","default","Thu Apr 02 15:26:07 UTC 2026","passed","Thu Apr 02 15:26:34 UTC 2026","AuTestCatalogTask","","",""
"","33185","Каталог заданий: Подготовка к ЕГЭ ""Математика""","default","Thu Apr 02 14:50:21 UTC 2026","passed","Thu Apr 02 14:50:54 UTC 2026","AuTestCatalogTask","","",""
"","14020","Каталог заданий: РАС ""Вероятность и статистика. 8.1"" — Класс 1","default","Thu Apr 02 16:16:18 UTC 2026","passed","Thu Apr 02 16:16:32 UTC 2026","AuTestCatalogTask","","",""
"","34105","Каталог заданий: ЗПР ""Литература. 7.1"" — Класс 2","default","Thu Apr 02 15:55:47 UTC 2026","passed","Thu Apr 02 15:56:21 UTC 2026","AuTestCatalogTask","","",""
"","40695","Каталог заданий: Нарушение слуха ""Биология. 1.1"" — Класс 2","default","Thu Apr 02 15:44:24 UTC 2026","passed","Thu Apr 02 15:45:05 UTC 2026","AuTestCatalogTask","","",""
"","28025","Каталог заданий: РАС ""Математика. 8.1"" — Класс 4","default","Thu Apr 02 16:10:01 UTC 2026","passed","Thu Apr 02 16:10:29 UTC 2026","AuTestCatalogTask","","",""
"","44380","Каталог заданий: Дополнительное образование ""Биология"" — Класс 3","default","Thu Apr 02 14:46:40 UTC 2026","passed","Thu Apr 02 14:47:24 UTC 2026","AuTestCatalogTask","","",""
"","17750","Каталог заданий: РАС ""Вероятность и статистика. 8.1"" — Класс 4","default","Thu Apr 02 16:16:38 UTC 2026","passed","Thu Apr 02 16:16:55 UTC 2026","AuTestCatalogTask","","",""
"","23014","Каталог заданий: ТНР ""Английский язык. 5.1"" — Класс 9","default","Thu Apr 02 15:23:10 UTC 2026","passed","Thu Apr 02 15:23:33 UTC 2026","AuTestCatalogTask","","",""
"","49678","Каталог заданий: РАС ""Русский язык. 8.1"" — Класс 3","default","Thu Apr 02 16:08:55 UTC 2026","passed","Thu Apr 02 16:09:45 UTC 2026","AuTestCatalogTask","","",""
"","38027","Каталог заданий: ЗПР ""Русский язык. 7.1"" — Класс 2","default","Thu Apr 02 15:53:18 UTC 2026","passed","Thu Apr 02 15:53:56 UTC 2026","AuTestCatalogTask","","",""
"","11695","Каталог заданий: ЗПР ""Обществознание. 7.1"" — Класс 3","default","Thu Apr 02 15:57:32 UTC 2026","passed","Thu Apr 02 15:57:44 UTC 2026","AuTestCatalogTask","","",""
"","30804","Каталог заданий: Нарушение слуха ""Химия. 1.1"" — Класс 3","default","Thu Apr 02 15:45:25 UTC 2026","passed","Thu Apr 02 15:45:56 UTC 2026","AuTestCatalogTask","","",""
"","27923","Каталог заданий: Повторение пройденного материала ""Литература"" — Класс 2","default","Thu Apr 02 15:03:23 UTC 2026","passed","Thu Apr 02 15:03:51 UTC 2026","AuTestCatalogTask","","",""
"","38834","Каталог заданий: Повторение пройденного материала ""Математика"" — Класс 3","default","Thu Apr 02 15:00:13 UTC 2026","passed","Thu Apr 02 15:00:52 UTC 2026","AuTestCatalogTask","","",""
"","30176","Каталог заданий: РАС ""Окружающий мир. 8.1"" — Класс 3","default","Thu Apr 02 16:11:24 UTC 2026","passed","Thu Apr 02 16:11:54 UTC 2026","AuTestCatalogTask","","",""
"","40555","Каталог заданий: Слабовидящие ""Русский язык. 4.1"" — Класс 2","default","Thu Apr 02 15:31:05 UTC 2026","passed","Thu Apr 02 15:31:46 UTC 2026","AuTestCatalogTask","","",""
"","26880","Каталог заданий: Слепые ""Химия. 3.1"" — Класс 4","default","Thu Apr 02 15:29:58 UTC 2026","passed","Thu Apr 02 15:30:25 UTC 2026","AuTestCatalogTask","","",""
"","29578","Каталог заданий: СПО ""Английский язык. 108 ч.""","default","Thu Apr 02 15:07:48 UTC 2026","passed","Thu Apr 02 15:08:18 UTC 2026","AuTestCatalogTask","","",""
"","42582","Каталог заданий: Школьная программа ""История"" — Класс 7","default","Thu Apr 02 14:37:39 UTC 2026","passed","Thu Apr 02 14:38:22 UTC 2026","AuTestCatalogTask","","",""
"","20773","Каталог заданий: Слепые ""Алгебра и начала мат. анализа. 3.1"" — Класс 1","default","Thu Apr 02 15:25:02 UTC 2026","passed","Thu Apr 02 15:25:23 UTC 2026","AuTestCatalogTask","","",""
"","24647","Каталог заданий: Слабовидящие ""Английский язык. 4.1"" — Класс 7","default","Thu Apr 02 15:36:08 UTC 2026","passed","Thu Apr 02 15:36:32 UTC 2026","AuTestCatalogTask","","",""
"","11857","Каталог заданий: ЗПР ""Обществознание. 7.1"" — Класс 2","default","Thu Apr 02 15:57:23 UTC 2026","passed","Thu Apr 02 15:57:35 UTC 2026","AuTestCatalogTask","","",""
"","14110","Каталог заданий: Слабовидящие ""Информатика. 4.1"" — Класс 2","default","Thu Apr 02 15:38:46 UTC 2026","passed","Thu Apr 02 15:39:00 UTC 2026","AuTestCatalogTask","","",""
"","48530","Каталог заданий: Дополнительное образование ""Биология"" — Класс 4","default","Thu Apr 02 14:46:49 UTC 2026","passed","Thu Apr 02 14:47:37 UTC 2026","AuTestCatalogTask","","",""
"","16071","Каталог заданий: ЗПР ""Геометрия. 7.1"" — Класс 5","default","Thu Apr 02 15:55:21 UTC 2026","passed","Thu Apr 02 15:55:37 UTC 2026","AuTestCatalogTask","","",""
"","16963","Каталог заданий: НОДА ""Английский язык. 6.1"" — Класс 1","default","Thu Apr 02 16:07:33 UTC 2026","passed","Thu Apr 02 16:07:50 UTC 2026","AuTestCatalogTask","","",""
"","22099","Каталог заданий: Повторение пройденного материала ""Геометрия"" — Класс 2","default","Thu Apr 02 15:04:16 UTC 2026","passed","Thu Apr 02 15:04:38 UTC 2026","AuTestCatalogTask","","",""
"","24271","Каталог заданий: Повторение пройденного материала ""Алгебра и начала мат. анализа"" — Класс 1","default","Thu Apr 02 15:04:36 UTC 2026","passed","Thu Apr 02 15:05:00 UTC 2026","AuTestCatalogTask","","",""
"","31279","Каталог заданий: ТНР ""Математика. 5.1"" — Класс 4","default","Thu Apr 02 15:16:38 UTC 2026","passed","Thu Apr 02 15:17:09 UTC 2026","AuTestCatalogTask","","",""
"","11680","Каталог заданий: НОДА ""Обществознание. 6.1"" — Класс 2","default","Thu Apr 02 16:05:22 UTC 2026","passed","Thu Apr 02 16:05:34 UTC 2026","AuTestCatalogTask","","",""
"","13594","Каталог заданий: ЗПР ""Геометрия. 7.1"" — Класс 2","default","Thu Apr 02 15:55:06 UTC 2026","passed","Thu Apr 02 15:55:19 UTC 2026","AuTestCatalogTask","","",""
"","14217","Каталог заданий: ЗПР ""Русский язык. 7.1"" — Класс 11","default","Thu Apr 02 15:54:07 UTC 2026","passed","Thu Apr 02 15:54:21 UTC 2026","AuTestCatalogTask","","",""
"","10388","Каталог заданий: Русский язык пакеты ""Нормы языка (10-11 кл.)"" — Класс 2","default","Thu Apr 02 15:10:08 UTC 2026","passed","Thu Apr 02 15:10:18 UTC 2026","AuTestCatalogTask","","",""
"","23471","Каталог заданий: Повторение пройденного материала ""Биология"" — Класс 5","default","Thu Apr 02 15:06:13 UTC 2026","passed","Thu Apr 02 15:06:36 UTC 2026","AuTestCatalogTask","","",""
"","20077","Каталог заданий: Слепые ""Обществознание. 3.1"" — Класс 1","default","Thu Apr 02 15:27:10 UTC 2026","passed","Thu Apr 02 15:27:31 UTC 2026","AuTestCatalogTask","","",""
"","9922","Каталог заданий: Русский язык пакеты ""Развитие речи (1-4 кл.)"" — Класс 4","default","Thu Apr 02 15:09:14 UTC 2026","passed","Thu Apr 02 15:09:23 UTC 2026","AuTestCatalogTask","","",""
"","34043","Каталог заданий: ТНР ""Химия. 5.1"" — Класс 2","default","Thu Apr 02 15:21:21 UTC 2026","passed","Thu Apr 02 15:21:55 UTC 2026","AuTestCatalogTask","","",""
"","28958","Каталог заданий: Слабовидящие ""Английский язык. 4.1"" — Класс 4","default","Thu Apr 02 15:35:51 UTC 2026","passed","Thu Apr 02 15:36:20 UTC 2026","AuTestCatalogTask","","",""
"","18178","Каталог заданий: Специальные курсы ""Физика. Базовый уровень"" — Класс 3","default","Thu Apr 02 15:08:39 UTC 2026","passed","Thu Apr 02 15:08:57 UTC 2026","AuTestCatalogTask","","",""
"","21573","Каталог заданий: Дополнительное образование ""Практикум по английскому языку"" — Класс 2","default","Thu Apr 02 14:48:39 UTC 2026","passed","Thu Apr 02 14:49:01 UTC 2026","AuTestCatalogTask","","",""
"","13087","Каталог заданий: Сложные темы ""Русский язык"" — Класс 1","default","Thu Apr 02 15:13:39 UTC 2026","passed","Thu Apr 02 15:13:52 UTC 2026","AuTestCatalogTask","","",""
"","26865","Каталог заданий: Слабослышащие ""Химия. 2.1"" — Класс 4","default","Thu Apr 02 15:51:31 UTC 2026","passed","Thu Apr 02 15:51:57 UTC 2026","AuTestCatalogTask","","",""
"","17488","Каталог заданий: Слабовидящие ""Алгебра. 4.1"" — Класс 3","default","Thu Apr 02 15:32:41 UTC 2026","passed","Thu Apr 02 15:32:59 UTC 2026","AuTestCatalogTask","","",""
"","14870","Каталог заданий: Подготовка к контрольным работам ""Биология"" — Класс 3","default","Thu Apr 02 14:59:20 UTC 2026","passed","Thu Apr 02 14:59:35 UTC 2026","AuTestCatalogTask","","",""
"","19136","Каталог заданий: НОДА ""Русский язык. 6.1"" — Класс 1","default","Thu Apr 02 16:00:47 UTC 2026","passed","Thu Apr 02 16:01:06 UTC 2026","AuTestCatalogTask","","",""
"","39264","Каталог заданий: Дополнительное образование ""Биология"" — Класс 5","default","Thu Apr 02 14:46:49 UTC 2026","passed","Thu Apr 02 14:47:29 UTC 2026","AuTestCatalogTask","","",""
"","25847","Каталог заданий: Слабослышащие ""Английский язык. 2.1"" — Класс 10","default","Thu Apr 02 15:52:36 UTC 2026","passed","Thu Apr 02 15:53:02 UTC 2026","AuTestCatalogTask","","",""
"","18106","Каталог заданий: ТНР ""Русский язык. 5.1"" — Класс 2","default","Thu Apr 02 15:14:35 UTC 2026","passed","Thu Apr 02 15:14:53 UTC 2026","AuTestCatalogTask","","",""
"","41974","Каталог заданий: Нарушение слуха ""Русский язык. 1.1"" — Класс 3","default","Thu Apr 02 15:39:03 UTC 2026","passed","Thu Apr 02 15:39:45 UTC 2026","AuTestCatalogTask","","",""
"","26416","Каталог заданий: Подготовка к ВПР ""Информатика"" — Класс 1","default","Thu Apr 02 14:53:39 UTC 2026","passed","Thu Apr 02 14:54:05 UTC 2026","AuTestCatalogTask","","",""
"","13087","Каталог заданий: Школьная программа ""Информатика"" — Класс 2","default","Thu Apr 02 14:42:18 UTC 2026","passed","Thu Apr 02 14:42:32 UTC 2026","AuTestCatalogTask","","",""
"","18687","Каталог заданий: Школьная программа ""Вероятность и статистика"" — Класс 4","default","Thu Apr 02 14:43:51 UTC 2026","passed","Thu Apr 02 14:44:09 UTC 2026","AuTestCatalogTask","","",""
"","16127","Каталог заданий: ЗПР ""Информатика. 7.1"" — Класс 2","default","Thu Apr 02 16:00:31 UTC 2026","passed","Thu Apr 02 16:00:47 UTC 2026","AuTestCatalogTask","","",""
"","25038","Каталог заданий: Нарушение слуха ""Биология. 1.1"" — Класс 5","default","Thu Apr 02 15:44:45 UTC 2026","passed","Thu Apr 02 15:45:10 UTC 2026","AuTestCatalogTask","","",""
"","12129","Каталог заданий: Слабослышащие ""Обществознание. 2.1"" — Класс 3","default","Thu Apr 02 15:51:50 UTC 2026","passed","Thu Apr 02 15:52:02 UTC 2026","AuTestCatalogTask","","",""
"","17020","Каталог заданий: РАС ""Русский язык. 8.1"" — Класс 5","default","Thu Apr 02 16:09:14 UTC 2026","passed","Thu Apr 02 16:09:31 UTC 2026","AuTestCatalogTask","","",""
"","150186","Каталог заданий: НОДА ""Математика. 6.1"" — Класс 4","default","Thu Apr 02 16:01:48 UTC 2026","broken","Thu Apr 02 16:04:19 UTC 2026","AuTestCatalogTask","","",""
"","27775","Каталог заданий: Дополнительное образование ""Английский язык"" — Класс 2","default","Thu Apr 02 14:45:45 UTC 2026","passed","Thu Apr 02 14:46:13 UTC 2026","AuTestCatalogTask","","",""
"","40290","Каталог заданий: ЗПР ""Биология. 7.1"" — Класс 2","default","Thu Apr 02 15:57:51 UTC 2026","passed","Thu Apr 02 15:58:31 UTC 2026","AuTestCatalogTask","","",""
"","39958","Каталог заданий: Подготовка к ОГЭ ""Биология""","default","Thu Apr 02 14:49:09 UTC 2026","passed","Thu Apr 02 14:49:49 UTC 2026","AuTestCatalogTask","","",""
"","24757","Каталог заданий: ТНР ""Русский язык. 5.1"" — Класс 4","default","Thu Apr 02 15:15:14 UTC 2026","passed","Thu Apr 02 15:15:39 UTC 2026","AuTestCatalogTask","","",""
"","18743","Каталог заданий: Подготовка к контрольным работам ""Литература"" — Класс 4","default","Thu Apr 02 14:58:09 UTC 2026","passed","Thu Apr 02 14:58:28 UTC 2026","AuTestCatalogTask","","",""
"","26214","Каталог заданий: Слабовидящие ""Английский язык. 4.1"" — Класс 9","default","Thu Apr 02 15:36:09 UTC 2026","passed","Thu Apr 02 15:36:36 UTC 2026","AuTestCatalogTask","","",""
"","16826","Каталог заданий: ЗПР ""Информатика. 7.1"" — Класс 3","default","Thu Apr 02 16:00:38 UTC 2026","passed","Thu Apr 02 16:00:55 UTC 2026","AuTestCatalogTask","","",""
"","16484","Каталог заданий: Подготовка к ВПР ""Английский язык"" — Класс 4","default","Thu Apr 02 14:53:20 UTC 2026","passed","Thu Apr 02 14:53:36 UTC 2026","AuTestCatalogTask","","",""
"","16167","Каталог заданий: Слабовидящие ""Физика. 4.1"" — Класс 3","default","Thu Apr 02 15:38:15 UTC 2026","passed","Thu Apr 02 15:38:31 UTC 2026","AuTestCatalogTask","","",""
"","30454","Каталог заданий: Слабослышащие ""Химия. 2.1"" — Класс 3","default","Thu Apr 02 15:51:26 UTC 2026","passed","Thu Apr 02 15:51:56 UTC 2026","AuTestCatalogTask","","",""
"","16375","Каталог заданий: РАС ""Алгебра. 8.1"" — Класс 3","default","Thu Apr 02 16:10:42 UTC 2026","passed","Thu Apr 02 16:10:58 UTC 2026","AuTestCatalogTask","","",""
"","18213","Каталог заданий: Подготовка к контрольным работам ""История"" — Класс 4","default","Thu Apr 02 14:58:44 UTC 2026","passed","Thu Apr 02 14:59:03 UTC 2026","AuTestCatalogTask","","",""
"","17498","Каталог заданий: Слепые ""Информатика. 3.1"" — Класс 5","default","Thu Apr 02 15:31:02 UTC 2026","passed","Thu Apr 02 15:31:20 UTC 2026","AuTestCatalogTask","","",""
"","19352","Каталог заданий: Школьная программа ""Геометрия"" — Класс 3","default","Thu Apr 02 14:36:53 UTC 2026","passed","Thu Apr 02 14:37:12 UTC 2026","AuTestCatalogTask","","",""
"","13628","Каталог заданий: Слабослышащие ""Физика. 2.1"" — Класс 1","default","Thu Apr 02 15:50:03 UTC 2026","passed","Thu Apr 02 15:50:17 UTC 2026","AuTestCatalogTask","","",""
"","57095","Каталог заданий: Слабослышащие ""История. 2.1"" — Класс 6","default","Thu Apr 02 15:50:53 UTC 2026","passed","Thu Apr 02 15:51:50 UTC 2026","AuTestCatalogTask","","",""
"","21236","Каталог заданий: Слабовидящие ""Физика. 4.1"" — Класс 4","default","Thu Apr 02 15:38:22 UTC 2026","passed","Thu Apr 02 15:38:43 UTC 2026","AuTestCatalogTask","","",""
"","45978","Каталог заданий: РАС ""Биология. 8.1"" — Класс 2","default","Thu Apr 02 16:13:57 UTC 2026","passed","Thu Apr 02 16:14:43 UTC 2026","AuTestCatalogTask","","",""
"","30528","Каталог заданий: Дополнительное образование ""Химия"" — Класс 3","default","Thu Apr 02 14:47:24 UTC 2026","passed","Thu Apr 02 14:47:55 UTC 2026","AuTestCatalogTask","","",""
"","19064","Каталог заданий: Слабовидящие ""Геометрия. 4.1"" — Класс 1","default","Thu Apr 02 15:32:56 UTC 2026","passed","Thu Apr 02 15:33:15 UTC 2026","AuTestCatalogTask","","",""
"","25099","Каталог заданий: Повторение пройденного материала ""Окружающий мир"" — Класс 1","default","Thu Apr 02 15:01:36 UTC 2026","passed","Thu Apr 02 15:02:02 UTC 2026","AuTestCatalogTask","","",""
"","14767","Каталог заданий: Подготовка к ЕГЭ ""Информатика. Варианты КИМ""","default","Thu Apr 02 14:51:38 UTC 2026","passed","Thu Apr 02 14:51:53 UTC 2026","AuTestCatalogTask","","",""
"","18070","Каталог заданий: ЗПР ""Русский язык. 7.1"" — Класс 9","default","Thu Apr 02 15:53:58 UTC 2026","passed","Thu Apr 02 15:54:16 UTC 2026","AuTestCatalogTask","","",""
"","14561","Каталог заданий: Сложные темы ""Русский язык"" — Класс 4","default","Thu Apr 02 15:13:52 UTC 2026","passed","Thu Apr 02 15:14:07 UTC 2026","AuTestCatalogTask","","",""
"","18829","Каталог заданий: РАС ""Английский язык. 8.1"" — Класс 1","default","Thu Apr 02 16:15:37 UTC 2026","passed","Thu Apr 02 16:15:56 UTC 2026","AuTestCatalogTask","","",""
"","19903","Каталог заданий: ТНР ""Английский язык. 5.1"" — Класс 1","default","Thu Apr 02 15:22:28 UTC 2026","passed","Thu Apr 02 15:22:48 UTC 2026","AuTestCatalogTask","","",""
"","23159","Каталог заданий: Слепые ""Физика. 3.1"" — Класс 5","default","Thu Apr 02 15:30:25 UTC 2026","passed","Thu Apr 02 15:30:48 UTC 2026","AuTestCatalogTask","","",""
"","23432","Каталог заданий: Повторение пройденного материала ""Биология"" — Класс 1","default","Thu Apr 02 15:05:57 UTC 2026","passed","Thu Apr 02 15:06:20 UTC 2026","AuTestCatalogTask","","",""
"","22860","Каталог заданий: Повторение пройденного материала ""Биология"" — Класс 6","default","Thu Apr 02 15:06:20 UTC 2026","passed","Thu Apr 02 15:06:43 UTC 2026","AuTestCatalogTask","","",""
"","29238","Каталог заданий: НОДА ""Окружающий мир. 6.1"" — Класс 2","default","Thu Apr 02 16:03:12 UTC 2026","passed","Thu Apr 02 16:03:41 UTC 2026","AuTestCatalogTask","","",""
"","25491","Каталог заданий: РАС ""Вероятность и статистика. 8.1"" — Класс 5","default","Thu Apr 02 16:16:38 UTC 2026","passed","Thu Apr 02 16:17:04 UTC 2026","AuTestCatalogTask","","",""
"","24905","Каталог заданий: Подготовка к ВПР ""Русский язык"" — Класс 1","default","Thu Apr 02 14:52:18 UTC 2026","passed","Thu Apr 02 14:52:43 UTC 2026","AuTestCatalogTask","","",""
"","23600","Каталог заданий: Нарушение слуха ""Английский язык. 1.1"" — Класс 5","default","Thu Apr 02 15:43:48 UTC 2026","passed","Thu Apr 02 15:44:12 UTC 2026","AuTestCatalogTask","","",""
"","12689","Каталог заданий: НОДА ""Алгебра. 6.1"" — Класс 2","default","Thu Apr 02 16:02:26 UTC 2026","passed","Thu Apr 02 16:02:39 UTC 2026","AuTestCatalogTask","","",""
"","17634","Каталог заданий: Школьная программа ""Русский язык"" — Класс 1","default","Thu Apr 02 14:37:52 UTC 2026","passed","Thu Apr 02 14:38:09 UTC 2026","AuTestCatalogTask","","",""
"","22082","Каталог заданий: Нарушение слуха ""Алгебра и начала мат. анализа. 1.1"" — Класс 1","default","Thu Apr 02 15:40:45 UTC 2026","passed","Thu Apr 02 15:41:08 UTC 2026","AuTestCatalogTask","","",""
"","23174","Каталог заданий: Нарушение слуха ""Русский язык. 1.1"" — Класс 6","default","Thu Apr 02 15:39:26 UTC 2026","passed","Thu Apr 02 15:39:50 UTC 2026","AuTestCatalogTask","","",""
"","15575","Каталог заданий: Слабослышащие ""Геометрия. 2.1"" — Класс 4","default","Thu Apr 02 15:47:58 UTC 2026","passed","Thu Apr 02 15:48:13 UTC 2026","AuTestCatalogTask","","",""
"","28779","Каталог заданий: РАС ""Химия. 8.1"" — Класс 1","default","Thu Apr 02 16:14:43 UTC 2026","passed","Thu Apr 02 16:15:11 UTC 2026","AuTestCatalogTask","","",""
"","24923","Каталог заданий: Повторение пройденного материала ""Химия"" — Класс 3","default","Thu Apr 02 15:05:48 UTC 2026","passed","Thu Apr 02 15:06:13 UTC 2026","AuTestCatalogTask","","",""
"","21572","Каталог заданий: НОДА ""Физика. 6.1"" — Класс 4","default","Thu Apr 02 16:07:31 UTC 2026","passed","Thu Apr 02 16:07:53 UTC 2026","AuTestCatalogTask","","",""
"","17221","Каталог заданий: Слабовидящие ""Русский язык. 4.1"" — Класс 9","default","Thu Apr 02 15:31:49 UTC 2026","passed","Thu Apr 02 15:32:06 UTC 2026","AuTestCatalogTask","","",""
"","16606","Каталог заданий: Подготовка к ВПР ""Английский язык"" — Класс 6","default","Thu Apr 02 14:53:22 UTC 2026","passed","Thu Apr 02 14:53:39 UTC 2026","AuTestCatalogTask","","",""
"","35043","Каталог заданий: Подготовка к ОГЭ ""Математика""","default","Thu Apr 02 14:49:01 UTC 2026","passed","Thu Apr 02 14:49:36 UTC 2026","AuTestCatalogTask","","",""
"","14798","Каталог заданий: Нарушение слуха ""Вероятность и статистика. 1.1"" — Класс 3","default","Thu Apr 02 15:46:10 UTC 2026","passed","Thu Apr 02 15:46:25 UTC 2026","AuTestCatalogTask","","",""
"","18598","Каталог заданий: Подготовка к контрольным работам ""Русский язык"" — Класс 7","default","Thu Apr 02 14:55:40 UTC 2026","passed","Thu Apr 02 14:55:58 UTC 2026","AuTestCatalogTask","","",""
"","23950","Каталог заданий: Повторение пройденного материала ""Литература"" — Класс 5","default","Thu Apr 02 15:03:36 UTC 2026","passed","Thu Apr 02 15:04:00 UTC 2026","AuTestCatalogTask","","",""
"","37544","Каталог заданий: Слепые ""Литература. 3.1"" — Класс 7","default","Thu Apr 02 15:26:32 UTC 2026","passed","Thu Apr 02 15:27:09 UTC 2026","AuTestCatalogTask","","",""
"","150212","Каталог заданий: Сложные темы ""Математика"" — Класс 9","default","Thu Apr 02 15:11:12 UTC 2026","broken","Thu Apr 02 15:13:42 UTC 2026","AuTestCatalogTask","","",""
"","48085","Каталог заданий: НОДА ""Литература. 6.1"" — Класс 1","default","Thu Apr 02 16:03:36 UTC 2026","passed","Thu Apr 02 16:04:24 UTC 2026","AuTestCatalogTask","","",""
"","15775","Каталог заданий: ЗПР ""Вероятность и статистика. 7.1"" — Класс 3","default","Thu Apr 02 16:00:22 UTC 2026","passed","Thu Apr 02 16:00:38 UTC 2026","AuTestCatalogTask","","",""
"","13923","Каталог заданий: Нарушение слуха ""Обществознание. 1.1"" — Класс 5","default","Thu Apr 02 15:43:29 UTC 2026","passed","Thu Apr 02 15:43:43 UTC 2026","AuTestCatalogTask","","",""
"","18883","Каталог заданий: РАС ""Физика. 8.1"" — Класс 4","default","Thu Apr 02 16:15:31 UTC 2026","passed","Thu Apr 02 16:15:50 UTC 2026","AuTestCatalogTask","","",""
"","44580","Каталог заданий: Нарушение слуха ""Русский язык. 1.1"" — Класс 4","default","Thu Apr 02 15:39:13 UTC 2026","passed","Thu Apr 02 15:39:57 UTC 2026","AuTestCatalogTask","","",""
"","21261","Каталог заданий: Подготовка к контрольным работам ""Английский язык"" — Класс 1","default","Thu Apr 02 14:55:56 UTC 2026","passed","Thu Apr 02 14:56:18 UTC 2026","AuTestCatalogTask","","",""
"","22843","Каталог заданий: Слепые ""Математика. 3.1"" — Класс 3","default","Thu Apr 02 15:24:18 UTC 2026","passed","Thu Apr 02 15:24:40 UTC 2026","AuTestCatalogTask","","",""
"","14449","Каталог заданий: Слабовидящие ""Русский язык. 4.1"" — Класс 11","default","Thu Apr 02 15:31:54 UTC 2026","passed","Thu Apr 02 15:32:09 UTC 2026","AuTestCatalogTask","","",""
"","16690","Каталог заданий: НОДА ""Физика. 6.1"" — Класс 1","default","Thu Apr 02 16:07:14 UTC 2026","passed","Thu Apr 02 16:07:31 UTC 2026","AuTestCatalogTask","","",""
"","32296","Каталог заданий: Школьная программа ""Математика"" — Класс 4","default","Thu Apr 02 14:36:20 UTC 2026","passed","Thu Apr 02 14:36:52 UTC 2026","AuTestCatalogTask","","",""
"","16330","Каталог заданий: Слепые ""Информатика. 3.1"" — Класс 3","default","Thu Apr 02 15:30:49 UTC 2026","passed","Thu Apr 02 15:31:05 UTC 2026","AuTestCatalogTask","","",""
"","30055","Каталог заданий: Слабослышащие ""Литература. 2.1"" — Класс 3","default","Thu Apr 02 15:49:24 UTC 2026","passed","Thu Apr 02 15:49:54 UTC 2026","AuTestCatalogTask","","",""
"","17076","Каталог заданий: Сложные темы ""Математика"" — Класс 1","default","Thu Apr 02 15:10:45 UTC 2026","passed","Thu Apr 02 15:11:02 UTC 2026","AuTestCatalogTask","","",""
"","22434","Каталог заданий: Слепые ""Английский язык. 3.1"" — Класс 6","default","Thu Apr 02 15:28:14 UTC 2026","passed","Thu Apr 02 15:28:37 UTC 2026","AuTestCatalogTask","","",""
"","23185","Каталог заданий: Повторение пройденного материала ""Геометрия"" — Класс 1","default","Thu Apr 02 15:04:13 UTC 2026","passed","Thu Apr 02 15:04:36 UTC 2026","AuTestCatalogTask","","",""
"","27769","Каталог заданий: Слепые ""Английский язык. 3.1"" — Класс 1","default","Thu Apr 02 15:27:57 UTC 2026","passed","Thu Apr 02 15:28:24 UTC 2026","AuTestCatalogTask","","",""
"","14439","Каталог заданий: Нарушение слуха ""Вероятность и статистика. 1.1"" — Класс 1","default","Thu Apr 02 15:46:06 UTC 2026","passed","Thu Apr 02 15:46:21 UTC 2026","AuTestCatalogTask","","",""
"","21169","Каталог заданий: Слабослышащие ""Физика. 2.1"" — Класс 4","default","Thu Apr 02 15:50:11 UTC 2026","passed","Thu Apr 02 15:50:32 UTC 2026","AuTestCatalogTask","","",""
"","13211","Каталог заданий: Дополнительное образование ""Окружающий мир"" — Класс 4","default","Thu Apr 02 14:46:36 UTC 2026","passed","Thu Apr 02 14:46:49 UTC 2026","AuTestCatalogTask","","",""
"","17402","Каталог заданий: Слабослышащие ""Окружающий мир. 2.1"" — Класс 1","default","Thu Apr 02 15:48:01 UTC 2026","passed","Thu Apr 02 15:48:18 UTC 2026","AuTestCatalogTask","","",""
"","22162","Каталог заданий: ЗПР ""Русский язык. 7.1"" — Класс 6","default","Thu Apr 02 15:53:42 UTC 2026","passed","Thu Apr 02 15:54:04 UTC 2026","AuTestCatalogTask","","",""
"","11732","Каталог заданий: Слепые ""Физика. 3.1"" — Класс 2","default","Thu Apr 02 15:30:09 UTC 2026","passed","Thu Apr 02 15:30:21 UTC 2026","AuTestCatalogTask","","",""
"","29811","Каталог заданий: НОДА ""История. 6.1"" — Класс 2","default","Thu Apr 02 16:04:24 UTC 2026","passed","Thu Apr 02 16:04:54 UTC 2026","AuTestCatalogTask","","",""
"","17092","Каталог заданий: Подготовка к контрольным работам ""Русский язык"" — Класс 9","default","Thu Apr 02 14:55:55 UTC 2026","passed","Thu Apr 02 14:56:12 UTC 2026","AuTestCatalogTask","","",""
"","21848","Каталог заданий: Подготовка к контрольным работам ""Окружающий мир"" — Класс 2","default","Thu Apr 02 14:57:01 UTC 2026","passed","Thu Apr 02 14:57:22 UTC 2026","AuTestCatalogTask","","",""
"","20518","Каталог заданий: Русский язык пакеты ""Орфографическая грамотность (5-9 кл.)"" — Класс 1","default","Thu Apr 02 15:09:32 UTC 2026","passed","Thu Apr 02 15:09:52 UTC 2026","AuTestCatalogTask","","",""
"","24105","Каталог заданий: ТНР ""Английский язык. 5.1"" — Класс 7","default","Thu Apr 02 15:23:04 UTC 2026","passed","Thu Apr 02 15:23:28 UTC 2026","AuTestCatalogTask","","",""
"","14463","Каталог заданий: Слабослышащие ""Геометрия. 2.1"" — Класс 2","default","Thu Apr 02 15:47:46 UTC 2026","passed","Thu Apr 02 15:48:01 UTC 2026","AuTestCatalogTask","","",""
"","19592","Каталог заданий: Подготовка к контрольным работам ""Русский язык"" — Класс 8","default","Thu Apr 02 14:55:52 UTC 2026","passed","Thu Apr 02 14:56:11 UTC 2026","AuTestCatalogTask","","",""
"","15395","Каталог заданий: Дополнительное образование ""Окружающий мир"" — Класс 1","default","Thu Apr 02 14:46:16 UTC 2026","passed","Thu Apr 02 14:46:32 UTC 2026","AuTestCatalogTask","","",""
"","14390","Каталог заданий: Слабовидящие ""Информатика. 4.1"" — Класс 5","default","Thu Apr 02 15:38:58 UTC 2026","passed","Thu Apr 02 15:39:13 UTC 2026","AuTestCatalogTask","","",""
"","25731","Каталог заданий: Повторение пройденного материала ""Обществознание"" — Класс 1","default","Thu Apr 02 15:06:29 UTC 2026","passed","Thu Apr 02 15:06:55 UTC 2026","AuTestCatalogTask","","",""
"","24188","Каталог заданий: Подготовка к контрольным работам ""Биология"" — Класс 5","default","Thu Apr 02 14:59:20 UTC 2026","passed","Thu Apr 02 14:59:44 UTC 2026","AuTestCatalogTask","","",""
"","22683","Каталог заданий: Слепые ""Английский язык. 3.1"" — Класс 10","default","Thu Apr 02 15:28:34 UTC 2026","passed","Thu Apr 02 15:28:57 UTC 2026","AuTestCatalogTask","","",""
"","19739","Каталог заданий: Подготовка к ВПР ""Математика. Варианты КИМ""","default","Thu Apr 02 14:54:51 UTC 2026","passed","Thu Apr 02 14:55:11 UTC 2026","AuTestCatalogTask","","",""
"","13702","Каталог заданий: ЗПР ""Физика. 7.1"" — Класс 1","default","Thu Apr 02 15:59:09 UTC 2026","passed","Thu Apr 02 15:59:23 UTC 2026","AuTestCatalogTask","","",""
"","30219","Каталог заданий: Подготовка к ВПР ""Биология"" — Класс 2","default","Thu Apr 02 14:53:26 UTC 2026","passed","Thu Apr 02 14:53:56 UTC 2026","AuTestCatalogTask","","",""
"","15590","Каталог заданий: ТНР ""Обществознание. 5.1"" — Класс 5","default","Thu Apr 02 15:22:26 UTC 2026","passed","Thu Apr 02 15:22:42 UTC 2026","AuTestCatalogTask","","",""
"","26751","Каталог заданий: Слабослышащие ""Химия. 2.1"" — Класс 1","default","Thu Apr 02 15:51:04 UTC 2026","passed","Thu Apr 02 15:51:31 UTC 2026","AuTestCatalogTask","","",""
"","15950","Каталог заданий: Дополнительное образование ""Геометрия"" — Класс 4","default","Thu Apr 02 14:48:18 UTC 2026","passed","Thu Apr 02 14:48:34 UTC 2026","AuTestCatalogTask","","",""
"","17917","Каталог заданий: Специальные курсы ""Физика. Базовый уровень"" — Класс 1","default","Thu Apr 02 15:08:37 UTC 2026","passed","Thu Apr 02 15:08:55 UTC 2026","AuTestCatalogTask","","",""
"","16414","Каталог заданий: Слабослышащие ""Вероятность и статистика. 2.1"" — Класс 5","default","Thu Apr 02 15:52:57 UTC 2026","passed","Thu Apr 02 15:53:14 UTC 2026","AuTestCatalogTask","","",""
"","13565","Каталог заданий: Нарушение слуха ""Вероятность и статистика. 1.1"" — Класс 5","default","Thu Apr 02 15:46:22 UTC 2026","passed","Thu Apr 02 15:46:35 UTC 2026","AuTestCatalogTask","","",""
"","14198","Каталог заданий: Нарушение слуха ""Информатика. 1.1"" — Класс 3","default","Thu Apr 02 15:46:35 UTC 2026","passed","Thu Apr 02 15:46:49 UTC 2026","AuTestCatalogTask","","",""
"","23726","Каталог заданий: Подготовка к контрольным работам ""Русский язык"" — Класс 4","default","Thu Apr 02 14:55:31 UTC 2026","passed","Thu Apr 02 14:55:55 UTC 2026","AuTestCatalogTask","","",""
"","16457","Каталог заданий: Дополнительное образование ""Вероятность и статистика"" — Класс 5","default","Thu Apr 02 14:48:34 UTC 2026","passed","Thu Apr 02 14:48:50 UTC 2026","AuTestCatalogTask","","",""
"","15109","Каталог заданий: Школьная программа ""Биология"" — Класс 1","default","Thu Apr 02 14:39:12 UTC 2026","passed","Thu Apr 02 14:39:27 UTC 2026","AuTestCatalogTask","","",""
"","27842","Каталог заданий: Повторение пройденного материала ""Русский язык"" — Класс 1","default","Thu Apr 02 15:00:44 UTC 2026","passed","Thu Apr 02 15:01:12 UTC 2026","AuTestCatalogTask","","",""
"","65551","Каталог заданий: НОДА ""История. 6.1"" — Класс 6","default","Thu Apr 02 16:04:54 UTC 2026","passed","Thu Apr 02 16:05:59 UTC 2026","AuTestCatalogTask","","",""
"","30475","Каталог заданий: Слепые ""Математика. 3.1"" — Класс 6","default","Thu Apr 02 15:24:40 UTC 2026","passed","Thu Apr 02 15:25:11 UTC 2026","AuTestCatalogTask","","",""
"","39122","Каталог заданий: Школьная программа ""Русский язык"" — Класс 3","default","Thu Apr 02 14:38:09 UTC 2026","passed","Thu Apr 02 14:38:49 UTC 2026","AuTestCatalogTask","","",""
"","65370","Каталог заданий: Слабовидящие ""Биология. 4.1"" — Класс 6","default","Thu Apr 02 15:37:22 UTC 2026","passed","Thu Apr 02 15:38:28 UTC 2026","AuTestCatalogTask","","",""
"","15252","Каталог заданий: РАС ""Геометрия. 8.1"" — Класс 3","default","Thu Apr 02 16:11:05 UTC 2026","passed","Thu Apr 02 16:11:20 UTC 2026","AuTestCatalogTask","","",""
"","24974","Каталог заданий: Повторение пройденного материала ""Литература"" — Класс 4","default","Thu Apr 02 15:03:32 UTC 2026","passed","Thu Apr 02 15:03:57 UTC 2026","AuTestCatalogTask","","",""
"","14154","Каталог заданий: Школьная программа ""Английский язык"" — Класс 3","default","Thu Apr 02 14:39:54 UTC 2026","passed","Thu Apr 02 14:40:09 UTC 2026","AuTestCatalogTask","","",""
"","12268","Каталог заданий: Слепые ""Русский язык. 3.1"" — Класс 9","default","Thu Apr 02 15:23:59 UTC 2026","passed","Thu Apr 02 15:24:11 UTC 2026","AuTestCatalogTask","","",""
"","16140","Каталог заданий: Слабослышащие ""Обществознание. 2.1"" — Класс 5","default","Thu Apr 02 15:51:56 UTC 2026","passed","Thu Apr 02 15:52:12 UTC 2026","AuTestCatalogTask","","",""
"","25596","Каталог заданий: Дополнительное образование ""Алгебра и начала мат. анализа"" — Класс 2","default","Thu Apr 02 14:47:56 UTC 2026","passed","Thu Apr 02 14:48:22 UTC 2026","AuTestCatalogTask","","",""
"","14216","Каталог заданий: ТНР ""Вероятность и статистика. 5.1"" — Класс 2","default","Thu Apr 02 15:21:00 UTC 2026","passed","Thu Apr 02 15:21:14 UTC 2026","AuTestCatalogTask","","",""
"","20889","Каталог заданий: Школьная программа ""Английский язык"" — Класс 9","default","Thu Apr 02 14:40:55 UTC 2026","passed","Thu Apr 02 14:41:15 UTC 2026","AuTestCatalogTask","","",""
"","24447","Каталог заданий: Слепые ""Окружающий мир. 3.1"" — Класс 4","default","Thu Apr 02 15:25:39 UTC 2026","passed","Thu Apr 02 15:26:04 UTC 2026","AuTestCatalogTask","","",""
"","25563","Каталог заданий: Нарушение слуха ""Химия. 1.1"" — Класс 4","default","Thu Apr 02 15:45:40 UTC 2026","passed","Thu Apr 02 15:46:05 UTC 2026","AuTestCatalogTask","","",""
"","20249","Каталог заданий: Школьная программа ""Обществознание"" — Класс 3","default","Thu Apr 02 14:42:54 UTC 2026","passed","Thu Apr 02 14:43:14 UTC 2026","AuTestCatalogTask","","",""
"","16807","Каталог заданий: Слабослышащие ""Русский язык. 2.1"" — Класс 5","default","Thu Apr 02 15:46:56 UTC 2026","passed","Thu Apr 02 15:47:13 UTC 2026","AuTestCatalogTask","","",""
"","23153","Каталог заданий: Подготовка к ВПР ""Русский язык. Варианты КИМ""","default","Thu Apr 02 14:54:51 UTC 2026","passed","Thu Apr 02 14:55:14 UTC 2026","AuTestCatalogTask","","",""
"","24368","Каталог заданий: НОДА ""Алгебра и начала мат. анализа. 6.1"" — Класс 2","default","Thu Apr 02 16:02:39 UTC 2026","passed","Thu Apr 02 16:03:03 UTC 2026","AuTestCatalogTask","","",""
"","15507","Каталог заданий: Слабовидящие ""Вероятность и статистика. 4.1"" — Класс 3","default","Thu Apr 02 15:38:31 UTC 2026","passed","Thu Apr 02 15:38:47 UTC 2026","AuTestCatalogTask","","",""
"","16216","Каталог заданий: ЗПР ""Русский язык. 7.1"" — Класс 5","default","Thu Apr 02 15:53:33 UTC 2026","passed","Thu Apr 02 15:53:49 UTC 2026","AuTestCatalogTask","","",""
"","25784","Каталог заданий: Повторение пройденного материала ""Физика"" — Класс 3","default","Thu Apr 02 15:05:22 UTC 2026","passed","Thu Apr 02 15:05:48 UTC 2026","AuTestCatalogTask","","",""
"","17152","Каталог заданий: ЗПР ""Русский язык. 7.1"" — Класс 7","default","Thu Apr 02 15:53:49 UTC 2026","passed","Thu Apr 02 15:54:07 UTC 2026","AuTestCatalogTask","","",""
"","14717","Каталог заданий: Нарушение слуха ""Информатика. 1.1"" — Класс 1","default","Thu Apr 02 15:46:24 UTC 2026","passed","Thu Apr 02 15:46:39 UTC 2026","AuTestCatalogTask","","",""
"","15953","Каталог заданий: Слабовидящие ""Английский язык. 4.1"" — Класс 5","default","Thu Apr 02 15:35:51 UTC 2026","passed","Thu Apr 02 15:36:07 UTC 2026","AuTestCatalogTask","","",""
"","20731","Каталог заданий: Дополнительное образование ""Практикум по английскому языку"" — Класс 3","default","Thu Apr 02 14:48:44 UTC 2026","passed","Thu Apr 02 14:49:05 UTC 2026","AuTestCatalogTask","","",""
"","29507","Каталог заданий: Слепые ""Математика. 3.1"" — Класс 2","default","Thu Apr 02 15:24:11 UTC 2026","passed","Thu Apr 02 15:24:41 UTC 2026","AuTestCatalogTask","","",""
"","21014","Каталог заданий: РАС ""Русский язык. 8.1"" — Класс 6","default","Thu Apr 02 16:09:20 UTC 2026","passed","Thu Apr 02 16:09:41 UTC 2026","AuTestCatalogTask","","",""
"","20009","Каталог заданий: Подготовка к контрольным работам ""Вероятность и статистика"" — Класс 1","default","Thu Apr 02 14:59:46 UTC 2026","passed","Thu Apr 02 15:00:06 UTC 2026","AuTestCatalogTask","","",""
"","47132","Каталог заданий: Нарушение слуха ""Русский язык. 1.1"" — Класс 2","default","Thu Apr 02 15:39:02 UTC 2026","passed","Thu Apr 02 15:39:49 UTC 2026","AuTestCatalogTask","","",""
"","33417","Каталог заданий: Повторение пройденного материала ""История"" — Класс 5","default","Thu Apr 02 15:02:58 UTC 2026","passed","Thu Apr 02 15:03:32 UTC 2026","AuTestCatalogTask","","",""
"","32688","Каталог заданий: Нарушение слуха ""История. 1.1"" — Класс 1","default","Thu Apr 02 15:42:16 UTC 2026","passed","Thu Apr 02 15:42:49 UTC 2026","AuTestCatalogTask","","",""
"","28640","Каталог заданий: Повторение пройденного материала ""Математика"" — Класс 4","default","Thu Apr 02 15:00:16 UTC 2026","passed","Thu Apr 02 15:00:44 UTC 2026","AuTestCatalogTask","","",""
"","21157","Каталог заданий: Школьная программа ""Алгебра"" — Класс 2","default","Thu Apr 02 14:43:11 UTC 2026","passed","Thu Apr 02 14:43:32 UTC 2026","AuTestCatalogTask","","",""
"","27934","Каталог заданий: ЗПР ""Химия. 7.1"" — Класс 1","default","Thu Apr 02 15:58:31 UTC 2026","passed","Thu Apr 02 15:58:59 UTC 2026","AuTestCatalogTask","","",""
"","18944","Каталог заданий: Слабослышащие ""Информатика. 2.1"" — Класс 1","default","Thu Apr 02 15:52:59 UTC 2026","passed","Thu Apr 02 15:53:18 UTC 2026","AuTestCatalogTask","","",""
"","25339","Каталог заданий: ЗПР ""Английский язык. 7.1"" — Класс 8","default","Thu Apr 02 16:00:00 UTC 2026","passed","Thu Apr 02 16:00:25 UTC 2026","AuTestCatalogTask","","",""
"","30529","Каталог заданий: Слабослышащие ""Химия. 2.1"" — Класс 2","default","Thu Apr 02 15:51:25 UTC 2026","passed","Thu Apr 02 15:51:56 UTC 2026","AuTestCatalogTask","","",""
"","21121","Каталог заданий: Подготовка к контрольным работам ""Математика"" — Класс 5","default","Thu Apr 02 14:55:14 UTC 2026","passed","Thu Apr 02 14:55:36 UTC 2026","AuTestCatalogTask","","",""
"","43436","Каталог заданий: ТНР ""Биология. 5.1"" — Класс 7","default","Thu Apr 02 15:18:40 UTC 2026","passed","Thu Apr 02 15:19:23 UTC 2026","AuTestCatalogTask","","",""
"","14142","Каталог заданий: Подготовка к ВПР ""Английский язык"" — Класс 3","default","Thu Apr 02 14:53:08 UTC 2026","passed","Thu Apr 02 14:53:22 UTC 2026","AuTestCatalogTask","","",""
"","14435","Каталог заданий: Школьная программа ""Биология"" — Класс 3","default","Thu Apr 02 14:39:19 UTC 2026","passed","Thu Apr 02 14:39:33 UTC 2026","AuTestCatalogTask","","",""
"","37939","Каталог заданий: Слепые ""Литература. 3.1"" — Класс 1","default","Thu Apr 02 15:25:41 UTC 2026","passed","Thu Apr 02 15:26:19 UTC 2026","AuTestCatalogTask","","",""
"","22187","Каталог заданий: Подготовка к контрольным работам ""Английский язык"" — Класс 3","default","Thu Apr 02 14:56:11 UTC 2026","passed","Thu Apr 02 14:56:34 UTC 2026","AuTestCatalogTask","","",""
"","25232","Каталог заданий: Повторение пройденного материала ""История"" — Класс 4","default","Thu Apr 02 15:02:58 UTC 2026","passed","Thu Apr 02 15:03:23 UTC 2026","AuTestCatalogTask","","",""
"","41804","Каталог заданий: РАС ""Литература. 8.1"" — Класс 4","default","Thu Apr 02 16:11:54 UTC 2026","passed","Thu Apr 02 16:12:36 UTC 2026","AuTestCatalogTask","","",""
"","11252","Каталог заданий: Слабослышащие ""Физика. 2.1"" — Класс 2","default","Thu Apr 02 15:50:07 UTC 2026","passed","Thu Apr 02 15:50:18 UTC 2026","AuTestCatalogTask","","",""
"","11859","Каталог заданий: Слабослышащие ""Обществознание. 2.1"" — Класс 6","default","Thu Apr 02 15:51:58 UTC 2026","passed","Thu Apr 02 15:52:09 UTC 2026","AuTestCatalogTask","","",""
"","11328","Каталог заданий: Подготовка к ОГЭ ""Информатика. Варианты КИМ""","default","Thu Apr 02 14:50:12 UTC 2026","passed","Thu Apr 02 14:50:23 UTC 2026","AuTestCatalogTask","","",""
"","25002","Каталог заданий: РАС ""Химия. 8.1"" — Класс 4","default","Thu Apr 02 16:15:12 UTC 2026","passed","Thu Apr 02 16:15:37 UTC 2026","AuTestCatalogTask","","",""
"","49707","Каталог заданий: ЗПР ""История. 7.1"" — Класс 4","default","Thu Apr 02 15:56:42 UTC 2026","passed","Thu Apr 02 15:57:32 UTC 2026","AuTestCatalogTask","","",""
"","20185","Каталог заданий: Сложные темы ""Математика"" — Класс 3","default","Thu Apr 02 15:10:50 UTC 2026","passed","Thu Apr 02 15:11:10 UTC 2026","AuTestCatalogTask","","",""
"","17733","Каталог заданий: Подготовка к контрольным работам ""История"" — Класс 3","default","Thu Apr 02 14:58:35 UTC 2026","passed","Thu Apr 02 14:58:53 UTC 2026","AuTestCatalogTask","","",""
"","20517","Каталог заданий: НОДА ""Информатика. 6.1"" — Класс 5","default","Thu Apr 02 16:08:52 UTC 2026","passed","Thu Apr 02 16:09:12 UTC 2026","AuTestCatalogTask","","",""
"","16064","Каталог заданий: Русский язык пакеты ""Орфографическая грамотность (1-4 кл.)"" — Класс 2","default","Thu Apr 02 15:09:21 UTC 2026","passed","Thu Apr 02 15:09:37 UTC 2026","AuTestCatalogTask","","",""
"","20220","Каталог заданий: Слабослышащие ""Физика. 2.1"" — Класс 5","default","Thu Apr 02 15:50:17 UTC 2026","passed","Thu Apr 02 15:50:37 UTC 2026","AuTestCatalogTask","","",""
"","28712","Каталог заданий: Школьная программа ""Биология"" — Класс 4","default","Thu Apr 02 14:39:23 UTC 2026","passed","Thu Apr 02 14:39:51 UTC 2026","AuTestCatalogTask","","",""
"","44389","Каталог заданий: Слепые ""Биология. 3.1"" — Класс 1","default","Thu Apr 02 15:28:37 UTC 2026","passed","Thu Apr 02 15:29:21 UTC 2026","AuTestCatalogTask","","",""
"","18846","Каталог заданий: Дополнительное образование ""Практикум по английскому языку"" — Класс 5","default","Thu Apr 02 14:48:50 UTC 2026","passed","Thu Apr 02 14:49:09 UTC 2026","AuTestCatalogTask","","",""
"","34685","Каталог заданий: Слепые ""Математика. 3.1"" — Класс 1","default","Thu Apr 02 15:24:07 UTC 2026","passed","Thu Apr 02 15:24:41 UTC 2026","AuTestCatalogTask","","",""
"","9601","Каталог заданий: Русский язык пакеты ""Орфографическая грамотность (5-9 кл.)"" — Класс 4","default","Thu Apr 02 15:09:41 UTC 2026","passed","Thu Apr 02 15:09:50 UTC 2026","AuTestCatalogTask","","",""
"","10923","Каталог заданий: РАС ""Обществознание. 8.1"" — Класс 3","default","Thu Apr 02 16:13:39 UTC 2026","passed","Thu Apr 02 16:13:49 UTC 2026","AuTestCatalogTask","","",""
"","20347","Каталог заданий: Слабовидящие ""Физика. 4.1"" — Класс 5","default","Thu Apr 02 15:38:26 UTC 2026","passed","Thu Apr 02 15:38:46 UTC 2026","AuTestCatalogTask","","",""
"","20013","Каталог заданий: Подготовка к контрольным работам ""Вероятность и статистика"" — Класс 4","default","Thu Apr 02 15:00:00 UTC 2026","passed","Thu Apr 02 15:00:20 UTC 2026","AuTestCatalogTask","","",""
"","26538","Каталог заданий: Подготовка к ЕГЭ ""История""","default","Thu Apr 02 14:50:54 UTC 2026","passed","Thu Apr 02 14:51:21 UTC 2026","AuTestCatalogTask","","",""
"","19940","Каталог заданий: Подготовка к ОГЭ ""Математика. Варианты КИМ""","default","Thu Apr 02 14:49:49 UTC 2026","passed","Thu Apr 02 14:50:09 UTC 2026","AuTestCatalogTask","","",""
"","12072","Каталог заданий: РАС ""Обществознание. 8.1"" — Класс 6","default","Thu Apr 02 16:13:49 UTC 2026","passed","Thu Apr 02 16:14:02 UTC 2026","AuTestCatalogTask","","",""
"","21801","Каталог заданий: НОДА ""Английский язык. 6.1"" — Класс 3","default","Thu Apr 02 16:07:41 UTC 2026","passed","Thu Apr 02 16:08:02 UTC 2026","AuTestCatalogTask","","",""
"","30189","Каталог заданий: Слепые ""Алгебра. 3.1"" — Класс 1","default","Thu Apr 02 15:24:41 UTC 2026","passed","Thu Apr 02 15:25:11 UTC 2026","AuTestCatalogTask","","",""
"","19083","Каталог заданий: Слепые ""Русский язык. 3.1"" — Класс 10","default","Thu Apr 02 15:24:00 UTC 2026","passed","Thu Apr 02 15:24:19 UTC 2026","AuTestCatalogTask","","",""
"","26730","Каталог заданий: Слабовидящие ""Химия. 4.1"" — Класс 1","default","Thu Apr 02 15:37:33 UTC 2026","passed","Thu Apr 02 15:37:59 UTC 2026","AuTestCatalogTask","","",""
"","17288","Каталог заданий: НОДА ""Вероятность и статистика. 6.1"" — Класс 1","default","Thu Apr 02 16:08:19 UTC 2026","passed","Thu Apr 02 16:08:36 UTC 2026","AuTestCatalogTask","","",""
"","12343","Каталог заданий: Слабовидящие ""Обществознание. 4.1"" — Класс 3","default","Thu Apr 02 15:36:35 UTC 2026","passed","Thu Apr 02 15:36:47 UTC 2026","AuTestCatalogTask","","",""
"","23322","Каталог заданий: Подготовка к ВПР ""Окружающий мир"" — Класс 1","default","Thu Apr 02 14:52:17 UTC 2026","passed","Thu Apr 02 14:52:41 UTC 2026","AuTestCatalogTask","","",""
"","49304","Каталог заданий: Нарушение слуха ""Литература. 1.1"" — Класс 7","default","Thu Apr 02 15:42:16 UTC 2026","passed","Thu Apr 02 15:43:05 UTC 2026","AuTestCatalogTask","","",""
"","19065","Каталог заданий: Подготовка к контрольным работам ""Математика"" — Класс 4","default","Thu Apr 02 14:55:12 UTC 2026","passed","Thu Apr 02 14:55:31 UTC 2026","AuTestCatalogTask","","",""
"","19574","Каталог заданий: Слабовидящие ""Русский язык. 4.1"" — Класс 10","default","Thu Apr 02 15:31:53 UTC 2026","passed","Thu Apr 02 15:32:13 UTC 2026","AuTestCatalogTask","","",""
"","37505","Каталог заданий: ЗПР ""Математика. 7.1"" — Класс 5","default","Thu Apr 02 15:54:28 UTC 2026","passed","Thu Apr 02 15:55:05 UTC 2026","AuTestCatalogTask","","",""
"","21738","Каталог заданий: Школьная программа ""Английский язык"" — Класс 7","default","Thu Apr 02 14:40:37 UTC 2026","passed","Thu Apr 02 14:40:59 UTC 2026","AuTestCatalogTask","","",""
"","26385","Каталог заданий: Русский язык пакеты ""Сочинение"" — Класс 3","default","Thu Apr 02 15:10:23 UTC 2026","failed","Thu Apr 02 15:10:49 UTC 2026","AuTestCatalogTask","","",""
"","51610","Каталог заданий: Школьная программа ""Литература"" — Класс 7","default","Thu Apr 02 14:41:54 UTC 2026","passed","Thu Apr 02 14:42:46 UTC 2026","AuTestCatalogTask","","",""
"","15495","Каталог заданий: Школьная программа ""Родной язык (русский)"" — Класс 2","default","Thu Apr 02 14:44:30 UTC 2026","passed","Thu Apr 02 14:44:46 UTC 2026","AuTestCatalogTask","","",""
"","36418","Каталог заданий: Слепые ""Русский язык. 3.1"" — Класс 8","default","Thu Apr 02 15:23:55 UTC 2026","failed","Thu Apr 02 15:24:31 UTC 2026","AuTestCatalogTask","","",""
"","23822","Каталог заданий: Подготовка к контрольным работам ""Английский язык"" — Класс 9","default","Thu Apr 02 14:56:37 UTC 2026","passed","Thu Apr 02 14:57:01 UTC 2026","AuTestCatalogTask","","",""
"","16716","Каталог заданий: ТНР ""Алгебра. 5.1"" — Класс 3","default","Thu Apr 02 15:17:09 UTC 2026","passed","Thu Apr 02 15:17:26 UTC 2026","AuTestCatalogTask","","",""
"","23637","Каталог заданий: НОДА ""Английский язык. 6.1"" — Класс 9","default","Thu Apr 02 16:08:14 UTC 2026","passed","Thu Apr 02 16:08:38 UTC 2026","AuTestCatalogTask","","",""
"","23930","Каталог заданий: Нарушение слуха ""Английский язык. 1.1"" — Класс 9","default","Thu Apr 02 15:44:12 UTC 2026","passed","Thu Apr 02 15:44:36 UTC 2026","AuTestCatalogTask","","",""
"","31357","Каталог заданий: РАС ""Математика. 8.1"" — Класс 6","default","Thu Apr 02 16:10:23 UTC 2026","passed","Thu Apr 02 16:10:55 UTC 2026","AuTestCatalogTask","","",""
"","13315","Каталог заданий: Слабослышащие ""Геометрия. 2.1"" — Класс 5","default","Thu Apr 02 15:47:58 UTC 2026","passed","Thu Apr 02 15:48:11 UTC 2026","AuTestCatalogTask","","",""
"","23849","Каталог заданий: Слабовидящие ""Английский язык. 4.1"" — Класс 6","default","Thu Apr 02 15:36:07 UTC 2026","passed","Thu Apr 02 15:36:31 UTC 2026","AuTestCatalogTask","","",""
"","10933","Каталог заданий: Русский язык пакеты ""Пунктуационная грамотность (5-9 кл.)"" — Класс 4","default","Thu Apr 02 15:09:59 UTC 2026","passed","Thu Apr 02 15:10:10 UTC 2026","AuTestCatalogTask","","",""
"","79724","Каталог заданий: Школьная программа ""Биология"" — Класс 7","default","Thu Apr 02 14:39:33 UTC 2026","passed","Thu Apr 02 14:40:53 UTC 2026","AuTestCatalogTask","","",""
"","30263","Каталог заданий: Нарушение слуха ""Математика. 1.1"" — Класс 6","default","Thu Apr 02 15:40:31 UTC 2026","passed","Thu Apr 02 15:41:02 UTC 2026","AuTestCatalogTask","","",""
"","13482","Каталог заданий: Слепые ""Английский язык. 3.1"" — Класс 2","default","Thu Apr 02 15:27:57 UTC 2026","passed","Thu Apr 02 15:28:11 UTC 2026","AuTestCatalogTask","","",""
"","15543","Каталог заданий: Подготовка к контрольным работам ""Химия"" — Класс 3","default","Thu Apr 02 14:59:04 UTC 2026","passed","Thu Apr 02 14:59:20 UTC 2026","AuTestCatalogTask","","",""
"","14760","Каталог заданий: ТНР ""Физика. 5.1"" — Класс 1","default","Thu Apr 02 15:19:45 UTC 2026","passed","Thu Apr 02 15:19:59 UTC 2026","AuTestCatalogTask","","",""
"","21054","Каталог заданий: Слепые ""Вероятность и статистика. 3.1"" — Класс 4","default","Thu Apr 02 15:30:41 UTC 2026","passed","Thu Apr 02 15:31:02 UTC 2026","AuTestCatalogTask","","",""
"","25425","Каталог заданий: РАС ""Литература. 8.1"" — Класс 5","default","Thu Apr 02 16:12:15 UTC 2026","passed","Thu Apr 02 16:12:40 UTC 2026","AuTestCatalogTask","","",""
"","23074","Каталог заданий: Нарушение слуха ""Английский язык. 1.1"" — Класс 7","default","Thu Apr 02 15:44:01 UTC 2026","passed","Thu Apr 02 15:44:24 UTC 2026","AuTestCatalogTask","","",""
"","21729","Каталог заданий: Нарушение слуха ""Алгебра и начала мат. анализа. 1.1"" — Класс 2","default","Thu Apr 02 15:40:47 UTC 2026","passed","Thu Apr 02 15:41:09 UTC 2026","AuTestCatalogTask","","",""
"","15093","Каталог заданий: Подготовка к контрольным работам ""Информатика"" — Класс 5","default","Thu Apr 02 14:59:45 UTC 2026","passed","Thu Apr 02 15:00:00 UTC 2026","AuTestCatalogTask","","",""
"","21907","Каталог заданий: Дополнительное образование ""Алгебра"" — Класс 2","default","Thu Apr 02 14:47:44 UTC 2026","passed","Thu Apr 02 14:48:05 UTC 2026","AuTestCatalogTask","","",""
"","21368","Каталог заданий: Слабовидящие ""Алгебра и начала мат. анализа. 4.1"" — Класс 2","default","Thu Apr 02 15:32:49 UTC 2026","passed","Thu Apr 02 15:33:11 UTC 2026","AuTestCatalogTask","","",""
"","16672","Каталог заданий: РАС ""Информатика. 8.1"" — Класс 2","default","Thu Apr 02 16:16:44 UTC 2026","passed","Thu Apr 02 16:17:00 UTC 2026","AuTestCatalogTask","","",""
"","19326","Каталог заданий: Подготовка к ЕГЭ ""История. Варианты КИМ""","default","Thu Apr 02 14:51:21 UTC 2026","passed","Thu Apr 02 14:51:40 UTC 2026","AuTestCatalogTask","","",""
"","22076","Каталог заданий: Повторение пройденного материала ""Математика"" — Класс 2","default","Thu Apr 02 15:00:12 UTC 2026","passed","Thu Apr 02 15:00:34 UTC 2026","AuTestCatalogTask","","",""
"","24869","Каталог заданий: НОДА ""Биология. 6.1"" — Класс 5","default","Thu Apr 02 16:06:08 UTC 2026","passed","Thu Apr 02 16:06:33 UTC 2026","AuTestCatalogTask","","",""
"","25231","Каталог заданий: РАС ""Английский язык. 8.1"" — Класс 4","default","Thu Apr 02 16:15:50 UTC 2026","passed","Thu Apr 02 16:16:15 UTC 2026","AuTestCatalogTask","","",""
"","32612","Каталог заданий: Нарушение слуха ""История. 1.1"" — Класс 3","default","Thu Apr 02 15:42:21 UTC 2026","passed","Thu Apr 02 15:42:53 UTC 2026","AuTestCatalogTask","","",""
"","19110","Каталог заданий: Подготовка к ОГЭ ""Русский язык. Варианты КИМ""","default","Thu Apr 02 14:49:58 UTC 2026","passed","Thu Apr 02 14:50:17 UTC 2026","AuTestCatalogTask","","",""
"","22260","Каталог заданий: Подготовка к ВПР ""Английский язык"" — Класс 2","default","Thu Apr 02 14:53:03 UTC 2026","passed","Thu Apr 02 14:53:25 UTC 2026","AuTestCatalogTask","","",""
"","34764","Каталог заданий: Школьная программа ""История"" — Класс 4","default","Thu Apr 02 14:37:17 UTC 2026","passed","Thu Apr 02 14:37:52 UTC 2026","AuTestCatalogTask","","",""
"","13078","Каталог заданий: Слабослышащие ""Информатика. 2.1"" — Класс 3","default","Thu Apr 02 15:53:06 UTC 2026","passed","Thu Apr 02 15:53:19 UTC 2026","AuTestCatalogTask","","",""
"","16864","Каталог заданий: Слепые ""Геометрия. 3.1"" — Класс 2","default","Thu Apr 02 15:25:12 UTC 2026","passed","Thu Apr 02 15:25:28 UTC 2026","AuTestCatalogTask","","",""
"","15926","Каталог заданий: Слабовидящие ""Русский язык. 4.1"" — Класс 5","default","Thu Apr 02 15:31:20 UTC 2026","passed","Thu Apr 02 15:31:36 UTC 2026","AuTestCatalogTask","","",""
"","42115","Каталог заданий: РАС ""Биология. 8.1"" — Класс 3","default","Thu Apr 02 16:14:01 UTC 2026","passed","Thu Apr 02 16:14:43 UTC 2026","AuTestCatalogTask","","",""
"","23369","Каталог заданий: Слабослышащие ""Математика. 2.1"" — Класс 1","default","Thu Apr 02 15:47:32 UTC 2026","passed","Thu Apr 02 15:47:55 UTC 2026","AuTestCatalogTask","","",""
"","11450","Каталог заданий: Слабовидящие ""Геометрия. 4.1"" — Класс 5","default","Thu Apr 02 15:33:14 UTC 2026","passed","Thu Apr 02 15:33:25 UTC 2026","AuTestCatalogTask","","",""
"","45369","Каталог заданий: Слепые ""Биология. 3.1"" — Класс 7","default","Thu Apr 02 15:29:24 UTC 2026","passed","Thu Apr 02 15:30:09 UTC 2026","AuTestCatalogTask","","",""
"","32705","Каталог заданий: Слепые ""Химия. 3.1"" — Класс 1","default","Thu Apr 02 15:29:24 UTC 2026","passed","Thu Apr 02 15:29:57 UTC 2026","AuTestCatalogTask","","",""
"","27340","Каталог заданий: Слепые ""Литература. 3.1"" — Класс 6","default","Thu Apr 02 15:26:19 UTC 2026","passed","Thu Apr 02 15:26:46 UTC 2026","AuTestCatalogTask","","",""
"","27275","Каталог заданий: Подготовка к ОГЭ ""Информатика""","default","Thu Apr 02 14:49:42 UTC 2026","passed","Thu Apr 02 14:50:09 UTC 2026","AuTestCatalogTask","","",""
"","34672","Каталог заданий: Нарушение слуха ""Окружающий мир. 1.1"" — Класс 1","default","Thu Apr 02 15:41:09 UTC 2026","passed","Thu Apr 02 15:41:44 UTC 2026","AuTestCatalogTask","","",""
"","38049","Каталог заданий: Слепые ""Биология. 3.1"" — Класс 2","default","Thu Apr 02 15:28:46 UTC 2026","passed","Thu Apr 02 15:29:24 UTC 2026","AuTestCatalogTask","","",""
"","25107","Каталог заданий: ЗПР ""Биология. 7.1"" — Класс 5","default","Thu Apr 02 15:58:04 UTC 2026","passed","Thu Apr 02 15:58:30 UTC 2026","AuTestCatalogTask","","",""
"","150189","Каталог заданий: Слабовидящие ""Математика. 4.1"" — Класс 6","default","Thu Apr 02 15:32:31 UTC 2026","broken","Thu Apr 02 15:35:01 UTC 2026","AuTestCatalogTask","","",""
"","22544","Каталог заданий: ТНР ""Английский язык. 5.1"" — Класс 10","default","Thu Apr 02 15:23:15 UTC 2026","passed","Thu Apr 02 15:23:38 UTC 2026","AuTestCatalogTask","","",""
"","57294","Каталог заданий: РАС ""История. 8.1"" — Класс 6","default","Thu Apr 02 16:13:06 UTC 2026","passed","Thu Apr 02 16:14:04 UTC 2026","AuTestCatalogTask","","",""
"","32122","Каталог заданий: Дополнительное образование ""Математика"" — Класс 2","default","Thu Apr 02 14:44:46 UTC 2026","passed","Thu Apr 02 14:45:19 UTC 2026","AuTestCatalogTask","","",""
"","16241","Каталог заданий: НОДА ""Физика. 6.1"" — Класс 3","default","Thu Apr 02 16:07:24 UTC 2026","passed","Thu Apr 02 16:07:40 UTC 2026","AuTestCatalogTask","","",""
"","17770","Каталог заданий: Подготовка к контрольным работам ""Литература"" — Класс 2","default","Thu Apr 02 14:58:03 UTC 2026","passed","Thu Apr 02 14:58:21 UTC 2026","AuTestCatalogTask","","",""
"","24762","Каталог заданий: РАС ""Английский язык. 8.1"" — Класс 9","default","Thu Apr 02 16:16:13 UTC 2026","passed","Thu Apr 02 16:16:38 UTC 2026","AuTestCatalogTask","","",""
"","30657","Каталог заданий: ЗПР ""Окружающий мир. 7.1"" — Класс 3","default","Thu Apr 02 15:55:32 UTC 2026","passed","Thu Apr 02 15:56:03 UTC 2026","AuTestCatalogTask","","",""
"","30877","Каталог заданий: Школьная программа ""Химия"" — Класс 3","default","Thu Apr 02 14:43:20 UTC 2026","passed","Thu Apr 02 14:43:51 UTC 2026","AuTestCatalogTask","","",""
"","11638","Каталог заданий: РАС ""Физика. 8.1"" — Класс 2","default","Thu Apr 02 16:15:26 UTC 2026","passed","Thu Apr 02 16:15:37 UTC 2026","AuTestCatalogTask","","",""
"","33679","Каталог заданий: Слабослышащие ""Математика. 2.1"" — Класс 2","default","Thu Apr 02 15:47:32 UTC 2026","passed","Thu Apr 02 15:48:06 UTC 2026","AuTestCatalogTask","","",""
"","24962","Каталог заданий: РАС ""Окружающий мир. 8.1"" — Класс 1","default","Thu Apr 02 16:11:12 UTC 2026","passed","Thu Apr 02 16:11:37 UTC 2026","AuTestCatalogTask","","",""
"","33247","Каталог заданий: ЗПР ""Химия. 7.1"" — Класс 2","default","Thu Apr 02 15:58:36 UTC 2026","passed","Thu Apr 02 15:59:09 UTC 2026","AuTestCatalogTask","","",""
"","19526","Каталог заданий: Подготовка к контрольным работам ""История"" — Класс 6","default","Thu Apr 02 14:58:47 UTC 2026","passed","Thu Apr 02 14:59:06 UTC 2026","AuTestCatalogTask","","",""
"","21828","Каталог заданий: Нарушение слуха ""Английский язык. 1.1"" — Класс 10","default","Thu Apr 02 15:44:23 UTC 2026","passed","Thu Apr 02 15:44:45 UTC 2026","AuTestCatalogTask","","",""
"","35534","Каталог заданий: НОДА ""Математика. 6.1"" — Класс 5","default","Thu Apr 02 16:02:03 UTC 2026","passed","Thu Apr 02 16:02:39 UTC 2026","AuTestCatalogTask","","",""
"","25961","Каталог заданий: Школьная программа ""Литература"" — Класс 5","default","Thu Apr 02 14:41:53 UTC 2026","passed","Thu Apr 02 14:42:18 UTC 2026","AuTestCatalogTask","","",""
"","31924","Каталог заданий: НОДА ""Математика. 6.1"" — Класс 6","default","Thu Apr 02 16:02:06 UTC 2026","passed","Thu Apr 02 16:02:38 UTC 2026","AuTestCatalogTask","","",""
"","15367","Каталог заданий: Нарушение слуха ""Информатика. 1.1"" — Класс 4","default","Thu Apr 02 15:46:38 UTC 2026","passed","Thu Apr 02 15:46:54 UTC 2026","AuTestCatalogTask","","",""
"","15722","Каталог заданий: НОДА ""Геометрия. 6.1"" — Класс 3","default","Thu Apr 02 16:02:56 UTC 2026","passed","Thu Apr 02 16:03:12 UTC 2026","AuTestCatalogTask","","",""
"","33624","Каталог заданий: Слабовидящие ""Химия. 4.1"" — Класс 2","default","Thu Apr 02 15:37:34 UTC 2026","passed","Thu Apr 02 15:38:08 UTC 2026","AuTestCatalogTask","","",""
"","18821","Каталог заданий: Подготовка к ВПР ""Английский язык"" — Класс 1","default","Thu Apr 02 14:53:01 UTC 2026","passed","Thu Apr 02 14:53:20 UTC 2026","AuTestCatalogTask","","",""
"","44466","Каталог заданий: ЗПР ""Биология. 7.1"" — Класс 3","default","Thu Apr 02 15:57:51 UTC 2026","passed","Thu Apr 02 15:58:36 UTC 2026","AuTestCatalogTask","","",""
"","19231","Каталог заданий: Специальные курсы ""Физика. Базовый уровень"" — Класс 4","default","Thu Apr 02 15:08:54 UTC 2026","passed","Thu Apr 02 15:09:14 UTC 2026","AuTestCatalogTask","","",""
"","36527","Каталог заданий: Дополнительное образование ""Английский язык"" — Класс 5","default","Thu Apr 02 14:46:01 UTC 2026","passed","Thu Apr 02 14:46:38 UTC 2026","AuTestCatalogTask","","",""
"","26146","Каталог заданий: ТНР ""Биология. 5.1"" — Класс 5","default","Thu Apr 02 15:18:15 UTC 2026","passed","Thu Apr 02 15:18:41 UTC 2026","AuTestCatalogTask","","",""
"","58905","Каталог заданий: Слабослышащие ""Литература. 2.1"" — Класс 7","default","Thu Apr 02 15:49:54 UTC 2026","passed","Thu Apr 02 15:50:53 UTC 2026","AuTestCatalogTask","","",""
"","33486","Каталог заданий: Нарушение слуха ""Литература. 1.1"" — Класс 2","default","Thu Apr 02 15:41:44 UTC 2026","passed","Thu Apr 02 15:42:17 UTC 2026","AuTestCatalogTask","","",""
"","14791","Каталог заданий: НОДА ""Информатика. 6.1"" — Класс 2","default","Thu Apr 02 16:08:41 UTC 2026","passed","Thu Apr 02 16:08:55 UTC 2026","AuTestCatalogTask","","",""
"","25885","Каталог заданий: Слабовидящие ""Английский язык. 4.1"" — Класс 8","default","Thu Apr 02 15:36:09 UTC 2026","passed","Thu Apr 02 15:36:35 UTC 2026","AuTestCatalogTask","","",""
"","30093","Каталог заданий: Подготовка к ВПР ""История"" — Класс 1","default","Thu Apr 02 14:53:59 UTC 2026","passed","Thu Apr 02 14:54:29 UTC 2026","AuTestCatalogTask","","",""
"","12907","Каталог заданий: Школьная программа ""Информатика"" — Класс 1","default","Thu Apr 02 14:42:07 UTC 2026","passed","Thu Apr 02 14:42:20 UTC 2026","AuTestCatalogTask","","",""
"","15738","Каталог заданий: Школьная программа ""Вероятность и статистика"" — Класс 1","default","Thu Apr 02 14:43:36 UTC 2026","passed","Thu Apr 02 14:43:52 UTC 2026","AuTestCatalogTask","","",""
"","22297","Каталог заданий: Слепые ""Физика. 3.1"" — Класс 4","default","Thu Apr 02 15:30:21 UTC 2026","passed","Thu Apr 02 15:30:43 UTC 2026","AuTestCatalogTask","","",""
"","25614","Каталог заданий: Повторение пройденного материала ""Обществознание"" — Класс 4","default","Thu Apr 02 15:06:43 UTC 2026","passed","Thu Apr 02 15:07:08 UTC 2026","AuTestCatalogTask","","",""
"","20909","Каталог заданий: ТНР ""Русский язык. 5.1"" — Класс 10","default","Thu Apr 02 15:16:22 UTC 2026","passed","Thu Apr 02 15:16:43 UTC 2026","AuTestCatalogTask","","",""
"","26496","Каталог заданий: Подготовка к контрольным работам ""Алгебра и начала мат. анализа"" — Класс 1","default","Thu Apr 02 14:56:40 UTC 2026","passed","Thu Apr 02 14:57:06 UTC 2026","AuTestCatalogTask","","",""
"","18459","Каталог заданий: Подготовка к контрольным работам ""История"" — Класс 7","default","Thu Apr 02 14:58:50 UTC 2026","passed","Thu Apr 02 14:59:09 UTC 2026","AuTestCatalogTask","","",""
"","19105","Каталог заданий: Школьная программа ""Русский язык"" — Класс 10","default","Thu Apr 02 14:39:03 UTC 2026","passed","Thu Apr 02 14:39:23 UTC 2026","AuTestCatalogTask","","",""
"","48072","Каталог заданий: Слабослышащие ""История. 2.1"" — Класс 4","default","Thu Apr 02 15:50:37 UTC 2026","passed","Thu Apr 02 15:51:25 UTC 2026","AuTestCatalogTask","","",""
"","27405","Каталог заданий: РАС ""Русский язык. 8.1"" — Класс 1","default","Thu Apr 02 16:08:52 UTC 2026","passed","Thu Apr 02 16:09:20 UTC 2026","AuTestCatalogTask","","",""
"","20914","Каталог заданий: Подготовка к контрольным работам ""Русский язык"" — Класс 3","default","Thu Apr 02 14:55:31 UTC 2026","passed","Thu Apr 02 14:55:52 UTC 2026","AuTestCatalogTask","","",""
"","12844","Каталог заданий: Слепые ""Информатика. 3.1"" — Класс 2","default","Thu Apr 02 15:30:48 UTC 2026","passed","Thu Apr 02 15:31:01 UTC 2026","AuTestCatalogTask","","",""
"","49397","Каталог заданий: Слабослышащие ""Биология. 2.1"" — Класс 4","default","Thu Apr 02 15:48:34 UTC 2026","passed","Thu Apr 02 15:49:24 UTC 2026","AuTestCatalogTask","","",""
"","15168","Каталог заданий: НОДА ""Вероятность и статистика. 6.1"" — Класс 2","default","Thu Apr 02 16:08:19 UTC 2026","passed","Thu Apr 02 16:08:34 UTC 2026","AuTestCatalogTask","","",""
"","21614","Каталог заданий: Школьная программа ""Английский язык"" — Класс 8","default","Thu Apr 02 14:40:53 UTC 2026","passed","Thu Apr 02 14:41:14 UTC 2026","AuTestCatalogTask","","",""
"","18248","Каталог заданий: Школьная программа ""Вероятность и статистика"" — Класс 3","default","Thu Apr 02 14:43:50 UTC 2026","passed","Thu Apr 02 14:44:09 UTC 2026","AuTestCatalogTask","","",""
"","16919","Каталог заданий: Подготовка к контрольным работам ""Геометрия"" — Класс 1","default","Thu Apr 02 14:57:06 UTC 2026","passed","Thu Apr 02 14:57:23 UTC 2026","AuTestCatalogTask","","",""
