"DESCRIPTION","DURATION IN MS","NAME","PARENT SUITE","START TIME","STATUS","STOP TIME","SUB SUITE","SUITE","TEST CLASS","TEST METHOD"
"","20995","19. EORS: https://edu.ismart.org/catalog/907a4e-algebra-zpr/1-chisla-i-vychisleniya_SRhYMg?view=tasks&categoryCode=05f905-algebra-9-kl&auth=eyJhbGciOiJIUzI1NiIsInR5cCI6IkpXVCJ9.eyJpZCI6IjY1YzM0MWIyYjkyYzdhNWZiYWZlYjYwNyIsImlzQWN0aXZlIjp0cnVlLCJpc0d1ZXN0IjpmYWxzZSwiaXNSZWdpc3RyYXRpb25Db21wbGV0ZSI6dHJ1ZSwiaXNDb25maXJtRW1haWwiOmZhbHNlLCJzdHVkZW50cyI6W10sInV0Y09mZnNldCI6MTgwLCJyb2xlIjoic2Nob29sLXRlYWNoZXIiLCJsYXN0TmFtZSI6IiIsImZpcnN0TmFtZSI6ItCf0YDQvtGE0LXRgdGB0LjQvtC90LDQu9GM0L3Ri9C5IiwicGhvbmVOdW1iZXIiOiIiLCJsb2dpbiI6InRlYWNoZXJfZnVsbEBpc21hcnQub3JnIiwiZW1haWwiOiJ0ZWFjaGVyX2Z1bGxAaXNtYXJ0Lm9yZyIsImNvbnRyYWN0VHlwZSI6InByaXZhdGUiLCJleHRlcm5hbFVzZXJTb3VyY2UiOm51bGwsImdvZE1vZGUiOnRydWUsImVkdWNvbnQiOnt9LCJfaWQiOiI2NWMzNDFiMmI5MmM3YTVmYmFmZWI2MDcifQ.g8I_2Btv7rGXWFT_jbBB9c0iAVhZshRxVIA8nbNqh0s","default","Mon Oct 05 00:24:38 UTC 2026","passed","Mon Oct 05 00:24:59 UTC 2026","Tests Eors","","",""
"","28196","Каталог заданий: РАС ""Биология. 8.1"" — Класс 5","default","Mon Oct 05 03:56:06 UTC 2026","passed","Mon Oct 05 03:56:34 UTC 2026","AuTestCatalogTask","","",""
"","21198","Каталог заданий: Школьная программа ""Химия"" — Класс 3","default","Mon Oct 05 02:10:36 UTC 2026","passed","Mon Oct 05 02:10:57 UTC 2026","AuTestCatalogTask","","",""
"","26133","383. EORS: https://edu.ismart.org/catalog/3f4488-himiya-tnr/1-stroenie-atoma-i-ego-svyaz-so-svostvami-elementa_9sjbiO?view=tasks&categoryCode=818a25-9-klass&auth=eyJhbGciOiJIUzI1NiIsInR5cCI6IkpXVCJ9.eyJpZCI6IjY1YzM0MWIyYjkyYzdhNWZiYWZlYjYwNyIsImlzQWN0aXZlIjp0cnVlLCJpc0d1ZXN0IjpmYWxzZSwiaXNSZWdpc3RyYXRpb25Db21wbGV0ZSI6dHJ1ZSwiaXNDb25maXJtRW1haWwiOmZhbHNlLCJzdHVkZW50cyI6W10sInV0Y09mZnNldCI6MTgwLCJyb2xlIjoic2Nob29sLXRlYWNoZXIiLCJsYXN0TmFtZSI6IiIsImZpcnN0TmFtZSI6ItCf0YDQvtGE0LXRgdGB0LjQvtC90LDQu9GM0L3Ri9C5IiwicGhvbmVOdW1iZXIiOiIiLCJsb2dpbiI6InRlYWNoZXJfZnVsbEBpc21hcnQub3JnIiwiZW1haWwiOiJ0ZWFjaGVyX2Z1bGxAaXNtYXJ0Lm9yZyIsImNvbnRyYWN0VHlwZSI6InByaXZhdGUiLCJleHRlcm5hbFVzZXJTb3VyY2UiOm51bGwsImdvZE1vZGUiOnRydWUsImVkdWNvbnQiOnt9LCJfaWQiOiI2NWMzNDFiMmI5MmM3YTVmYmFmZWI2MDcifQ.g8I_2Btv7rGXWFT_jbBB9c0iAVhZshRxVIA8nbNqh0s","default","Mon Oct 05 01:12:34 UTC 2026","passed","Mon Oct 05 01:13:00 UTC 2026","Tests Eors","","",""
"","34350","Каталог заданий: Нарушение слуха ""История. 1.1"" — Класс 1","default","Mon Oct 05 03:16:26 UTC 2026","passed","Mon Oct 05 03:17:00 UTC 2026","AuTestCatalogTask","","",""
"","28635","Каталог заданий: НОДА ""Английский язык. 6.1"" — Класс 4","default","Mon Oct 05 03:48:02 UTC 2026","passed","Mon Oct 05 03:48:31 UTC 2026","AuTestCatalogTask","","",""
"","14714","Каталог заданий: РАС ""Информатика. 8.1"" — Класс 3","default","Mon Oct 05 03:59:04 UTC 2026","passed","Mon Oct 05 03:59:18 UTC 2026","AuTestCatalogTask","","",""
"","23661","Каталог заданий: Нарушение слуха ""Английский язык. 1.1"" — Класс 3","default","Mon Oct 05 03:18:20 UTC 2026","passed","Mon Oct 05 03:18:44 UTC 2026","AuTestCatalogTask","","",""
"","36498","268. EORS: https://edu.ismart.org/catalog/2835c0-biologiya-6-1/1-evoluciya-i-metody-ee-izucheniya_1T6EDw_Zed2MT?view=tasks&categoryCode=599ea0-11-kl&auth=eyJhbGciOiJIUzI1NiIsInR5cCI6IkpXVCJ9.eyJpZCI6IjY1YzM0MWIyYjkyYzdhNWZiYWZlYjYwNyIsImlzQWN0aXZlIjp0cnVlLCJpc0d1ZXN0IjpmYWxzZSwiaXNSZWdpc3RyYXRpb25Db21wbGV0ZSI6dHJ1ZSwiaXNDb25maXJtRW1haWwiOmZhbHNlLCJzdHVkZW50cyI6W10sInV0Y09mZnNldCI6MTgwLCJyb2xlIjoic2Nob29sLXRlYWNoZXIiLCJsYXN0TmFtZSI6IiIsImZpcnN0TmFtZSI6ItCf0YDQvtGE0LXRgdGB0LjQvtC90LDQu9GM0L3Ri9C5IiwicGhvbmVOdW1iZXIiOiIiLCJsb2dpbiI6InRlYWNoZXJfZnVsbEBpc21hcnQub3JnIiwiZW1haWwiOiJ0ZWFjaGVyX2Z1bGxAaXNtYXJ0Lm9yZyIsImNvbnRyYWN0VHlwZSI6InByaXZhdGUiLCJleHRlcm5hbFVzZXJTb3VyY2UiOm51bGwsImdvZE1vZGUiOnRydWUsImVkdWNvbnQiOnt9LCJfaWQiOiI2NWMzNDFiMmI5MmM3YTVmYmFmZWI2MDcifQ.g8I_2Btv7rGXWFT_jbBB9c0iAVhZshRxVIA8nbNqh0s","default","Mon Oct 05 00:57:44 UTC 2026","passed","Mon Oct 05 00:58:21 UTC 2026","Tests Eors","","",""
"","18304","Каталог заданий: Нарушение слуха ""Геометрия. 1.1"" — Класс 4","default","Mon Oct 05 03:14:56 UTC 2026","passed","Mon Oct 05 03:15:14 UTC 2026","AuTestCatalogTask","","",""
"","25443","Каталог заданий: Нарушение слуха ""Английский язык. 1.1"" — Класс 9","default","Mon Oct 05 03:18:51 UTC 2026","passed","Mon Oct 05 03:19:16 UTC 2026","AuTestCatalogTask","","",""
"","22774","261. EORS: https://edu.ismart.org/catalog/574f8c-geometriya/101-pryamye-i-ploskosti-v-prostranstve-parallelnost-pryamyh-i-ploskoste?view=tasks&class=64bfa63cd00b08794c3f8b29&auth=eyJhbGciOiJIUzI1NiIsInR5cCI6IkpXVCJ9.eyJpZCI6IjY1YzM0MWIyYjkyYzdhNWZiYWZlYjYwNyIsImlzQWN0aXZlIjp0cnVlLCJpc0d1ZXN0IjpmYWxzZSwiaXNSZWdpc3RyYXRpb25Db21wbGV0ZSI6dHJ1ZSwiaXNDb25maXJtRW1haWwiOmZhbHNlLCJzdHVkZW50cyI6W10sInV0Y09mZnNldCI6MTgwLCJyb2xlIjoic2Nob29sLXRlYWNoZXIiLCJsYXN0TmFtZSI6IiIsImZpcnN0TmFtZSI6ItCf0YDQvtGE0LXRgdGB0LjQvtC90LDQu9GM0L3Ri9C5IiwicGhvbmVOdW1iZXIiOiIiLCJsb2dpbiI6InRlYWNoZXJfZnVsbEBpc21hcnQub3JnIiwiZW1haWwiOiJ0ZWFjaGVyX2Z1bGxAaXNtYXJ0Lm9yZyIsImNvbnRyYWN0VHlwZSI6InByaXZhdGUiLCJleHRlcm5hbFVzZXJTb3VyY2UiOm51bGwsImdvZE1vZGUiOnRydWUsImVkdWNvbnQiOnt9LCJfaWQiOiI2NWMzNDFiMmI5MmM3YTVmYmFmZWI2MDcifQ.g8I_2Btv7rGXWFT_jbBB9c0iAVhZshRxVIA8nbNqh0s","default","Mon Oct 05 00:56:36 UTC 2026","passed","Mon Oct 05 00:56:59 UTC 2026","Tests Eors","","",""
"","22572","12. EORS: https://edu.ismart.org/catalog/04e661-angliiskii-yazik/100-vhodnoe-testirovanie?view=tasks&class=5ef1b652250d56001b4f771b&auth=eyJhbGciOiJIUzI1NiIsInR5cCI6IkpXVCJ9.eyJpZCI6IjY1YzM0MWIyYjkyYzdhNWZiYWZlYjYwNyIsImlzQWN0aXZlIjp0cnVlLCJpc0d1ZXN0IjpmYWxzZSwiaXNSZWdpc3RyYXRpb25Db21wbGV0ZSI6dHJ1ZSwiaXNDb25maXJtRW1haWwiOmZhbHNlLCJzdHVkZW50cyI6W10sInV0Y09mZnNldCI6MTgwLCJyb2xlIjoic2Nob29sLXRlYWNoZXIiLCJsYXN0TmFtZSI6IiIsImZpcnN0TmFtZSI6ItCf0YDQvtGE0LXRgdGB0LjQvtC90LDQu9GM0L3Ri9C5IiwicGhvbmVOdW1iZXIiOiIiLCJsb2dpbiI6InRlYWNoZXJfZnVsbEBpc21hcnQub3JnIiwiZW1haWwiOiJ0ZWFjaGVyX2Z1bGxAaXNtYXJ0Lm9yZyIsImNvbnRyYWN0VHlwZSI6InByaXZhdGUiLCJleHRlcm5hbFVzZXJTb3VyY2UiOm51bGwsImdvZE1vZGUiOnRydWUsImVkdWNvbnQiOnt9LCJfaWQiOiI2NWMzNDFiMmI5MmM3YTVmYmFmZWI2MDcifQ.g8I_2Btv7rGXWFT_jbBB9c0iAVhZshRxVIA8nbNqh0s","default","Mon Oct 05 00:23:36 UTC 2026","passed","Mon Oct 05 00:23:59 UTC 2026","Tests Eors","","",""
"","32936","498. EORS: https://edu.ismart.org/catalog/52c0ce-veroyatnost-i-statistika-8-1/11-rasseivanie-dannyh-veroyatnost-i-statistika_AbuGS7_FzwhWp?view=tasks&categoryCode=aef796-8-kl&auth=eyJhbGciOiJIUzI1NiIsInR5cCI6IkpXVCJ9.eyJpZCI6IjY1YzM0MWIyYjkyYzdhNWZiYWZlYjYwNyIsImlzQWN0aXZlIjp0cnVlLCJpc0d1ZXN0IjpmYWxzZSwiaXNSZWdpc3RyYXRpb25Db21wbGV0ZSI6dHJ1ZSwiaXNDb25maXJtRW1haWwiOmZhbHNlLCJzdHVkZW50cyI6W10sInV0Y09mZnNldCI6MTgwLCJyb2xlIjoic2Nob29sLXRlYWNoZXIiLCJsYXN0TmFtZSI6IiIsImZpcnN0TmFtZSI6ItCf0YDQvtGE0LXRgdGB0LjQvtC90LDQu9GM0L3Ri9C5IiwicGhvbmVOdW1iZXIiOiIiLCJsb2dpbiI6InRlYWNoZXJfZnVsbEBpc21hcnQub3JnIiwiZW1haWwiOiJ0ZWFjaGVyX2Z1bGxAaXNtYXJ0Lm9yZyIsImNvbnRyYWN0VHlwZSI6InByaXZhdGUiLCJleHRlcm5hbFVzZXJTb3VyY2UiOm51bGwsImdvZE1vZGUiOnRydWUsImVkdWNvbnQiOnt9LCJfaWQiOiI2NWMzNDFiMmI5MmM3YTVmYmFmZWI2MDcifQ.g8I_2Btv7rGXWFT_jbBB9c0iAVhZshRxVIA8nbNqh0s","default","Mon Oct 05 01:27:54 UTC 2026","passed","Mon Oct 05 01:28:27 UTC 2026","Tests Eors","","",""
"","30362","Каталог заданий: Нарушение слуха ""Математика. 1.1"" — Класс 4","default","Mon Oct 05 03:13:42 UTC 2026","passed","Mon Oct 05 03:14:13 UTC 2026","AuTestCatalogTask","","",""
"","20143","Каталог заданий: Слабовидящие ""Физика. 4.1"" — Класс 5","default","Mon Oct 05 03:11:48 UTC 2026","passed","Mon Oct 05 03:12:08 UTC 2026","AuTestCatalogTask","","",""
"","14560","Каталог заданий: Нарушение слуха ""Алгебра. 1.1"" — Класс 1","default","Mon Oct 05 03:14:07 UTC 2026","passed","Mon Oct 05 03:14:21 UTC 2026","AuTestCatalogTask","","",""
"","34235","Каталог заданий: РАС ""История. 8.1"" — Класс 1","default","Mon Oct 05 03:53:33 UTC 2026","passed","Mon Oct 05 03:54:07 UTC 2026","AuTestCatalogTask","","",""
"","22073","242. EORS: https://edu.ismart.org/catalog/c0b22a-russkii-yazik-narushenie-sluha/orfografiya_xGydSu?view=tasks&categoryCode=51302c-russkii-yazik-8-kl&auth=eyJhbGciOiJIUzI1NiIsInR5cCI6IkpXVCJ9.eyJpZCI6IjY1YzM0MWIyYjkyYzdhNWZiYWZlYjYwNyIsImlzQWN0aXZlIjp0cnVlLCJpc0d1ZXN0IjpmYWxzZSwiaXNSZWdpc3RyYXRpb25Db21wbGV0ZSI6dHJ1ZSwiaXNDb25maXJtRW1haWwiOmZhbHNlLCJzdHVkZW50cyI6W10sInV0Y09mZnNldCI6MTgwLCJyb2xlIjoic2Nob29sLXRlYWNoZXIiLCJsYXN0TmFtZSI6IiIsImZpcnN0TmFtZSI6ItCf0YDQvtGE0LXRgdGB0LjQvtC90LDQu9GM0L3Ri9C5IiwicGhvbmVOdW1iZXIiOiIiLCJsb2dpbiI6InRlYWNoZXJfZnVsbEBpc21hcnQub3JnIiwiZW1haWwiOiJ0ZWFjaGVyX2Z1bGxAaXNtYXJ0Lm9yZyIsImNvbnRyYWN0VHlwZSI6InByaXZhdGUiLCJleHRlcm5hbFVzZXJTb3VyY2UiOm51bGwsImdvZE1vZGUiOnRydWUsImVkdWNvbnQiOnt9LCJfaWQiOiI2NWMzNDFiMmI5MmM3YTVmYmFmZWI2MDcifQ.g8I_2Btv7rGXWFT_jbBB9c0iAVhZshRxVIA8nbNqh0s","default","Mon Oct 05 00:53:56 UTC 2026","passed","Mon Oct 05 00:54:18 UTC 2026","Tests Eors","","",""
"","24885","410. EORS: https://edu.ismart.org/catalog/a58645-biologiya-8-1/1-zoologiya--nauka-o-jivotnyh_ntm9oC_B4QLvz?view=tasks&categoryCode=8f0a8d-8-kl&auth=eyJhbGciOiJIUzI1NiIsInR5cCI6IkpXVCJ9.eyJpZCI6IjY1YzM0MWIyYjkyYzdhNWZiYWZlYjYwNyIsImlzQWN0aXZlIjp0cnVlLCJpc0d1ZXN0IjpmYWxzZSwiaXNSZWdpc3RyYXRpb25Db21wbGV0ZSI6dHJ1ZSwiaXNDb25maXJtRW1haWwiOmZhbHNlLCJzdHVkZW50cyI6W10sInV0Y09mZnNldCI6MTgwLCJyb2xlIjoic2Nob29sLXRlYWNoZXIiLCJsYXN0TmFtZSI6IiIsImZpcnN0TmFtZSI6ItCf0YDQvtGE0LXRgdGB0LjQvtC90LDQu9GM0L3Ri9C5IiwicGhvbmVOdW1iZXIiOiIiLCJsb2dpbiI6InRlYWNoZXJfZnVsbEBpc21hcnQub3JnIiwiZW1haWwiOiJ0ZWFjaGVyX2Z1bGxAaXNtYXJ0Lm9yZyIsImNvbnRyYWN0VHlwZSI6InByaXZhdGUiLCJleHRlcm5hbFVzZXJTb3VyY2UiOm51bGwsImdvZE1vZGUiOnRydWUsImVkdWNvbnQiOnt9LCJfaWQiOiI2NWMzNDFiMmI5MmM3YTVmYmFmZWI2MDcifQ.g8I_2Btv7rGXWFT_jbBB9c0iAVhZshRxVIA8nbNqh0s","default","Mon Oct 05 01:15:58 UTC 2026","passed","Mon Oct 05 01:16:23 UTC 2026","Tests Eors","","",""
"","41269","Каталог заданий: РАС ""Русский язык. 8.1"" — Класс 3","default","Mon Oct 05 03:49:39 UTC 2026","passed","Mon Oct 05 03:50:20 UTC 2026","AuTestCatalogTask","","",""
"","34309","Каталог заданий: Слабослышащие ""Химия. 2.1"" — Класс 2","default","Mon Oct 05 03:27:44 UTC 2026","passed","Mon Oct 05 03:28:19 UTC 2026","AuTestCatalogTask","","",""
"","23082","Каталог заданий: Подготовка к ВПР ""Физика"" — Класс 3","default","Mon Oct 05 02:24:26 UTC 2026","passed","Mon Oct 05 02:24:49 UTC 2026","AuTestCatalogTask","","",""
"","23510","223. EORS: https://edu.ismart.org/catalog/4d3b04-veroyatnost-i-statistika/101-statistika-mnojestva?view=tasks&class=5f63090daee1af001b415303&auth=eyJhbGciOiJIUzI1NiIsInR5cCI6IkpXVCJ9.eyJpZCI6IjY1YzM0MWIyYjkyYzdhNWZiYWZlYjYwNyIsImlzQWN0aXZlIjp0cnVlLCJpc0d1ZXN0IjpmYWxzZSwiaXNSZWdpc3RyYXRpb25Db21wbGV0ZSI6dHJ1ZSwiaXNDb25maXJtRW1haWwiOmZhbHNlLCJzdHVkZW50cyI6W10sInV0Y09mZnNldCI6MTgwLCJyb2xlIjoic2Nob29sLXRlYWNoZXIiLCJsYXN0TmFtZSI6IiIsImZpcnN0TmFtZSI6ItCf0YDQvtGE0LXRgdGB0LjQvtC90LDQu9GM0L3Ri9C5IiwicGhvbmVOdW1iZXIiOiIiLCJsb2dpbiI6InRlYWNoZXJfZnVsbEBpc21hcnQub3JnIiwiZW1haWwiOiJ0ZWFjaGVyX2Z1bGxAaXNtYXJ0Lm9yZyIsImNvbnRyYWN0VHlwZSI6InByaXZhdGUiLCJleHRlcm5hbFVzZXJTb3VyY2UiOm51bGwsImdvZE1vZGUiOnRydWUsImVkdWNvbnQiOnt9LCJfaWQiOiI2NWMzNDFiMmI5MmM3YTVmYmFmZWI2MDcifQ.g8I_2Btv7rGXWFT_jbBB9c0iAVhZshRxVIA8nbNqh0s","default","Mon Oct 05 00:51:41 UTC 2026","passed","Mon Oct 05 00:52:04 UTC 2026","Tests Eors","","",""
"","26233","278. EORS: https://edu.ismart.org/catalog/3f4488-himiya-tnr/1-teoreticheskie-osnovy-organichesko-himii-_SvX2Mh?view=tasks&categoryCode=5d57e7-10-klass&auth=eyJhbGciOiJIUzI1NiIsInR5cCI6IkpXVCJ9.eyJpZCI6IjY1YzM0MWIyYjkyYzdhNWZiYWZlYjYwNyIsImlzQWN0aXZlIjp0cnVlLCJpc0d1ZXN0IjpmYWxzZSwiaXNSZWdpc3RyYXRpb25Db21wbGV0ZSI6dHJ1ZSwiaXNDb25maXJtRW1haWwiOmZhbHNlLCJzdHVkZW50cyI6W10sInV0Y09mZnNldCI6MTgwLCJyb2xlIjoic2Nob29sLXRlYWNoZXIiLCJsYXN0TmFtZSI6IiIsImZpcnN0TmFtZSI6ItCf0YDQvtGE0LXRgdGB0LjQvtC90LDQu9GM0L3Ri9C5IiwicGhvbmVOdW1iZXIiOiIiLCJsb2dpbiI6InRlYWNoZXJfZnVsbEBpc21hcnQub3JnIiwiZW1haWwiOiJ0ZWFjaGVyX2Z1bGxAaXNtYXJ0Lm9yZyIsImNvbnRyYWN0VHlwZSI6InByaXZhdGUiLCJleHRlcm5hbFVzZXJTb3VyY2UiOm51bGwsImdvZE1vZGUiOnRydWUsImVkdWNvbnQiOnt9LCJfaWQiOiI2NWMzNDFiMmI5MmM3YTVmYmFmZWI2MDcifQ.g8I_2Btv7rGXWFT_jbBB9c0iAVhZshRxVIA8nbNqh0s","default","Mon Oct 05 00:59:03 UTC 2026","passed","Mon Oct 05 00:59:30 UTC 2026","Tests Eors","","",""
"","26280","100. EORS: https://edu.ismart.org/catalog/219c63-matematika/601-naturalnye-chisla-arifmeticheskie-destviya-s-naturalnymi-chislami?view=tasks&class=5f197003b96284001b29733d&auth=eyJhbGciOiJIUzI1NiIsInR5cCI6IkpXVCJ9.eyJpZCI6IjY1YzM0MWIyYjkyYzdhNWZiYWZlYjYwNyIsImlzQWN0aXZlIjp0cnVlLCJpc0d1ZXN0IjpmYWxzZSwiaXNSZWdpc3RyYXRpb25Db21wbGV0ZSI6dHJ1ZSwiaXNDb25maXJtRW1haWwiOmZhbHNlLCJzdHVkZW50cyI6W10sInV0Y09mZnNldCI6MTgwLCJyb2xlIjoic2Nob29sLXRlYWNoZXIiLCJsYXN0TmFtZSI6IiIsImZpcnN0TmFtZSI6ItCf0YDQvtGE0LXRgdGB0LjQvtC90LDQu9GM0L3Ri9C5IiwicGhvbmVOdW1iZXIiOiIiLCJsb2dpbiI6InRlYWNoZXJfZnVsbEBpc21hcnQub3JnIiwiZW1haWwiOiJ0ZWFjaGVyX2Z1bGxAaXNtYXJ0Lm9yZyIsImNvbnRyYWN0VHlwZSI6InByaXZhdGUiLCJleHRlcm5hbFVzZXJTb3VyY2UiOm51bGwsImdvZE1vZGUiOnRydWUsImVkdWNvbnQiOnt9LCJfaWQiOiI2NWMzNDFiMmI5MmM3YTVmYmFmZWI2MDcifQ.g8I_2Btv7rGXWFT_jbBB9c0iAVhZshRxVIA8nbNqh0s","default","Mon Oct 05 00:35:43 UTC 2026","passed","Mon Oct 05 00:36:09 UTC 2026","Tests Eors","","",""
"","29974","Каталог заданий: Подготовка к ВПР ""Математика"" — Класс 2","default","Mon Oct 05 02:21:03 UTC 2026","passed","Mon Oct 05 02:21:33 UTC 2026","AuTestCatalogTask","","",""
"","48002","339. EORS: https://edu.ismart.org/catalog/7561b0-razvitie-orfograficheskoi-zorkosti/201-razvitie-orfografichesko-zorkosti?view=tasks&class=5a3cef178409440019b57b37&auth=eyJhbGciOiJIUzI1NiIsInR5cCI6IkpXVCJ9.eyJpZCI6IjY1YzM0MWIyYjkyYzdhNWZiYWZlYjYwNyIsImlzQWN0aXZlIjp0cnVlLCJpc0d1ZXN0IjpmYWxzZSwiaXNSZWdpc3RyYXRpb25Db21wbGV0ZSI6dHJ1ZSwiaXNDb25maXJtRW1haWwiOmZhbHNlLCJzdHVkZW50cyI6W10sInV0Y09mZnNldCI6MTgwLCJyb2xlIjoic2Nob29sLXRlYWNoZXIiLCJsYXN0TmFtZSI6IiIsImZpcnN0TmFtZSI6ItCf0YDQvtGE0LXRgdGB0LjQvtC90LDQu9GM0L3Ri9C5IiwicGhvbmVOdW1iZXIiOiIiLCJsb2dpbiI6InRlYWNoZXJfZnVsbEBpc21hcnQub3JnIiwiZW1haWwiOiJ0ZWFjaGVyX2Z1bGxAaXNtYXJ0Lm9yZyIsImNvbnRyYWN0VHlwZSI6InByaXZhdGUiLCJleHRlcm5hbFVzZXJTb3VyY2UiOm51bGwsImdvZE1vZGUiOnRydWUsImVkdWNvbnQiOnt9LCJfaWQiOiI2NWMzNDFiMmI5MmM3YTVmYmFmZWI2MDcifQ.g8I_2Btv7rGXWFT_jbBB9c0iAVhZshRxVIA8nbNqh0s","default","Mon Oct 05 01:06:58 UTC 2026","failed","Mon Oct 05 01:07:46 UTC 2026","Tests Eors","","",""
"","13822","Каталог заданий: Слабовидящие ""Обществознание. 4.1"" — Класс 1","default","Mon Oct 05 03:09:22 UTC 2026","passed","Mon Oct 05 03:09:36 UTC 2026","AuTestCatalogTask","","",""
"","34339","Каталог заданий: Дополнительное образование ""Математика"" — Класс 1","default","Mon Oct 05 02:12:14 UTC 2026","passed","Mon Oct 05 02:12:48 UTC 2026","AuTestCatalogTask","","",""
"","20367","Каталог заданий: Нарушение слуха ""Физика. 1.1"" — Класс 5","default","Mon Oct 05 03:21:14 UTC 2026","passed","Mon Oct 05 03:21:34 UTC 2026","AuTestCatalogTask","","",""
"","22633","18. EORS: https://edu.ismart.org/catalog/04e661-angliiskii-yazik/101-vhodnoe-testirovanie?view=tasks&class=64bfa63cd00b08794c3f8b29&auth=eyJhbGciOiJIUzI1NiIsInR5cCI6IkpXVCJ9.eyJpZCI6IjY1YzM0MWIyYjkyYzdhNWZiYWZlYjYwNyIsImlzQWN0aXZlIjp0cnVlLCJpc0d1ZXN0IjpmYWxzZSwiaXNSZWdpc3RyYXRpb25Db21wbGV0ZSI6dHJ1ZSwiaXNDb25maXJtRW1haWwiOmZhbHNlLCJzdHVkZW50cyI6W10sInV0Y09mZnNldCI6MTgwLCJyb2xlIjoic2Nob29sLXRlYWNoZXIiLCJsYXN0TmFtZSI6IiIsImZpcnN0TmFtZSI6ItCf0YDQvtGE0LXRgdGB0LjQvtC90LDQu9GM0L3Ri9C5IiwicGhvbmVOdW1iZXIiOiIiLCJsb2dpbiI6InRlYWNoZXJfZnVsbEBpc21hcnQub3JnIiwiZW1haWwiOiJ0ZWFjaGVyX2Z1bGxAaXNtYXJ0Lm9yZyIsImNvbnRyYWN0VHlwZSI6InByaXZhdGUiLCJleHRlcm5hbFVzZXJTb3VyY2UiOm51bGwsImdvZE1vZGUiOnRydWUsImVkdWNvbnQiOnt9LCJfaWQiOiI2NWMzNDFiMmI5MmM3YTVmYmFmZWI2MDcifQ.g8I_2Btv7rGXWFT_jbBB9c0iAVhZshRxVIA8nbNqh0s","default","Mon Oct 05 00:24:23 UTC 2026","passed","Mon Oct 05 00:24:46 UTC 2026","Tests Eors","","",""
"","28473","484. EORS: https://edu.ismart.org/catalog/32ade4-fizika-1-1/1-osnovy-elektrodinamiki-_4rVVkw_44D3m4?view=tasks&categoryCode=aad534-11-klass&auth=eyJhbGciOiJIUzI1NiIsInR5cCI6IkpXVCJ9.eyJpZCI6IjY1YzM0MWIyYjkyYzdhNWZiYWZlYjYwNyIsImlzQWN0aXZlIjp0cnVlLCJpc0d1ZXN0IjpmYWxzZSwiaXNSZWdpc3RyYXRpb25Db21wbGV0ZSI6dHJ1ZSwiaXNDb25maXJtRW1haWwiOmZhbHNlLCJzdHVkZW50cyI6W10sInV0Y09mZnNldCI6MTgwLCJyb2xlIjoic2Nob29sLXRlYWNoZXIiLCJsYXN0TmFtZSI6IiIsImZpcnN0TmFtZSI6ItCf0YDQvtGE0LXRgdGB0LjQvtC90LDQu9GM0L3Ri9C5IiwicGhvbmVOdW1iZXIiOiIiLCJsb2dpbiI6InRlYWNoZXJfZnVsbEBpc21hcnQub3JnIiwiZW1haWwiOiJ0ZWFjaGVyX2Z1bGxAaXNtYXJ0Lm9yZyIsImNvbnRyYWN0VHlwZSI6InByaXZhdGUiLCJleHRlcm5hbFVzZXJTb3VyY2UiOm51bGwsImdvZE1vZGUiOnRydWUsImVkdWNvbnQiOnt9LCJfaWQiOiI2NWMzNDFiMmI5MmM3YTVmYmFmZWI2MDcifQ.g8I_2Btv7rGXWFT_jbBB9c0iAVhZshRxVIA8nbNqh0s","default","Mon Oct 05 01:25:42 UTC 2026","passed","Mon Oct 05 01:26:10 UTC 2026","Tests Eors","","",""
"","24578","Каталог заданий: Подготовка к контрольным работам ""Литература"" — Класс 6","default","Mon Oct 05 02:29:06 UTC 2026","passed","Mon Oct 05 02:29:30 UTC 2026","AuTestCatalogTask","","",""
"","22486","9. EORS: https://edu.ismart.org/catalog/04e661-angliiskii-yazik/100-moya-semya?view=tasks&class=5a3cef178409440019b57b37&auth=eyJhbGciOiJIUzI1NiIsInR5cCI6IkpXVCJ9.eyJpZCI6IjY1YzM0MWIyYjkyYzdhNWZiYWZlYjYwNyIsImlzQWN0aXZlIjp0cnVlLCJpc0d1ZXN0IjpmYWxzZSwiaXNSZWdpc3RyYXRpb25Db21wbGV0ZSI6dHJ1ZSwiaXNDb25maXJtRW1haWwiOmZhbHNlLCJzdHVkZW50cyI6W10sInV0Y09mZnNldCI6MTgwLCJyb2xlIjoic2Nob29sLXRlYWNoZXIiLCJsYXN0TmFtZSI6IiIsImZpcnN0TmFtZSI6ItCf0YDQvtGE0LXRgdGB0LjQvtC90LDQu9GM0L3Ri9C5IiwicGhvbmVOdW1iZXIiOiIiLCJsb2dpbiI6InRlYWNoZXJfZnVsbEBpc21hcnQub3JnIiwiZW1haWwiOiJ0ZWFjaGVyX2Z1bGxAaXNtYXJ0Lm9yZyIsImNvbnRyYWN0VHlwZSI6InByaXZhdGUiLCJleHRlcm5hbFVzZXJTb3VyY2UiOm51bGwsImdvZE1vZGUiOnRydWUsImVkdWNvbnQiOnt9LCJfaWQiOiI2NWMzNDFiMmI5MmM3YTVmYmFmZWI2MDcifQ.g8I_2Btv7rGXWFT_jbBB9c0iAVhZshRxVIA8nbNqh0s","default","Mon Oct 05 00:23:14 UTC 2026","passed","Mon Oct 05 00:23:36 UTC 2026","Tests Eors","","",""
"","50730","511. EORS: https://edu.ismart.org/catalog/b32e37-chto-nuzhno-znat-o-pravopisanii-slov-dlya-5-9-klassov/201-chto-nujno-znat-o-predlojenii?view=tasks&class=61a71c551b0ad63754c198e9&auth=eyJhbGciOiJIUzI1NiIsInR5cCI6IkpXVCJ9.eyJpZCI6IjY1YzM0MWIyYjkyYzdhNWZiYWZlYjYwNyIsImlzQWN0aXZlIjp0cnVlLCJpc0d1ZXN0IjpmYWxzZSwiaXNSZWdpc3RyYXRpb25Db21wbGV0ZSI6dHJ1ZSwiaXNDb25maXJtRW1haWwiOmZhbHNlLCJzdHVkZW50cyI6W10sInV0Y09mZnNldCI6MTgwLCJyb2xlIjoic2Nob29sLXRlYWNoZXIiLCJsYXN0TmFtZSI6IiIsImZpcnN0TmFtZSI6ItCf0YDQvtGE0LXRgdGB0LjQvtC90LDQu9GM0L3Ri9C5IiwicGhvbmVOdW1iZXIiOiIiLCJsb2dpbiI6InRlYWNoZXJfZnVsbEBpc21hcnQub3JnIiwiZW1haWwiOiJ0ZWFjaGVyX2Z1bGxAaXNtYXJ0Lm9yZyIsImNvbnRyYWN0VHlwZSI6InByaXZhdGUiLCJleHRlcm5hbFVzZXJTb3VyY2UiOm51bGwsImdvZE1vZGUiOnRydWUsImVkdWNvbnQiOnt9LCJfaWQiOiI2NWMzNDFiMmI5MmM3YTVmYmFmZWI2MDcifQ.g8I_2Btv7rGXWFT_jbBB9c0iAVhZshRxVIA8nbNqh0s","default","Mon Oct 05 01:29:51 UTC 2026","failed","Mon Oct 05 01:30:42 UTC 2026","Tests Eors","","",""
"","26581","Каталог заданий: РАС ""Окружающий мир. 8.1"" — Класс 1","default","Mon Oct 05 03:52:17 UTC 2026","passed","Mon Oct 05 03:52:43 UTC 2026","AuTestCatalogTask","","",""
"","23956","398. EORS: https://edu.ismart.org/catalog/c3aa52-angliiskii-yazik-6-1/1-vzaimootnosheniya-v-seme-i-s-druzyami-semenye-prazdniki_6wmfhB_xXbviH?view=tasks&categoryCode=8b1846-6-kl&auth=eyJhbGciOiJIUzI1NiIsInR5cCI6IkpXVCJ9.eyJpZCI6IjY1YzM0MWIyYjkyYzdhNWZiYWZlYjYwNyIsImlzQWN0aXZlIjp0cnVlLCJpc0d1ZXN0IjpmYWxzZSwiaXNSZWdpc3RyYXRpb25Db21wbGV0ZSI6dHJ1ZSwiaXNDb25maXJtRW1haWwiOmZhbHNlLCJzdHVkZW50cyI6W10sInV0Y09mZnNldCI6MTgwLCJyb2xlIjoic2Nob29sLXRlYWNoZXIiLCJsYXN0TmFtZSI6IiIsImZpcnN0TmFtZSI6ItCf0YDQvtGE0LXRgdGB0LjQvtC90LDQu9GM0L3Ri9C5IiwicGhvbmVOdW1iZXIiOiIiLCJsb2dpbiI6InRlYWNoZXJfZnVsbEBpc21hcnQub3JnIiwiZW1haWwiOiJ0ZWFjaGVyX2Z1bGxAaXNtYXJ0Lm9yZyIsImNvbnRyYWN0VHlwZSI6InByaXZhdGUiLCJleHRlcm5hbFVzZXJTb3VyY2UiOm51bGwsImdvZE1vZGUiOnRydWUsImVkdWNvbnQiOnt9LCJfaWQiOiI2NWMzNDFiMmI5MmM3YTVmYmFmZWI2MDcifQ.g8I_2Btv7rGXWFT_jbBB9c0iAVhZshRxVIA8nbNqh0s","default","Mon Oct 05 01:14:17 UTC 2026","passed","Mon Oct 05 01:14:41 UTC 2026","Tests Eors","","",""
"","30110","79. EORS: https://edu.ismart.org/catalog/f5f53c-matematika-ras/100-1-chisla-i-velichiny-chisla-v-predelah-1-000-000_zqGExM?view=tasks&categoryCode=1ba3f5-matematika-4-kl&auth=eyJhbGciOiJIUzI1NiIsInR5cCI6IkpXVCJ9.eyJpZCI6IjY1YzM0MWIyYjkyYzdhNWZiYWZlYjYwNyIsImlzQWN0aXZlIjp0cnVlLCJpc0d1ZXN0IjpmYWxzZSwiaXNSZWdpc3RyYXRpb25Db21wbGV0ZSI6dHJ1ZSwiaXNDb25maXJtRW1haWwiOmZhbHNlLCJzdHVkZW50cyI6W10sInV0Y09mZnNldCI6MTgwLCJyb2xlIjoic2Nob29sLXRlYWNoZXIiLCJsYXN0TmFtZSI6IiIsImZpcnN0TmFtZSI6ItCf0YDQvtGE0LXRgdGB0LjQvtC90LDQu9GM0L3Ri9C5IiwicGhvbmVOdW1iZXIiOiIiLCJsb2dpbiI6InRlYWNoZXJfZnVsbEBpc21hcnQub3JnIiwiZW1haWwiOiJ0ZWFjaGVyX2Z1bGxAaXNtYXJ0Lm9yZyIsImNvbnRyYWN0VHlwZSI6InByaXZhdGUiLCJleHRlcm5hbFVzZXJTb3VyY2UiOm51bGwsImdvZE1vZGUiOnRydWUsImVkdWNvbnQiOnt9LCJfaWQiOiI2NWMzNDFiMmI5MmM3YTVmYmFmZWI2MDcifQ.g8I_2Btv7rGXWFT_jbBB9c0iAVhZshRxVIA8nbNqh0s","default","Mon Oct 05 00:32:59 UTC 2026","passed","Mon Oct 05 00:33:29 UTC 2026","Tests Eors","","",""
"","24376","249. EORS: https://edu.ismart.org/catalog/4c5ed4-literatura-8-1/1-ai-kuprin-rasskazy--i-povesti_uvJFQX_nYrH4s?view=tasks&categoryCode=53b8a9-11-kl&auth=eyJhbGciOiJIUzI1NiIsInR5cCI6IkpXVCJ9.eyJpZCI6IjY1YzM0MWIyYjkyYzdhNWZiYWZlYjYwNyIsImlzQWN0aXZlIjp0cnVlLCJpc0d1ZXN0IjpmYWxzZSwiaXNSZWdpc3RyYXRpb25Db21wbGV0ZSI6dHJ1ZSwiaXNDb25maXJtRW1haWwiOmZhbHNlLCJzdHVkZW50cyI6W10sInV0Y09mZnNldCI6MTgwLCJyb2xlIjoic2Nob29sLXRlYWNoZXIiLCJsYXN0TmFtZSI6IiIsImZpcnN0TmFtZSI6ItCf0YDQvtGE0LXRgdGB0LjQvtC90LDQu9GM0L3Ri9C5IiwicGhvbmVOdW1iZXIiOiIiLCJsb2dpbiI6InRlYWNoZXJfZnVsbEBpc21hcnQub3JnIiwiZW1haWwiOiJ0ZWFjaGVyX2Z1bGxAaXNtYXJ0Lm9yZyIsImNvbnRyYWN0VHlwZSI6InByaXZhdGUiLCJleHRlcm5hbFVzZXJTb3VyY2UiOm51bGwsImdvZE1vZGUiOnRydWUsImVkdWNvbnQiOnt9LCJfaWQiOiI2NWMzNDFiMmI5MmM3YTVmYmFmZWI2MDcifQ.g8I_2Btv7rGXWFT_jbBB9c0iAVhZshRxVIA8nbNqh0s","default","Mon Oct 05 00:54:42 UTC 2026","passed","Mon Oct 05 00:55:06 UTC 2026","Tests Eors","","",""
"","20788","Каталог заданий: Школьная программа ""Русский язык"" — Класс 10","default","Mon Oct 05 02:05:33 UTC 2026","passed","Mon Oct 05 02:05:54 UTC 2026","AuTestCatalogTask","","",""
"","28846","Каталог заданий: Дополнительное образование ""Окружающий мир"" — Класс 3","default","Mon Oct 05 02:14:17 UTC 2026","passed","Mon Oct 05 02:14:46 UTC 2026","AuTestCatalogTask","","",""
"","11567","Каталог заданий: Русский язык пакеты ""Пунктуационная грамотность (5-9 кл.)"" — Класс 4","default","Mon Oct 05 02:43:34 UTC 2026","passed","Mon Oct 05 02:43:45 UTC 2026","AuTestCatalogTask","","",""
"","29679","Каталог заданий: Слабовидящие ""Литература. 4.1"" — Класс 6","default","Mon Oct 05 03:06:51 UTC 2026","passed","Mon Oct 05 03:07:21 UTC 2026","AuTestCatalogTask","","",""
"","24320","348. EORS: https://edu.ismart.org/catalog/77a70c-uchimsya-pisat-sochinenie/200-opisanie-kak-tip-rechi?view=tasks&class=5f197003b96284001b29733d&auth=eyJhbGciOiJIUzI1NiIsInR5cCI6IkpXVCJ9.eyJpZCI6IjY1YzM0MWIyYjkyYzdhNWZiYWZlYjYwNyIsImlzQWN0aXZlIjp0cnVlLCJpc0d1ZXN0IjpmYWxzZSwiaXNSZWdpc3RyYXRpb25Db21wbGV0ZSI6dHJ1ZSwiaXNDb25maXJtRW1haWwiOmZhbHNlLCJzdHVkZW50cyI6W10sInV0Y09mZnNldCI6MTgwLCJyb2xlIjoic2Nob29sLXRlYWNoZXIiLCJsYXN0TmFtZSI6IiIsImZpcnN0TmFtZSI6ItCf0YDQvtGE0LXRgdGB0LjQvtC90LDQu9GM0L3Ri9C5IiwicGhvbmVOdW1iZXIiOiIiLCJsb2dpbiI6InRlYWNoZXJfZnVsbEBpc21hcnQub3JnIiwiZW1haWwiOiJ0ZWFjaGVyX2Z1bGxAaXNtYXJ0Lm9yZyIsImNvbnRyYWN0VHlwZSI6InByaXZhdGUiLCJleHRlcm5hbFVzZXJTb3VyY2UiOm51bGwsImdvZE1vZGUiOnRydWUsImVkdWNvbnQiOnt9LCJfaWQiOiI2NWMzNDFiMmI5MmM3YTVmYmFmZWI2MDcifQ.g8I_2Btv7rGXWFT_jbBB9c0iAVhZshRxVIA8nbNqh0s","default","Mon Oct 05 01:08:33 UTC 2026","passed","Mon Oct 05 01:08:57 UTC 2026","Tests Eors","","",""
"","19099","Каталог заданий: Школьная программа ""Алгебра и начала мат. анализа"" — Класс 2","default","Mon Oct 05 02:10:48 UTC 2026","passed","Mon Oct 05 02:11:08 UTC 2026","AuTestCatalogTask","","",""
"","26455","Каталог заданий: ЗПР ""Русский язык. 7.1"" — Класс 4","default","Mon Oct 05 03:30:29 UTC 2026","passed","Mon Oct 05 03:30:56 UTC 2026","AuTestCatalogTask","","",""
"","29533","127. EORS: https://edu.ismart.org/catalog/3478fa-russkii-yazik-slepie-uchaschiesya/1-chto-mi-znaem-o-zvukah-i-bukvah_PBrCTj?view=tasks&categoryCode=2d5f76-russkii-yazik-1-kl&auth=eyJhbGciOiJIUzI1NiIsInR5cCI6IkpXVCJ9.eyJpZCI6IjY1YzM0MWIyYjkyYzdhNWZiYWZlYjYwNyIsImlzQWN0aXZlIjp0cnVlLCJpc0d1ZXN0IjpmYWxzZSwiaXNSZWdpc3RyYXRpb25Db21wbGV0ZSI6dHJ1ZSwiaXNDb25maXJtRW1haWwiOmZhbHNlLCJzdHVkZW50cyI6W10sInV0Y09mZnNldCI6MTgwLCJyb2xlIjoic2Nob29sLXRlYWNoZXIiLCJsYXN0TmFtZSI6IiIsImZpcnN0TmFtZSI6ItCf0YDQvtGE0LXRgdGB0LjQvtC90LDQu9GM0L3Ri9C5IiwicGhvbmVOdW1iZXIiOiIiLCJsb2dpbiI6InRlYWNoZXJfZnVsbEBpc21hcnQub3JnIiwiZW1haWwiOiJ0ZWFjaGVyX2Z1bGxAaXNtYXJ0Lm9yZyIsImNvbnRyYWN0VHlwZSI6InByaXZhdGUiLCJleHRlcm5hbFVzZXJTb3VyY2UiOm51bGwsImdvZE1vZGUiOnRydWUsImVkdWNvbnQiOnt9LCJfaWQiOiI2NWMzNDFiMmI5MmM3YTVmYmFmZWI2MDcifQ.g8I_2Btv7rGXWFT_jbBB9c0iAVhZshRxVIA8nbNqh0s","default","Mon Oct 05 00:39:05 UTC 2026","passed","Mon Oct 05 00:39:34 UTC 2026","Tests Eors","","",""
"","24096","Каталог заданий: Школьная программа ""Английский язык"" — Класс 8","default","Mon Oct 05 02:07:39 UTC 2026","passed","Mon Oct 05 02:08:03 UTC 2026","AuTestCatalogTask","","",""
"","27661","382. EORS: https://edu.ismart.org/catalog/3dd564-veroyatnost-i-statistika/10-elementy-kombinatoriki-veroyatnost-i-statistika?view=tasks&categoryCode=8118ad-veroyatnost-i-statistika-9-klass&auth=eyJhbGciOiJIUzI1NiIsInR5cCI6IkpXVCJ9.eyJpZCI6IjY1YzM0MWIyYjkyYzdhNWZiYWZlYjYwNyIsImlzQWN0aXZlIjp0cnVlLCJpc0d1ZXN0IjpmYWxzZSwiaXNSZWdpc3RyYXRpb25Db21wbGV0ZSI6dHJ1ZSwiaXNDb25maXJtRW1haWwiOmZhbHNlLCJzdHVkZW50cyI6W10sInV0Y09mZnNldCI6MTgwLCJyb2xlIjoic2Nob29sLXRlYWNoZXIiLCJsYXN0TmFtZSI6IiIsImZpcnN0TmFtZSI6ItCf0YDQvtGE0LXRgdGB0LjQvtC90LDQu9GM0L3Ri9C5IiwicGhvbmVOdW1iZXIiOiIiLCJsb2dpbiI6InRlYWNoZXJfZnVsbEBpc21hcnQub3JnIiwiZW1haWwiOiJ0ZWFjaGVyX2Z1bGxAaXNtYXJ0Lm9yZyIsImNvbnRyYWN0VHlwZSI6InByaXZhdGUiLCJleHRlcm5hbFVzZXJTb3VyY2UiOm51bGwsImdvZE1vZGUiOnRydWUsImVkdWNvbnQiOnt9LCJfaWQiOiI2NWMzNDFiMmI5MmM3YTVmYmFmZWI2MDcifQ.g8I_2Btv7rGXWFT_jbBB9c0iAVhZshRxVIA8nbNqh0s","default","Mon Oct 05 01:12:34 UTC 2026","passed","Mon Oct 05 01:13:01 UTC 2026","Tests Eors","","",""
"","24567","Каталог заданий: Повторение пройденного материала ""Физика"" — Класс 3","default","Mon Oct 05 02:37:41 UTC 2026","passed","Mon Oct 05 02:38:05 UTC 2026","AuTestCatalogTask","","",""
"","19892","Каталог заданий: Школьная программа ""Химия"" — Класс 4","default","Mon Oct 05 02:10:40 UTC 2026","passed","Mon Oct 05 02:11:00 UTC 2026","AuTestCatalogTask","","",""
"","38355","Каталог заданий: Школьная программа ""Русский язык"" — Класс 2","default","Mon Oct 05 02:04:35 UTC 2026","passed","Mon Oct 05 02:05:14 UTC 2026","AuTestCatalogTask","","",""
"","14214","Каталог заданий: Слабовидящие ""Алгебра. 4.1"" — Класс 1","default","Mon Oct 05 03:04:46 UTC 2026","passed","Mon Oct 05 03:05:01 UTC 2026","AuTestCatalogTask","","",""
"","25003","293. EORS: https://edu.ismart.org/catalog/8039e6-geometriya-zpr/5-sootnosheniya-v-treugolnike_X8urIs?view=tasks&categoryCode=63c4a2-geometriya-9-kl&auth=eyJhbGciOiJIUzI1NiIsInR5cCI6IkpXVCJ9.eyJpZCI6IjY1YzM0MWIyYjkyYzdhNWZiYWZlYjYwNyIsImlzQWN0aXZlIjp0cnVlLCJpc0d1ZXN0IjpmYWxzZSwiaXNSZWdpc3RyYXRpb25Db21wbGV0ZSI6dHJ1ZSwiaXNDb25maXJtRW1haWwiOmZhbHNlLCJzdHVkZW50cyI6W10sInV0Y09mZnNldCI6MTgwLCJyb2xlIjoic2Nob29sLXRlYWNoZXIiLCJsYXN0TmFtZSI6IiIsImZpcnN0TmFtZSI6ItCf0YDQvtGE0LXRgdGB0LjQvtC90LDQu9GM0L3Ri9C5IiwicGhvbmVOdW1iZXIiOiIiLCJsb2dpbiI6InRlYWNoZXJfZnVsbEBpc21hcnQub3JnIiwiZW1haWwiOiJ0ZWFjaGVyX2Z1bGxAaXNtYXJ0Lm9yZyIsImNvbnRyYWN0VHlwZSI6InByaXZhdGUiLCJleHRlcm5hbFVzZXJTb3VyY2UiOm51bGwsImdvZE1vZGUiOnRydWUsImVkdWNvbnQiOnt9LCJfaWQiOiI2NWMzNDFiMmI5MmM3YTVmYmFmZWI2MDcifQ.g8I_2Btv7rGXWFT_jbBB9c0iAVhZshRxVIA8nbNqh0s","default","Mon Oct 05 01:00:41 UTC 2026","passed","Mon Oct 05 01:01:06 UTC 2026","Tests Eors","","",""
"","16706","Каталог заданий: РАС ""Алгебра. 8.1"" — Класс 3","default","Mon Oct 05 03:51:40 UTC 2026","passed","Mon Oct 05 03:51:57 UTC 2026","AuTestCatalogTask","","",""
"","16643","Каталог заданий: Сложные темы ""Математика"" — Класс 1","default","Mon Oct 05 02:44:23 UTC 2026","passed","Mon Oct 05 02:44:39 UTC 2026","AuTestCatalogTask","","",""
"","26013","Каталог заданий: Слепые ""Литература. 3.1"" — Класс 5","default","Mon Oct 05 02:57:29 UTC 2026","passed","Mon Oct 05 02:57:55 UTC 2026","AuTestCatalogTask","","",""
"","16843","Каталог заданий: Слабослышащие ""Геометрия. 2.1"" — Класс 3","default","Mon Oct 05 03:23:18 UTC 2026","passed","Mon Oct 05 03:23:35 UTC 2026","AuTestCatalogTask","","",""
"","16583","Каталог заданий: Слепые ""Геометрия. 3.1"" — Класс 3","default","Mon Oct 05 02:56:16 UTC 2026","passed","Mon Oct 05 02:56:33 UTC 2026","AuTestCatalogTask","","",""
"","30797","Каталог заданий: Дополнительное образование ""Математика"" — Класс 6","default","Mon Oct 05 02:13:19 UTC 2026","passed","Mon Oct 05 02:13:50 UTC 2026","AuTestCatalogTask","","",""
"","52181","Каталог заданий: Школьная программа ""История"" — Класс 4","default","Mon Oct 05 02:03:28 UTC 2026","passed","Mon Oct 05 02:04:21 UTC 2026","AuTestCatalogTask","","",""
"","19796","Каталог заданий: Дополнительное образование ""Практикум по английскому языку"" — Класс 2","default","Mon Oct 05 02:17:14 UTC 2026","passed","Mon Oct 05 02:17:34 UTC 2026","AuTestCatalogTask","","",""
"","23418","Каталог заданий: Школьная программа ""Химия"" — Класс 2","default","Mon Oct 05 02:10:25 UTC 2026","passed","Mon Oct 05 02:10:48 UTC 2026","AuTestCatalogTask","","",""
"","29312","Каталог заданий: Подготовка к ВПР ""Химия"" — Класс 2","default","Mon Oct 05 02:24:30 UTC 2026","passed","Mon Oct 05 02:24:59 UTC 2026","AuTestCatalogTask","","",""
"","15189","Каталог заданий: Сложные темы ""Русский язык"" — Класс 4","default","Mon Oct 05 02:44:56 UTC 2026","passed","Mon Oct 05 02:45:11 UTC 2026","AuTestCatalogTask","","",""
"","26709","Каталог заданий: Подготовка к ОГЭ ""Физика""","default","Mon Oct 05 02:17:53 UTC 2026","passed","Mon Oct 05 02:18:20 UTC 2026","AuTestCatalogTask","","",""
"","23885","Каталог заданий: Школьная программа ""Окружающий мир (2)"" — Класс 3","default","Mon Oct 05 02:11:50 UTC 2026","passed","Mon Oct 05 02:12:14 UTC 2026","AuTestCatalogTask","","",""
"","26781","Каталог заданий: Дополнительное образование ""Английский язык"" — Класс 3","default","Mon Oct 05 02:13:48 UTC 2026","passed","Mon Oct 05 02:14:15 UTC 2026","AuTestCatalogTask","","",""
"","24380","50. EORS: https://edu.ismart.org/catalog/53cf43-himiya-1-1/1-stroenie-atoma-periodicheski-zakon-i-periodicheskaya-sistema_nsG4YF_3aWd9v?view=tasks&categoryCode=14fb4b-11-klass&auth=eyJhbGciOiJIUzI1NiIsInR5cCI6IkpXVCJ9.eyJpZCI6IjY1YzM0MWIyYjkyYzdhNWZiYWZlYjYwNyIsImlzQWN0aXZlIjp0cnVlLCJpc0d1ZXN0IjpmYWxzZSwiaXNSZWdpc3RyYXRpb25Db21wbGV0ZSI6dHJ1ZSwiaXNDb25maXJtRW1haWwiOmZhbHNlLCJzdHVkZW50cyI6W10sInV0Y09mZnNldCI6MTgwLCJyb2xlIjoic2Nob29sLXRlYWNoZXIiLCJsYXN0TmFtZSI6IiIsImZpcnN0TmFtZSI6ItCf0YDQvtGE0LXRgdGB0LjQvtC90LDQu9GM0L3Ri9C5IiwicGhvbmVOdW1iZXIiOiIiLCJsb2dpbiI6InRlYWNoZXJfZnVsbEBpc21hcnQub3JnIiwiZW1haWwiOiJ0ZWFjaGVyX2Z1bGxAaXNtYXJ0Lm9yZyIsImNvbnRyYWN0VHlwZSI6InByaXZhdGUiLCJleHRlcm5hbFVzZXJTb3VyY2UiOm51bGwsImdvZE1vZGUiOnRydWUsImVkdWNvbnQiOnt9LCJfaWQiOiI2NWMzNDFiMmI5MmM3YTVmYmFmZWI2MDcifQ.g8I_2Btv7rGXWFT_jbBB9c0iAVhZshRxVIA8nbNqh0s","default","Mon Oct 05 00:28:55 UTC 2026","passed","Mon Oct 05 00:29:19 UTC 2026","Tests Eors","","",""
"","16424","Каталог заданий: Школьная программа ""Информатика"" — Класс 4","default","Mon Oct 05 02:09:13 UTC 2026","passed","Mon Oct 05 02:09:30 UTC 2026","AuTestCatalogTask","","",""
"","44785","Каталог заданий: Нарушение слуха ""Биология. 1.1"" — Класс 7","default","Mon Oct 05 03:20:02 UTC 2026","passed","Mon Oct 05 03:20:47 UTC 2026","AuTestCatalogTask","","",""
"","33014","Каталог заданий: Подготовка к ОГЭ ""Биология""","default","Mon Oct 05 02:17:50 UTC 2026","passed","Mon Oct 05 02:18:23 UTC 2026","AuTestCatalogTask","","",""
"","16787","Каталог заданий: Подготовка к ВПР ""Литература"" — Класс 4","default","Mon Oct 05 02:22:32 UTC 2026","passed","Mon Oct 05 02:22:49 UTC 2026","AuTestCatalogTask","","",""
"","16940","Каталог заданий: НОДА ""Геометрия. 6.1"" — Класс 4","default","Mon Oct 05 03:42:20 UTC 2026","passed","Mon Oct 05 03:42:37 UTC 2026","AuTestCatalogTask","","",""
"","34707","420. EORS: https://edu.ismart.org/catalog/2ef122-matematika-tnr/100-1-chisla-i-velichiny-chisla-v-predelah-1000_i1jKUN?view=tasks&categoryCode=92ea42-matematika-3-kl&auth=eyJhbGciOiJIUzI1NiIsInR5cCI6IkpXVCJ9.eyJpZCI6IjY1YzM0MWIyYjkyYzdhNWZiYWZlYjYwNyIsImlzQWN0aXZlIjp0cnVlLCJpc0d1ZXN0IjpmYWxzZSwiaXNSZWdpc3RyYXRpb25Db21wbGV0ZSI6dHJ1ZSwiaXNDb25maXJtRW1haWwiOmZhbHNlLCJzdHVkZW50cyI6W10sInV0Y09mZnNldCI6MTgwLCJyb2xlIjoic2Nob29sLXRlYWNoZXIiLCJsYXN0TmFtZSI6IiIsImZpcnN0TmFtZSI6ItCf0YDQvtGE0LXRgdGB0LjQvtC90LDQu9GM0L3Ri9C5IiwicGhvbmVOdW1iZXIiOiIiLCJsb2dpbiI6InRlYWNoZXJfZnVsbEBpc21hcnQub3JnIiwiZW1haWwiOiJ0ZWFjaGVyX2Z1bGxAaXNtYXJ0Lm9yZyIsImNvbnRyYWN0VHlwZSI6InByaXZhdGUiLCJleHRlcm5hbFVzZXJTb3VyY2UiOm51bGwsImdvZE1vZGUiOnRydWUsImVkdWNvbnQiOnt9LCJfaWQiOiI2NWMzNDFiMmI5MmM3YTVmYmFmZWI2MDcifQ.g8I_2Btv7rGXWFT_jbBB9c0iAVhZshRxVIA8nbNqh0s","default","Mon Oct 05 01:16:52 UTC 2026","passed","Mon Oct 05 01:17:27 UTC 2026","Tests Eors","","",""
"","32675","Каталог заданий: Слабовидящие ""Окружающий мир. 4.1"" — Класс 3","default","Mon Oct 05 03:05:50 UTC 2026","passed","Mon Oct 05 03:06:23 UTC 2026","AuTestCatalogTask","","",""
"","26095","Каталог заданий: РАС ""Английский язык. 8.1"" — Класс 1","default","Mon Oct 05 03:57:26 UTC 2026","passed","Mon Oct 05 03:57:52 UTC 2026","AuTestCatalogTask","","",""
"","31832","Каталог заданий: РАС ""История. 8.1"" — Класс 3","default","Mon Oct 05 03:53:58 UTC 2026","passed","Mon Oct 05 03:54:30 UTC 2026","AuTestCatalogTask","","",""
"","20105","146. EORS: https://edu.ismart.org/catalog/32fe8c-informatika/104-zadanie-4?view=tasks&class=61a71c551b0ad63754c198e9&auth=eyJhbGciOiJIUzI1NiIsInR5cCI6IkpXVCJ9.eyJpZCI6IjY1YzM0MWIyYjkyYzdhNWZiYWZlYjYwNyIsImlzQWN0aXZlIjp0cnVlLCJpc0d1ZXN0IjpmYWxzZSwiaXNSZWdpc3RyYXRpb25Db21wbGV0ZSI6dHJ1ZSwiaXNDb25maXJtRW1haWwiOmZhbHNlLCJzdHVkZW50cyI6W10sInV0Y09mZnNldCI6MTgwLCJyb2xlIjoic2Nob29sLXRlYWNoZXIiLCJsYXN0TmFtZSI6IiIsImZpcnN0TmFtZSI6ItCf0YDQvtGE0LXRgdGB0LjQvtC90LDQu9GM0L3Ri9C5IiwicGhvbmVOdW1iZXIiOiIiLCJsb2dpbiI6InRlYWNoZXJfZnVsbEBpc21hcnQub3JnIiwiZW1haWwiOiJ0ZWFjaGVyX2Z1bGxAaXNtYXJ0Lm9yZyIsImNvbnRyYWN0VHlwZSI6InByaXZhdGUiLCJleHRlcm5hbFVzZXJTb3VyY2UiOm51bGwsImdvZE1vZGUiOnRydWUsImVkdWNvbnQiOnt9LCJfaWQiOiI2NWMzNDFiMmI5MmM3YTVmYmFmZWI2MDcifQ.g8I_2Btv7rGXWFT_jbBB9c0iAVhZshRxVIA8nbNqh0s","default","Mon Oct 05 00:41:57 UTC 2026","passed","Mon Oct 05 00:42:17 UTC 2026","Tests Eors","","",""
"","12908","Каталог заданий: Нарушение слуха ""Обществознание. 1.1"" — Класс 6","default","Mon Oct 05 03:18:10 UTC 2026","passed","Mon Oct 05 03:18:23 UTC 2026","AuTestCatalogTask","","",""
"","32953","669. EORS: https://edu.ismart.org/catalog/4f1fcc-angliiskii-yazik-7-1/1-mir-moego-ya_2nb46Z_dPBaZ0?view=tasks&categoryCode=e75d75-3-kl&auth=eyJhbGciOiJIUzI1NiIsInR5cCI6IkpXVCJ9.eyJpZCI6IjY1YzM0MWIyYjkyYzdhNWZiYWZlYjYwNyIsImlzQWN0aXZlIjp0cnVlLCJpc0d1ZXN0IjpmYWxzZSwiaXNSZWdpc3RyYXRpb25Db21wbGV0ZSI6dHJ1ZSwiaXNDb25maXJtRW1haWwiOmZhbHNlLCJzdHVkZW50cyI6W10sInV0Y09mZnNldCI6MTgwLCJyb2xlIjoic2Nob29sLXRlYWNoZXIiLCJsYXN0TmFtZSI6IiIsImZpcnN0TmFtZSI6ItCf0YDQvtGE0LXRgdGB0LjQvtC90LDQu9GM0L3Ri9C5IiwicGhvbmVOdW1iZXIiOiIiLCJsb2dpbiI6InRlYWNoZXJfZnVsbEBpc21hcnQub3JnIiwiZW1haWwiOiJ0ZWFjaGVyX2Z1bGxAaXNtYXJ0Lm9yZyIsImNvbnRyYWN0VHlwZSI6InByaXZhdGUiLCJleHRlcm5hbFVzZXJTb3VyY2UiOm51bGwsImdvZE1vZGUiOnRydWUsImVkdWNvbnQiOnt9LCJfaWQiOiI2NWMzNDFiMmI5MmM3YTVmYmFmZWI2MDcifQ.g8I_2Btv7rGXWFT_jbBB9c0iAVhZshRxVIA8nbNqh0s","default","Mon Oct 05 01:53:41 UTC 2026","passed","Mon Oct 05 01:54:14 UTC 2026","Tests Eors","","",""
"","11393","Каталог заданий: Русский язык пакеты ""Нормы языка (10-11 кл.)"" — Класс 2","default","Mon Oct 05 02:43:45 UTC 2026","passed","Mon Oct 05 02:43:57 UTC 2026","AuTestCatalogTask","","",""
"","13290","Каталог заданий: РАС ""Обществознание. 8.1"" — Класс 4","default","Mon Oct 05 03:55:11 UTC 2026","passed","Mon Oct 05 03:55:25 UTC 2026","AuTestCatalogTask","","",""
"","21765","376. EORS: https://edu.ismart.org/catalog/7ec859-literatura/1-zadanie--1?view=tasks&class=61a71c551b0ad63754c198e9&auth=eyJhbGciOiJIUzI1NiIsInR5cCI6IkpXVCJ9.eyJpZCI6IjY1YzM0MWIyYjkyYzdhNWZiYWZlYjYwNyIsImlzQWN0aXZlIjp0cnVlLCJpc0d1ZXN0IjpmYWxzZSwiaXNSZWdpc3RyYXRpb25Db21wbGV0ZSI6dHJ1ZSwiaXNDb25maXJtRW1haWwiOmZhbHNlLCJzdHVkZW50cyI6W10sInV0Y09mZnNldCI6MTgwLCJyb2xlIjoic2Nob29sLXRlYWNoZXIiLCJsYXN0TmFtZSI6IiIsImZpcnN0TmFtZSI6ItCf0YDQvtGE0LXRgdGB0LjQvtC90LDQu9GM0L3Ri9C5IiwicGhvbmVOdW1iZXIiOiIiLCJsb2dpbiI6InRlYWNoZXJfZnVsbEBpc21hcnQub3JnIiwiZW1haWwiOiJ0ZWFjaGVyX2Z1bGxAaXNtYXJ0Lm9yZyIsImNvbnRyYWN0VHlwZSI6InByaXZhdGUiLCJleHRlcm5hbFVzZXJTb3VyY2UiOm51bGwsImdvZE1vZGUiOnRydWUsImVkdWNvbnQiOnt9LCJfaWQiOiI2NWMzNDFiMmI5MmM3YTVmYmFmZWI2MDcifQ.g8I_2Btv7rGXWFT_jbBB9c0iAVhZshRxVIA8nbNqh0s","default","Mon Oct 05 01:11:45 UTC 2026","passed","Mon Oct 05 01:12:06 UTC 2026","Tests Eors","","",""
"","15503","Каталог заданий: Школьная программа ""Алгебра"" — Класс 1","default","Mon Oct 05 02:10:09 UTC 2026","passed","Mon Oct 05 02:10:25 UTC 2026","AuTestCatalogTask","","",""
"","15955","Каталог заданий: Подготовка к контрольным работам ""Информатика"" — Класс 1","default","Mon Oct 05 02:30:44 UTC 2026","passed","Mon Oct 05 02:31:00 UTC 2026","AuTestCatalogTask","","",""
"","27653","Каталог заданий: РАС ""Английский язык. 8.1"" — Класс 4","default","Mon Oct 05 03:57:52 UTC 2026","passed","Mon Oct 05 03:58:20 UTC 2026","AuTestCatalogTask","","",""
"","14878","Каталог заданий: ТНР ""Вероятность и статистика. 5.1"" — Класс 2","default","Mon Oct 05 02:51:40 UTC 2026","passed","Mon Oct 05 02:51:55 UTC 2026","AuTestCatalogTask","","",""
"","17288","Каталог заданий: Подготовка к контрольным работам ""Химия"" — Класс 3","default","Mon Oct 05 02:30:05 UTC 2026","passed","Mon Oct 05 02:30:23 UTC 2026","AuTestCatalogTask","","",""
"","16450","Каталог заданий: Слепые ""Физика. 3.1"" — Класс 3","default","Mon Oct 05 03:02:24 UTC 2026","passed","Mon Oct 05 03:02:41 UTC 2026","AuTestCatalogTask","","",""
"","29768","Каталог заданий: РАС ""Окружающий мир. 8.1"" — Класс 2","default","Mon Oct 05 03:52:23 UTC 2026","passed","Mon Oct 05 03:52:53 UTC 2026","AuTestCatalogTask","","",""
"","64884","Каталог заданий: Слабослышащие ""Биология. 2.1"" — Класс 6","default","Mon Oct 05 03:24:41 UTC 2026","passed","Mon Oct 05 03:25:46 UTC 2026","AuTestCatalogTask","","",""
"","20750","159. EORS: https://edu.ismart.org/catalog/d3c7d3-geometriya-ras/5-sootnosheniya-v-treugolnike_alVkKx?view=tasks&categoryCode=37ccb4-geometriya-9-kl&auth=eyJhbGciOiJIUzI1NiIsInR5cCI6IkpXVCJ9.eyJpZCI6IjY1YzM0MWIyYjkyYzdhNWZiYWZlYjYwNyIsImlzQWN0aXZlIjp0cnVlLCJpc0d1ZXN0IjpmYWxzZSwiaXNSZWdpc3RyYXRpb25Db21wbGV0ZSI6dHJ1ZSwiaXNDb25maXJtRW1haWwiOmZhbHNlLCJzdHVkZW50cyI6W10sInV0Y09mZnNldCI6MTgwLCJyb2xlIjoic2Nob29sLXRlYWNoZXIiLCJsYXN0TmFtZSI6IiIsImZpcnN0TmFtZSI6ItCf0YDQvtGE0LXRgdGB0LjQvtC90LDQu9GM0L3Ri9C5IiwicGhvbmVOdW1iZXIiOiIiLCJsb2dpbiI6InRlYWNoZXJfZnVsbEBpc21hcnQub3JnIiwiZW1haWwiOiJ0ZWFjaGVyX2Z1bGxAaXNtYXJ0Lm9yZyIsImNvbnRyYWN0VHlwZSI6InByaXZhdGUiLCJleHRlcm5hbFVzZXJTb3VyY2UiOm51bGwsImdvZE1vZGUiOnRydWUsImVkdWNvbnQiOnt9LCJfaWQiOiI2NWMzNDFiMmI5MmM3YTVmYmFmZWI2MDcifQ.g8I_2Btv7rGXWFT_jbBB9c0iAVhZshRxVIA8nbNqh0s","default","Mon Oct 05 00:43:19 UTC 2026","passed","Mon Oct 05 00:43:40 UTC 2026","Tests Eors","","",""
"","20357","Каталог заданий: РАС ""Физика. 8.1"" — Класс 4","default","Mon Oct 05 03:57:23 UTC 2026","passed","Mon Oct 05 03:57:44 UTC 2026","AuTestCatalogTask","","",""
"","26758","573. EORS: https://edu.ismart.org/catalog/ca2044-geometriya/1-nachalnye-ponyatiya-geometrii?view=tasks&class=5f3fa2c7f00eca001c8bd3f9&auth=eyJhbGciOiJIUzI1NiIsInR5cCI6IkpXVCJ9.eyJpZCI6IjY1YzM0MWIyYjkyYzdhNWZiYWZlYjYwNyIsImlzQWN0aXZlIjp0cnVlLCJpc0d1ZXN0IjpmYWxzZSwiaXNSZWdpc3RyYXRpb25Db21wbGV0ZSI6dHJ1ZSwiaXNDb25maXJtRW1haWwiOmZhbHNlLCJzdHVkZW50cyI6W10sInV0Y09mZnNldCI6MTgwLCJyb2xlIjoic2Nob29sLXRlYWNoZXIiLCJsYXN0TmFtZSI6IiIsImZpcnN0TmFtZSI6ItCf0YDQvtGE0LXRgdGB0LjQvtC90LDQu9GM0L3Ri9C5IiwicGhvbmVOdW1iZXIiOiIiLCJsb2dpbiI6InRlYWNoZXJfZnVsbEBpc21hcnQub3JnIiwiZW1haWwiOiJ0ZWFjaGVyX2Z1bGxAaXNtYXJ0Lm9yZyIsImNvbnRyYWN0VHlwZSI6InByaXZhdGUiLCJleHRlcm5hbFVzZXJTb3VyY2UiOm51bGwsImdvZE1vZGUiOnRydWUsImVkdWNvbnQiOnt9LCJfaWQiOiI2NWMzNDFiMmI5MmM3YTVmYmFmZWI2MDcifQ.g8I_2Btv7rGXWFT_jbBB9c0iAVhZshRxVIA8nbNqh0s","default","Mon Oct 05 01:38:24 UTC 2026","passed","Mon Oct 05 01:38:51 UTC 2026","Tests Eors","","",""
"","20011","668. EORS: https://edu.ismart.org/catalog/2ef122-matematika-tnr/01-podgotovka-k-izucheniu-chisel?view=tasks&categoryCode=e732b8-matematika-1-kl&auth=eyJhbGciOiJIUzI1NiIsInR5cCI6IkpXVCJ9.eyJpZCI6IjY1YzM0MWIyYjkyYzdhNWZiYWZlYjYwNyIsImlzQWN0aXZlIjp0cnVlLCJpc0d1ZXN0IjpmYWxzZSwiaXNSZWdpc3RyYXRpb25Db21wbGV0ZSI6dHJ1ZSwiaXNDb25maXJtRW1haWwiOmZhbHNlLCJzdHVkZW50cyI6W10sInV0Y09mZnNldCI6MTgwLCJyb2xlIjoic2Nob29sLXRlYWNoZXIiLCJsYXN0TmFtZSI6IiIsImZpcnN0TmFtZSI6ItCf0YDQvtGE0LXRgdGB0LjQvtC90LDQu9GM0L3Ri9C5IiwicGhvbmVOdW1iZXIiOiIiLCJsb2dpbiI6InRlYWNoZXJfZnVsbEBpc21hcnQub3JnIiwiZW1haWwiOiJ0ZWFjaGVyX2Z1bGxAaXNtYXJ0Lm9yZyIsImNvbnRyYWN0VHlwZSI6InByaXZhdGUiLCJleHRlcm5hbFVzZXJTb3VyY2UiOm51bGwsImdvZE1vZGUiOnRydWUsImVkdWNvbnQiOnt9LCJfaWQiOiI2NWMzNDFiMmI5MmM3YTVmYmFmZWI2MDcifQ.g8I_2Btv7rGXWFT_jbBB9c0iAVhZshRxVIA8nbNqh0s","default","Mon Oct 05 01:53:34 UTC 2026","passed","Mon Oct 05 01:53:54 UTC 2026","Tests Eors","","",""
"","23199","497. EORS: https://edu.ismart.org/catalog/ae76e4-russkii-yazik/1-yazyk-i-rech-yazyk-kak-sredstvo-obshcheniya-i-forma-sushchestvovaniya-nacionalno-kultury?rnd=4dec&view=tasks&auth=eyJhbGciOiJIUzI1NiIsInR5cCI6IkpXVCJ9.eyJpZCI6IjY1YzM0MWIyYjkyYzdhNWZiYWZlYjYwNyIsImlzQWN0aXZlIjp0cnVlLCJpc0d1ZXN0IjpmYWxzZSwiaXNSZWdpc3RyYXRpb25Db21wbGV0ZSI6dHJ1ZSwiaXNDb25maXJtRW1haWwiOmZhbHNlLCJzdHVkZW50cyI6W10sInV0Y09mZnNldCI6MTgwLCJyb2xlIjoic2Nob29sLXRlYWNoZXIiLCJsYXN0TmFtZSI6IiIsImZpcnN0TmFtZSI6ItCf0YDQvtGE0LXRgdGB0LjQvtC90LDQu9GM0L3Ri9C5IiwicGhvbmVOdW1iZXIiOiIiLCJsb2dpbiI6InRlYWNoZXJfZnVsbEBpc21hcnQub3JnIiwiZW1haWwiOiJ0ZWFjaGVyX2Z1bGxAaXNtYXJ0Lm9yZyIsImNvbnRyYWN0VHlwZSI6InByaXZhdGUiLCJleHRlcm5hbFVzZXJTb3VyY2UiOm51bGwsImdvZE1vZGUiOnRydWUsImVkdWNvbnQiOnt9LCJfaWQiOiI2NWMzNDFiMmI5MmM3YTVmYmFmZWI2MDcifQ.g8I_2Btv7rGXWFT_jbBB9c0iAVhZshRxVIA8nbNqh0s","default","Mon Oct 05 01:27:31 UTC 2026","passed","Mon Oct 05 01:27:54 UTC 2026","Tests Eors","","",""
"","34730","459. EORS: https://edu.ismart.org/catalog/2a5e18-russkii-yazik-1-ntr/yazyk-i-rech_jJJ9Eo?view=tasks&categoryCode=a2c765-russkii-yazik-5-klass&auth=eyJhbGciOiJIUzI1NiIsInR5cCI6IkpXVCJ9.eyJpZCI6IjY1YzM0MWIyYjkyYzdhNWZiYWZlYjYwNyIsImlzQWN0aXZlIjp0cnVlLCJpc0d1ZXN0IjpmYWxzZSwiaXNSZWdpc3RyYXRpb25Db21wbGV0ZSI6dHJ1ZSwiaXNDb25maXJtRW1haWwiOmZhbHNlLCJzdHVkZW50cyI6W10sInV0Y09mZnNldCI6MTgwLCJyb2xlIjoic2Nob29sLXRlYWNoZXIiLCJsYXN0TmFtZSI6IiIsImZpcnN0TmFtZSI6ItCf0YDQvtGE0LXRgdGB0LjQvtC90LDQu9GM0L3Ri9C5IiwicGhvbmVOdW1iZXIiOiIiLCJsb2dpbiI6InRlYWNoZXJfZnVsbEBpc21hcnQub3JnIiwiZW1haWwiOiJ0ZWFjaGVyX2Z1bGxAaXNtYXJ0Lm9yZyIsImNvbnRyYWN0VHlwZSI6InByaXZhdGUiLCJleHRlcm5hbFVzZXJTb3VyY2UiOm51bGwsImdvZE1vZGUiOnRydWUsImVkdWNvbnQiOnt9LCJfaWQiOiI2NWMzNDFiMmI5MmM3YTVmYmFmZWI2MDcifQ.g8I_2Btv7rGXWFT_jbBB9c0iAVhZshRxVIA8nbNqh0s","default","Mon Oct 05 01:22:26 UTC 2026","passed","Mon Oct 05 01:23:01 UTC 2026","Tests Eors","","",""
"","25186","Каталог заданий: НОДА ""Английский язык. 6.1"" — Класс 7","default","Mon Oct 05 03:48:24 UTC 2026","passed","Mon Oct 05 03:48:49 UTC 2026","AuTestCatalogTask","","",""
"","16138","Каталог заданий: Нарушение слуха ""Вероятность и статистика. 1.1"" — Класс 2","default","Mon Oct 05 03:21:27 UTC 2026","passed","Mon Oct 05 03:21:43 UTC 2026","AuTestCatalogTask","","",""
"","33379","117. EORS: https://edu.ismart.org/catalog/2918b3-matematika-2-klass/1000-povtorenie-na-leto-1-nedelya?view=tasks&class=5a3cef308409440019b57b39&auth=eyJhbGciOiJIUzI1NiIsInR5cCI6IkpXVCJ9.eyJpZCI6IjY1YzM0MWIyYjkyYzdhNWZiYWZlYjYwNyIsImlzQWN0aXZlIjp0cnVlLCJpc0d1ZXN0IjpmYWxzZSwiaXNSZWdpc3RyYXRpb25Db21wbGV0ZSI6dHJ1ZSwiaXNDb25maXJtRW1haWwiOmZhbHNlLCJzdHVkZW50cyI6W10sInV0Y09mZnNldCI6MTgwLCJyb2xlIjoic2Nob29sLXRlYWNoZXIiLCJsYXN0TmFtZSI6IiIsImZpcnN0TmFtZSI6ItCf0YDQvtGE0LXRgdGB0LjQvtC90LDQu9GM0L3Ri9C5IiwicGhvbmVOdW1iZXIiOiIiLCJsb2dpbiI6InRlYWNoZXJfZnVsbEBpc21hcnQub3JnIiwiZW1haWwiOiJ0ZWFjaGVyX2Z1bGxAaXNtYXJ0Lm9yZyIsImNvbnRyYWN0VHlwZSI6InByaXZhdGUiLCJleHRlcm5hbFVzZXJTb3VyY2UiOm51bGwsImdvZE1vZGUiOnRydWUsImVkdWNvbnQiOnt9LCJfaWQiOiI2NWMzNDFiMmI5MmM3YTVmYmFmZWI2MDcifQ.g8I_2Btv7rGXWFT_jbBB9c0iAVhZshRxVIA8nbNqh0s","default","Mon Oct 05 00:37:55 UTC 2026","passed","Mon Oct 05 00:38:28 UTC 2026","Tests Eors","","",""
"","31550","623. EORS: https://edu.ismart.org/catalog/05cee6-russkii-yazik-2-1/01-obuchenie-gramote-razvitie-rechi_5uWp0U?view=tasks&categoryCode=d39940-1-klass&auth=eyJhbGciOiJIUzI1NiIsInR5cCI6IkpXVCJ9.eyJpZCI6IjY1YzM0MWIyYjkyYzdhNWZiYWZlYjYwNyIsImlzQWN0aXZlIjp0cnVlLCJpc0d1ZXN0IjpmYWxzZSwiaXNSZWdpc3RyYXRpb25Db21wbGV0ZSI6dHJ1ZSwiaXNDb25maXJtRW1haWwiOmZhbHNlLCJzdHVkZW50cyI6W10sInV0Y09mZnNldCI6MTgwLCJyb2xlIjoic2Nob29sLXRlYWNoZXIiLCJsYXN0TmFtZSI6IiIsImZpcnN0TmFtZSI6ItCf0YDQvtGE0LXRgdGB0LjQvtC90LDQu9GM0L3Ri9C5IiwicGhvbmVOdW1iZXIiOiIiLCJsb2dpbiI6InRlYWNoZXJfZnVsbEBpc21hcnQub3JnIiwiZW1haWwiOiJ0ZWFjaGVyX2Z1bGxAaXNtYXJ0Lm9yZyIsImNvbnRyYWN0VHlwZSI6InByaXZhdGUiLCJleHRlcm5hbFVzZXJTb3VyY2UiOm51bGwsImdvZE1vZGUiOnRydWUsImVkdWNvbnQiOnt9LCJfaWQiOiI2NWMzNDFiMmI5MmM3YTVmYmFmZWI2MDcifQ.g8I_2Btv7rGXWFT_jbBB9c0iAVhZshRxVIA8nbNqh0s","default","Mon Oct 05 01:47:00 UTC 2026","passed","Mon Oct 05 01:47:31 UTC 2026","Tests Eors","","",""
"","22454","Каталог заданий: Подготовка к контрольным работам ""Английский язык"" — Класс 2","default","Mon Oct 05 02:26:13 UTC 2026","passed","Mon Oct 05 02:26:36 UTC 2026","AuTestCatalogTask","","",""
"","23489","662. EORS: https://edu.ismart.org/catalog/cb216c-obschestvoznanie-1-1/1-socialnye-cennosti-i-normy_C1kYcf_PJYnal?view=tasks&categoryCode=e5c253-7-klass&auth=eyJhbGciOiJIUzI1NiIsInR5cCI6IkpXVCJ9.eyJpZCI6IjY1YzM0MWIyYjkyYzdhNWZiYWZlYjYwNyIsImlzQWN0aXZlIjp0cnVlLCJpc0d1ZXN0IjpmYWxzZSwiaXNSZWdpc3RyYXRpb25Db21wbGV0ZSI6dHJ1ZSwiaXNDb25maXJtRW1haWwiOmZhbHNlLCJzdHVkZW50cyI6W10sInV0Y09mZnNldCI6MTgwLCJyb2xlIjoic2Nob29sLXRlYWNoZXIiLCJsYXN0TmFtZSI6IiIsImZpcnN0TmFtZSI6ItCf0YDQvtGE0LXRgdGB0LjQvtC90LDQu9GM0L3Ri9C5IiwicGhvbmVOdW1iZXIiOiIiLCJsb2dpbiI6InRlYWNoZXJfZnVsbEBpc21hcnQub3JnIiwiZW1haWwiOiJ0ZWFjaGVyX2Z1bGxAaXNtYXJ0Lm9yZyIsImNvbnRyYWN0VHlwZSI6InByaXZhdGUiLCJleHRlcm5hbFVzZXJTb3VyY2UiOm51bGwsImdvZE1vZGUiOnRydWUsImVkdWNvbnQiOnt9LCJfaWQiOiI2NWMzNDFiMmI5MmM3YTVmYmFmZWI2MDcifQ.g8I_2Btv7rGXWFT_jbBB9c0iAVhZshRxVIA8nbNqh0s","default","Mon Oct 05 01:52:17 UTC 2026","passed","Mon Oct 05 01:52:40 UTC 2026","Tests Eors","","",""
"","24839","Каталог заданий: Повторение пройденного материала ""Английский язык"" — Класс 5","default","Mon Oct 05 02:33:57 UTC 2026","passed","Mon Oct 05 02:34:22 UTC 2026","AuTestCatalogTask","","",""
"","23858","687. EORS: https://edu.ismart.org/catalog/ecfd1c-angliiskii-yazik/1-1-nedelya--osnovy-gosudarstvennosti?view=tasks&class=61a71c551b0ad63754c198e9&auth=eyJhbGciOiJIUzI1NiIsInR5cCI6IkpXVCJ9.eyJpZCI6IjY1YzM0MWIyYjkyYzdhNWZiYWZlYjYwNyIsImlzQWN0aXZlIjp0cnVlLCJpc0d1ZXN0IjpmYWxzZSwiaXNSZWdpc3RyYXRpb25Db21wbGV0ZSI6dHJ1ZSwiaXNDb25maXJtRW1haWwiOmZhbHNlLCJzdHVkZW50cyI6W10sInV0Y09mZnNldCI6MTgwLCJyb2xlIjoic2Nob29sLXRlYWNoZXIiLCJsYXN0TmFtZSI6IiIsImZpcnN0TmFtZSI6ItCf0YDQvtGE0LXRgdGB0LjQvtC90LDQu9GM0L3Ri9C5IiwicGhvbmVOdW1iZXIiOiIiLCJsb2dpbiI6InRlYWNoZXJfZnVsbEBpc21hcnQub3JnIiwiZW1haWwiOiJ0ZWFjaGVyX2Z1bGxAaXNtYXJ0Lm9yZyIsImNvbnRyYWN0VHlwZSI6InByaXZhdGUiLCJleHRlcm5hbFVzZXJTb3VyY2UiOm51bGwsImdvZE1vZGUiOnRydWUsImVkdWNvbnQiOnt9LCJfaWQiOiI2NWMzNDFiMmI5MmM3YTVmYmFmZWI2MDcifQ.g8I_2Btv7rGXWFT_jbBB9c0iAVhZshRxVIA8nbNqh0s","default","Mon Oct 05 01:55:40 UTC 2026","passed","Mon Oct 05 01:56:04 UTC 2026","Tests Eors","","",""
"","23707","285. EORS: https://edu.ismart.org/catalog/1168f5-literaturura-1-1/1-mifologiya_zWl9mA_4hPAVi?view=tasks&categoryCode=61d182-5-klass&auth=eyJhbGciOiJIUzI1NiIsInR5cCI6IkpXVCJ9.eyJpZCI6IjY1YzM0MWIyYjkyYzdhNWZiYWZlYjYwNyIsImlzQWN0aXZlIjp0cnVlLCJpc0d1ZXN0IjpmYWxzZSwiaXNSZWdpc3RyYXRpb25Db21wbGV0ZSI6dHJ1ZSwiaXNDb25maXJtRW1haWwiOmZhbHNlLCJzdHVkZW50cyI6W10sInV0Y09mZnNldCI6MTgwLCJyb2xlIjoic2Nob29sLXRlYWNoZXIiLCJsYXN0TmFtZSI6IiIsImZpcnN0TmFtZSI6ItCf0YDQvtGE0LXRgdGB0LjQvtC90LDQu9GM0L3Ri9C5IiwicGhvbmVOdW1iZXIiOiIiLCJsb2dpbiI6InRlYWNoZXJfZnVsbEBpc21hcnQub3JnIiwiZW1haWwiOiJ0ZWFjaGVyX2Z1bGxAaXNtYXJ0Lm9yZyIsImNvbnRyYWN0VHlwZSI6InByaXZhdGUiLCJleHRlcm5hbFVzZXJTb3VyY2UiOm51bGwsImdvZE1vZGUiOnRydWUsImVkdWNvbnQiOnt9LCJfaWQiOiI2NWMzNDFiMmI5MmM3YTVmYmFmZWI2MDcifQ.g8I_2Btv7rGXWFT_jbBB9c0iAVhZshRxVIA8nbNqh0s","default","Mon Oct 05 00:59:52 UTC 2026","passed","Mon Oct 05 01:00:16 UTC 2026","Tests Eors","","",""
"","25068","111. EORS: https://edu.ismart.org/catalog/a24668-okruzhayuschii-mir-zpr/01-chelovek-i-obshchestvo-shkola-i-shkolnaya-jizn_ELygyh?view=tasks&categoryCode=26ac2c-okruzhayuschii-1-kl&auth=eyJhbGciOiJIUzI1NiIsInR5cCI6IkpXVCJ9.eyJpZCI6IjY1YzM0MWIyYjkyYzdhNWZiYWZlYjYwNyIsImlzQWN0aXZlIjp0cnVlLCJpc0d1ZXN0IjpmYWxzZSwiaXNSZWdpc3RyYXRpb25Db21wbGV0ZSI6dHJ1ZSwiaXNDb25maXJtRW1haWwiOmZhbHNlLCJzdHVkZW50cyI6W10sInV0Y09mZnNldCI6MTgwLCJyb2xlIjoic2Nob29sLXRlYWNoZXIiLCJsYXN0TmFtZSI6IiIsImZpcnN0TmFtZSI6ItCf0YDQvtGE0LXRgdGB0LjQvtC90LDQu9GM0L3Ri9C5IiwicGhvbmVOdW1iZXIiOiIiLCJsb2dpbiI6InRlYWNoZXJfZnVsbEBpc21hcnQub3JnIiwiZW1haWwiOiJ0ZWFjaGVyX2Z1bGxAaXNtYXJ0Lm9yZyIsImNvbnRyYWN0VHlwZSI6InByaXZhdGUiLCJleHRlcm5hbFVzZXJTb3VyY2UiOm51bGwsImdvZE1vZGUiOnRydWUsImVkdWNvbnQiOnt9LCJfaWQiOiI2NWMzNDFiMmI5MmM3YTVmYmFmZWI2MDcifQ.g8I_2Btv7rGXWFT_jbBB9c0iAVhZshRxVIA8nbNqh0s","default","Mon Oct 05 00:37:11 UTC 2026","passed","Mon Oct 05 00:37:36 UTC 2026","Tests Eors","","",""
"","22989","Каталог заданий: Слабовидящие ""Английский язык. 4.1"" — Класс 5","default","Mon Oct 05 03:08:38 UTC 2026","passed","Mon Oct 05 03:09:01 UTC 2026","AuTestCatalogTask","","",""
"","23069","Каталог заданий: ЗПР ""Английский язык. 7.1"" — Класс 10","default","Mon Oct 05 03:38:49 UTC 2026","passed","Mon Oct 05 03:39:12 UTC 2026","AuTestCatalogTask","","",""
"","43966","Каталог заданий: Слепые ""Биология. 3.1"" — Класс 3","default","Mon Oct 05 03:00:34 UTC 2026","passed","Mon Oct 05 03:01:18 UTC 2026","AuTestCatalogTask","","",""
"","54264","220. EORS: https://edu.ismart.org/catalog/2a5e18-russkii-yazik-1-ntr/1-chto-mi-znaem-o-zvukah-i-bukvah_LyOuLi?view=tasks&categoryCode=4cee99-russkii-yazik-2-kl&auth=eyJhbGciOiJIUzI1NiIsInR5cCI6IkpXVCJ9.eyJpZCI6IjY1YzM0MWIyYjkyYzdhNWZiYWZlYjYwNyIsImlzQWN0aXZlIjp0cnVlLCJpc0d1ZXN0IjpmYWxzZSwiaXNSZWdpc3RyYXRpb25Db21wbGV0ZSI6dHJ1ZSwiaXNDb25maXJtRW1haWwiOmZhbHNlLCJzdHVkZW50cyI6W10sInV0Y09mZnNldCI6MTgwLCJyb2xlIjoic2Nob29sLXRlYWNoZXIiLCJsYXN0TmFtZSI6IiIsImZpcnN0TmFtZSI6ItCf0YDQvtGE0LXRgdGB0LjQvtC90LDQu9GM0L3Ri9C5IiwicGhvbmVOdW1iZXIiOiIiLCJsb2dpbiI6InRlYWNoZXJfZnVsbEBpc21hcnQub3JnIiwiZW1haWwiOiJ0ZWFjaGVyX2Z1bGxAaXNtYXJ0Lm9yZyIsImNvbnRyYWN0VHlwZSI6InByaXZhdGUiLCJleHRlcm5hbFVzZXJTb3VyY2UiOm51bGwsImdvZE1vZGUiOnRydWUsImVkdWNvbnQiOnt9LCJfaWQiOiI2NWMzNDFiMmI5MmM3YTVmYmFmZWI2MDcifQ.g8I_2Btv7rGXWFT_jbBB9c0iAVhZshRxVIA8nbNqh0s","default","Mon Oct 05 00:51:25 UTC 2026","failed","Mon Oct 05 00:52:19 UTC 2026","Tests Eors","","",""
"","45607","Каталог заданий: Нарушение слуха ""Биология. 1.1"" — Класс 3","default","Mon Oct 05 03:19:16 UTC 2026","passed","Mon Oct 05 03:20:02 UTC 2026","AuTestCatalogTask","","",""
"","24248","Каталог заданий: Повторение пройденного материала ""Обществознание"" — Класс 4","default","Mon Oct 05 02:39:28 UTC 2026","passed","Mon Oct 05 02:39:52 UTC 2026","AuTestCatalogTask","","",""
"","37358","Каталог заданий: Слепые ""Математика. 3.1"" — Класс 1","default","Mon Oct 05 02:54:53 UTC 2026","passed","Mon Oct 05 02:55:30 UTC 2026","AuTestCatalogTask","","",""
"","24111","191. EORS: https://edu.ismart.org/catalog/54a563-geometriya-2-1/1-nachalnye-ponyatiya-geometrii_tTvcsL_moLURN?view=tasks&categoryCode=45548b-7-kl&auth=eyJhbGciOiJIUzI1NiIsInR5cCI6IkpXVCJ9.eyJpZCI6IjY1YzM0MWIyYjkyYzdhNWZiYWZlYjYwNyIsImlzQWN0aXZlIjp0cnVlLCJpc0d1ZXN0IjpmYWxzZSwiaXNSZWdpc3RyYXRpb25Db21wbGV0ZSI6dHJ1ZSwiaXNDb25maXJtRW1haWwiOmZhbHNlLCJzdHVkZW50cyI6W10sInV0Y09mZnNldCI6MTgwLCJyb2xlIjoic2Nob29sLXRlYWNoZXIiLCJsYXN0TmFtZSI6IiIsImZpcnN0TmFtZSI6ItCf0YDQvtGE0LXRgdGB0LjQvtC90LDQu9GM0L3Ri9C5IiwicGhvbmVOdW1iZXIiOiIiLCJsb2dpbiI6InRlYWNoZXJfZnVsbEBpc21hcnQub3JnIiwiZW1haWwiOiJ0ZWFjaGVyX2Z1bGxAaXNtYXJ0Lm9yZyIsImNvbnRyYWN0VHlwZSI6InByaXZhdGUiLCJleHRlcm5hbFVzZXJTb3VyY2UiOm51bGwsImdvZE1vZGUiOnRydWUsImVkdWNvbnQiOnt9LCJfaWQiOiI2NWMzNDFiMmI5MmM3YTVmYmFmZWI2MDcifQ.g8I_2Btv7rGXWFT_jbBB9c0iAVhZshRxVIA8nbNqh0s","default","Mon Oct 05 00:47:00 UTC 2026","passed","Mon Oct 05 00:47:24 UTC 2026","Tests Eors","","",""
"","31754","Каталог заданий: ЗПР ""Математика. 7.1"" — Класс 6","default","Mon Oct 05 03:31:50 UTC 2026","passed","Mon Oct 05 03:32:21 UTC 2026","AuTestCatalogTask","","",""
"","37430","Каталог заданий: Нарушение слуха ""Математика. 1.1"" — Класс 1","default","Mon Oct 05 03:13:28 UTC 2026","passed","Mon Oct 05 03:14:06 UTC 2026","AuTestCatalogTask","","",""
"","30975","270. EORS: https://edu.ismart.org/catalog/f8f48d-algebra-narushenie-sluha/1-chisla-i-vychisleniya_PbDQn9?view=tasks&categoryCode=5a1dfb-algebra-8-kl&auth=eyJhbGciOiJIUzI1NiIsInR5cCI6IkpXVCJ9.eyJpZCI6IjY1YzM0MWIyYjkyYzdhNWZiYWZlYjYwNyIsImlzQWN0aXZlIjp0cnVlLCJpc0d1ZXN0IjpmYWxzZSwiaXNSZWdpc3RyYXRpb25Db21wbGV0ZSI6dHJ1ZSwiaXNDb25maXJtRW1haWwiOmZhbHNlLCJzdHVkZW50cyI6W10sInV0Y09mZnNldCI6MTgwLCJyb2xlIjoic2Nob29sLXRlYWNoZXIiLCJsYXN0TmFtZSI6IiIsImZpcnN0TmFtZSI6ItCf0YDQvtGE0LXRgdGB0LjQvtC90LDQu9GM0L3Ri9C5IiwicGhvbmVOdW1iZXIiOiIiLCJsb2dpbiI6InRlYWNoZXJfZnVsbEBpc21hcnQub3JnIiwiZW1haWwiOiJ0ZWFjaGVyX2Z1bGxAaXNtYXJ0Lm9yZyIsImNvbnRyYWN0VHlwZSI6InByaXZhdGUiLCJleHRlcm5hbFVzZXJTb3VyY2UiOm51bGwsImdvZE1vZGUiOnRydWUsImVkdWNvbnQiOnt9LCJfaWQiOiI2NWMzNDFiMmI5MmM3YTVmYmFmZWI2MDcifQ.g8I_2Btv7rGXWFT_jbBB9c0iAVhZshRxVIA8nbNqh0s","default","Mon Oct 05 00:57:49 UTC 2026","passed","Mon Oct 05 00:58:20 UTC 2026","Tests Eors","","",""
"","15622","Каталог заданий: Слабослышащие ""Вероятность и статистика. 2.1"" — Класс 1","default","Mon Oct 05 03:29:40 UTC 2026","passed","Mon Oct 05 03:29:55 UTC 2026","AuTestCatalogTask","","",""
"","42698","Каталог заданий: Слепые ""История. 3.1"" — Класс 7","default","Mon Oct 05 02:58:36 UTC 2026","passed","Mon Oct 05 02:59:19 UTC 2026","AuTestCatalogTask","","",""
"","35903","106. EORS: https://edu.ismart.org/catalog/8f3705-russkii-yazik-noda/1-chto-mi-znaem-o-zvukah-i-bukvah_ntC4Qc?view=tasks&categoryCode=239d49-russkii-yazik-1-kl&auth=eyJhbGciOiJIUzI1NiIsInR5cCI6IkpXVCJ9.eyJpZCI6IjY1YzM0MWIyYjkyYzdhNWZiYWZlYjYwNyIsImlzQWN0aXZlIjp0cnVlLCJpc0d1ZXN0IjpmYWxzZSwiaXNSZWdpc3RyYXRpb25Db21wbGV0ZSI6dHJ1ZSwiaXNDb25maXJtRW1haWwiOmZhbHNlLCJzdHVkZW50cyI6W10sInV0Y09mZnNldCI6MTgwLCJyb2xlIjoic2Nob29sLXRlYWNoZXIiLCJsYXN0TmFtZSI6IiIsImZpcnN0TmFtZSI6ItCf0YDQvtGE0LXRgdGB0LjQvtC90LDQu9GM0L3Ri9C5IiwicGhvbmVOdW1iZXIiOiIiLCJsb2dpbiI6InRlYWNoZXJfZnVsbEBpc21hcnQub3JnIiwiZW1haWwiOiJ0ZWFjaGVyX2Z1bGxAaXNtYXJ0Lm9yZyIsImNvbnRyYWN0VHlwZSI6InByaXZhdGUiLCJleHRlcm5hbFVzZXJTb3VyY2UiOm51bGwsImdvZE1vZGUiOnRydWUsImVkdWNvbnQiOnt9LCJfaWQiOiI2NWMzNDFiMmI5MmM3YTVmYmFmZWI2MDcifQ.g8I_2Btv7rGXWFT_jbBB9c0iAVhZshRxVIA8nbNqh0s","default","Mon Oct 05 00:36:26 UTC 2026","passed","Mon Oct 05 00:37:02 UTC 2026","Tests Eors","","",""
"","18491","Каталог заданий: Школьная программа ""Информатика"" — Класс 5","default","Mon Oct 05 02:09:16 UTC 2026","passed","Mon Oct 05 02:09:34 UTC 2026","AuTestCatalogTask","","",""
"","33631","Каталог заданий: ТНР ""Химия. 5.1"" — Класс 2","default","Mon Oct 05 02:52:00 UTC 2026","passed","Mon Oct 05 02:52:34 UTC 2026","AuTestCatalogTask","","",""
"","47443","665. EORS: https://edu.ismart.org/catalog/e6a486-set-logika/1-razvitie-logicheskogo-mishleniya-3-klass-chast-1?view=tasks&class=5a3cef238409440019b57b38&auth=eyJhbGciOiJIUzI1NiIsInR5cCI6IkpXVCJ9.eyJpZCI6IjY1YzM0MWIyYjkyYzdhNWZiYWZlYjYwNyIsImlzQWN0aXZlIjp0cnVlLCJpc0d1ZXN0IjpmYWxzZSwiaXNSZWdpc3RyYXRpb25Db21wbGV0ZSI6dHJ1ZSwiaXNDb25maXJtRW1haWwiOmZhbHNlLCJzdHVkZW50cyI6W10sInV0Y09mZnNldCI6MTgwLCJyb2xlIjoic2Nob29sLXRlYWNoZXIiLCJsYXN0TmFtZSI6IiIsImZpcnN0TmFtZSI6ItCf0YDQvtGE0LXRgdGB0LjQvtC90LDQu9GM0L3Ri9C5IiwicGhvbmVOdW1iZXIiOiIiLCJsb2dpbiI6InRlYWNoZXJfZnVsbEBpc21hcnQub3JnIiwiZW1haWwiOiJ0ZWFjaGVyX2Z1bGxAaXNtYXJ0Lm9yZyIsImNvbnRyYWN0VHlwZSI6InByaXZhdGUiLCJleHRlcm5hbFVzZXJTb3VyY2UiOm51bGwsImdvZE1vZGUiOnRydWUsImVkdWNvbnQiOnt9LCJfaWQiOiI2NWMzNDFiMmI5MmM3YTVmYmFmZWI2MDcifQ.g8I_2Btv7rGXWFT_jbBB9c0iAVhZshRxVIA8nbNqh0s","default","Mon Oct 05 01:52:45 UTC 2026","failed","Mon Oct 05 01:53:33 UTC 2026","Tests Eors","","",""
"","24383","Каталог заданий: НОДА ""Окружающий мир. 6.1"" — Класс 4","default","Mon Oct 05 03:42:37 UTC 2026","passed","Mon Oct 05 03:43:02 UTC 2026","AuTestCatalogTask","","",""
"","18284","Каталог заданий: ТНР ""Русский язык. 5.1"" — Класс 9","default","Mon Oct 05 02:45:40 UTC 2026","passed","Mon Oct 05 02:45:59 UTC 2026","AuTestCatalogTask","","",""
"","38871","Каталог заданий: РАС ""Литература. 8.1"" — Класс 1","default","Mon Oct 05 03:52:43 UTC 2026","passed","Mon Oct 05 03:53:22 UTC 2026","AuTestCatalogTask","","",""
"","33397","728. EORS: https://edu.ismart.org/catalog/856d86-istoriya-zpr/01-vvedenie_X6R7oi_Tj3f7A?view=tasks&categoryCode=f8d48f-9-kl&auth=eyJhbGciOiJIUzI1NiIsInR5cCI6IkpXVCJ9.eyJpZCI6IjY1YzM0MWIyYjkyYzdhNWZiYWZlYjYwNyIsImlzQWN0aXZlIjp0cnVlLCJpc0d1ZXN0IjpmYWxzZSwiaXNSZWdpc3RyYXRpb25Db21wbGV0ZSI6dHJ1ZSwiaXNDb25maXJtRW1haWwiOmZhbHNlLCJzdHVkZW50cyI6W10sInV0Y09mZnNldCI6MTgwLCJyb2xlIjoic2Nob29sLXRlYWNoZXIiLCJsYXN0TmFtZSI6IiIsImZpcnN0TmFtZSI6ItCf0YDQvtGE0LXRgdGB0LjQvtC90LDQu9GM0L3Ri9C5IiwicGhvbmVOdW1iZXIiOiIiLCJsb2dpbiI6InRlYWNoZXJfZnVsbEBpc21hcnQub3JnIiwiZW1haWwiOiJ0ZWFjaGVyX2Z1bGxAaXNtYXJ0Lm9yZyIsImNvbnRyYWN0VHlwZSI6InByaXZhdGUiLCJleHRlcm5hbFVzZXJTb3VyY2UiOm51bGwsImdvZE1vZGUiOnRydWUsImVkdWNvbnQiOnt9LCJfaWQiOiI2NWMzNDFiMmI5MmM3YTVmYmFmZWI2MDcifQ.g8I_2Btv7rGXWFT_jbBB9c0iAVhZshRxVIA8nbNqh0s","default","Mon Oct 05 02:00:24 UTC 2026","passed","Mon Oct 05 02:00:57 UTC 2026","Tests Eors","","",""
"","37830","696. EORS: https://edu.ismart.org/catalog/3478fa-russkii-yazik-slepie-uchaschiesya/1-obshchie-svedeniya-o-yazyke_fKNvQk?view=tasks&categoryCode=ee1ab4-russkii-yazik-11-kl&auth=eyJhbGciOiJIUzI1NiIsInR5cCI6IkpXVCJ9.eyJpZCI6IjY1YzM0MWIyYjkyYzdhNWZiYWZlYjYwNyIsImlzQWN0aXZlIjp0cnVlLCJpc0d1ZXN0IjpmYWxzZSwiaXNSZWdpc3RyYXRpb25Db21wbGV0ZSI6dHJ1ZSwiaXNDb25maXJtRW1haWwiOmZhbHNlLCJzdHVkZW50cyI6W10sInV0Y09mZnNldCI6MTgwLCJyb2xlIjoic2Nob29sLXRlYWNoZXIiLCJsYXN0TmFtZSI6IiIsImZpcnN0TmFtZSI6ItCf0YDQvtGE0LXRgdGB0LjQvtC90LDQu9GM0L3Ri9C5IiwicGhvbmVOdW1iZXIiOiIiLCJsb2dpbiI6InRlYWNoZXJfZnVsbEBpc21hcnQub3JnIiwiZW1haWwiOiJ0ZWFjaGVyX2Z1bGxAaXNtYXJ0Lm9yZyIsImNvbnRyYWN0VHlwZSI6InByaXZhdGUiLCJleHRlcm5hbFVzZXJTb3VyY2UiOm51bGwsImdvZE1vZGUiOnRydWUsImVkdWNvbnQiOnt9LCJfaWQiOiI2NWMzNDFiMmI5MmM3YTVmYmFmZWI2MDcifQ.g8I_2Btv7rGXWFT_jbBB9c0iAVhZshRxVIA8nbNqh0s","default","Mon Oct 05 01:56:41 UTC 2026","passed","Mon Oct 05 01:57:19 UTC 2026","Tests Eors","","",""
"","50307","Каталог заданий: ЗПР ""Литература. 7.1"" — Класс 7","default","Mon Oct 05 03:33:58 UTC 2026","passed","Mon Oct 05 03:34:48 UTC 2026","AuTestCatalogTask","","",""
"","24843","Каталог заданий: Повторение пройденного материала ""Вероятность и статистика"" — Класс 1","default","Mon Oct 05 02:36:59 UTC 2026","passed","Mon Oct 05 02:37:24 UTC 2026","AuTestCatalogTask","","",""
"","31300","329. EORS: https://edu.ismart.org/catalog/f0648d-obschestvoznanie-8-1/1-politika-i-socialnoe-upravlenie_KRTNmn_k90dyD?view=tasks&categoryCode=70dd7d-9-kl&auth=eyJhbGciOiJIUzI1NiIsInR5cCI6IkpXVCJ9.eyJpZCI6IjY1YzM0MWIyYjkyYzdhNWZiYWZlYjYwNyIsImlzQWN0aXZlIjp0cnVlLCJpc0d1ZXN0IjpmYWxzZSwiaXNSZWdpc3RyYXRpb25Db21wbGV0ZSI6dHJ1ZSwiaXNDb25maXJtRW1haWwiOmZhbHNlLCJzdHVkZW50cyI6W10sInV0Y09mZnNldCI6MTgwLCJyb2xlIjoic2Nob29sLXRlYWNoZXIiLCJsYXN0TmFtZSI6IiIsImZpcnN0TmFtZSI6ItCf0YDQvtGE0LXRgdGB0LjQvtC90LDQu9GM0L3Ri9C5IiwicGhvbmVOdW1iZXIiOiIiLCJsb2dpbiI6InRlYWNoZXJfZnVsbEBpc21hcnQub3JnIiwiZW1haWwiOiJ0ZWFjaGVyX2Z1bGxAaXNtYXJ0Lm9yZyIsImNvbnRyYWN0VHlwZSI6InByaXZhdGUiLCJleHRlcm5hbFVzZXJTb3VyY2UiOm51bGwsImdvZE1vZGUiOnRydWUsImVkdWNvbnQiOnt9LCJfaWQiOiI2NWMzNDFiMmI5MmM3YTVmYmFmZWI2MDcifQ.g8I_2Btv7rGXWFT_jbBB9c0iAVhZshRxVIA8nbNqh0s","default","Mon Oct 05 01:05:47 UTC 2026","passed","Mon Oct 05 01:06:19 UTC 2026","Tests Eors","","",""
"","21742","363. EORS: https://edu.ismart.org/catalog/7b3bfd-biologiya/101-kontrolnaya-rabota-1-po-teme-biologiya--nauka-o-jivo-prirode?view=tasks&class=5ef1b652250d56001b4f771b&auth=eyJhbGciOiJIUzI1NiIsInR5cCI6IkpXVCJ9.eyJpZCI6IjY1YzM0MWIyYjkyYzdhNWZiYWZlYjYwNyIsImlzQWN0aXZlIjp0cnVlLCJpc0d1ZXN0IjpmYWxzZSwiaXNSZWdpc3RyYXRpb25Db21wbGV0ZSI6dHJ1ZSwiaXNDb25maXJtRW1haWwiOmZhbHNlLCJzdHVkZW50cyI6W10sInV0Y09mZnNldCI6MTgwLCJyb2xlIjoic2Nob29sLXRlYWNoZXIiLCJsYXN0TmFtZSI6IiIsImZpcnN0TmFtZSI6ItCf0YDQvtGE0LXRgdGB0LjQvtC90LDQu9GM0L3Ri9C5IiwicGhvbmVOdW1iZXIiOiIiLCJsb2dpbiI6InRlYWNoZXJfZnVsbEBpc21hcnQub3JnIiwiZW1haWwiOiJ0ZWFjaGVyX2Z1bGxAaXNtYXJ0Lm9yZyIsImNvbnRyYWN0VHlwZSI6InByaXZhdGUiLCJleHRlcm5hbFVzZXJTb3VyY2UiOm51bGwsImdvZE1vZGUiOnRydWUsImVkdWNvbnQiOnt9LCJfaWQiOiI2NWMzNDFiMmI5MmM3YTVmYmFmZWI2MDcifQ.g8I_2Btv7rGXWFT_jbBB9c0iAVhZshRxVIA8nbNqh0s","default","Mon Oct 05 01:10:17 UTC 2026","passed","Mon Oct 05 01:10:38 UTC 2026","Tests Eors","","",""
"","43045","Каталог заданий: Слабослышащие ""Биология. 2.1"" — Класс 3","default","Mon Oct 05 03:24:04 UTC 2026","passed","Mon Oct 05 03:24:47 UTC 2026","AuTestCatalogTask","","",""
"","18082","Каталог заданий: ЗПР ""Геометрия. 7.1"" — Класс 3","default","Mon Oct 05 03:32:36 UTC 2026","passed","Mon Oct 05 03:32:54 UTC 2026","AuTestCatalogTask","","",""
"","22235","405. EORS: https://edu.ismart.org/catalog/8e5bf2-biologiya/1-ponyatie-o-jizni-i-priznaki-jivogo?view=tasks&class=5ef1b652250d56001b4f771b&auth=eyJhbGciOiJIUzI1NiIsInR5cCI6IkpXVCJ9.eyJpZCI6IjY1YzM0MWIyYjkyYzdhNWZiYWZlYjYwNyIsImlzQWN0aXZlIjp0cnVlLCJpc0d1ZXN0IjpmYWxzZSwiaXNSZWdpc3RyYXRpb25Db21wbGV0ZSI6dHJ1ZSwiaXNDb25maXJtRW1haWwiOmZhbHNlLCJzdHVkZW50cyI6W10sInV0Y09mZnNldCI6MTgwLCJyb2xlIjoic2Nob29sLXRlYWNoZXIiLCJsYXN0TmFtZSI6IiIsImZpcnN0TmFtZSI6ItCf0YDQvtGE0LXRgdGB0LjQvtC90LDQu9GM0L3Ri9C5IiwicGhvbmVOdW1iZXIiOiIiLCJsb2dpbiI6InRlYWNoZXJfZnVsbEBpc21hcnQub3JnIiwiZW1haWwiOiJ0ZWFjaGVyX2Z1bGxAaXNtYXJ0Lm9yZyIsImNvbnRyYWN0VHlwZSI6InByaXZhdGUiLCJleHRlcm5hbFVzZXJTb3VyY2UiOm51bGwsImdvZE1vZGUiOnRydWUsImVkdWNvbnQiOnt9LCJfaWQiOiI2NWMzNDFiMmI5MmM3YTVmYmFmZWI2MDcifQ.g8I_2Btv7rGXWFT_jbBB9c0iAVhZshRxVIA8nbNqh0s","default","Mon Oct 05 01:15:18 UTC 2026","passed","Mon Oct 05 01:15:40 UTC 2026","Tests Eors","","",""
"","29680","503. EORS: https://edu.ismart.org/catalog/44b1bc-biologiya-tnr/1-botanika--nauka-o-rasteniyah_5dmWy5?view=tasks&categoryCode=b08d97-biologiya-6-kl&auth=eyJhbGciOiJIUzI1NiIsInR5cCI6IkpXVCJ9.eyJpZCI6IjY1YzM0MWIyYjkyYzdhNWZiYWZlYjYwNyIsImlzQWN0aXZlIjp0cnVlLCJpc0d1ZXN0IjpmYWxzZSwiaXNSZWdpc3RyYXRpb25Db21wbGV0ZSI6dHJ1ZSwiaXNDb25maXJtRW1haWwiOmZhbHNlLCJzdHVkZW50cyI6W10sInV0Y09mZnNldCI6MTgwLCJyb2xlIjoic2Nob29sLXRlYWNoZXIiLCJsYXN0TmFtZSI6IiIsImZpcnN0TmFtZSI6ItCf0YDQvtGE0LXRgdGB0LjQvtC90LDQu9GM0L3Ri9C5IiwicGhvbmVOdW1iZXIiOiIiLCJsb2dpbiI6InRlYWNoZXJfZnVsbEBpc21hcnQub3JnIiwiZW1haWwiOiJ0ZWFjaGVyX2Z1bGxAaXNtYXJ0Lm9yZyIsImNvbnRyYWN0VHlwZSI6InByaXZhdGUiLCJleHRlcm5hbFVzZXJTb3VyY2UiOm51bGwsImdvZE1vZGUiOnRydWUsImVkdWNvbnQiOnt9LCJfaWQiOiI2NWMzNDFiMmI5MmM3YTVmYmFmZWI2MDcifQ.g8I_2Btv7rGXWFT_jbBB9c0iAVhZshRxVIA8nbNqh0s","default","Mon Oct 05 01:28:25 UTC 2026","passed","Mon Oct 05 01:28:55 UTC 2026","Tests Eors","","",""
"","23180","Каталог заданий: НОДА ""Английский язык. 6.1"" — Класс 10","default","Mon Oct 05 03:48:33 UTC 2026","passed","Mon Oct 05 03:48:56 UTC 2026","AuTestCatalogTask","","",""
"","49685","Каталог заданий: Слепые ""История. 3.1"" — Класс 4","default","Mon Oct 05 02:58:13 UTC 2026","passed","Mon Oct 05 02:59:03 UTC 2026","AuTestCatalogTask","","",""
"","13590","Каталог заданий: ТНР ""Обществознание. 5.1"" — Класс 4","default","Mon Oct 05 02:52:57 UTC 2026","passed","Mon Oct 05 02:53:10 UTC 2026","AuTestCatalogTask","","",""
"","24482","Каталог заданий: Повторение пройденного материала ""Русский язык"" — Класс 6","default","Mon Oct 05 02:32:25 UTC 2026","passed","Mon Oct 05 02:32:50 UTC 2026","AuTestCatalogTask","","",""
"","43707","255. EORS: https://edu.ismart.org/catalog/a58645-biologiya-8-1/1-chelovek--biosocialny-vid_eQaIgY_HP4npa?view=tasks&categoryCode=56636a-9-kl&auth=eyJhbGciOiJIUzI1NiIsInR5cCI6IkpXVCJ9.eyJpZCI6IjY1YzM0MWIyYjkyYzdhNWZiYWZlYjYwNyIsImlzQWN0aXZlIjp0cnVlLCJpc0d1ZXN0IjpmYWxzZSwiaXNSZWdpc3RyYXRpb25Db21wbGV0ZSI6dHJ1ZSwiaXNDb25maXJtRW1haWwiOmZhbHNlLCJzdHVkZW50cyI6W10sInV0Y09mZnNldCI6MTgwLCJyb2xlIjoic2Nob29sLXRlYWNoZXIiLCJsYXN0TmFtZSI6IiIsImZpcnN0TmFtZSI6ItCf0YDQvtGE0LXRgdGB0LjQvtC90LDQu9GM0L3Ri9C5IiwicGhvbmVOdW1iZXIiOiIiLCJsb2dpbiI6InRlYWNoZXJfZnVsbEBpc21hcnQub3JnIiwiZW1haWwiOiJ0ZWFjaGVyX2Z1bGxAaXNtYXJ0Lm9yZyIsImNvbnRyYWN0VHlwZSI6InByaXZhdGUiLCJleHRlcm5hbFVzZXJTb3VyY2UiOm51bGwsImdvZE1vZGUiOnRydWUsImVkdWNvbnQiOnt9LCJfaWQiOiI2NWMzNDFiMmI5MmM3YTVmYmFmZWI2MDcifQ.g8I_2Btv7rGXWFT_jbBB9c0iAVhZshRxVIA8nbNqh0s","default","Mon Oct 05 00:55:41 UTC 2026","failed","Mon Oct 05 00:56:25 UTC 2026","Tests Eors","","",""
"","23075","156. EORS: https://edu.ismart.org/catalog/920226-istoriya-6-1/1-teoriya_3PRKfz_WXoBhw?view=tasks&categoryCode=37042a-5-kl&auth=eyJhbGciOiJIUzI1NiIsInR5cCI6IkpXVCJ9.eyJpZCI6IjY1YzM0MWIyYjkyYzdhNWZiYWZlYjYwNyIsImlzQWN0aXZlIjp0cnVlLCJpc0d1ZXN0IjpmYWxzZSwiaXNSZWdpc3RyYXRpb25Db21wbGV0ZSI6dHJ1ZSwiaXNDb25maXJtRW1haWwiOmZhbHNlLCJzdHVkZW50cyI6W10sInV0Y09mZnNldCI6MTgwLCJyb2xlIjoic2Nob29sLXRlYWNoZXIiLCJsYXN0TmFtZSI6IiIsImZpcnN0TmFtZSI6ItCf0YDQvtGE0LXRgdGB0LjQvtC90LDQu9GM0L3Ri9C5IiwicGhvbmVOdW1iZXIiOiIiLCJsb2dpbiI6InRlYWNoZXJfZnVsbEBpc21hcnQub3JnIiwiZW1haWwiOiJ0ZWFjaGVyX2Z1bGxAaXNtYXJ0Lm9yZyIsImNvbnRyYWN0VHlwZSI6InByaXZhdGUiLCJleHRlcm5hbFVzZXJTb3VyY2UiOm51bGwsImdvZE1vZGUiOnRydWUsImVkdWNvbnQiOnt9LCJfaWQiOiI2NWMzNDFiMmI5MmM3YTVmYmFmZWI2MDcifQ.g8I_2Btv7rGXWFT_jbBB9c0iAVhZshRxVIA8nbNqh0s","default","Mon Oct 05 00:42:56 UTC 2026","passed","Mon Oct 05 00:43:19 UTC 2026","Tests Eors","","",""
"","26016","610. EORS: https://edu.ismart.org/catalog/54a563-geometriya-2-1/10-tela-vrashcheniya_s3Vhz0_IHtWNL?view=tasks&categoryCode=cdb897-11-kl&auth=eyJhbGciOiJIUzI1NiIsInR5cCI6IkpXVCJ9.eyJpZCI6IjY1YzM0MWIyYjkyYzdhNWZiYWZlYjYwNyIsImlzQWN0aXZlIjp0cnVlLCJpc0d1ZXN0IjpmYWxzZSwiaXNSZWdpc3RyYXRpb25Db21wbGV0ZSI6dHJ1ZSwiaXNDb25maXJtRW1haWwiOmZhbHNlLCJzdHVkZW50cyI6W10sInV0Y09mZnNldCI6MTgwLCJyb2xlIjoic2Nob29sLXRlYWNoZXIiLCJsYXN0TmFtZSI6IiIsImZpcnN0TmFtZSI6ItCf0YDQvtGE0LXRgdGB0LjQvtC90LDQu9GM0L3Ri9C5IiwicGhvbmVOdW1iZXIiOiIiLCJsb2dpbiI6InRlYWNoZXJfZnVsbEBpc21hcnQub3JnIiwiZW1haWwiOiJ0ZWFjaGVyX2Z1bGxAaXNtYXJ0Lm9yZyIsImNvbnRyYWN0VHlwZSI6InByaXZhdGUiLCJleHRlcm5hbFVzZXJTb3VyY2UiOm51bGwsImdvZE1vZGUiOnRydWUsImVkdWNvbnQiOnt9LCJfaWQiOiI2NWMzNDFiMmI5MmM3YTVmYmFmZWI2MDcifQ.g8I_2Btv7rGXWFT_jbBB9c0iAVhZshRxVIA8nbNqh0s","default","Mon Oct 05 01:44:54 UTC 2026","passed","Mon Oct 05 01:45:20 UTC 2026","Tests Eors","","",""
"","57837","513. EORS: https://edu.ismart.org/catalog/f78aab-russkii-yazik-slabovidyaschie-uchaschiesya/1-chto-mi-znaem-o-zvukah-i-bukvah_hRFmLm?view=tasks&categoryCode=b37ab9-russkii-yazik-3-kl&auth=eyJhbGciOiJIUzI1NiIsInR5cCI6IkpXVCJ9.eyJpZCI6IjY1YzM0MWIyYjkyYzdhNWZiYWZlYjYwNyIsImlzQWN0aXZlIjp0cnVlLCJpc0d1ZXN0IjpmYWxzZSwiaXNSZWdpc3RyYXRpb25Db21wbGV0ZSI6dHJ1ZSwiaXNDb25maXJtRW1haWwiOmZhbHNlLCJzdHVkZW50cyI6W10sInV0Y09mZnNldCI6MTgwLCJyb2xlIjoic2Nob29sLXRlYWNoZXIiLCJsYXN0TmFtZSI6IiIsImZpcnN0TmFtZSI6ItCf0YDQvtGE0LXRgdGB0LjQvtC90LDQu9GM0L3Ri9C5IiwicGhvbmVOdW1iZXIiOiIiLCJsb2dpbiI6InRlYWNoZXJfZnVsbEBpc21hcnQub3JnIiwiZW1haWwiOiJ0ZWFjaGVyX2Z1bGxAaXNtYXJ0Lm9yZyIsImNvbnRyYWN0VHlwZSI6InByaXZhdGUiLCJleHRlcm5hbFVzZXJTb3VyY2UiOm51bGwsImdvZE1vZGUiOnRydWUsImVkdWNvbnQiOnt9LCJfaWQiOiI2NWMzNDFiMmI5MmM3YTVmYmFmZWI2MDcifQ.g8I_2Btv7rGXWFT_jbBB9c0iAVhZshRxVIA8nbNqh0s","default","Mon Oct 05 01:30:17 UTC 2026","failed","Mon Oct 05 01:31:14 UTC 2026","Tests Eors","","",""
"","28155","515. EORS: https://edu.ismart.org/catalog/54a563-geometriya-2-1/9-vvedenie-v-stereometriu_B8srTl_l31lqd?view=tasks&categoryCode=b510af-10-kl&auth=eyJhbGciOiJIUzI1NiIsInR5cCI6IkpXVCJ9.eyJpZCI6IjY1YzM0MWIyYjkyYzdhNWZiYWZlYjYwNyIsImlzQWN0aXZlIjp0cnVlLCJpc0d1ZXN0IjpmYWxzZSwiaXNSZWdpc3RyYXRpb25Db21wbGV0ZSI6dHJ1ZSwiaXNDb25maXJtRW1haWwiOmZhbHNlLCJzdHVkZW50cyI6W10sInV0Y09mZnNldCI6MTgwLCJyb2xlIjoic2Nob29sLXRlYWNoZXIiLCJsYXN0TmFtZSI6IiIsImZpcnN0TmFtZSI6ItCf0YDQvtGE0LXRgdGB0LjQvtC90LDQu9GM0L3Ri9C5IiwicGhvbmVOdW1iZXIiOiIiLCJsb2dpbiI6InRlYWNoZXJfZnVsbEBpc21hcnQub3JnIiwiZW1haWwiOiJ0ZWFjaGVyX2Z1bGxAaXNtYXJ0Lm9yZyIsImNvbnRyYWN0VHlwZSI6InByaXZhdGUiLCJleHRlcm5hbFVzZXJTb3VyY2UiOm51bGwsImdvZE1vZGUiOnRydWUsImVkdWNvbnQiOnt9LCJfaWQiOiI2NWMzNDFiMmI5MmM3YTVmYmFmZWI2MDcifQ.g8I_2Btv7rGXWFT_jbBB9c0iAVhZshRxVIA8nbNqh0s","default","Mon Oct 05 01:30:37 UTC 2026","passed","Mon Oct 05 01:31:05 UTC 2026","Tests Eors","","",""
"","31232","715. EORS: https://edu.ismart.org/catalog/d284c2-matematika-narushenie-sluha/100-1-chisla-i-velichiny-chisla-v-predelah-100_eceUVp?view=tasks&categoryCode=f5e6d9-matematika-2-kl&auth=eyJhbGciOiJIUzI1NiIsInR5cCI6IkpXVCJ9.eyJpZCI6IjY1YzM0MWIyYjkyYzdhNWZiYWZlYjYwNyIsImlzQWN0aXZlIjp0cnVlLCJpc0d1ZXN0IjpmYWxzZSwiaXNSZWdpc3RyYXRpb25Db21wbGV0ZSI6dHJ1ZSwiaXNDb25maXJtRW1haWwiOmZhbHNlLCJzdHVkZW50cyI6W10sInV0Y09mZnNldCI6MTgwLCJyb2xlIjoic2Nob29sLXRlYWNoZXIiLCJsYXN0TmFtZSI6IiIsImZpcnN0TmFtZSI6ItCf0YDQvtGE0LXRgdGB0LjQvtC90LDQu9GM0L3Ri9C5IiwicGhvbmVOdW1iZXIiOiIiLCJsb2dpbiI6InRlYWNoZXJfZnVsbEBpc21hcnQub3JnIiwiZW1haWwiOiJ0ZWFjaGVyX2Z1bGxAaXNtYXJ0Lm9yZyIsImNvbnRyYWN0VHlwZSI6InByaXZhdGUiLCJleHRlcm5hbFVzZXJTb3VyY2UiOm51bGwsImdvZE1vZGUiOnRydWUsImVkdWNvbnQiOnt9LCJfaWQiOiI2NWMzNDFiMmI5MmM3YTVmYmFmZWI2MDcifQ.g8I_2Btv7rGXWFT_jbBB9c0iAVhZshRxVIA8nbNqh0s","default","Mon Oct 05 01:58:52 UTC 2026","passed","Mon Oct 05 01:59:23 UTC 2026","Tests Eors","","",""
"","11934","Каталог заданий: Слепые ""Русский язык. 3.1"" — Класс 9","default","Mon Oct 05 02:54:40 UTC 2026","passed","Mon Oct 05 02:54:52 UTC 2026","AuTestCatalogTask","","",""
"","28894","Каталог заданий: ЗПР ""Математика. 7.1"" — Класс 4","default","Mon Oct 05 03:31:28 UTC 2026","passed","Mon Oct 05 03:31:56 UTC 2026","AuTestCatalogTask","","",""
"","22636","516. EORS: https://edu.ismart.org/catalog/b53d47-informatika/101-zadanie-1?view=tasks&class=61890fee84e9f601793b0348&auth=eyJhbGciOiJIUzI1NiIsInR5cCI6IkpXVCJ9.eyJpZCI6IjY1YzM0MWIyYjkyYzdhNWZiYWZlYjYwNyIsImlzQWN0aXZlIjp0cnVlLCJpc0d1ZXN0IjpmYWxzZSwiaXNSZWdpc3RyYXRpb25Db21wbGV0ZSI6dHJ1ZSwiaXNDb25maXJtRW1haWwiOmZhbHNlLCJzdHVkZW50cyI6W10sInV0Y09mZnNldCI6MTgwLCJyb2xlIjoic2Nob29sLXRlYWNoZXIiLCJsYXN0TmFtZSI6IiIsImZpcnN0TmFtZSI6ItCf0YDQvtGE0LXRgdGB0LjQvtC90LDQu9GM0L3Ri9C5IiwicGhvbmVOdW1iZXIiOiIiLCJsb2dpbiI6InRlYWNoZXJfZnVsbEBpc21hcnQub3JnIiwiZW1haWwiOiJ0ZWFjaGVyX2Z1bGxAaXNtYXJ0Lm9yZyIsImNvbnRyYWN0VHlwZSI6InByaXZhdGUiLCJleHRlcm5hbFVzZXJTb3VyY2UiOm51bGwsImdvZE1vZGUiOnRydWUsImVkdWNvbnQiOnt9LCJfaWQiOiI2NWMzNDFiMmI5MmM3YTVmYmFmZWI2MDcifQ.g8I_2Btv7rGXWFT_jbBB9c0iAVhZshRxVIA8nbNqh0s","default","Mon Oct 05 01:30:45 UTC 2026","passed","Mon Oct 05 01:31:07 UTC 2026","Tests Eors","","",""
"","61093","593. EORS: https://edu.ismart.org/catalog/cat-prepare-test-work-ru-lang/podgotovka-k-kontrolno-1-chetvert-?view=tasks&class=5a3cef178409440019b57b37&auth=eyJhbGciOiJIUzI1NiIsInR5cCI6IkpXVCJ9.eyJpZCI6IjY1YzM0MWIyYjkyYzdhNWZiYWZlYjYwNyIsImlzQWN0aXZlIjp0cnVlLCJpc0d1ZXN0IjpmYWxzZSwiaXNSZWdpc3RyYXRpb25Db21wbGV0ZSI6dHJ1ZSwiaXNDb25maXJtRW1haWwiOmZhbHNlLCJzdHVkZW50cyI6W10sInV0Y09mZnNldCI6MTgwLCJyb2xlIjoic2Nob29sLXRlYWNoZXIiLCJsYXN0TmFtZSI6IiIsImZpcnN0TmFtZSI6ItCf0YDQvtGE0LXRgdGB0LjQvtC90LDQu9GM0L3Ri9C5IiwicGhvbmVOdW1iZXIiOiIiLCJsb2dpbiI6InRlYWNoZXJfZnVsbEBpc21hcnQub3JnIiwiZW1haWwiOiJ0ZWFjaGVyX2Z1bGxAaXNtYXJ0Lm9yZyIsImNvbnRyYWN0VHlwZSI6InByaXZhdGUiLCJleHRlcm5hbFVzZXJTb3VyY2UiOm51bGwsImdvZE1vZGUiOnRydWUsImVkdWNvbnQiOnt9LCJfaWQiOiI2NWMzNDFiMmI5MmM3YTVmYmFmZWI2MDcifQ.g8I_2Btv7rGXWFT_jbBB9c0iAVhZshRxVIA8nbNqh0s","default","Mon Oct 05 01:41:50 UTC 2026","failed","Mon Oct 05 01:42:52 UTC 2026","Tests Eors","","",""
"","19753","Каталог заданий: Подготовка к контрольным работам ""Алгебра"" — Класс 3","default","Mon Oct 05 02:28:12 UTC 2026","passed","Mon Oct 05 02:28:31 UTC 2026","AuTestCatalogTask","","",""
"","15749","Каталог заданий: Слабовидящие ""Физика. 4.1"" — Класс 3","default","Mon Oct 05 03:11:44 UTC 2026","passed","Mon Oct 05 03:12:00 UTC 2026","AuTestCatalogTask","","",""
"","24997","679. EORS: https://edu.ismart.org/catalog/95d37e-biologiya-1-1/1-biologiya-v-sisteme-nauk_v12iJp_U8zLdh?view=tasks&categoryCode=ebb062-10-klass&auth=eyJhbGciOiJIUzI1NiIsInR5cCI6IkpXVCJ9.eyJpZCI6IjY1YzM0MWIyYjkyYzdhNWZiYWZlYjYwNyIsImlzQWN0aXZlIjp0cnVlLCJpc0d1ZXN0IjpmYWxzZSwiaXNSZWdpc3RyYXRpb25Db21wbGV0ZSI6dHJ1ZSwiaXNDb25maXJtRW1haWwiOmZhbHNlLCJzdHVkZW50cyI6W10sInV0Y09mZnNldCI6MTgwLCJyb2xlIjoic2Nob29sLXRlYWNoZXIiLCJsYXN0TmFtZSI6IiIsImZpcnN0TmFtZSI6ItCf0YDQvtGE0LXRgdGB0LjQvtC90LDQu9GM0L3Ri9C5IiwicGhvbmVOdW1iZXIiOiIiLCJsb2dpbiI6InRlYWNoZXJfZnVsbEBpc21hcnQub3JnIiwiZW1haWwiOiJ0ZWFjaGVyX2Z1bGxAaXNtYXJ0Lm9yZyIsImNvbnRyYWN0VHlwZSI6InByaXZhdGUiLCJleHRlcm5hbFVzZXJTb3VyY2UiOm51bGwsImdvZE1vZGUiOnRydWUsImVkdWNvbnQiOnt9LCJfaWQiOiI2NWMzNDFiMmI5MmM3YTVmYmFmZWI2MDcifQ.g8I_2Btv7rGXWFT_jbBB9c0iAVhZshRxVIA8nbNqh0s","default","Mon Oct 05 01:54:49 UTC 2026","passed","Mon Oct 05 01:55:14 UTC 2026","Tests Eors","","",""
"","25342","Каталог заданий: Повторение пройденного материала ""Геометрия"" — Класс 5","default","Mon Oct 05 02:36:34 UTC 2026","passed","Mon Oct 05 02:36:59 UTC 2026","AuTestCatalogTask","","",""
"","22791","636. EORS: https://edu.ismart.org/catalog/4e11c9-himiya-6-1/1-teoreticheskie-osnovy-organichesko-himii-_SvX2Mh_D4OIgF?view=tasks&categoryCode=dc264d-10-kl&auth=eyJhbGciOiJIUzI1NiIsInR5cCI6IkpXVCJ9.eyJpZCI6IjY1YzM0MWIyYjkyYzdhNWZiYWZlYjYwNyIsImlzQWN0aXZlIjp0cnVlLCJpc0d1ZXN0IjpmYWxzZSwiaXNSZWdpc3RyYXRpb25Db21wbGV0ZSI6dHJ1ZSwiaXNDb25maXJtRW1haWwiOmZhbHNlLCJzdHVkZW50cyI6W10sInV0Y09mZnNldCI6MTgwLCJyb2xlIjoic2Nob29sLXRlYWNoZXIiLCJsYXN0TmFtZSI6IiIsImZpcnN0TmFtZSI6ItCf0YDQvtGE0LXRgdGB0LjQvtC90LDQu9GM0L3Ri9C5IiwicGhvbmVOdW1iZXIiOiIiLCJsb2dpbiI6InRlYWNoZXJfZnVsbEBpc21hcnQub3JnIiwiZW1haWwiOiJ0ZWFjaGVyX2Z1bGxAaXNtYXJ0Lm9yZyIsImNvbnRyYWN0VHlwZSI6InByaXZhdGUiLCJleHRlcm5hbFVzZXJTb3VyY2UiOm51bGwsImdvZE1vZGUiOnRydWUsImVkdWNvbnQiOnt9LCJfaWQiOiI2NWMzNDFiMmI5MmM3YTVmYmFmZWI2MDcifQ.g8I_2Btv7rGXWFT_jbBB9c0iAVhZshRxVIA8nbNqh0s","default","Mon Oct 05 01:48:54 UTC 2026","passed","Mon Oct 05 01:49:17 UTC 2026","Tests Eors","","",""
"","24859","231. EORS: https://edu.ismart.org/catalog/4d9a3c-fizika/13-1-nedelya-kinematika?view=tasks&class=64bfa63cd00b08794c3f8b29&auth=eyJhbGciOiJIUzI1NiIsInR5cCI6IkpXVCJ9.eyJpZCI6IjY1YzM0MWIyYjkyYzdhNWZiYWZlYjYwNyIsImlzQWN0aXZlIjp0cnVlLCJpc0d1ZXN0IjpmYWxzZSwiaXNSZWdpc3RyYXRpb25Db21wbGV0ZSI6dHJ1ZSwiaXNDb25maXJtRW1haWwiOmZhbHNlLCJzdHVkZW50cyI6W10sInV0Y09mZnNldCI6MTgwLCJyb2xlIjoic2Nob29sLXRlYWNoZXIiLCJsYXN0TmFtZSI6IiIsImZpcnN0TmFtZSI6ItCf0YDQvtGE0LXRgdGB0LjQvtC90LDQu9GM0L3Ri9C5IiwicGhvbmVOdW1iZXIiOiIiLCJsb2dpbiI6InRlYWNoZXJfZnVsbEBpc21hcnQub3JnIiwiZW1haWwiOiJ0ZWFjaGVyX2Z1bGxAaXNtYXJ0Lm9yZyIsImNvbnRyYWN0VHlwZSI6InByaXZhdGUiLCJleHRlcm5hbFVzZXJTb3VyY2UiOm51bGwsImdvZE1vZGUiOnRydWUsImVkdWNvbnQiOnt9LCJfaWQiOiI2NWMzNDFiMmI5MmM3YTVmYmFmZWI2MDcifQ.g8I_2Btv7rGXWFT_jbBB9c0iAVhZshRxVIA8nbNqh0s","default","Mon Oct 05 00:52:35 UTC 2026","passed","Mon Oct 05 00:53:00 UTC 2026","Tests Eors","","",""
"","24398","102. EORS: https://edu.ismart.org/catalog/229f27-himiya/1-1-nedelya-himiya--vajnaya-oblast-estestvoznaniya-i-praktichesko-deyatelnosti-cheloveka?view=tasks&class=5f63090daee1af001b415303&auth=eyJhbGciOiJIUzI1NiIsInR5cCI6IkpXVCJ9.eyJpZCI6IjY1YzM0MWIyYjkyYzdhNWZiYWZlYjYwNyIsImlzQWN0aXZlIjp0cnVlLCJpc0d1ZXN0IjpmYWxzZSwiaXNSZWdpc3RyYXRpb25Db21wbGV0ZSI6dHJ1ZSwiaXNDb25maXJtRW1haWwiOmZhbHNlLCJzdHVkZW50cyI6W10sInV0Y09mZnNldCI6MTgwLCJyb2xlIjoic2Nob29sLXRlYWNoZXIiLCJsYXN0TmFtZSI6IiIsImZpcnN0TmFtZSI6ItCf0YDQvtGE0LXRgdGB0LjQvtC90LDQu9GM0L3Ri9C5IiwicGhvbmVOdW1iZXIiOiIiLCJsb2dpbiI6InRlYWNoZXJfZnVsbEBpc21hcnQub3JnIiwiZW1haWwiOiJ0ZWFjaGVyX2Z1bGxAaXNtYXJ0Lm9yZyIsImNvbnRyYWN0VHlwZSI6InByaXZhdGUiLCJleHRlcm5hbFVzZXJTb3VyY2UiOm51bGwsImdvZE1vZGUiOnRydWUsImVkdWNvbnQiOnt9LCJfaWQiOiI2NWMzNDFiMmI5MmM3YTVmYmFmZWI2MDcifQ.g8I_2Btv7rGXWFT_jbBB9c0iAVhZshRxVIA8nbNqh0s","default","Mon Oct 05 00:36:01 UTC 2026","passed","Mon Oct 05 00:36:26 UTC 2026","Tests Eors","","",""
"","21904","707. EORS: https://edu.ismart.org/catalog/f281ca-podgotovka-k-oge-po-himii/19-zadanie--1?view=tasks&class=61a71c551b0ad63754c198e9&auth=eyJhbGciOiJIUzI1NiIsInR5cCI6IkpXVCJ9.eyJpZCI6IjY1YzM0MWIyYjkyYzdhNWZiYWZlYjYwNyIsImlzQWN0aXZlIjp0cnVlLCJpc0d1ZXN0IjpmYWxzZSwiaXNSZWdpc3RyYXRpb25Db21wbGV0ZSI6dHJ1ZSwiaXNDb25maXJtRW1haWwiOmZhbHNlLCJzdHVkZW50cyI6W10sInV0Y09mZnNldCI6MTgwLCJyb2xlIjoic2Nob29sLXRlYWNoZXIiLCJsYXN0TmFtZSI6IiIsImZpcnN0TmFtZSI6ItCf0YDQvtGE0LXRgdGB0LjQvtC90LDQu9GM0L3Ri9C5IiwicGhvbmVOdW1iZXIiOiIiLCJsb2dpbiI6InRlYWNoZXJfZnVsbEBpc21hcnQub3JnIiwiZW1haWwiOiJ0ZWFjaGVyX2Z1bGxAaXNtYXJ0Lm9yZyIsImNvbnRyYWN0VHlwZSI6InByaXZhdGUiLCJleHRlcm5hbFVzZXJTb3VyY2UiOm51bGwsImdvZE1vZGUiOnRydWUsImVkdWNvbnQiOnt9LCJfaWQiOiI2NWMzNDFiMmI5MmM3YTVmYmFmZWI2MDcifQ.g8I_2Btv7rGXWFT_jbBB9c0iAVhZshRxVIA8nbNqh0s","default","Mon Oct 05 01:58:05 UTC 2026","passed","Mon Oct 05 01:58:27 UTC 2026","Tests Eors","","",""
"","23951","33. EORS: https://edu.ismart.org/catalog/245c28-informatika-tnr/1--komputer-apparatnoe-i-programmnoe-obespechenie-falovaya-sistema_hxYijF?view=tasks&categoryCode=0d456e-10-klass&auth=eyJhbGciOiJIUzI1NiIsInR5cCI6IkpXVCJ9.eyJpZCI6IjY1YzM0MWIyYjkyYzdhNWZiYWZlYjYwNyIsImlzQWN0aXZlIjp0cnVlLCJpc0d1ZXN0IjpmYWxzZSwiaXNSZWdpc3RyYXRpb25Db21wbGV0ZSI6dHJ1ZSwiaXNDb25maXJtRW1haWwiOmZhbHNlLCJzdHVkZW50cyI6W10sInV0Y09mZnNldCI6MTgwLCJyb2xlIjoic2Nob29sLXRlYWNoZXIiLCJsYXN0TmFtZSI6IiIsImZpcnN0TmFtZSI6ItCf0YDQvtGE0LXRgdGB0LjQvtC90LDQu9GM0L3Ri9C5IiwicGhvbmVOdW1iZXIiOiIiLCJsb2dpbiI6InRlYWNoZXJfZnVsbEBpc21hcnQub3JnIiwiZW1haWwiOiJ0ZWFjaGVyX2Z1bGxAaXNtYXJ0Lm9yZyIsImNvbnRyYWN0VHlwZSI6InByaXZhdGUiLCJleHRlcm5hbFVzZXJTb3VyY2UiOm51bGwsImdvZE1vZGUiOnRydWUsImVkdWNvbnQiOnt9LCJfaWQiOiI2NWMzNDFiMmI5MmM3YTVmYmFmZWI2MDcifQ.g8I_2Btv7rGXWFT_jbBB9c0iAVhZshRxVIA8nbNqh0s","default","Mon Oct 05 00:26:56 UTC 2026","passed","Mon Oct 05 00:27:20 UTC 2026","Tests Eors","","",""
"","24538","Каталог заданий: Повторение пройденного материала ""Информатика"" — Класс 5","default","Mon Oct 05 02:40:06 UTC 2026","passed","Mon Oct 05 02:40:30 UTC 2026","AuTestCatalogTask","","",""
"","23927","631. EORS: https://edu.ismart.org/catalog/815602-informatika-1-1/1--komputer-apparatnoe-i-programmnoe-obespechenie-falovaya-sistema_hxYijF_tcocsz?view=tasks&categoryCode=d73c44-10-kl&auth=eyJhbGciOiJIUzI1NiIsInR5cCI6IkpXVCJ9.eyJpZCI6IjY1YzM0MWIyYjkyYzdhNWZiYWZlYjYwNyIsImlzQWN0aXZlIjp0cnVlLCJpc0d1ZXN0IjpmYWxzZSwiaXNSZWdpc3RyYXRpb25Db21wbGV0ZSI6dHJ1ZSwiaXNDb25maXJtRW1haWwiOmZhbHNlLCJzdHVkZW50cyI6W10sInV0Y09mZnNldCI6MTgwLCJyb2xlIjoic2Nob29sLXRlYWNoZXIiLCJsYXN0TmFtZSI6IiIsImZpcnN0TmFtZSI6ItCf0YDQvtGE0LXRgdGB0LjQvtC90LDQu9GM0L3Ri9C5IiwicGhvbmVOdW1iZXIiOiIiLCJsb2dpbiI6InRlYWNoZXJfZnVsbEBpc21hcnQub3JnIiwiZW1haWwiOiJ0ZWFjaGVyX2Z1bGxAaXNtYXJ0Lm9yZyIsImNvbnRyYWN0VHlwZSI6InByaXZhdGUiLCJleHRlcm5hbFVzZXJTb3VyY2UiOm51bGwsImdvZE1vZGUiOnRydWUsImVkdWNvbnQiOnt9LCJfaWQiOiI2NWMzNDFiMmI5MmM3YTVmYmFmZWI2MDcifQ.g8I_2Btv7rGXWFT_jbBB9c0iAVhZshRxVIA8nbNqh0s","default","Mon Oct 05 01:48:14 UTC 2026","passed","Mon Oct 05 01:48:38 UTC 2026","Tests Eors","","",""
"","22746","291. EORS: https://edu.ismart.org/catalog/3f4488-himiya-tnr/1-stroenie-atoma-periodicheski-zakon-i-periodicheskaya-sistema_nsG4YF?view=tasks&categoryCode=628e22-11-klass&auth=eyJhbGciOiJIUzI1NiIsInR5cCI6IkpXVCJ9.eyJpZCI6IjY1YzM0MWIyYjkyYzdhNWZiYWZlYjYwNyIsImlzQWN0aXZlIjp0cnVlLCJpc0d1ZXN0IjpmYWxzZSwiaXNSZWdpc3RyYXRpb25Db21wbGV0ZSI6dHJ1ZSwiaXNDb25maXJtRW1haWwiOmZhbHNlLCJzdHVkZW50cyI6W10sInV0Y09mZnNldCI6MTgwLCJyb2xlIjoic2Nob29sLXRlYWNoZXIiLCJsYXN0TmFtZSI6IiIsImZpcnN0TmFtZSI6ItCf0YDQvtGE0LXRgdGB0LjQvtC90LDQu9GM0L3Ri9C5IiwicGhvbmVOdW1iZXIiOiIiLCJsb2dpbiI6InRlYWNoZXJfZnVsbEBpc21hcnQub3JnIiwiZW1haWwiOiJ0ZWFjaGVyX2Z1bGxAaXNtYXJ0Lm9yZyIsImNvbnRyYWN0VHlwZSI6InByaXZhdGUiLCJleHRlcm5hbFVzZXJTb3VyY2UiOm51bGwsImdvZE1vZGUiOnRydWUsImVkdWNvbnQiOnt9LCJfaWQiOiI2NWMzNDFiMmI5MmM3YTVmYmFmZWI2MDcifQ.g8I_2Btv7rGXWFT_jbBB9c0iAVhZshRxVIA8nbNqh0s","default","Mon Oct 05 01:00:33 UTC 2026","passed","Mon Oct 05 01:00:55 UTC 2026","Tests Eors","","",""
"","24698","Каталог заданий: Повторение пройденного материала ""Английский язык"" — Класс 2","default","Mon Oct 05 02:33:32 UTC 2026","passed","Mon Oct 05 02:33:57 UTC 2026","AuTestCatalogTask","","",""
"","17190","Каталог заданий: Подготовка к ВПР ""Литература"" — Класс 1","default","Mon Oct 05 02:22:17 UTC 2026","passed","Mon Oct 05 02:22:34 UTC 2026","AuTestCatalogTask","","",""
"","49221","326. EORS: https://edu.ismart.org/catalog/756e5d-rodnoi-yazik-russkii-yazik/1-yazyk-i-kultura?view=tasks&categoryCode=707473-11-klass&auth=eyJhbGciOiJIUzI1NiIsInR5cCI6IkpXVCJ9.eyJpZCI6IjY1YzM0MWIyYjkyYzdhNWZiYWZlYjYwNyIsImlzQWN0aXZlIjp0cnVlLCJpc0d1ZXN0IjpmYWxzZSwiaXNSZWdpc3RyYXRpb25Db21wbGV0ZSI6dHJ1ZSwiaXNDb25maXJtRW1haWwiOmZhbHNlLCJzdHVkZW50cyI6W10sInV0Y09mZnNldCI6MTgwLCJyb2xlIjoic2Nob29sLXRlYWNoZXIiLCJsYXN0TmFtZSI6IiIsImZpcnN0TmFtZSI6ItCf0YDQvtGE0LXRgdGB0LjQvtC90LDQu9GM0L3Ri9C5IiwicGhvbmVOdW1iZXIiOiIiLCJsb2dpbiI6InRlYWNoZXJfZnVsbEBpc21hcnQub3JnIiwiZW1haWwiOiJ0ZWFjaGVyX2Z1bGxAaXNtYXJ0Lm9yZyIsImNvbnRyYWN0VHlwZSI6InByaXZhdGUiLCJleHRlcm5hbFVzZXJTb3VyY2UiOm51bGwsImdvZE1vZGUiOnRydWUsImVkdWNvbnQiOnt9LCJfaWQiOiI2NWMzNDFiMmI5MmM3YTVmYmFmZWI2MDcifQ.g8I_2Btv7rGXWFT_jbBB9c0iAVhZshRxVIA8nbNqh0s","default","Mon Oct 05 01:05:09 UTC 2026","failed","Mon Oct 05 01:05:58 UTC 2026","Tests Eors","","",""
"","31929","244. EORS: https://edu.ismart.org/catalog/0a2d94-literatura-6-1/1-antichnaya-literatura_5sMICH_Qdjomx?view=tasks&categoryCode=518d24-6-kl&auth=eyJhbGciOiJIUzI1NiIsInR5cCI6IkpXVCJ9.eyJpZCI6IjY1YzM0MWIyYjkyYzdhNWZiYWZlYjYwNyIsImlzQWN0aXZlIjp0cnVlLCJpc0d1ZXN0IjpmYWxzZSwiaXNSZWdpc3RyYXRpb25Db21wbGV0ZSI6dHJ1ZSwiaXNDb25maXJtRW1haWwiOmZhbHNlLCJzdHVkZW50cyI6W10sInV0Y09mZnNldCI6MTgwLCJyb2xlIjoic2Nob29sLXRlYWNoZXIiLCJsYXN0TmFtZSI6IiIsImZpcnN0TmFtZSI6ItCf0YDQvtGE0LXRgdGB0LjQvtC90LDQu9GM0L3Ri9C5IiwicGhvbmVOdW1iZXIiOiIiLCJsb2dpbiI6InRlYWNoZXJfZnVsbEBpc21hcnQub3JnIiwiZW1haWwiOiJ0ZWFjaGVyX2Z1bGxAaXNtYXJ0Lm9yZyIsImNvbnRyYWN0VHlwZSI6InByaXZhdGUiLCJleHRlcm5hbFVzZXJTb3VyY2UiOm51bGwsImdvZE1vZGUiOnRydWUsImVkdWNvbnQiOnt9LCJfaWQiOiI2NWMzNDFiMmI5MmM3YTVmYmFmZWI2MDcifQ.g8I_2Btv7rGXWFT_jbBB9c0iAVhZshRxVIA8nbNqh0s","default","Mon Oct 05 00:54:12 UTC 2026","passed","Mon Oct 05 00:54:44 UTC 2026","Tests Eors","","",""
"","19714","Каталог заданий: Специальные курсы ""Скоросчёт"" — Класс 4","default","Mon Oct 05 02:41:38 UTC 2026","passed","Mon Oct 05 02:41:57 UTC 2026","AuTestCatalogTask","","",""
"","25415","274. EORS: https://edu.ismart.org/catalog/e1a3dc-biologiya-7-1/1-sistematika-i-klassifikaciya-rasteni_bQ8Guo_DQTEh9?view=tasks&categoryCode=5b481f-7-kl&auth=eyJhbGciOiJIUzI1NiIsInR5cCI6IkpXVCJ9.eyJpZCI6IjY1YzM0MWIyYjkyYzdhNWZiYWZlYjYwNyIsImlzQWN0aXZlIjp0cnVlLCJpc0d1ZXN0IjpmYWxzZSwiaXNSZWdpc3RyYXRpb25Db21wbGV0ZSI6dHJ1ZSwiaXNDb25maXJtRW1haWwiOmZhbHNlLCJzdHVkZW50cyI6W10sInV0Y09mZnNldCI6MTgwLCJyb2xlIjoic2Nob29sLXRlYWNoZXIiLCJsYXN0TmFtZSI6IiIsImZpcnN0TmFtZSI6ItCf0YDQvtGE0LXRgdGB0LjQvtC90LDQu9GM0L3Ri9C5IiwicGhvbmVOdW1iZXIiOiIiLCJsb2dpbiI6InRlYWNoZXJfZnVsbEBpc21hcnQub3JnIiwiZW1haWwiOiJ0ZWFjaGVyX2Z1bGxAaXNtYXJ0Lm9yZyIsImNvbnRyYWN0VHlwZSI6InByaXZhdGUiLCJleHRlcm5hbFVzZXJTb3VyY2UiOm51bGwsImdvZE1vZGUiOnRydWUsImVkdWNvbnQiOnt9LCJfaWQiOiI2NWMzNDFiMmI5MmM3YTVmYmFmZWI2MDcifQ.g8I_2Btv7rGXWFT_jbBB9c0iAVhZshRxVIA8nbNqh0s","default","Mon Oct 05 00:58:38 UTC 2026","passed","Mon Oct 05 00:59:03 UTC 2026","Tests Eors","","",""
"","29512","365. EORS: https://edu.ismart.org/catalog/7b3bfd-biologiya/101-kontrolnaya-rabota-1-po-teme-sistematicheskie-gruppy-rasteni?view=tasks&class=5f3fa2c7f00eca001c8bd3f9&auth=eyJhbGciOiJIUzI1NiIsInR5cCI6IkpXVCJ9.eyJpZCI6IjY1YzM0MWIyYjkyYzdhNWZiYWZlYjYwNyIsImlzQWN0aXZlIjp0cnVlLCJpc0d1ZXN0IjpmYWxzZSwiaXNSZWdpc3RyYXRpb25Db21wbGV0ZSI6dHJ1ZSwiaXNDb25maXJtRW1haWwiOmZhbHNlLCJzdHVkZW50cyI6W10sInV0Y09mZnNldCI6MTgwLCJyb2xlIjoic2Nob29sLXRlYWNoZXIiLCJsYXN0TmFtZSI6IiIsImZpcnN0TmFtZSI6ItCf0YDQvtGE0LXRgdGB0LjQvtC90LDQu9GM0L3Ri9C5IiwicGhvbmVOdW1iZXIiOiIiLCJsb2dpbiI6InRlYWNoZXJfZnVsbEBpc21hcnQub3JnIiwiZW1haWwiOiJ0ZWFjaGVyX2Z1bGxAaXNtYXJ0Lm9yZyIsImNvbnRyYWN0VHlwZSI6InByaXZhdGUiLCJleHRlcm5hbFVzZXJTb3VyY2UiOm51bGwsImdvZE1vZGUiOnRydWUsImVkdWNvbnQiOnt9LCJfaWQiOiI2NWMzNDFiMmI5MmM3YTVmYmFmZWI2MDcifQ.g8I_2Btv7rGXWFT_jbBB9c0iAVhZshRxVIA8nbNqh0s","default","Mon Oct 05 01:10:23 UTC 2026","passed","Mon Oct 05 01:10:52 UTC 2026","Tests Eors","","",""
"","64494","628. EORS: https://edu.ismart.org/catalog/3dd564-veroyatnost-i-statistika/8-predstavlenie-dannyh-veroyatnost-i-statistika?view=tasks&categoryCode=d6e4bc-veroyatnost-i-statistika-7-klass&auth=eyJhbGciOiJIUzI1NiIsInR5cCI6IkpXVCJ9.eyJpZCI6IjY1YzM0MWIyYjkyYzdhNWZiYWZlYjYwNyIsImlzQWN0aXZlIjp0cnVlLCJpc0d1ZXN0IjpmYWxzZSwiaXNSZWdpc3RyYXRpb25Db21wbGV0ZSI6dHJ1ZSwiaXNDb25maXJtRW1haWwiOmZhbHNlLCJzdHVkZW50cyI6W10sInV0Y09mZnNldCI6MTgwLCJyb2xlIjoic2Nob29sLXRlYWNoZXIiLCJsYXN0TmFtZSI6IiIsImZpcnN0TmFtZSI6ItCf0YDQvtGE0LXRgdGB0LjQvtC90LDQu9GM0L3Ri9C5IiwicGhvbmVOdW1iZXIiOiIiLCJsb2dpbiI6InRlYWNoZXJfZnVsbEBpc21hcnQub3JnIiwiZW1haWwiOiJ0ZWFjaGVyX2Z1bGxAaXNtYXJ0Lm9yZyIsImNvbnRyYWN0VHlwZSI6InByaXZhdGUiLCJleHRlcm5hbFVzZXJTb3VyY2UiOm51bGwsImdvZE1vZGUiOnRydWUsImVkdWNvbnQiOnt9LCJfaWQiOiI2NWMzNDFiMmI5MmM3YTVmYmFmZWI2MDcifQ.g8I_2Btv7rGXWFT_jbBB9c0iAVhZshRxVIA8nbNqh0s","default","Mon Oct 05 01:47:35 UTC 2026","failed","Mon Oct 05 01:48:39 UTC 2026","Tests Eors","","",""
"","32399","Каталог заданий: Слабослышащие ""История. 2.1"" — Класс 3","default","Mon Oct 05 03:26:46 UTC 2026","passed","Mon Oct 05 03:27:19 UTC 2026","AuTestCatalogTask","","",""
"","22013","701. EORS: https://edu.ismart.org/catalog/fb67c2-algebra-i-nachala-matematicheskogo-analiza-narushenie-sluha/1-mnojestva-racionalnyh-i-destvitelnyh-chisel_dxueVs?view=tasks&categoryCode=f157e5-algebra-i-nachala-matem-analiza-10-kl&auth=eyJhbGciOiJIUzI1NiIsInR5cCI6IkpXVCJ9.eyJpZCI6IjY1YzM0MWIyYjkyYzdhNWZiYWZlYjYwNyIsImlzQWN0aXZlIjp0cnVlLCJpc0d1ZXN0IjpmYWxzZSwiaXNSZWdpc3RyYXRpb25Db21wbGV0ZSI6dHJ1ZSwiaXNDb25maXJtRW1haWwiOmZhbHNlLCJzdHVkZW50cyI6W10sInV0Y09mZnNldCI6MTgwLCJyb2xlIjoic2Nob29sLXRlYWNoZXIiLCJsYXN0TmFtZSI6IiIsImZpcnN0TmFtZSI6ItCf0YDQvtGE0LXRgdGB0LjQvtC90LDQu9GM0L3Ri9C5IiwicGhvbmVOdW1iZXIiOiIiLCJsb2dpbiI6InRlYWNoZXJfZnVsbEBpc21hcnQub3JnIiwiZW1haWwiOiJ0ZWFjaGVyX2Z1bGxAaXNtYXJ0Lm9yZyIsImNvbnRyYWN0VHlwZSI6InByaXZhdGUiLCJleHRlcm5hbFVzZXJTb3VyY2UiOm51bGwsImdvZE1vZGUiOnRydWUsImVkdWNvbnQiOnt9LCJfaWQiOiI2NWMzNDFiMmI5MmM3YTVmYmFmZWI2MDcifQ.g8I_2Btv7rGXWFT_jbBB9c0iAVhZshRxVIA8nbNqh0s","default","Mon Oct 05 01:57:23 UTC 2026","passed","Mon Oct 05 01:57:46 UTC 2026","Tests Eors","","",""
"","20915","Каталог заданий: Подготовка к контрольным работам ""Английский язык"" — Класс 1","default","Mon Oct 05 02:26:10 UTC 2026","passed","Mon Oct 05 02:26:31 UTC 2026","AuTestCatalogTask","","",""
"","17411","Каталог заданий: ТНР ""Русский язык. 5.1"" — Класс 7","default","Mon Oct 05 02:45:29 UTC 2026","passed","Mon Oct 05 02:45:46 UTC 2026","AuTestCatalogTask","","",""
"","44229","Каталог заданий: РАС ""Биология. 8.1"" — Класс 1","default","Mon Oct 05 03:55:21 UTC 2026","passed","Mon Oct 05 03:56:06 UTC 2026","AuTestCatalogTask","","",""
"","31902","354. EORS: https://edu.ismart.org/catalog/c350f7-istoriya-1-1/01-vvedenie_X6R7oi_LgfgHx?view=tasks&categoryCode=7950a5-9-klass&auth=eyJhbGciOiJIUzI1NiIsInR5cCI6IkpXVCJ9.eyJpZCI6IjY1YzM0MWIyYjkyYzdhNWZiYWZlYjYwNyIsImlzQWN0aXZlIjp0cnVlLCJpc0d1ZXN0IjpmYWxzZSwiaXNSZWdpc3RyYXRpb25Db21wbGV0ZSI6dHJ1ZSwiaXNDb25maXJtRW1haWwiOmZhbHNlLCJzdHVkZW50cyI6W10sInV0Y09mZnNldCI6MTgwLCJyb2xlIjoic2Nob29sLXRlYWNoZXIiLCJsYXN0TmFtZSI6IiIsImZpcnN0TmFtZSI6ItCf0YDQvtGE0LXRgdGB0LjQvtC90LDQu9GM0L3Ri9C5IiwicGhvbmVOdW1iZXIiOiIiLCJsb2dpbiI6InRlYWNoZXJfZnVsbEBpc21hcnQub3JnIiwiZW1haWwiOiJ0ZWFjaGVyX2Z1bGxAaXNtYXJ0Lm9yZyIsImNvbnRyYWN0VHlwZSI6InByaXZhdGUiLCJleHRlcm5hbFVzZXJTb3VyY2UiOm51bGwsImdvZE1vZGUiOnRydWUsImVkdWNvbnQiOnt9LCJfaWQiOiI2NWMzNDFiMmI5MmM3YTVmYmFmZWI2MDcifQ.g8I_2Btv7rGXWFT_jbBB9c0iAVhZshRxVIA8nbNqh0s","default","Mon Oct 05 01:09:09 UTC 2026","passed","Mon Oct 05 01:09:41 UTC 2026","Tests Eors","","",""
"","27260","76. EORS: https://edu.ismart.org/catalog/32ade4-fizika-1-1/1-fizika-i-metody-nauchnogo-poznaniya_1FBUst_KbP4VK?view=tasks&categoryCode=1b0f92-10-klass&auth=eyJhbGciOiJIUzI1NiIsInR5cCI6IkpXVCJ9.eyJpZCI6IjY1YzM0MWIyYjkyYzdhNWZiYWZlYjYwNyIsImlzQWN0aXZlIjp0cnVlLCJpc0d1ZXN0IjpmYWxzZSwiaXNSZWdpc3RyYXRpb25Db21wbGV0ZSI6dHJ1ZSwiaXNDb25maXJtRW1haWwiOmZhbHNlLCJzdHVkZW50cyI6W10sInV0Y09mZnNldCI6MTgwLCJyb2xlIjoic2Nob29sLXRlYWNoZXIiLCJsYXN0TmFtZSI6IiIsImZpcnN0TmFtZSI6ItCf0YDQvtGE0LXRgdGB0LjQvtC90LDQu9GM0L3Ri9C5IiwicGhvbmVOdW1iZXIiOiIiLCJsb2dpbiI6InRlYWNoZXJfZnVsbEBpc21hcnQub3JnIiwiZW1haWwiOiJ0ZWFjaGVyX2Z1bGxAaXNtYXJ0Lm9yZyIsImNvbnRyYWN0VHlwZSI6InByaXZhdGUiLCJleHRlcm5hbFVzZXJTb3VyY2UiOm51bGwsImdvZE1vZGUiOnRydWUsImVkdWNvbnQiOnt9LCJfaWQiOiI2NWMzNDFiMmI5MmM3YTVmYmFmZWI2MDcifQ.g8I_2Btv7rGXWFT_jbBB9c0iAVhZshRxVIA8nbNqh0s","default","Mon Oct 05 00:32:32 UTC 2026","passed","Mon Oct 05 00:32:59 UTC 2026","Tests Eors","","",""
"","22140","Каталог заданий: Слабослышащие ""Английский язык. 2.1"" — Класс 5","default","Mon Oct 05 03:28:55 UTC 2026","passed","Mon Oct 05 03:29:17 UTC 2026","AuTestCatalogTask","","",""
"","42207","627. EORS: https://edu.ismart.org/catalog/245c28-informatika-tnr/1-cifrovaya-gramotnost_j2UT1T?view=tasks&categoryCode=d5e249-11-klass&auth=eyJhbGciOiJIUzI1NiIsInR5cCI6IkpXVCJ9.eyJpZCI6IjY1YzM0MWIyYjkyYzdhNWZiYWZlYjYwNyIsImlzQWN0aXZlIjp0cnVlLCJpc0d1ZXN0IjpmYWxzZSwiaXNSZWdpc3RyYXRpb25Db21wbGV0ZSI6dHJ1ZSwiaXNDb25maXJtRW1haWwiOmZhbHNlLCJzdHVkZW50cyI6W10sInV0Y09mZnNldCI6MTgwLCJyb2xlIjoic2Nob29sLXRlYWNoZXIiLCJsYXN0TmFtZSI6IiIsImZpcnN0TmFtZSI6ItCf0YDQvtGE0LXRgdGB0LjQvtC90LDQu9GM0L3Ri9C5IiwicGhvbmVOdW1iZXIiOiIiLCJsb2dpbiI6InRlYWNoZXJfZnVsbEBpc21hcnQub3JnIiwiZW1haWwiOiJ0ZWFjaGVyX2Z1bGxAaXNtYXJ0Lm9yZyIsImNvbnRyYWN0VHlwZSI6InByaXZhdGUiLCJleHRlcm5hbFVzZXJTb3VyY2UiOm51bGwsImdvZE1vZGUiOnRydWUsImVkdWNvbnQiOnt9LCJfaWQiOiI2NWMzNDFiMmI5MmM3YTVmYmFmZWI2MDcifQ.g8I_2Btv7rGXWFT_jbBB9c0iAVhZshRxVIA8nbNqh0s","default","Mon Oct 05 01:47:31 UTC 2026","failed","Mon Oct 05 01:48:13 UTC 2026","Tests Eors","","",""
"","36890","69. EORS: https://edu.ismart.org/catalog/196815-russkii-yazik-1-klass/144-12-nedelya-spp-bsp-i-predlojeniya-s-razno-svyazu?view=tasks&class=61a71c551b0ad63754c198e9&auth=eyJhbGciOiJIUzI1NiIsInR5cCI6IkpXVCJ9.eyJpZCI6IjY1YzM0MWIyYjkyYzdhNWZiYWZlYjYwNyIsImlzQWN0aXZlIjp0cnVlLCJpc0d1ZXN0IjpmYWxzZSwiaXNSZWdpc3RyYXRpb25Db21wbGV0ZSI6dHJ1ZSwiaXNDb25maXJtRW1haWwiOmZhbHNlLCJzdHVkZW50cyI6W10sInV0Y09mZnNldCI6MTgwLCJyb2xlIjoic2Nob29sLXRlYWNoZXIiLCJsYXN0TmFtZSI6IiIsImZpcnN0TmFtZSI6ItCf0YDQvtGE0LXRgdGB0LjQvtC90LDQu9GM0L3Ri9C5IiwicGhvbmVOdW1iZXIiOiIiLCJsb2dpbiI6InRlYWNoZXJfZnVsbEBpc21hcnQub3JnIiwiZW1haWwiOiJ0ZWFjaGVyX2Z1bGxAaXNtYXJ0Lm9yZyIsImNvbnRyYWN0VHlwZSI6InByaXZhdGUiLCJleHRlcm5hbFVzZXJTb3VyY2UiOm51bGwsImdvZE1vZGUiOnRydWUsImVkdWNvbnQiOnt9LCJfaWQiOiI2NWMzNDFiMmI5MmM3YTVmYmFmZWI2MDcifQ.g8I_2Btv7rGXWFT_jbBB9c0iAVhZshRxVIA8nbNqh0s","default","Mon Oct 05 00:31:42 UTC 2026","passed","Mon Oct 05 00:32:19 UTC 2026","Tests Eors","","",""
"","48825","Каталог заданий: ЗПР ""История. 7.1"" — Класс 4","default","Mon Oct 05 03:34:42 UTC 2026","passed","Mon Oct 05 03:35:31 UTC 2026","AuTestCatalogTask","","",""
"","14975","Каталог заданий: Школьная программа ""Английский язык"" — Класс 2","default","Mon Oct 05 02:06:25 UTC 2026","passed","Mon Oct 05 02:06:40 UTC 2026","AuTestCatalogTask","","",""
"","22313","370. EORS: https://edu.ismart.org/catalog/e1a3dc-biologiya-7-1/1-ponyatie-o-jizni-i-priznaki-jivogo_ASf5cM_lClRyP?view=tasks&categoryCode=7bbfe8-5-kl&auth=eyJhbGciOiJIUzI1NiIsInR5cCI6IkpXVCJ9.eyJpZCI6IjY1YzM0MWIyYjkyYzdhNWZiYWZlYjYwNyIsImlzQWN0aXZlIjp0cnVlLCJpc0d1ZXN0IjpmYWxzZSwiaXNSZWdpc3RyYXRpb25Db21wbGV0ZSI6dHJ1ZSwiaXNDb25maXJtRW1haWwiOmZhbHNlLCJzdHVkZW50cyI6W10sInV0Y09mZnNldCI6MTgwLCJyb2xlIjoic2Nob29sLXRlYWNoZXIiLCJsYXN0TmFtZSI6IiIsImZpcnN0TmFtZSI6ItCf0YDQvtGE0LXRgdGB0LjQvtC90LDQu9GM0L3Ri9C5IiwicGhvbmVOdW1iZXIiOiIiLCJsb2dpbiI6InRlYWNoZXJfZnVsbEBpc21hcnQub3JnIiwiZW1haWwiOiJ0ZWFjaGVyX2Z1bGxAaXNtYXJ0Lm9yZyIsImNvbnRyYWN0VHlwZSI6InByaXZhdGUiLCJleHRlcm5hbFVzZXJTb3VyY2UiOm51bGwsImdvZE1vZGUiOnRydWUsImVkdWNvbnQiOnt9LCJfaWQiOiI2NWMzNDFiMmI5MmM3YTVmYmFmZWI2MDcifQ.g8I_2Btv7rGXWFT_jbBB9c0iAVhZshRxVIA8nbNqh0s","default","Mon Oct 05 01:10:55 UTC 2026","passed","Mon Oct 05 01:11:17 UTC 2026","Tests Eors","","",""
"","24761","393. EORS: https://edu.ismart.org/catalog/d3c7d3-geometriya-ras/9-vvedenie-v-stereometriu_QFK7Uy?view=tasks&categoryCode=860d4d-geometriya-10-kl&auth=eyJhbGciOiJIUzI1NiIsInR5cCI6IkpXVCJ9.eyJpZCI6IjY1YzM0MWIyYjkyYzdhNWZiYWZlYjYwNyIsImlzQWN0aXZlIjp0cnVlLCJpc0d1ZXN0IjpmYWxzZSwiaXNSZWdpc3RyYXRpb25Db21wbGV0ZSI6dHJ1ZSwiaXNDb25maXJtRW1haWwiOmZhbHNlLCJzdHVkZW50cyI6W10sInV0Y09mZnNldCI6MTgwLCJyb2xlIjoic2Nob29sLXRlYWNoZXIiLCJsYXN0TmFtZSI6IiIsImZpcnN0TmFtZSI6ItCf0YDQvtGE0LXRgdGB0LjQvtC90LDQu9GM0L3Ri9C5IiwicGhvbmVOdW1iZXIiOiIiLCJsb2dpbiI6InRlYWNoZXJfZnVsbEBpc21hcnQub3JnIiwiZW1haWwiOiJ0ZWFjaGVyX2Z1bGxAaXNtYXJ0Lm9yZyIsImNvbnRyYWN0VHlwZSI6InByaXZhdGUiLCJleHRlcm5hbFVzZXJTb3VyY2UiOm51bGwsImdvZE1vZGUiOnRydWUsImVkdWNvbnQiOnt9LCJfaWQiOiI2NWMzNDFiMmI5MmM3YTVmYmFmZWI2MDcifQ.g8I_2Btv7rGXWFT_jbBB9c0iAVhZshRxVIA8nbNqh0s","default","Mon Oct 05 01:13:43 UTC 2026","passed","Mon Oct 05 01:14:08 UTC 2026","Tests Eors","","",""
"","20654","Каталог заданий: Подготовка к контрольным работам ""Русский язык"" — Класс 3","default","Mon Oct 05 02:25:30 UTC 2026","passed","Mon Oct 05 02:25:50 UTC 2026","AuTestCatalogTask","","",""
"","31362","506. EORS: https://edu.ismart.org/catalog/e1a3dc-biologiya-7-1/1-zoologiya--nauka-o-jivotnyh_ntm9oC_SjG6XJ?view=tasks&categoryCode=b31e8c-8-kl&auth=eyJhbGciOiJIUzI1NiIsInR5cCI6IkpXVCJ9.eyJpZCI6IjY1YzM0MWIyYjkyYzdhNWZiYWZlYjYwNyIsImlzQWN0aXZlIjp0cnVlLCJpc0d1ZXN0IjpmYWxzZSwiaXNSZWdpc3RyYXRpb25Db21wbGV0ZSI6dHJ1ZSwiaXNDb25maXJtRW1haWwiOmZhbHNlLCJzdHVkZW50cyI6W10sInV0Y09mZnNldCI6MTgwLCJyb2xlIjoic2Nob29sLXRlYWNoZXIiLCJsYXN0TmFtZSI6IiIsImZpcnN0TmFtZSI6ItCf0YDQvtGE0LXRgdGB0LjQvtC90LDQu9GM0L3Ri9C5IiwicGhvbmVOdW1iZXIiOiIiLCJsb2dpbiI6InRlYWNoZXJfZnVsbEBpc21hcnQub3JnIiwiZW1haWwiOiJ0ZWFjaGVyX2Z1bGxAaXNtYXJ0Lm9yZyIsImNvbnRyYWN0VHlwZSI6InByaXZhdGUiLCJleHRlcm5hbFVzZXJTb3VyY2UiOm51bGwsImdvZE1vZGUiOnRydWUsImVkdWNvbnQiOnt9LCJfaWQiOiI2NWMzNDFiMmI5MmM3YTVmYmFmZWI2MDcifQ.g8I_2Btv7rGXWFT_jbBB9c0iAVhZshRxVIA8nbNqh0s","default","Mon Oct 05 01:28:55 UTC 2026","passed","Mon Oct 05 01:29:26 UTC 2026","Tests Eors","","",""
"","34576","Каталог заданий: Слабовидящие ""Химия. 4.1"" — Класс 2","default","Mon Oct 05 03:10:53 UTC 2026","passed","Mon Oct 05 03:11:28 UTC 2026","AuTestCatalogTask","","",""
"","17402","Каталог заданий: Школьная программа ""Физика"" — Класс 3","default","Mon Oct 05 02:09:34 UTC 2026","passed","Mon Oct 05 02:09:52 UTC 2026","AuTestCatalogTask","","",""
"","58107","66. EORS: https://edu.ismart.org/catalog/196815-russkii-yazik-1-klass/136-1-nedelya-tekst-i-ego-analiz?view=tasks&class=5f3fa2c7f00eca001c8bd3f9&auth=eyJhbGciOiJIUzI1NiIsInR5cCI6IkpXVCJ9.eyJpZCI6IjY1YzM0MWIyYjkyYzdhNWZiYWZlYjYwNyIsImlzQWN0aXZlIjp0cnVlLCJpc0d1ZXN0IjpmYWxzZSwiaXNSZWdpc3RyYXRpb25Db21wbGV0ZSI6dHJ1ZSwiaXNDb25maXJtRW1haWwiOmZhbHNlLCJzdHVkZW50cyI6W10sInV0Y09mZnNldCI6MTgwLCJyb2xlIjoic2Nob29sLXRlYWNoZXIiLCJsYXN0TmFtZSI6IiIsImZpcnN0TmFtZSI6ItCf0YDQvtGE0LXRgdGB0LjQvtC90LDQu9GM0L3Ri9C5IiwicGhvbmVOdW1iZXIiOiIiLCJsb2dpbiI6InRlYWNoZXJfZnVsbEBpc21hcnQub3JnIiwiZW1haWwiOiJ0ZWFjaGVyX2Z1bGxAaXNtYXJ0Lm9yZyIsImNvbnRyYWN0VHlwZSI6InByaXZhdGUiLCJleHRlcm5hbFVzZXJTb3VyY2UiOm51bGwsImdvZE1vZGUiOnRydWUsImVkdWNvbnQiOnt9LCJfaWQiOiI2NWMzNDFiMmI5MmM3YTVmYmFmZWI2MDcifQ.g8I_2Btv7rGXWFT_jbBB9c0iAVhZshRxVIA8nbNqh0s","default","Mon Oct 05 00:30:43 UTC 2026","failed","Mon Oct 05 00:31:41 UTC 2026","Tests Eors","","",""
"","44991","Каталог заданий: Дополнительное образование ""Биология"" — Класс 3","default","Mon Oct 05 02:14:46 UTC 2026","passed","Mon Oct 05 02:15:31 UTC 2026","AuTestCatalogTask","","",""
"","13834","Каталог заданий: Подготовка к контрольным работам ""Вероятность и статистика"" — Класс 5","default","Mon Oct 05 02:31:23 UTC 2026","passed","Mon Oct 05 02:31:37 UTC 2026","AuTestCatalogTask","","",""
"","13080","Каталог заданий: ТНР ""Физика. 5.1"" — Класс 2","default","Mon Oct 05 02:50:02 UTC 2026","passed","Mon Oct 05 02:50:15 UTC 2026","AuTestCatalogTask","","",""
"","33235","208. EORS: https://edu.ismart.org/catalog/54a563-geometriya-2-1/5-chetyrehugolniki-geometriya_xjPji4_3HuUY6?view=tasks&categoryCode=4a49cd-8-kl&auth=eyJhbGciOiJIUzI1NiIsInR5cCI6IkpXVCJ9.eyJpZCI6IjY1YzM0MWIyYjkyYzdhNWZiYWZlYjYwNyIsImlzQWN0aXZlIjp0cnVlLCJpc0d1ZXN0IjpmYWxzZSwiaXNSZWdpc3RyYXRpb25Db21wbGV0ZSI6dHJ1ZSwiaXNDb25maXJtRW1haWwiOmZhbHNlLCJzdHVkZW50cyI6W10sInV0Y09mZnNldCI6MTgwLCJyb2xlIjoic2Nob29sLXRlYWNoZXIiLCJsYXN0TmFtZSI6IiIsImZpcnN0TmFtZSI6ItCf0YDQvtGE0LXRgdGB0LjQvtC90LDQu9GM0L3Ri9C5IiwicGhvbmVOdW1iZXIiOiIiLCJsb2dpbiI6InRlYWNoZXJfZnVsbEBpc21hcnQub3JnIiwiZW1haWwiOiJ0ZWFjaGVyX2Z1bGxAaXNtYXJ0Lm9yZyIsImNvbnRyYWN0VHlwZSI6InByaXZhdGUiLCJleHRlcm5hbFVzZXJTb3VyY2UiOm51bGwsImdvZE1vZGUiOnRydWUsImVkdWNvbnQiOnt9LCJfaWQiOiI2NWMzNDFiMmI5MmM3YTVmYmFmZWI2MDcifQ.g8I_2Btv7rGXWFT_jbBB9c0iAVhZshRxVIA8nbNqh0s","default","Mon Oct 05 00:49:32 UTC 2026","passed","Mon Oct 05 00:50:05 UTC 2026","Tests Eors","","",""
"","47214","338. EORS: https://edu.ismart.org/catalog/7561b0-razvitie-orfograficheskoi-zorkosti/201-razvitie-orfografichesko-zorkosti?view=tasks&class=5a3cef0b8409440019b57b36&auth=eyJhbGciOiJIUzI1NiIsInR5cCI6IkpXVCJ9.eyJpZCI6IjY1YzM0MWIyYjkyYzdhNWZiYWZlYjYwNyIsImlzQWN0aXZlIjp0cnVlLCJpc0d1ZXN0IjpmYWxzZSwiaXNSZWdpc3RyYXRpb25Db21wbGV0ZSI6dHJ1ZSwiaXNDb25maXJtRW1haWwiOmZhbHNlLCJzdHVkZW50cyI6W10sInV0Y09mZnNldCI6MTgwLCJyb2xlIjoic2Nob29sLXRlYWNoZXIiLCJsYXN0TmFtZSI6IiIsImZpcnN0TmFtZSI6ItCf0YDQvtGE0LXRgdGB0LjQvtC90LDQu9GM0L3Ri9C5IiwicGhvbmVOdW1iZXIiOiIiLCJsb2dpbiI6InRlYWNoZXJfZnVsbEBpc21hcnQub3JnIiwiZW1haWwiOiJ0ZWFjaGVyX2Z1bGxAaXNtYXJ0Lm9yZyIsImNvbnRyYWN0VHlwZSI6InByaXZhdGUiLCJleHRlcm5hbFVzZXJTb3VyY2UiOm51bGwsImdvZE1vZGUiOnRydWUsImVkdWNvbnQiOnt9LCJfaWQiOiI2NWMzNDFiMmI5MmM3YTVmYmFmZWI2MDcifQ.g8I_2Btv7rGXWFT_jbBB9c0iAVhZshRxVIA8nbNqh0s","default","Mon Oct 05 01:06:53 UTC 2026","failed","Mon Oct 05 01:07:40 UTC 2026","Tests Eors","","",""
"","23651","Каталог заданий: Школьная программа ""Английский язык"" — Класс 7","default","Mon Oct 05 02:07:25 UTC 2026","passed","Mon Oct 05 02:07:48 UTC 2026","AuTestCatalogTask","","",""
"","47557","449. EORS: https://edu.ismart.org/catalog/907a4e-algebra-zpr/1-chisla-i-vychisleniya_yVi8mV?view=tasks&categoryCode=9e2718-algebra-7-kl&auth=eyJhbGciOiJIUzI1NiIsInR5cCI6IkpXVCJ9.eyJpZCI6IjY1YzM0MWIyYjkyYzdhNWZiYWZlYjYwNyIsImlzQWN0aXZlIjp0cnVlLCJpc0d1ZXN0IjpmYWxzZSwiaXNSZWdpc3RyYXRpb25Db21wbGV0ZSI6dHJ1ZSwiaXNDb25maXJtRW1haWwiOmZhbHNlLCJzdHVkZW50cyI6W10sInV0Y09mZnNldCI6MTgwLCJyb2xlIjoic2Nob29sLXRlYWNoZXIiLCJsYXN0TmFtZSI6IiIsImZpcnN0TmFtZSI6ItCf0YDQvtGE0LXRgdGB0LjQvtC90LDQu9GM0L3Ri9C5IiwicGhvbmVOdW1iZXIiOiIiLCJsb2dpbiI6InRlYWNoZXJfZnVsbEBpc21hcnQub3JnIiwiZW1haWwiOiJ0ZWFjaGVyX2Z1bGxAaXNtYXJ0Lm9yZyIsImNvbnRyYWN0VHlwZSI6InByaXZhdGUiLCJleHRlcm5hbFVzZXJTb3VyY2UiOm51bGwsImdvZE1vZGUiOnRydWUsImVkdWNvbnQiOnt9LCJfaWQiOiI2NWMzNDFiMmI5MmM3YTVmYmFmZWI2MDcifQ.g8I_2Btv7rGXWFT_jbBB9c0iAVhZshRxVIA8nbNqh0s","default","Mon Oct 05 01:20:49 UTC 2026","failed","Mon Oct 05 01:21:37 UTC 2026","Tests Eors","","",""
"","27284","378. EORS: https://edu.ismart.org/catalog/856d86-istoriya-zpr/1-vvedenie_W6WVrS_iJxOBg?view=tasks&categoryCode=7f98b7-8-kl&auth=eyJhbGciOiJIUzI1NiIsInR5cCI6IkpXVCJ9.eyJpZCI6IjY1YzM0MWIyYjkyYzdhNWZiYWZlYjYwNyIsImlzQWN0aXZlIjp0cnVlLCJpc0d1ZXN0IjpmYWxzZSwiaXNSZWdpc3RyYXRpb25Db21wbGV0ZSI6dHJ1ZSwiaXNDb25maXJtRW1haWwiOmZhbHNlLCJzdHVkZW50cyI6W10sInV0Y09mZnNldCI6MTgwLCJyb2xlIjoic2Nob29sLXRlYWNoZXIiLCJsYXN0TmFtZSI6IiIsImZpcnN0TmFtZSI6ItCf0YDQvtGE0LXRgdGB0LjQvtC90LDQu9GM0L3Ri9C5IiwicGhvbmVOdW1iZXIiOiIiLCJsb2dpbiI6InRlYWNoZXJfZnVsbEBpc21hcnQub3JnIiwiZW1haWwiOiJ0ZWFjaGVyX2Z1bGxAaXNtYXJ0Lm9yZyIsImNvbnRyYWN0VHlwZSI6InByaXZhdGUiLCJleHRlcm5hbFVzZXJTb3VyY2UiOm51bGwsImdvZE1vZGUiOnRydWUsImVkdWNvbnQiOnt9LCJfaWQiOiI2NWMzNDFiMmI5MmM3YTVmYmFmZWI2MDcifQ.g8I_2Btv7rGXWFT_jbBB9c0iAVhZshRxVIA8nbNqh0s","default","Mon Oct 05 01:12:06 UTC 2026","passed","Mon Oct 05 01:12:34 UTC 2026","Tests Eors","","",""
"","17316","Каталог заданий: РАС ""Геометрия. 8.1"" — Класс 1","default","Mon Oct 05 03:51:57 UTC 2026","passed","Mon Oct 05 03:52:14 UTC 2026","AuTestCatalogTask","","",""
"","20854","Каталог заданий: РАС ""Русский язык. 8.1"" — Класс 1","default","Mon Oct 05 03:49:37 UTC 2026","passed","Mon Oct 05 03:49:58 UTC 2026","AuTestCatalogTask","","",""
"","13618","Каталог заданий: НОДА ""Обществознание. 6.1"" — Класс 6","default","Mon Oct 05 03:45:37 UTC 2026","passed","Mon Oct 05 03:45:51 UTC 2026","AuTestCatalogTask","","",""
"","40790","Каталог заданий: Слабослышащие ""Биология. 2.1"" — Класс 2","default","Mon Oct 05 03:24:01 UTC 2026","passed","Mon Oct 05 03:24:41 UTC 2026","AuTestCatalogTask","","",""
"","51158","314. EORS: https://edu.ismart.org/catalog/6c2d52-informatika-8-1/1-kommunikacionnye-tehnologii_VJFgeg_iLRDYQ?view=tasks&categoryCode=6a3e4a-9-kl&auth=eyJhbGciOiJIUzI1NiIsInR5cCI6IkpXVCJ9.eyJpZCI6IjY1YzM0MWIyYjkyYzdhNWZiYWZlYjYwNyIsImlzQWN0aXZlIjp0cnVlLCJpc0d1ZXN0IjpmYWxzZSwiaXNSZWdpc3RyYXRpb25Db21wbGV0ZSI6dHJ1ZSwiaXNDb25maXJtRW1haWwiOmZhbHNlLCJzdHVkZW50cyI6W10sInV0Y09mZnNldCI6MTgwLCJyb2xlIjoic2Nob29sLXRlYWNoZXIiLCJsYXN0TmFtZSI6IiIsImZpcnN0TmFtZSI6ItCf0YDQvtGE0LXRgdGB0LjQvtC90LDQu9GM0L3Ri9C5IiwicGhvbmVOdW1iZXIiOiIiLCJsb2dpbiI6InRlYWNoZXJfZnVsbEBpc21hcnQub3JnIiwiZW1haWwiOiJ0ZWFjaGVyX2Z1bGxAaXNtYXJ0Lm9yZyIsImNvbnRyYWN0VHlwZSI6InByaXZhdGUiLCJleHRlcm5hbFVzZXJTb3VyY2UiOm51bGwsImdvZE1vZGUiOnRydWUsImVkdWNvbnQiOnt9LCJfaWQiOiI2NWMzNDFiMmI5MmM3YTVmYmFmZWI2MDcifQ.g8I_2Btv7rGXWFT_jbBB9c0iAVhZshRxVIA8nbNqh0s","default","Mon Oct 05 01:03:00 UTC 2026","failed","Mon Oct 05 01:03:52 UTC 2026","Tests Eors","","",""
"","14121","Каталог заданий: РАС ""Алгебра. 8.1"" — Класс 1","default","Mon Oct 05 03:51:26 UTC 2026","passed","Mon Oct 05 03:51:40 UTC 2026","AuTestCatalogTask","","",""
"","32229","Каталог заданий: Школьная программа ""Литература"" — Класс 3","default","Mon Oct 05 02:08:09 UTC 2026","passed","Mon Oct 05 02:08:42 UTC 2026","AuTestCatalogTask","","",""
"","22108","232. EORS: https://edu.ismart.org/catalog/4da2d0-matematika/1-zadanie-oge-15?view=tasks&class=61a71c551b0ad63754c198e9&auth=eyJhbGciOiJIUzI1NiIsInR5cCI6IkpXVCJ9.eyJpZCI6IjY1YzM0MWIyYjkyYzdhNWZiYWZlYjYwNyIsImlzQWN0aXZlIjp0cnVlLCJpc0d1ZXN0IjpmYWxzZSwiaXNSZWdpc3RyYXRpb25Db21wbGV0ZSI6dHJ1ZSwiaXNDb25maXJtRW1haWwiOmZhbHNlLCJzdHVkZW50cyI6W10sInV0Y09mZnNldCI6MTgwLCJyb2xlIjoic2Nob29sLXRlYWNoZXIiLCJsYXN0TmFtZSI6IiIsImZpcnN0TmFtZSI6ItCf0YDQvtGE0LXRgdGB0LjQvtC90LDQu9GM0L3Ri9C5IiwicGhvbmVOdW1iZXIiOiIiLCJsb2dpbiI6InRlYWNoZXJfZnVsbEBpc21hcnQub3JnIiwiZW1haWwiOiJ0ZWFjaGVyX2Z1bGxAaXNtYXJ0Lm9yZyIsImNvbnRyYWN0VHlwZSI6InByaXZhdGUiLCJleHRlcm5hbFVzZXJTb3VyY2UiOm51bGwsImdvZE1vZGUiOnRydWUsImVkdWNvbnQiOnt9LCJfaWQiOiI2NWMzNDFiMmI5MmM3YTVmYmFmZWI2MDcifQ.g8I_2Btv7rGXWFT_jbBB9c0iAVhZshRxVIA8nbNqh0s","default","Mon Oct 05 00:52:36 UTC 2026","passed","Mon Oct 05 00:52:58 UTC 2026","Tests Eors","","",""
"","27237","Каталог заданий: Слабовидящие ""Химия. 4.1"" — Класс 4","default","Mon Oct 05 03:11:20 UTC 2026","passed","Mon Oct 05 03:11:48 UTC 2026","AuTestCatalogTask","","",""
"","22993","Каталог заданий: Слепые ""Английский язык. 3.1"" — Класс 6","default","Mon Oct 05 02:59:49 UTC 2026","passed","Mon Oct 05 03:00:12 UTC 2026","AuTestCatalogTask","","",""
"","22611","660. EORS: https://edu.ismart.org/catalog/e4e63b-literatura/1-zadanie--1?view=tasks&class=64bfa63cd00b08794c3f8b29&auth=eyJhbGciOiJIUzI1NiIsInR5cCI6IkpXVCJ9.eyJpZCI6IjY1YzM0MWIyYjkyYzdhNWZiYWZlYjYwNyIsImlzQWN0aXZlIjp0cnVlLCJpc0d1ZXN0IjpmYWxzZSwiaXNSZWdpc3RyYXRpb25Db21wbGV0ZSI6dHJ1ZSwiaXNDb25maXJtRW1haWwiOmZhbHNlLCJzdHVkZW50cyI6W10sInV0Y09mZnNldCI6MTgwLCJyb2xlIjoic2Nob29sLXRlYWNoZXIiLCJsYXN0TmFtZSI6IiIsImZpcnN0TmFtZSI6ItCf0YDQvtGE0LXRgdGB0LjQvtC90LDQu9GM0L3Ri9C5IiwicGhvbmVOdW1iZXIiOiIiLCJsb2dpbiI6InRlYWNoZXJfZnVsbEBpc21hcnQub3JnIiwiZW1haWwiOiJ0ZWFjaGVyX2Z1bGxAaXNtYXJ0Lm9yZyIsImNvbnRyYWN0VHlwZSI6InByaXZhdGUiLCJleHRlcm5hbFVzZXJTb3VyY2UiOm51bGwsImdvZE1vZGUiOnRydWUsImVkdWNvbnQiOnt9LCJfaWQiOiI2NWMzNDFiMmI5MmM3YTVmYmFmZWI2MDcifQ.g8I_2Btv7rGXWFT_jbBB9c0iAVhZshRxVIA8nbNqh0s","default","Mon Oct 05 01:52:09 UTC 2026","passed","Mon Oct 05 01:52:32 UTC 2026","Tests Eors","","",""
"","19403","Каталог заданий: Подготовка к контрольным работам ""Алгебра"" — Класс 1","default","Mon Oct 05 02:28:07 UTC 2026","passed","Mon Oct 05 02:28:27 UTC 2026","AuTestCatalogTask","","",""
"","48263","211. EORS: https://edu.ismart.org/catalog/4af9a3-veroyatnost-istatistika/13-matematicheskoe-ojidanie-sluchano-velichiny-veroyatnost-i-statistika?view=tasks&class=61890fee84e9f601793b0348&auth=eyJhbGciOiJIUzI1NiIsInR5cCI6IkpXVCJ9.eyJpZCI6IjY1YzM0MWIyYjkyYzdhNWZiYWZlYjYwNyIsImlzQWN0aXZlIjp0cnVlLCJpc0d1ZXN0IjpmYWxzZSwiaXNSZWdpc3RyYXRpb25Db21wbGV0ZSI6dHJ1ZSwiaXNDb25maXJtRW1haWwiOmZhbHNlLCJzdHVkZW50cyI6W10sInV0Y09mZnNldCI6MTgwLCJyb2xlIjoic2Nob29sLXRlYWNoZXIiLCJsYXN0TmFtZSI6IiIsImZpcnN0TmFtZSI6ItCf0YDQvtGE0LXRgdGB0LjQvtC90LDQu9GM0L3Ri9C5IiwicGhvbmVOdW1iZXIiOiIiLCJsb2dpbiI6InRlYWNoZXJfZnVsbEBpc21hcnQub3JnIiwiZW1haWwiOiJ0ZWFjaGVyX2Z1bGxAaXNtYXJ0Lm9yZyIsImNvbnRyYWN0VHlwZSI6InByaXZhdGUiLCJleHRlcm5hbFVzZXJTb3VyY2UiOm51bGwsImdvZE1vZGUiOnRydWUsImVkdWNvbnQiOnt9LCJfaWQiOiI2NWMzNDFiMmI5MmM3YTVmYmFmZWI2MDcifQ.g8I_2Btv7rGXWFT_jbBB9c0iAVhZshRxVIA8nbNqh0s","default","Mon Oct 05 00:49:39 UTC 2026","failed","Mon Oct 05 00:50:27 UTC 2026","Tests Eors","","",""
"","19522","Каталог заданий: Подготовка к контрольным работам ""Русский язык"" — Класс 8","default","Mon Oct 05 02:25:54 UTC 2026","passed","Mon Oct 05 02:26:13 UTC 2026","AuTestCatalogTask","","",""
"","35642","128. EORS: https://edu.ismart.org/catalog/e1a3dc-biologiya-7-1/1-chelovek--biosocialny-vid_eQaIgY_vgr7WX?view=tasks&categoryCode=2e9e84-9-kl&auth=eyJhbGciOiJIUzI1NiIsInR5cCI6IkpXVCJ9.eyJpZCI6IjY1YzM0MWIyYjkyYzdhNWZiYWZlYjYwNyIsImlzQWN0aXZlIjp0cnVlLCJpc0d1ZXN0IjpmYWxzZSwiaXNSZWdpc3RyYXRpb25Db21wbGV0ZSI6dHJ1ZSwiaXNDb25maXJtRW1haWwiOmZhbHNlLCJzdHVkZW50cyI6W10sInV0Y09mZnNldCI6MTgwLCJyb2xlIjoic2Nob29sLXRlYWNoZXIiLCJsYXN0TmFtZSI6IiIsImZpcnN0TmFtZSI6ItCf0YDQvtGE0LXRgdGB0LjQvtC90LDQu9GM0L3Ri9C5IiwicGhvbmVOdW1iZXIiOiIiLCJsb2dpbiI6InRlYWNoZXJfZnVsbEBpc21hcnQub3JnIiwiZW1haWwiOiJ0ZWFjaGVyX2Z1bGxAaXNtYXJ0Lm9yZyIsImNvbnRyYWN0VHlwZSI6InByaXZhdGUiLCJleHRlcm5hbFVzZXJTb3VyY2UiOm51bGwsImdvZE1vZGUiOnRydWUsImVkdWNvbnQiOnt9LCJfaWQiOiI2NWMzNDFiMmI5MmM3YTVmYmFmZWI2MDcifQ.g8I_2Btv7rGXWFT_jbBB9c0iAVhZshRxVIA8nbNqh0s","default","Mon Oct 05 00:39:16 UTC 2026","passed","Mon Oct 05 00:39:51 UTC 2026","Tests Eors","","",""
"","31880","103. EORS: https://edu.ismart.org/catalog/229f27-himiya/85-1-nedelya--?view=tasks&class=61a71c551b0ad63754c198e9&auth=eyJhbGciOiJIUzI1NiIsInR5cCI6IkpXVCJ9.eyJpZCI6IjY1YzM0MWIyYjkyYzdhNWZiYWZlYjYwNyIsImlzQWN0aXZlIjp0cnVlLCJpc0d1ZXN0IjpmYWxzZSwiaXNSZWdpc3RyYXRpb25Db21wbGV0ZSI6dHJ1ZSwiaXNDb25maXJtRW1haWwiOmZhbHNlLCJzdHVkZW50cyI6W10sInV0Y09mZnNldCI6MTgwLCJyb2xlIjoic2Nob29sLXRlYWNoZXIiLCJsYXN0TmFtZSI6IiIsImZpcnN0TmFtZSI6ItCf0YDQvtGE0LXRgdGB0LjQvtC90LDQu9GM0L3Ri9C5IiwicGhvbmVOdW1iZXIiOiIiLCJsb2dpbiI6InRlYWNoZXJfZnVsbEBpc21hcnQub3JnIiwiZW1haWwiOiJ0ZWFjaGVyX2Z1bGxAaXNtYXJ0Lm9yZyIsImNvbnRyYWN0VHlwZSI6InByaXZhdGUiLCJleHRlcm5hbFVzZXJTb3VyY2UiOm51bGwsImdvZE1vZGUiOnRydWUsImVkdWNvbnQiOnt9LCJfaWQiOiI2NWMzNDFiMmI5MmM3YTVmYmFmZWI2MDcifQ.g8I_2Btv7rGXWFT_jbBB9c0iAVhZshRxVIA8nbNqh0s","default","Mon Oct 05 00:36:09 UTC 2026","passed","Mon Oct 05 00:36:41 UTC 2026","Tests Eors","","",""
"","22337","74. EORS: https://edu.ismart.org/catalog/274db5-himiya-7-1/1-stroenie-atoma-periodicheski-zakon-i-periodicheskaya-sistema_nsG4YF_1qP7ch?view=tasks&categoryCode=1a11ee-11-kl&auth=eyJhbGciOiJIUzI1NiIsInR5cCI6IkpXVCJ9.eyJpZCI6IjY1YzM0MWIyYjkyYzdhNWZiYWZlYjYwNyIsImlzQWN0aXZlIjp0cnVlLCJpc0d1ZXN0IjpmYWxzZSwiaXNSZWdpc3RyYXRpb25Db21wbGV0ZSI6dHJ1ZSwiaXNDb25maXJtRW1haWwiOmZhbHNlLCJzdHVkZW50cyI6W10sInV0Y09mZnNldCI6MTgwLCJyb2xlIjoic2Nob29sLXRlYWNoZXIiLCJsYXN0TmFtZSI6IiIsImZpcnN0TmFtZSI6ItCf0YDQvtGE0LXRgdGB0LjQvtC90LDQu9GM0L3Ri9C5IiwicGhvbmVOdW1iZXIiOiIiLCJsb2dpbiI6InRlYWNoZXJfZnVsbEBpc21hcnQub3JnIiwiZW1haWwiOiJ0ZWFjaGVyX2Z1bGxAaXNtYXJ0Lm9yZyIsImNvbnRyYWN0VHlwZSI6InByaXZhdGUiLCJleHRlcm5hbFVzZXJTb3VyY2UiOm51bGwsImdvZE1vZGUiOnRydWUsImVkdWNvbnQiOnt9LCJfaWQiOiI2NWMzNDFiMmI5MmM3YTVmYmFmZWI2MDcifQ.g8I_2Btv7rGXWFT_jbBB9c0iAVhZshRxVIA8nbNqh0s","default","Mon Oct 05 00:32:19 UTC 2026","passed","Mon Oct 05 00:32:41 UTC 2026","Tests Eors","","",""
"","43722","Каталог заданий: РАС ""История. 8.1"" — Класс 7","default","Mon Oct 05 03:54:30 UTC 2026","passed","Mon Oct 05 03:55:14 UTC 2026","AuTestCatalogTask","","",""
"","45866","554. EORS: https://edu.ismart.org/catalog/9efff0-veroyatnost-i-statistika-4-1/11-rasseivanie-dannyh-veroyatnost-i-statistika_AbuGS7_QKOpXi?view=tasks&categoryCode=c417a1-8-kl&auth=eyJhbGciOiJIUzI1NiIsInR5cCI6IkpXVCJ9.eyJpZCI6IjY1YzM0MWIyYjkyYzdhNWZiYWZlYjYwNyIsImlzQWN0aXZlIjp0cnVlLCJpc0d1ZXN0IjpmYWxzZSwiaXNSZWdpc3RyYXRpb25Db21wbGV0ZSI6dHJ1ZSwiaXNDb25maXJtRW1haWwiOmZhbHNlLCJzdHVkZW50cyI6W10sInV0Y09mZnNldCI6MTgwLCJyb2xlIjoic2Nob29sLXRlYWNoZXIiLCJsYXN0TmFtZSI6IiIsImZpcnN0TmFtZSI6ItCf0YDQvtGE0LXRgdGB0LjQvtC90LDQu9GM0L3Ri9C5IiwicGhvbmVOdW1iZXIiOiIiLCJsb2dpbiI6InRlYWNoZXJfZnVsbEBpc21hcnQub3JnIiwiZW1haWwiOiJ0ZWFjaGVyX2Z1bGxAaXNtYXJ0Lm9yZyIsImNvbnRyYWN0VHlwZSI6InByaXZhdGUiLCJleHRlcm5hbFVzZXJTb3VyY2UiOm51bGwsImdvZE1vZGUiOnRydWUsImVkdWNvbnQiOnt9LCJfaWQiOiI2NWMzNDFiMmI5MmM3YTVmYmFmZWI2MDcifQ.g8I_2Btv7rGXWFT_jbBB9c0iAVhZshRxVIA8nbNqh0s","default","Mon Oct 05 01:35:44 UTC 2026","failed","Mon Oct 05 01:36:29 UTC 2026","Tests Eors","","",""
"","12234","Каталог заданий: Подготовка к ЕГЭ ""Литература. Варианты КИМ""","default","Mon Oct 05 02:20:45 UTC 2026","passed","Mon Oct 05 02:20:58 UTC 2026","AuTestCatalogTask","","",""
"","19653","Каталог заданий: СПО ""Информатика. 108 ч.""","default","Mon Oct 05 02:41:01 UTC 2026","passed","Mon Oct 05 02:41:21 UTC 2026","AuTestCatalogTask","","",""
"","24393","Каталог заданий: ЗПР ""Окружающий мир. 7.1"" — Класс 4","default","Mon Oct 05 03:32:58 UTC 2026","passed","Mon Oct 05 03:33:22 UTC 2026","AuTestCatalogTask","","",""
"","32538","Каталог заданий: ЗПР ""История. 7.1"" — Класс 3","default","Mon Oct 05 03:34:24 UTC 2026","passed","Mon Oct 05 03:34:57 UTC 2026","AuTestCatalogTask","","",""
"","19242","Каталог заданий: Русский язык пакеты ""Сочинение"" — Класс 3","default","Mon Oct 05 02:44:03 UTC 2026","passed","Mon Oct 05 02:44:23 UTC 2026","AuTestCatalogTask","","",""
"","47654","372. EORS: https://edu.ismart.org/catalog/f0648d-obschestvoznanie-8-1/3-sociologiya_kZOKvU_E7r8iZ?view=tasks&categoryCode=7d3be0-11-kl&auth=eyJhbGciOiJIUzI1NiIsInR5cCI6IkpXVCJ9.eyJpZCI6IjY1YzM0MWIyYjkyYzdhNWZiYWZlYjYwNyIsImlzQWN0aXZlIjp0cnVlLCJpc0d1ZXN0IjpmYWxzZSwiaXNSZWdpc3RyYXRpb25Db21wbGV0ZSI6dHJ1ZSwiaXNDb25maXJtRW1haWwiOmZhbHNlLCJzdHVkZW50cyI6W10sInV0Y09mZnNldCI6MTgwLCJyb2xlIjoic2Nob29sLXRlYWNoZXIiLCJsYXN0TmFtZSI6IiIsImZpcnN0TmFtZSI6ItCf0YDQvtGE0LXRgdGB0LjQvtC90LDQu9GM0L3Ri9C5IiwicGhvbmVOdW1iZXIiOiIiLCJsb2dpbiI6InRlYWNoZXJfZnVsbEBpc21hcnQub3JnIiwiZW1haWwiOiJ0ZWFjaGVyX2Z1bGxAaXNtYXJ0Lm9yZyIsImNvbnRyYWN0VHlwZSI6InByaXZhdGUiLCJleHRlcm5hbFVzZXJTb3VyY2UiOm51bGwsImdvZE1vZGUiOnRydWUsImVkdWNvbnQiOnt9LCJfaWQiOiI2NWMzNDFiMmI5MmM3YTVmYmFmZWI2MDcifQ.g8I_2Btv7rGXWFT_jbBB9c0iAVhZshRxVIA8nbNqh0s","default","Mon Oct 05 01:11:16 UTC 2026","failed","Mon Oct 05 01:12:03 UTC 2026","Tests Eors","","",""
"","23249","Каталог заданий: ТНР ""Окружающий мир. 5.1"" — Класс 4","default","Mon Oct 05 02:47:36 UTC 2026","passed","Mon Oct 05 02:48:00 UTC 2026","AuTestCatalogTask","","",""
"","56952","Каталог заданий: НОДА ""История. 6.1"" — Класс 6","default","Mon Oct 05 03:44:40 UTC 2026","passed","Mon Oct 05 03:45:37 UTC 2026","AuTestCatalogTask","","",""
"","29982","Каталог заданий: Слабослышащие ""Русский язык. 2.1"" — Класс 1","default","Mon Oct 05 03:22:02 UTC 2026","passed","Mon Oct 05 03:22:32 UTC 2026","AuTestCatalogTask","","",""
"","18376","Каталог заданий: НОДА ""Русский язык. 6.1"" — Класс 9","default","Mon Oct 05 03:40:42 UTC 2026","passed","Mon Oct 05 03:41:00 UTC 2026","AuTestCatalogTask","","",""
"","28983","119. EORS: https://edu.ismart.org/catalog/293867-algebra/00-vhodnaya-kontrolnaya-rabota?view=tasks&class=5f63090daee1af001b415303&auth=eyJhbGciOiJIUzI1NiIsInR5cCI6IkpXVCJ9.eyJpZCI6IjY1YzM0MWIyYjkyYzdhNWZiYWZlYjYwNyIsImlzQWN0aXZlIjp0cnVlLCJpc0d1ZXN0IjpmYWxzZSwiaXNSZWdpc3RyYXRpb25Db21wbGV0ZSI6dHJ1ZSwiaXNDb25maXJtRW1haWwiOmZhbHNlLCJzdHVkZW50cyI6W10sInV0Y09mZnNldCI6MTgwLCJyb2xlIjoic2Nob29sLXRlYWNoZXIiLCJsYXN0TmFtZSI6IiIsImZpcnN0TmFtZSI6ItCf0YDQvtGE0LXRgdGB0LjQvtC90LDQu9GM0L3Ri9C5IiwicGhvbmVOdW1iZXIiOiIiLCJsb2dpbiI6InRlYWNoZXJfZnVsbEBpc21hcnQub3JnIiwiZW1haWwiOiJ0ZWFjaGVyX2Z1bGxAaXNtYXJ0Lm9yZyIsImNvbnRyYWN0VHlwZSI6InByaXZhdGUiLCJleHRlcm5hbFVzZXJTb3VyY2UiOm51bGwsImdvZE1vZGUiOnRydWUsImVkdWNvbnQiOnt9LCJfaWQiOiI2NWMzNDFiMmI5MmM3YTVmYmFmZWI2MDcifQ.g8I_2Btv7rGXWFT_jbBB9c0iAVhZshRxVIA8nbNqh0s","default","Mon Oct 05 00:38:07 UTC 2026","passed","Mon Oct 05 00:38:36 UTC 2026","Tests Eors","","",""
"","47441","180. EORS: https://edu.ismart.org/catalog/4f1fcc-angliiskii-yazik-7-1/1-mir-moego-ya_oIQ5c2_kiTyz0?view=tasks&categoryCode=3f733d-2-kl&auth=eyJhbGciOiJIUzI1NiIsInR5cCI6IkpXVCJ9.eyJpZCI6IjY1YzM0MWIyYjkyYzdhNWZiYWZlYjYwNyIsImlzQWN0aXZlIjp0cnVlLCJpc0d1ZXN0IjpmYWxzZSwiaXNSZWdpc3RyYXRpb25Db21wbGV0ZSI6dHJ1ZSwiaXNDb25maXJtRW1haWwiOmZhbHNlLCJzdHVkZW50cyI6W10sInV0Y09mZnNldCI6MTgwLCJyb2xlIjoic2Nob29sLXRlYWNoZXIiLCJsYXN0TmFtZSI6IiIsImZpcnN0TmFtZSI6ItCf0YDQvtGE0LXRgdGB0LjQvtC90LDQu9GM0L3Ri9C5IiwicGhvbmVOdW1iZXIiOiIiLCJsb2dpbiI6InRlYWNoZXJfZnVsbEBpc21hcnQub3JnIiwiZW1haWwiOiJ0ZWFjaGVyX2Z1bGxAaXNtYXJ0Lm9yZyIsImNvbnRyYWN0VHlwZSI6InByaXZhdGUiLCJleHRlcm5hbFVzZXJTb3VyY2UiOm51bGwsImdvZE1vZGUiOnRydWUsImVkdWNvbnQiOnt9LCJfaWQiOiI2NWMzNDFiMmI5MmM3YTVmYmFmZWI2MDcifQ.g8I_2Btv7rGXWFT_jbBB9c0iAVhZshRxVIA8nbNqh0s","default","Mon Oct 05 00:45:24 UTC 2026","failed","Mon Oct 05 00:46:12 UTC 2026","Tests Eors","","",""
"","12546","Каталог заданий: Русский язык пакеты ""Орфографическая грамотность (1-4 кл.)"" — Класс 1","default","Mon Oct 05 02:42:43 UTC 2026","passed","Mon Oct 05 02:42:56 UTC 2026","AuTestCatalogTask","","",""
"","16476","Каталог заданий: Слабовидящие ""Информатика. 4.1"" — Класс 4","default","Mon Oct 05 03:12:26 UTC 2026","passed","Mon Oct 05 03:12:42 UTC 2026","AuTestCatalogTask","","",""
"","46951","77. EORS: https://edu.ismart.org/catalog/f78aab-russkii-yazik-slabovidyaschie-uchaschiesya/1-chto-mi-znaem-o-zvukah-i-bukvah_MlKE1V?view=tasks&categoryCode=1b31ba-russkii-yazik-4-kl&auth=eyJhbGciOiJIUzI1NiIsInR5cCI6IkpXVCJ9.eyJpZCI6IjY1YzM0MWIyYjkyYzdhNWZiYWZlYjYwNyIsImlzQWN0aXZlIjp0cnVlLCJpc0d1ZXN0IjpmYWxzZSwiaXNSZWdpc3RyYXRpb25Db21wbGV0ZSI6dHJ1ZSwiaXNDb25maXJtRW1haWwiOmZhbHNlLCJzdHVkZW50cyI6W10sInV0Y09mZnNldCI6MTgwLCJyb2xlIjoic2Nob29sLXRlYWNoZXIiLCJsYXN0TmFtZSI6IiIsImZpcnN0TmFtZSI6ItCf0YDQvtGE0LXRgdGB0LjQvtC90LDQu9GM0L3Ri9C5IiwicGhvbmVOdW1iZXIiOiIiLCJsb2dpbiI6InRlYWNoZXJfZnVsbEBpc21hcnQub3JnIiwiZW1haWwiOiJ0ZWFjaGVyX2Z1bGxAaXNtYXJ0Lm9yZyIsImNvbnRyYWN0VHlwZSI6InByaXZhdGUiLCJleHRlcm5hbFVzZXJTb3VyY2UiOm51bGwsImdvZE1vZGUiOnRydWUsImVkdWNvbnQiOnt9LCJfaWQiOiI2NWMzNDFiMmI5MmM3YTVmYmFmZWI2MDcifQ.g8I_2Btv7rGXWFT_jbBB9c0iAVhZshRxVIA8nbNqh0s","default","Mon Oct 05 00:32:33 UTC 2026","failed","Mon Oct 05 00:33:20 UTC 2026","Tests Eors","","",""
"","24226","212. EORS: https://edu.ismart.org/catalog/4af9a3-veroyatnost-istatistika/10-elementy-kombinatoriki-veroyatnost-i-statistika?view=tasks&class=61a71c551b0ad63754c198e9&auth=eyJhbGciOiJIUzI1NiIsInR5cCI6IkpXVCJ9.eyJpZCI6IjY1YzM0MWIyYjkyYzdhNWZiYWZlYjYwNyIsImlzQWN0aXZlIjp0cnVlLCJpc0d1ZXN0IjpmYWxzZSwiaXNSZWdpc3RyYXRpb25Db21wbGV0ZSI6dHJ1ZSwiaXNDb25maXJtRW1haWwiOmZhbHNlLCJzdHVkZW50cyI6W10sInV0Y09mZnNldCI6MTgwLCJyb2xlIjoic2Nob29sLXRlYWNoZXIiLCJsYXN0TmFtZSI6IiIsImZpcnN0TmFtZSI6ItCf0YDQvtGE0LXRgdGB0LjQvtC90LDQu9GM0L3Ri9C5IiwicGhvbmVOdW1iZXIiOiIiLCJsb2dpbiI6InRlYWNoZXJfZnVsbEBpc21hcnQub3JnIiwiZW1haWwiOiJ0ZWFjaGVyX2Z1bGxAaXNtYXJ0Lm9yZyIsImNvbnRyYWN0VHlwZSI6InByaXZhdGUiLCJleHRlcm5hbFVzZXJTb3VyY2UiOm51bGwsImdvZE1vZGUiOnRydWUsImVkdWNvbnQiOnt9LCJfaWQiOiI2NWMzNDFiMmI5MmM3YTVmYmFmZWI2MDcifQ.g8I_2Btv7rGXWFT_jbBB9c0iAVhZshRxVIA8nbNqh0s","default","Mon Oct 05 00:50:05 UTC 2026","passed","Mon Oct 05 00:50:29 UTC 2026","Tests Eors","","",""
"","28355","Каталог заданий: Дополнительное образование ""Биология"" — Класс 5","default","Mon Oct 05 02:15:24 UTC 2026","passed","Mon Oct 05 02:15:53 UTC 2026","AuTestCatalogTask","","",""
"","21627","433. EORS: https://edu.ismart.org/catalog/9f31a3-veroyatnost-i-statistika-6-1/10-elementy-kombinatoriki-veroyatnost-i-statistika_xRd8ot_nB1Vg8?view=tasks&categoryCode=95acfd-9-kl&auth=eyJhbGciOiJIUzI1NiIsInR5cCI6IkpXVCJ9.eyJpZCI6IjY1YzM0MWIyYjkyYzdhNWZiYWZlYjYwNyIsImlzQWN0aXZlIjp0cnVlLCJpc0d1ZXN0IjpmYWxzZSwiaXNSZWdpc3RyYXRpb25Db21wbGV0ZSI6dHJ1ZSwiaXNDb25maXJtRW1haWwiOmZhbHNlLCJzdHVkZW50cyI6W10sInV0Y09mZnNldCI6MTgwLCJyb2xlIjoic2Nob29sLXRlYWNoZXIiLCJsYXN0TmFtZSI6IiIsImZpcnN0TmFtZSI6ItCf0YDQvtGE0LXRgdGB0LjQvtC90LDQu9GM0L3Ri9C5IiwicGhvbmVOdW1iZXIiOiIiLCJsb2dpbiI6InRlYWNoZXJfZnVsbEBpc21hcnQub3JnIiwiZW1haWwiOiJ0ZWFjaGVyX2Z1bGxAaXNtYXJ0Lm9yZyIsImNvbnRyYWN0VHlwZSI6InByaXZhdGUiLCJleHRlcm5hbFVzZXJTb3VyY2UiOm51bGwsImdvZE1vZGUiOnRydWUsImVkdWNvbnQiOnt9LCJfaWQiOiI2NWMzNDFiMmI5MmM3YTVmYmFmZWI2MDcifQ.g8I_2Btv7rGXWFT_jbBB9c0iAVhZshRxVIA8nbNqh0s","default","Mon Oct 05 01:18:44 UTC 2026","passed","Mon Oct 05 01:19:06 UTC 2026","Tests Eors","","",""
"","25385","Каталог заданий: РАС ""Английский язык. 8.1"" — Класс 9","default","Mon Oct 05 03:58:18 UTC 2026","passed","Mon Oct 05 03:58:43 UTC 2026","AuTestCatalogTask","","",""
"","15870","Каталог заданий: Слабовидящие ""Информатика. 4.1"" — Класс 2","default","Mon Oct 05 03:12:20 UTC 2026","passed","Mon Oct 05 03:12:36 UTC 2026","AuTestCatalogTask","","",""
"","21700","Каталог заданий: Подготовка к контрольным работам ""Математика"" — Класс 1","default","Mon Oct 05 02:24:50 UTC 2026","passed","Mon Oct 05 02:25:12 UTC 2026","AuTestCatalogTask","","",""
"","26223","Каталог заданий: Нарушение слуха ""Английский язык. 1.1"" — Класс 7","default","Mon Oct 05 03:18:44 UTC 2026","passed","Mon Oct 05 03:19:10 UTC 2026","AuTestCatalogTask","","",""
"","24146","Каталог заданий: Школьная программа ""Английский язык"" — Класс 11","default","Mon Oct 05 02:07:48 UTC 2026","passed","Mon Oct 05 02:08:13 UTC 2026","AuTestCatalogTask","","",""
"","26515","571. EORS: https://edu.ismart.org/catalog/1168f5-literaturura-1-1/1-osnovnye-etapy-russkogo-literaturnogo-processa-s-drevnerussko-literatury-do-xix-veka_PNycqO_r0Tnnm?view=tasks&categoryCode=c93e11-10-klass&auth=eyJhbGciOiJIUzI1NiIsInR5cCI6IkpXVCJ9.eyJpZCI6IjY1YzM0MWIyYjkyYzdhNWZiYWZlYjYwNyIsImlzQWN0aXZlIjp0cnVlLCJpc0d1ZXN0IjpmYWxzZSwiaXNSZWdpc3RyYXRpb25Db21wbGV0ZSI6dHJ1ZSwiaXNDb25maXJtRW1haWwiOmZhbHNlLCJzdHVkZW50cyI6W10sInV0Y09mZnNldCI6MTgwLCJyb2xlIjoic2Nob29sLXRlYWNoZXIiLCJsYXN0TmFtZSI6IiIsImZpcnN0TmFtZSI6ItCf0YDQvtGE0LXRgdGB0LjQvtC90LDQu9GM0L3Ri9C5IiwicGhvbmVOdW1iZXIiOiIiLCJsb2dpbiI6InRlYWNoZXJfZnVsbEBpc21hcnQub3JnIiwiZW1haWwiOiJ0ZWFjaGVyX2Z1bGxAaXNtYXJ0Lm9yZyIsImNvbnRyYWN0VHlwZSI6InByaXZhdGUiLCJleHRlcm5hbFVzZXJTb3VyY2UiOm51bGwsImdvZE1vZGUiOnRydWUsImVkdWNvbnQiOnt9LCJfaWQiOiI2NWMzNDFiMmI5MmM3YTVmYmFmZWI2MDcifQ.g8I_2Btv7rGXWFT_jbBB9c0iAVhZshRxVIA8nbNqh0s","default","Mon Oct 05 01:38:03 UTC 2026","passed","Mon Oct 05 01:38:30 UTC 2026","Tests Eors","","",""
"","51083","Каталог заданий: Слепые ""Биология. 3.1"" — Класс 4","default","Mon Oct 05 03:00:35 UTC 2026","passed","Mon Oct 05 03:01:26 UTC 2026","AuTestCatalogTask","","",""
"","20038","Каталог заданий: ТНР ""Русский язык. 5.1"" — Класс 2","default","Mon Oct 05 02:45:02 UTC 2026","passed","Mon Oct 05 02:45:22 UTC 2026","AuTestCatalogTask","","",""
"","15870","Каталог заданий: ТНР ""Английский язык. 5.1"" — Класс 1","default","Mon Oct 05 02:53:07 UTC 2026","passed","Mon Oct 05 02:53:23 UTC 2026","AuTestCatalogTask","","",""
"","33827","575. EORS: https://edu.ismart.org/catalog/ca2044-geometriya/10-tela-vrashcheniya?view=tasks&class=61890fee84e9f601793b0348&auth=eyJhbGciOiJIUzI1NiIsInR5cCI6IkpXVCJ9.eyJpZCI6IjY1YzM0MWIyYjkyYzdhNWZiYWZlYjYwNyIsImlzQWN0aXZlIjp0cnVlLCJpc0d1ZXN0IjpmYWxzZSwiaXNSZWdpc3RyYXRpb25Db21wbGV0ZSI6dHJ1ZSwiaXNDb25maXJtRW1haWwiOmZhbHNlLCJzdHVkZW50cyI6W10sInV0Y09mZnNldCI6MTgwLCJyb2xlIjoic2Nob29sLXRlYWNoZXIiLCJsYXN0TmFtZSI6IiIsImZpcnN0TmFtZSI6ItCf0YDQvtGE0LXRgdGB0LjQvtC90LDQu9GM0L3Ri9C5IiwicGhvbmVOdW1iZXIiOiIiLCJsb2dpbiI6InRlYWNoZXJfZnVsbEBpc21hcnQub3JnIiwiZW1haWwiOiJ0ZWFjaGVyX2Z1bGxAaXNtYXJ0Lm9yZyIsImNvbnRyYWN0VHlwZSI6InByaXZhdGUiLCJleHRlcm5hbFVzZXJTb3VyY2UiOm51bGwsImdvZE1vZGUiOnRydWUsImVkdWNvbnQiOnt9LCJfaWQiOiI2NWMzNDFiMmI5MmM3YTVmYmFmZWI2MDcifQ.g8I_2Btv7rGXWFT_jbBB9c0iAVhZshRxVIA8nbNqh0s","default","Mon Oct 05 01:38:30 UTC 2026","passed","Mon Oct 05 01:39:03 UTC 2026","Tests Eors","","",""
"","24158","Каталог заданий: Нарушение слуха ""Английский язык. 1.1"" — Класс 6","default","Mon Oct 05 03:18:31 UTC 2026","passed","Mon Oct 05 03:18:56 UTC 2026","AuTestCatalogTask","","",""
"","30071","Каталог заданий: Слабослышащие ""История. 2.1"" — Класс 2","default","Mon Oct 05 03:26:43 UTC 2026","passed","Mon Oct 05 03:27:14 UTC 2026","AuTestCatalogTask","","",""
"","49847","480. EORS: https://edu.ismart.org/catalog/cb216c-obschestvoznanie-1-1/01-chelovek-v-ekonomicheskih-otnosheniyah_nab9Wr_So5tx0?view=tasks&categoryCode=aa36c3-8-klass&auth=eyJhbGciOiJIUzI1NiIsInR5cCI6IkpXVCJ9.eyJpZCI6IjY1YzM0MWIyYjkyYzdhNWZiYWZlYjYwNyIsImlzQWN0aXZlIjp0cnVlLCJpc0d1ZXN0IjpmYWxzZSwiaXNSZWdpc3RyYXRpb25Db21wbGV0ZSI6dHJ1ZSwiaXNDb25maXJtRW1haWwiOmZhbHNlLCJzdHVkZW50cyI6W10sInV0Y09mZnNldCI6MTgwLCJyb2xlIjoic2Nob29sLXRlYWNoZXIiLCJsYXN0TmFtZSI6IiIsImZpcnN0TmFtZSI6ItCf0YDQvtGE0LXRgdGB0LjQvtC90LDQu9GM0L3Ri9C5IiwicGhvbmVOdW1iZXIiOiIiLCJsb2dpbiI6InRlYWNoZXJfZnVsbEBpc21hcnQub3JnIiwiZW1haWwiOiJ0ZWFjaGVyX2Z1bGxAaXNtYXJ0Lm9yZyIsImNvbnRyYWN0VHlwZSI6InByaXZhdGUiLCJleHRlcm5hbFVzZXJTb3VyY2UiOm51bGwsImdvZE1vZGUiOnRydWUsImVkdWNvbnQiOnt9LCJfaWQiOiI2NWMzNDFiMmI5MmM3YTVmYmFmZWI2MDcifQ.g8I_2Btv7rGXWFT_jbBB9c0iAVhZshRxVIA8nbNqh0s","default","Mon Oct 05 01:24:54 UTC 2026","failed","Mon Oct 05 01:25:44 UTC 2026","Tests Eors","","",""
"","24508","675. EORS: https://edu.ismart.org/catalog/c3aa52-angliiskii-yazik-6-1/1-povsednevnaya-jizn-semi-mejlichnostnye-otnosheniya-v-seme-s-druzyami-i-znakomymi-konfliktnye-situacii-ih-preduprejdenie-i-razreshenie_08QsJ4_73GCgj?view=tasks&categoryCode=ea259f-10-kl&auth=eyJhbGciOiJIUzI1NiIsInR5cCI6IkpXVCJ9.eyJpZCI6IjY1YzM0MWIyYjkyYzdhNWZiYWZlYjYwNyIsImlzQWN0aXZlIjp0cnVlLCJpc0d1ZXN0IjpmYWxzZSwiaXNSZWdpc3RyYXRpb25Db21wbGV0ZSI6dHJ1ZSwiaXNDb25maXJtRW1haWwiOmZhbHNlLCJzdHVkZW50cyI6W10sInV0Y09mZnNldCI6MTgwLCJyb2xlIjoic2Nob29sLXRlYWNoZXIiLCJsYXN0TmFtZSI6IiIsImZpcnN0TmFtZSI6ItCf0YDQvtGE0LXRgdGB0LjQvtC90LDQu9GM0L3Ri9C5IiwicGhvbmVOdW1iZXIiOiIiLCJsb2dpbiI6InRlYWNoZXJfZnVsbEBpc21hcnQub3JnIiwiZW1haWwiOiJ0ZWFjaGVyX2Z1bGxAaXNtYXJ0Lm9yZyIsImNvbnRyYWN0VHlwZSI6InByaXZhdGUiLCJleHRlcm5hbFVzZXJTb3VyY2UiOm51bGwsImdvZE1vZGUiOnRydWUsImVkdWNvbnQiOnt9LCJfaWQiOiI2NWMzNDFiMmI5MmM3YTVmYmFmZWI2MDcifQ.g8I_2Btv7rGXWFT_jbBB9c0iAVhZshRxVIA8nbNqh0s","default","Mon Oct 05 01:54:14 UTC 2026","passed","Mon Oct 05 01:54:38 UTC 2026","Tests Eors","","",""
"","23429","438. EORS: https://edu.ismart.org/catalog/0e54b6-himiya-4-1/1-vvedenie-v-himiu_QCHMy0_EhDh3r?view=tasks&categoryCode=9828a9-8-klass&auth=eyJhbGciOiJIUzI1NiIsInR5cCI6IkpXVCJ9.eyJpZCI6IjY1YzM0MWIyYjkyYzdhNWZiYWZlYjYwNyIsImlzQWN0aXZlIjp0cnVlLCJpc0d1ZXN0IjpmYWxzZSwiaXNSZWdpc3RyYXRpb25Db21wbGV0ZSI6dHJ1ZSwiaXNDb25maXJtRW1haWwiOmZhbHNlLCJzdHVkZW50cyI6W10sInV0Y09mZnNldCI6MTgwLCJyb2xlIjoic2Nob29sLXRlYWNoZXIiLCJsYXN0TmFtZSI6IiIsImZpcnN0TmFtZSI6ItCf0YDQvtGE0LXRgdGB0LjQvtC90LDQu9GM0L3Ri9C5IiwicGhvbmVOdW1iZXIiOiIiLCJsb2dpbiI6InRlYWNoZXJfZnVsbEBpc21hcnQub3JnIiwiZW1haWwiOiJ0ZWFjaGVyX2Z1bGxAaXNtYXJ0Lm9yZyIsImNvbnRyYWN0VHlwZSI6InByaXZhdGUiLCJleHRlcm5hbFVzZXJTb3VyY2UiOm51bGwsImdvZE1vZGUiOnRydWUsImVkdWNvbnQiOnt9LCJfaWQiOiI2NWMzNDFiMmI5MmM3YTVmYmFmZWI2MDcifQ.g8I_2Btv7rGXWFT_jbBB9c0iAVhZshRxVIA8nbNqh0s","default","Mon Oct 05 01:19:19 UTC 2026","passed","Mon Oct 05 01:19:43 UTC 2026","Tests Eors","","",""
"","30815","Каталог заданий: РАС ""Литература. 8.1"" — Класс 6","default","Mon Oct 05 03:53:27 UTC 2026","passed","Mon Oct 05 03:53:58 UTC 2026","AuTestCatalogTask","","",""
"","23341","Каталог заданий: РАС ""Английский язык. 8.1"" — Класс 10","default","Mon Oct 05 03:58:20 UTC 2026","passed","Mon Oct 05 03:58:43 UTC 2026","AuTestCatalogTask","","",""
"","20434","Каталог заданий: Подготовка к контрольным работам ""Русский язык"" — Класс 2","default","Mon Oct 05 02:25:28 UTC 2026","passed","Mon Oct 05 02:25:49 UTC 2026","AuTestCatalogTask","","",""
"","44375","Каталог заданий: Нарушение слуха ""Биология. 1.1"" — Класс 1","default","Mon Oct 05 03:19:10 UTC 2026","passed","Mon Oct 05 03:19:54 UTC 2026","AuTestCatalogTask","","",""
"","35328","277. EORS: https://edu.ismart.org/catalog/d284c2-matematika-narushenie-sluha/011-chisla-i-velichiny-chisla-ot-1-do-9_njXE9S?view=tasks&categoryCode=5cf315-matematika-1-kl&auth=eyJhbGciOiJIUzI1NiIsInR5cCI6IkpXVCJ9.eyJpZCI6IjY1YzM0MWIyYjkyYzdhNWZiYWZlYjYwNyIsImlzQWN0aXZlIjp0cnVlLCJpc0d1ZXN0IjpmYWxzZSwiaXNSZWdpc3RyYXRpb25Db21wbGV0ZSI6dHJ1ZSwiaXNDb25maXJtRW1haWwiOmZhbHNlLCJzdHVkZW50cyI6W10sInV0Y09mZnNldCI6MTgwLCJyb2xlIjoic2Nob29sLXRlYWNoZXIiLCJsYXN0TmFtZSI6IiIsImZpcnN0TmFtZSI6ItCf0YDQvtGE0LXRgdGB0LjQvtC90LDQu9GM0L3Ri9C5IiwicGhvbmVOdW1iZXIiOiIiLCJsb2dpbiI6InRlYWNoZXJfZnVsbEBpc21hcnQub3JnIiwiZW1haWwiOiJ0ZWFjaGVyX2Z1bGxAaXNtYXJ0Lm9yZyIsImNvbnRyYWN0VHlwZSI6InByaXZhdGUiLCJleHRlcm5hbFVzZXJTb3VyY2UiOm51bGwsImdvZE1vZGUiOnRydWUsImVkdWNvbnQiOnt9LCJfaWQiOiI2NWMzNDFiMmI5MmM3YTVmYmFmZWI2MDcifQ.g8I_2Btv7rGXWFT_jbBB9c0iAVhZshRxVIA8nbNqh0s","default","Mon Oct 05 00:58:45 UTC 2026","passed","Mon Oct 05 00:59:20 UTC 2026","Tests Eors","","",""
"","15362","Каталог заданий: Подготовка к контрольным работам ""Биология"" — Класс 3","default","Mon Oct 05 02:30:23 UTC 2026","passed","Mon Oct 05 02:30:38 UTC 2026","AuTestCatalogTask","","",""
"","43754","Каталог заданий: Слабослышащие ""Биология. 2.1"" — Класс 7","default","Mon Oct 05 03:24:47 UTC 2026","passed","Mon Oct 05 03:25:31 UTC 2026","AuTestCatalogTask","","",""
"","25198","Каталог заданий: ЗПР ""Вероятность и статистика. 7.1"" — Класс 1","default","Mon Oct 05 03:39:03 UTC 2026","passed","Mon Oct 05 03:39:28 UTC 2026","AuTestCatalogTask","","",""
"","23679","175. EORS: https://edu.ismart.org/catalog/9efff0-veroyatnost-i-statistika-4-1/13-matematicheskoe-ojidanie-sluchano-velichiny-veroyatnost-i-statistika_B70xF8_DTFznn?view=tasks&categoryCode=3daea6-11-kl&auth=eyJhbGciOiJIUzI1NiIsInR5cCI6IkpXVCJ9.eyJpZCI6IjY1YzM0MWIyYjkyYzdhNWZiYWZlYjYwNyIsImlzQWN0aXZlIjp0cnVlLCJpc0d1ZXN0IjpmYWxzZSwiaXNSZWdpc3RyYXRpb25Db21wbGV0ZSI6dHJ1ZSwiaXNDb25maXJtRW1haWwiOmZhbHNlLCJzdHVkZW50cyI6W10sInV0Y09mZnNldCI6MTgwLCJyb2xlIjoic2Nob29sLXRlYWNoZXIiLCJsYXN0TmFtZSI6IiIsImZpcnN0TmFtZSI6ItCf0YDQvtGE0LXRgdGB0LjQvtC90LDQu9GM0L3Ri9C5IiwicGhvbmVOdW1iZXIiOiIiLCJsb2dpbiI6InRlYWNoZXJfZnVsbEBpc21hcnQub3JnIiwiZW1haWwiOiJ0ZWFjaGVyX2Z1bGxAaXNtYXJ0Lm9yZyIsImNvbnRyYWN0VHlwZSI6InByaXZhdGUiLCJleHRlcm5hbFVzZXJTb3VyY2UiOm51bGwsImdvZE1vZGUiOnRydWUsImVkdWNvbnQiOnt9LCJfaWQiOiI2NWMzNDFiMmI5MmM3YTVmYmFmZWI2MDcifQ.g8I_2Btv7rGXWFT_jbBB9c0iAVhZshRxVIA8nbNqh0s","default","Mon Oct 05 00:44:45 UTC 2026","passed","Mon Oct 05 00:45:09 UTC 2026","Tests Eors","","",""
"","19689","Каталог заданий: Дополнительное образование ""Практикум по английскому языку"" — Класс 1","default","Mon Oct 05 02:17:14 UTC 2026","passed","Mon Oct 05 02:17:33 UTC 2026","AuTestCatalogTask","","",""
"","25861","605. EORS: https://edu.ismart.org/catalog/52c0ce-veroyatnost-i-statistika-8-1/10-elementy-kombinatoriki-veroyatnost-i-statistika_xRd8ot_4I1bEU?view=tasks&categoryCode=cb8f86-9-kl&auth=eyJhbGciOiJIUzI1NiIsInR5cCI6IkpXVCJ9.eyJpZCI6IjY1YzM0MWIyYjkyYzdhNWZiYWZlYjYwNyIsImlzQWN0aXZlIjp0cnVlLCJpc0d1ZXN0IjpmYWxzZSwiaXNSZWdpc3RyYXRpb25Db21wbGV0ZSI6dHJ1ZSwiaXNDb25maXJtRW1haWwiOmZhbHNlLCJzdHVkZW50cyI6W10sInV0Y09mZnNldCI6MTgwLCJyb2xlIjoic2Nob29sLXRlYWNoZXIiLCJsYXN0TmFtZSI6IiIsImZpcnN0TmFtZSI6ItCf0YDQvtGE0LXRgdGB0LjQvtC90LDQu9GM0L3Ri9C5IiwicGhvbmVOdW1iZXIiOiIiLCJsb2dpbiI6InRlYWNoZXJfZnVsbEBpc21hcnQub3JnIiwiZW1haWwiOiJ0ZWFjaGVyX2Z1bGxAaXNtYXJ0Lm9yZyIsImNvbnRyYWN0VHlwZSI6InByaXZhdGUiLCJleHRlcm5hbFVzZXJTb3VyY2UiOm51bGwsImdvZE1vZGUiOnRydWUsImVkdWNvbnQiOnt9LCJfaWQiOiI2NWMzNDFiMmI5MmM3YTVmYmFmZWI2MDcifQ.g8I_2Btv7rGXWFT_jbBB9c0iAVhZshRxVIA8nbNqh0s","default","Mon Oct 05 01:44:20 UTC 2026","passed","Mon Oct 05 01:44:46 UTC 2026","Tests Eors","","",""
"","22484","163. EORS: https://edu.ismart.org/catalog/f8f48d-algebra-narushenie-sluha/1-chisla-i-vychisleniya_q4N00T?view=tasks&categoryCode=39ab4c-algebra-9-kl&auth=eyJhbGciOiJIUzI1NiIsInR5cCI6IkpXVCJ9.eyJpZCI6IjY1YzM0MWIyYjkyYzdhNWZiYWZlYjYwNyIsImlzQWN0aXZlIjp0cnVlLCJpc0d1ZXN0IjpmYWxzZSwiaXNSZWdpc3RyYXRpb25Db21wbGV0ZSI6dHJ1ZSwiaXNDb25maXJtRW1haWwiOmZhbHNlLCJzdHVkZW50cyI6W10sInV0Y09mZnNldCI6MTgwLCJyb2xlIjoic2Nob29sLXRlYWNoZXIiLCJsYXN0TmFtZSI6IiIsImZpcnN0TmFtZSI6ItCf0YDQvtGE0LXRgdGB0LjQvtC90LDQu9GM0L3Ri9C5IiwicGhvbmVOdW1iZXIiOiIiLCJsb2dpbiI6InRlYWNoZXJfZnVsbEBpc21hcnQub3JnIiwiZW1haWwiOiJ0ZWFjaGVyX2Z1bGxAaXNtYXJ0Lm9yZyIsImNvbnRyYWN0VHlwZSI6InByaXZhdGUiLCJleHRlcm5hbFVzZXJTb3VyY2UiOm51bGwsImdvZE1vZGUiOnRydWUsImVkdWNvbnQiOnt9LCJfaWQiOiI2NWMzNDFiMmI5MmM3YTVmYmFmZWI2MDcifQ.g8I_2Btv7rGXWFT_jbBB9c0iAVhZshRxVIA8nbNqh0s","default","Mon Oct 05 00:43:40 UTC 2026","passed","Mon Oct 05 00:44:02 UTC 2026","Tests Eors","","",""
"","34836","Каталог заданий: РАС ""Литература. 8.1"" — Класс 2","default","Mon Oct 05 03:52:53 UTC 2026","passed","Mon Oct 05 03:53:27 UTC 2026","AuTestCatalogTask","","",""
"","14797","Каталог заданий: Сложные темы ""Русский язык"" — Класс 2","default","Mon Oct 05 02:44:47 UTC 2026","passed","Mon Oct 05 02:45:02 UTC 2026","AuTestCatalogTask","","",""
"","21156","700. EORS: https://edu.ismart.org/catalog/9462b8-matematika-noda/100-1-chisla-i-velichiny-chisla-v-predelah-1-000-000_5dlLPD?view=tasks&categoryCode=f13658-matematika-4-kl&auth=eyJhbGciOiJIUzI1NiIsInR5cCI6IkpXVCJ9.eyJpZCI6IjY1YzM0MWIyYjkyYzdhNWZiYWZlYjYwNyIsImlzQWN0aXZlIjp0cnVlLCJpc0d1ZXN0IjpmYWxzZSwiaXNSZWdpc3RyYXRpb25Db21wbGV0ZSI6dHJ1ZSwiaXNDb25maXJtRW1haWwiOmZhbHNlLCJzdHVkZW50cyI6W10sInV0Y09mZnNldCI6MTgwLCJyb2xlIjoic2Nob29sLXRlYWNoZXIiLCJsYXN0TmFtZSI6IiIsImZpcnN0TmFtZSI6ItCf0YDQvtGE0LXRgdGB0LjQvtC90LDQu9GM0L3Ri9C5IiwicGhvbmVOdW1iZXIiOiIiLCJsb2dpbiI6InRlYWNoZXJfZnVsbEBpc21hcnQub3JnIiwiZW1haWwiOiJ0ZWFjaGVyX2Z1bGxAaXNtYXJ0Lm9yZyIsImNvbnRyYWN0VHlwZSI6InByaXZhdGUiLCJleHRlcm5hbFVzZXJTb3VyY2UiOm51bGwsImdvZE1vZGUiOnRydWUsImVkdWNvbnQiOnt9LCJfaWQiOiI2NWMzNDFiMmI5MmM3YTVmYmFmZWI2MDcifQ.g8I_2Btv7rGXWFT_jbBB9c0iAVhZshRxVIA8nbNqh0s","default","Mon Oct 05 01:57:19 UTC 2026","passed","Mon Oct 05 01:57:40 UTC 2026","Tests Eors","","",""
"","170798","Каталог заданий: Специальные курсы ""ОВЗ""","default","Mon Oct 05 02:41:18 UTC 2026","passed","Mon Oct 05 02:44:09 UTC 2026","AuTestCatalogTask","","",""
"","20113","Каталог заданий: ТНР ""Русский язык. 5.1"" — Класс 10","default","Mon Oct 05 02:45:46 UTC 2026","passed","Mon Oct 05 02:46:06 UTC 2026","AuTestCatalogTask","","",""
"","21378","358. EORS: https://edu.ismart.org/catalog/7b14ff-istoriya/1-zadanie-1?view=tasks&class=5ef1b652250d56001b4f771b&auth=eyJhbGciOiJIUzI1NiIsInR5cCI6IkpXVCJ9.eyJpZCI6IjY1YzM0MWIyYjkyYzdhNWZiYWZlYjYwNyIsImlzQWN0aXZlIjp0cnVlLCJpc0d1ZXN0IjpmYWxzZSwiaXNSZWdpc3RyYXRpb25Db21wbGV0ZSI6dHJ1ZSwiaXNDb25maXJtRW1haWwiOmZhbHNlLCJzdHVkZW50cyI6W10sInV0Y09mZnNldCI6MTgwLCJyb2xlIjoic2Nob29sLXRlYWNoZXIiLCJsYXN0TmFtZSI6IiIsImZpcnN0TmFtZSI6ItCf0YDQvtGE0LXRgdGB0LjQvtC90LDQu9GM0L3Ri9C5IiwicGhvbmVOdW1iZXIiOiIiLCJsb2dpbiI6InRlYWNoZXJfZnVsbEBpc21hcnQub3JnIiwiZW1haWwiOiJ0ZWFjaGVyX2Z1bGxAaXNtYXJ0Lm9yZyIsImNvbnRyYWN0VHlwZSI6InByaXZhdGUiLCJleHRlcm5hbFVzZXJTb3VyY2UiOm51bGwsImdvZE1vZGUiOnRydWUsImVkdWNvbnQiOnt9LCJfaWQiOiI2NWMzNDFiMmI5MmM3YTVmYmFmZWI2MDcifQ.g8I_2Btv7rGXWFT_jbBB9c0iAVhZshRxVIA8nbNqh0s","default","Mon Oct 05 01:09:41 UTC 2026","passed","Mon Oct 05 01:10:03 UTC 2026","Tests Eors","","",""
"","24150","Каталог заданий: Повторение пройденного материала ""Биология"" — Класс 6","default","Mon Oct 05 02:38:54 UTC 2026","passed","Mon Oct 05 02:39:18 UTC 2026","AuTestCatalogTask","","",""
"","30998","Каталог заданий: Слепые ""История. 3.1"" — Класс 3","default","Mon Oct 05 02:58:05 UTC 2026","passed","Mon Oct 05 02:58:36 UTC 2026","AuTestCatalogTask","","",""
"","34336","Каталог заданий: Нарушение слуха ""Химия. 1.1"" — Класс 2","default","Mon Oct 05 03:20:21 UTC 2026","passed","Mon Oct 05 03:20:55 UTC 2026","AuTestCatalogTask","","",""
"","17293","Каталог заданий: ЗПР ""Русский язык. 7.1"" — Класс 1","default","Mon Oct 05 03:30:16 UTC 2026","passed","Mon Oct 05 03:30:33 UTC 2026","AuTestCatalogTask","","",""
"","22723","281. EORS: https://edu.ismart.org/catalog/d3287c-matematika-slepie-uchaschiesya/011-chisla-i-velichiny-chisla-ot-1-do-9_JchvUi?view=tasks&categoryCode=5fdd4e-matematika-1-kl&auth=eyJhbGciOiJIUzI1NiIsInR5cCI6IkpXVCJ9.eyJpZCI6IjY1YzM0MWIyYjkyYzdhNWZiYWZlYjYwNyIsImlzQWN0aXZlIjp0cnVlLCJpc0d1ZXN0IjpmYWxzZSwiaXNSZWdpc3RyYXRpb25Db21wbGV0ZSI6dHJ1ZSwiaXNDb25maXJtRW1haWwiOmZhbHNlLCJzdHVkZW50cyI6W10sInV0Y09mZnNldCI6MTgwLCJyb2xlIjoic2Nob29sLXRlYWNoZXIiLCJsYXN0TmFtZSI6IiIsImZpcnN0TmFtZSI6ItCf0YDQvtGE0LXRgdGB0LjQvtC90LDQu9GM0L3Ri9C5IiwicGhvbmVOdW1iZXIiOiIiLCJsb2dpbiI6InRlYWNoZXJfZnVsbEBpc21hcnQub3JnIiwiZW1haWwiOiJ0ZWFjaGVyX2Z1bGxAaXNtYXJ0Lm9yZyIsImNvbnRyYWN0VHlwZSI6InByaXZhdGUiLCJleHRlcm5hbFVzZXJTb3VyY2UiOm51bGwsImdvZE1vZGUiOnRydWUsImVkdWNvbnQiOnt9LCJfaWQiOiI2NWMzNDFiMmI5MmM3YTVmYmFmZWI2MDcifQ.g8I_2Btv7rGXWFT_jbBB9c0iAVhZshRxVIA8nbNqh0s","default","Mon Oct 05 00:59:30 UTC 2026","passed","Mon Oct 05 00:59:52 UTC 2026","Tests Eors","","",""
"","36157","569. EORS: https://edu.ismart.org/catalog/d863c5-fizika-tnr/1-teplovye-yavleniya-_WIcPBf?view=tasks&categoryCode=c8b638-8-klass&auth=eyJhbGciOiJIUzI1NiIsInR5cCI6IkpXVCJ9.eyJpZCI6IjY1YzM0MWIyYjkyYzdhNWZiYWZlYjYwNyIsImlzQWN0aXZlIjp0cnVlLCJpc0d1ZXN0IjpmYWxzZSwiaXNSZWdpc3RyYXRpb25Db21wbGV0ZSI6dHJ1ZSwiaXNDb25maXJtRW1haWwiOmZhbHNlLCJzdHVkZW50cyI6W10sInV0Y09mZnNldCI6MTgwLCJyb2xlIjoic2Nob29sLXRlYWNoZXIiLCJsYXN0TmFtZSI6IiIsImZpcnN0TmFtZSI6ItCf0YDQvtGE0LXRgdGB0LjQvtC90LDQu9GM0L3Ri9C5IiwicGhvbmVOdW1iZXIiOiIiLCJsb2dpbiI6InRlYWNoZXJfZnVsbEBpc21hcnQub3JnIiwiZW1haWwiOiJ0ZWFjaGVyX2Z1bGxAaXNtYXJ0Lm9yZyIsImNvbnRyYWN0VHlwZSI6InByaXZhdGUiLCJleHRlcm5hbFVzZXJTb3VyY2UiOm51bGwsImdvZE1vZGUiOnRydWUsImVkdWNvbnQiOnt9LCJfaWQiOiI2NWMzNDFiMmI5MmM3YTVmYmFmZWI2MDcifQ.g8I_2Btv7rGXWFT_jbBB9c0iAVhZshRxVIA8nbNqh0s","default","Mon Oct 05 01:37:48 UTC 2026","passed","Mon Oct 05 01:38:24 UTC 2026","Tests Eors","","",""
"","50396","502. EORS: https://edu.ismart.org/catalog/2a5e18-russkii-yazik-1-ntr/01-obuchenie-gramote-razvitie-rechi?view=tasks&categoryCode=b00feb-russkii-yazik&auth=eyJhbGciOiJIUzI1NiIsInR5cCI6IkpXVCJ9.eyJpZCI6IjY1YzM0MWIyYjkyYzdhNWZiYWZlYjYwNyIsImlzQWN0aXZlIjp0cnVlLCJpc0d1ZXN0IjpmYWxzZSwiaXNSZWdpc3RyYXRpb25Db21wbGV0ZSI6dHJ1ZSwiaXNDb25maXJtRW1haWwiOmZhbHNlLCJzdHVkZW50cyI6W10sInV0Y09mZnNldCI6MTgwLCJyb2xlIjoic2Nob29sLXRlYWNoZXIiLCJsYXN0TmFtZSI6IiIsImZpcnN0TmFtZSI6ItCf0YDQvtGE0LXRgdGB0LjQvtC90LDQu9GM0L3Ri9C5IiwicGhvbmVOdW1iZXIiOiIiLCJsb2dpbiI6InRlYWNoZXJfZnVsbEBpc21hcnQub3JnIiwiZW1haWwiOiJ0ZWFjaGVyX2Z1bGxAaXNtYXJ0Lm9yZyIsImNvbnRyYWN0VHlwZSI6InByaXZhdGUiLCJleHRlcm5hbFVzZXJTb3VyY2UiOm51bGwsImdvZE1vZGUiOnRydWUsImVkdWNvbnQiOnt9LCJfaWQiOiI2NWMzNDFiMmI5MmM3YTVmYmFmZWI2MDcifQ.g8I_2Btv7rGXWFT_jbBB9c0iAVhZshRxVIA8nbNqh0s","default","Mon Oct 05 01:28:26 UTC 2026","failed","Mon Oct 05 01:29:16 UTC 2026","Tests Eors","","",""
"","63155","590. EORS: https://edu.ismart.org/catalog/cat-prepare-test-work-math/2000-vhodnaya-kontrolnaya-rabota?view=tasks&class=5a3cef308409440019b57b39&auth=eyJhbGciOiJIUzI1NiIsInR5cCI6IkpXVCJ9.eyJpZCI6IjY1YzM0MWIyYjkyYzdhNWZiYWZlYjYwNyIsImlzQWN0aXZlIjp0cnVlLCJpc0d1ZXN0IjpmYWxzZSwiaXNSZWdpc3RyYXRpb25Db21wbGV0ZSI6dHJ1ZSwiaXNDb25maXJtRW1haWwiOmZhbHNlLCJzdHVkZW50cyI6W10sInV0Y09mZnNldCI6MTgwLCJyb2xlIjoic2Nob29sLXRlYWNoZXIiLCJsYXN0TmFtZSI6IiIsImZpcnN0TmFtZSI6ItCf0YDQvtGE0LXRgdGB0LjQvtC90LDQu9GM0L3Ri9C5IiwicGhvbmVOdW1iZXIiOiIiLCJsb2dpbiI6InRlYWNoZXJfZnVsbEBpc21hcnQub3JnIiwiZW1haWwiOiJ0ZWFjaGVyX2Z1bGxAaXNtYXJ0Lm9yZyIsImNvbnRyYWN0VHlwZSI6InByaXZhdGUiLCJleHRlcm5hbFVzZXJTb3VyY2UiOm51bGwsImdvZE1vZGUiOnRydWUsImVkdWNvbnQiOnt9LCJfaWQiOiI2NWMzNDFiMmI5MmM3YTVmYmFmZWI2MDcifQ.g8I_2Btv7rGXWFT_jbBB9c0iAVhZshRxVIA8nbNqh0s","default","Mon Oct 05 01:40:47 UTC 2026","failed","Mon Oct 05 01:41:51 UTC 2026","Tests Eors","","",""
"","24831","469. EORS: https://edu.ismart.org/catalog/eb5fcd-okruzhayuschii-mir/1-chelovek-i-obshchestvo-nasha-rodina--rossiskaya-federaciya?view=tasks&categoryCode=a685f8-3-kl&auth=eyJhbGciOiJIUzI1NiIsInR5cCI6IkpXVCJ9.eyJpZCI6IjY1YzM0MWIyYjkyYzdhNWZiYWZlYjYwNyIsImlzQWN0aXZlIjp0cnVlLCJpc0d1ZXN0IjpmYWxzZSwiaXNSZWdpc3RyYXRpb25Db21wbGV0ZSI6dHJ1ZSwiaXNDb25maXJtRW1haWwiOmZhbHNlLCJzdHVkZW50cyI6W10sInV0Y09mZnNldCI6MTgwLCJyb2xlIjoic2Nob29sLXRlYWNoZXIiLCJsYXN0TmFtZSI6IiIsImZpcnN0TmFtZSI6ItCf0YDQvtGE0LXRgdGB0LjQvtC90LDQu9GM0L3Ri9C5IiwicGhvbmVOdW1iZXIiOiIiLCJsb2dpbiI6InRlYWNoZXJfZnVsbEBpc21hcnQub3JnIiwiZW1haWwiOiJ0ZWFjaGVyX2Z1bGxAaXNtYXJ0Lm9yZyIsImNvbnRyYWN0VHlwZSI6InByaXZhdGUiLCJleHRlcm5hbFVzZXJTb3VyY2UiOm51bGwsImdvZE1vZGUiOnRydWUsImVkdWNvbnQiOnt9LCJfaWQiOiI2NWMzNDFiMmI5MmM3YTVmYmFmZWI2MDcifQ.g8I_2Btv7rGXWFT_jbBB9c0iAVhZshRxVIA8nbNqh0s","default","Mon Oct 05 01:23:22 UTC 2026","passed","Mon Oct 05 01:23:47 UTC 2026","Tests Eors","","",""
"","18179","Каталог заданий: Слабовидящие ""Геометрия. 4.1"" — Класс 3","default","Mon Oct 05 03:05:32 UTC 2026","passed","Mon Oct 05 03:05:50 UTC 2026","AuTestCatalogTask","","",""
"","56959","Каталог заданий: Слабовидящие ""История. 4.1"" — Класс 6","default","Mon Oct 05 03:07:42 UTC 2026","passed","Mon Oct 05 03:08:39 UTC 2026","AuTestCatalogTask","","",""
"","23911","173. EORS: https://edu.ismart.org/catalog/05cee6-russkii-yazik-2-1/yazyk-i-rech_jJJ9Eo_OEkV8G?view=tasks&categoryCode=3cee58-5-klass&auth=eyJhbGciOiJIUzI1NiIsInR5cCI6IkpXVCJ9.eyJpZCI6IjY1YzM0MWIyYjkyYzdhNWZiYWZlYjYwNyIsImlzQWN0aXZlIjp0cnVlLCJpc0d1ZXN0IjpmYWxzZSwiaXNSZWdpc3RyYXRpb25Db21wbGV0ZSI6dHJ1ZSwiaXNDb25maXJtRW1haWwiOmZhbHNlLCJzdHVkZW50cyI6W10sInV0Y09mZnNldCI6MTgwLCJyb2xlIjoic2Nob29sLXRlYWNoZXIiLCJsYXN0TmFtZSI6IiIsImZpcnN0TmFtZSI6ItCf0YDQvtGE0LXRgdGB0LjQvtC90LDQu9GM0L3Ri9C5IiwicGhvbmVOdW1iZXIiOiIiLCJsb2dpbiI6InRlYWNoZXJfZnVsbEBpc21hcnQub3JnIiwiZW1haWwiOiJ0ZWFjaGVyX2Z1bGxAaXNtYXJ0Lm9yZyIsImNvbnRyYWN0VHlwZSI6InByaXZhdGUiLCJleHRlcm5hbFVzZXJTb3VyY2UiOm51bGwsImdvZE1vZGUiOnRydWUsImVkdWNvbnQiOnt9LCJfaWQiOiI2NWMzNDFiMmI5MmM3YTVmYmFmZWI2MDcifQ.g8I_2Btv7rGXWFT_jbBB9c0iAVhZshRxVIA8nbNqh0s","default","Mon Oct 05 00:44:31 UTC 2026","passed","Mon Oct 05 00:44:55 UTC 2026","Tests Eors","","",""
"","27493","20. EORS: https://edu.ismart.org/catalog/f78aab-russkii-yazik-slabovidyaschie-uchaschiesya/1-chto-mi-znaem-o-zvukah-i-bukvah_bqqLC0?view=tasks&categoryCode=05fa9c-russkii-yazik-1-kl&auth=eyJhbGciOiJIUzI1NiIsInR5cCI6IkpXVCJ9.eyJpZCI6IjY1YzM0MWIyYjkyYzdhNWZiYWZlYjYwNyIsImlzQWN0aXZlIjp0cnVlLCJpc0d1ZXN0IjpmYWxzZSwiaXNSZWdpc3RyYXRpb25Db21wbGV0ZSI6dHJ1ZSwiaXNDb25maXJtRW1haWwiOmZhbHNlLCJzdHVkZW50cyI6W10sInV0Y09mZnNldCI6MTgwLCJyb2xlIjoic2Nob29sLXRlYWNoZXIiLCJsYXN0TmFtZSI6IiIsImZpcnN0TmFtZSI6ItCf0YDQvtGE0LXRgdGB0LjQvtC90LDQu9GM0L3Ri9C5IiwicGhvbmVOdW1iZXIiOiIiLCJsb2dpbiI6InRlYWNoZXJfZnVsbEBpc21hcnQub3JnIiwiZW1haWwiOiJ0ZWFjaGVyX2Z1bGxAaXNtYXJ0Lm9yZyIsImNvbnRyYWN0VHlwZSI6InByaXZhdGUiLCJleHRlcm5hbFVzZXJTb3VyY2UiOm51bGwsImdvZE1vZGUiOnRydWUsImVkdWNvbnQiOnt9LCJfaWQiOiI2NWMzNDFiMmI5MmM3YTVmYmFmZWI2MDcifQ.g8I_2Btv7rGXWFT_jbBB9c0iAVhZshRxVIA8nbNqh0s","default","Mon Oct 05 00:24:46 UTC 2026","passed","Mon Oct 05 00:25:13 UTC 2026","Tests Eors","","",""
"","25465","4. EORS: https://edu.ismart.org/catalog/05cee6-russkii-yazik-2-1/13-kakoi-bivaet-nasha-rech_aFr6Zc_ZGYz87?view=tasks&categoryCode=040ea9-4-klass&auth=eyJhbGciOiJIUzI1NiIsInR5cCI6IkpXVCJ9.eyJpZCI6IjY1YzM0MWIyYjkyYzdhNWZiYWZlYjYwNyIsImlzQWN0aXZlIjp0cnVlLCJpc0d1ZXN0IjpmYWxzZSwiaXNSZWdpc3RyYXRpb25Db21wbGV0ZSI6dHJ1ZSwiaXNDb25maXJtRW1haWwiOmZhbHNlLCJzdHVkZW50cyI6W10sInV0Y09mZnNldCI6MTgwLCJyb2xlIjoic2Nob29sLXRlYWNoZXIiLCJsYXN0TmFtZSI6IiIsImZpcnN0TmFtZSI6ItCf0YDQvtGE0LXRgdGB0LjQvtC90LDQu9GM0L3Ri9C5IiwicGhvbmVOdW1iZXIiOiIiLCJsb2dpbiI6InRlYWNoZXJfZnVsbEBpc21hcnQub3JnIiwiZW1haWwiOiJ0ZWFjaGVyX2Z1bGxAaXNtYXJ0Lm9yZyIsImNvbnRyYWN0VHlwZSI6InByaXZhdGUiLCJleHRlcm5hbFVzZXJTb3VyY2UiOm51bGwsImdvZE1vZGUiOnRydWUsImVkdWNvbnQiOnt9LCJfaWQiOiI2NWMzNDFiMmI5MmM3YTVmYmFmZWI2MDcifQ.g8I_2Btv7rGXWFT_jbBB9c0iAVhZshRxVIA8nbNqh0s","default","Mon Oct 05 00:22:26 UTC 2026","passed","Mon Oct 05 00:22:52 UTC 2026","Tests Eors","","",""
"","26134","576. EORS: https://edu.ismart.org/catalog/ca2044-geometriya/5-sootnosheniya-v-treugolnike?view=tasks&class=61a71c551b0ad63754c198e9&auth=eyJhbGciOiJIUzI1NiIsInR5cCI6IkpXVCJ9.eyJpZCI6IjY1YzM0MWIyYjkyYzdhNWZiYWZlYjYwNyIsImlzQWN0aXZlIjp0cnVlLCJpc0d1ZXN0IjpmYWxzZSwiaXNSZWdpc3RyYXRpb25Db21wbGV0ZSI6dHJ1ZSwiaXNDb25maXJtRW1haWwiOmZhbHNlLCJzdHVkZW50cyI6W10sInV0Y09mZnNldCI6MTgwLCJyb2xlIjoic2Nob29sLXRlYWNoZXIiLCJsYXN0TmFtZSI6IiIsImZpcnN0TmFtZSI6ItCf0YDQvtGE0LXRgdGB0LjQvtC90LDQu9GM0L3Ri9C5IiwicGhvbmVOdW1iZXIiOiIiLCJsb2dpbiI6InRlYWNoZXJfZnVsbEBpc21hcnQub3JnIiwiZW1haWwiOiJ0ZWFjaGVyX2Z1bGxAaXNtYXJ0Lm9yZyIsImNvbnRyYWN0VHlwZSI6InByaXZhdGUiLCJleHRlcm5hbFVzZXJTb3VyY2UiOm51bGwsImdvZE1vZGUiOnRydWUsImVkdWNvbnQiOnt9LCJfaWQiOiI2NWMzNDFiMmI5MmM3YTVmYmFmZWI2MDcifQ.g8I_2Btv7rGXWFT_jbBB9c0iAVhZshRxVIA8nbNqh0s","default","Mon Oct 05 01:38:51 UTC 2026","passed","Mon Oct 05 01:39:17 UTC 2026","Tests Eors","","",""
"","47689","454. EORS: https://edu.ismart.org/catalog/d284c2-matematika-narushenie-sluha/1-naturalnye-chisla-i-nul_PSmQbX?view=tasks&categoryCode=a185da-matematika-5-kl&auth=eyJhbGciOiJIUzI1NiIsInR5cCI6IkpXVCJ9.eyJpZCI6IjY1YzM0MWIyYjkyYzdhNWZiYWZlYjYwNyIsImlzQWN0aXZlIjp0cnVlLCJpc0d1ZXN0IjpmYWxzZSwiaXNSZWdpc3RyYXRpb25Db21wbGV0ZSI6dHJ1ZSwiaXNDb25maXJtRW1haWwiOmZhbHNlLCJzdHVkZW50cyI6W10sInV0Y09mZnNldCI6MTgwLCJyb2xlIjoic2Nob29sLXRlYWNoZXIiLCJsYXN0TmFtZSI6IiIsImZpcnN0TmFtZSI6ItCf0YDQvtGE0LXRgdGB0LjQvtC90LDQu9GM0L3Ri9C5IiwicGhvbmVOdW1iZXIiOiIiLCJsb2dpbiI6InRlYWNoZXJfZnVsbEBpc21hcnQub3JnIiwiZW1haWwiOiJ0ZWFjaGVyX2Z1bGxAaXNtYXJ0Lm9yZyIsImNvbnRyYWN0VHlwZSI6InByaXZhdGUiLCJleHRlcm5hbFVzZXJTb3VyY2UiOm51bGwsImdvZE1vZGUiOnRydWUsImVkdWNvbnQiOnt9LCJfaWQiOiI2NWMzNDFiMmI5MmM3YTVmYmFmZWI2MDcifQ.g8I_2Btv7rGXWFT_jbBB9c0iAVhZshRxVIA8nbNqh0s","default","Mon Oct 05 01:21:37 UTC 2026","failed","Mon Oct 05 01:22:25 UTC 2026","Tests Eors","","",""
"","22637","187. EORS: https://edu.ismart.org/catalog/429323-literatura/200-zadanie--1?view=tasks&class=61890fee84e9f601793b0348&auth=eyJhbGciOiJIUzI1NiIsInR5cCI6IkpXVCJ9.eyJpZCI6IjY1YzM0MWIyYjkyYzdhNWZiYWZlYjYwNyIsImlzQWN0aXZlIjp0cnVlLCJpc0d1ZXN0IjpmYWxzZSwiaXNSZWdpc3RyYXRpb25Db21wbGV0ZSI6dHJ1ZSwiaXNDb25maXJtRW1haWwiOmZhbHNlLCJzdHVkZW50cyI6W10sInV0Y09mZnNldCI6MTgwLCJyb2xlIjoic2Nob29sLXRlYWNoZXIiLCJsYXN0TmFtZSI6IiIsImZpcnN0TmFtZSI6ItCf0YDQvtGE0LXRgdGB0LjQvtC90LDQu9GM0L3Ri9C5IiwicGhvbmVOdW1iZXIiOiIiLCJsb2dpbiI6InRlYWNoZXJfZnVsbEBpc21hcnQub3JnIiwiZW1haWwiOiJ0ZWFjaGVyX2Z1bGxAaXNtYXJ0Lm9yZyIsImNvbnRyYWN0VHlwZSI6InByaXZhdGUiLCJleHRlcm5hbFVzZXJTb3VyY2UiOm51bGwsImdvZE1vZGUiOnRydWUsImVkdWNvbnQiOnt9LCJfaWQiOiI2NWMzNDFiMmI5MmM3YTVmYmFmZWI2MDcifQ.g8I_2Btv7rGXWFT_jbBB9c0iAVhZshRxVIA8nbNqh0s","default","Mon Oct 05 00:46:35 UTC 2026","passed","Mon Oct 05 00:46:58 UTC 2026","Tests Eors","","",""
"","23962","561. EORS: https://edu.ismart.org/catalog/c0b22a-russkii-yazik-narushenie-sluha/1-chto-mi-znaem-o-zvukah-i-bukvah_R8g8iG?view=tasks&categoryCode=c6b1f7-russkii-yazik-4-kl&auth=eyJhbGciOiJIUzI1NiIsInR5cCI6IkpXVCJ9.eyJpZCI6IjY1YzM0MWIyYjkyYzdhNWZiYWZlYjYwNyIsImlzQWN0aXZlIjp0cnVlLCJpc0d1ZXN0IjpmYWxzZSwiaXNSZWdpc3RyYXRpb25Db21wbGV0ZSI6dHJ1ZSwiaXNDb25maXJtRW1haWwiOmZhbHNlLCJzdHVkZW50cyI6W10sInV0Y09mZnNldCI6MTgwLCJyb2xlIjoic2Nob29sLXRlYWNoZXIiLCJsYXN0TmFtZSI6IiIsImZpcnN0TmFtZSI6ItCf0YDQvtGE0LXRgdGB0LjQvtC90LDQu9GM0L3Ri9C5IiwicGhvbmVOdW1iZXIiOiIiLCJsb2dpbiI6InRlYWNoZXJfZnVsbEBpc21hcnQub3JnIiwiZW1haWwiOiJ0ZWFjaGVyX2Z1bGxAaXNtYXJ0Lm9yZyIsImNvbnRyYWN0VHlwZSI6InByaXZhdGUiLCJleHRlcm5hbFVzZXJTb3VyY2UiOm51bGwsImdvZE1vZGUiOnRydWUsImVkdWNvbnQiOnt9LCJfaWQiOiI2NWMzNDFiMmI5MmM3YTVmYmFmZWI2MDcifQ.g8I_2Btv7rGXWFT_jbBB9c0iAVhZshRxVIA8nbNqh0s","default","Mon Oct 05 01:36:54 UTC 2026","passed","Mon Oct 05 01:37:18 UTC 2026","Tests Eors","","",""
"","21622","32. EORS: https://edu.ismart.org/catalog/9462b8-matematika-noda/1-naturalnye-chisla_MY7CKq?view=tasks&categoryCode=0b874b-matematika-6-kl&auth=eyJhbGciOiJIUzI1NiIsInR5cCI6IkpXVCJ9.eyJpZCI6IjY1YzM0MWIyYjkyYzdhNWZiYWZlYjYwNyIsImlzQWN0aXZlIjp0cnVlLCJpc0d1ZXN0IjpmYWxzZSwiaXNSZWdpc3RyYXRpb25Db21wbGV0ZSI6dHJ1ZSwiaXNDb25maXJtRW1haWwiOmZhbHNlLCJzdHVkZW50cyI6W10sInV0Y09mZnNldCI6MTgwLCJyb2xlIjoic2Nob29sLXRlYWNoZXIiLCJsYXN0TmFtZSI6IiIsImZpcnN0TmFtZSI6ItCf0YDQvtGE0LXRgdGB0LjQvtC90LDQu9GM0L3Ri9C5IiwicGhvbmVOdW1iZXIiOiIiLCJsb2dpbiI6InRlYWNoZXJfZnVsbEBpc21hcnQub3JnIiwiZW1haWwiOiJ0ZWFjaGVyX2Z1bGxAaXNtYXJ0Lm9yZyIsImNvbnRyYWN0VHlwZSI6InByaXZhdGUiLCJleHRlcm5hbFVzZXJTb3VyY2UiOm51bGwsImdvZE1vZGUiOnRydWUsImVkdWNvbnQiOnt9LCJfaWQiOiI2NWMzNDFiMmI5MmM3YTVmYmFmZWI2MDcifQ.g8I_2Btv7rGXWFT_jbBB9c0iAVhZshRxVIA8nbNqh0s","default","Mon Oct 05 00:26:40 UTC 2026","passed","Mon Oct 05 00:27:02 UTC 2026","Tests Eors","","",""
"","21532","396. EORS: https://edu.ismart.org/catalog/95d37e-biologiya-1-1/1-evoluciya-i-metody-ee-izucheniya_1T6EDw_uJS9MG?view=tasks&categoryCode=877a60-11-klass&auth=eyJhbGciOiJIUzI1NiIsInR5cCI6IkpXVCJ9.eyJpZCI6IjY1YzM0MWIyYjkyYzdhNWZiYWZlYjYwNyIsImlzQWN0aXZlIjp0cnVlLCJpc0d1ZXN0IjpmYWxzZSwiaXNSZWdpc3RyYXRpb25Db21wbGV0ZSI6dHJ1ZSwiaXNDb25maXJtRW1haWwiOmZhbHNlLCJzdHVkZW50cyI6W10sInV0Y09mZnNldCI6MTgwLCJyb2xlIjoic2Nob29sLXRlYWNoZXIiLCJsYXN0TmFtZSI6IiIsImZpcnN0TmFtZSI6ItCf0YDQvtGE0LXRgdGB0LjQvtC90LDQu9GM0L3Ri9C5IiwicGhvbmVOdW1iZXIiOiIiLCJsb2dpbiI6InRlYWNoZXJfZnVsbEBpc21hcnQub3JnIiwiZW1haWwiOiJ0ZWFjaGVyX2Z1bGxAaXNtYXJ0Lm9yZyIsImNvbnRyYWN0VHlwZSI6InByaXZhdGUiLCJleHRlcm5hbFVzZXJTb3VyY2UiOm51bGwsImdvZE1vZGUiOnRydWUsImVkdWNvbnQiOnt9LCJfaWQiOiI2NWMzNDFiMmI5MmM3YTVmYmFmZWI2MDcifQ.g8I_2Btv7rGXWFT_jbBB9c0iAVhZshRxVIA8nbNqh0s","default","Mon Oct 05 01:14:08 UTC 2026","passed","Mon Oct 05 01:14:29 UTC 2026","Tests Eors","","",""
"","22206","286. EORS: https://edu.ismart.org/catalog/0cc805-literatura/1-ai-kuprin-rasskazy--i-povesti_uvJFQX_v8MlKZ?view=tasks&categoryCode=61d378-11-kl&auth=eyJhbGciOiJIUzI1NiIsInR5cCI6IkpXVCJ9.eyJpZCI6IjY1YzM0MWIyYjkyYzdhNWZiYWZlYjYwNyIsImlzQWN0aXZlIjp0cnVlLCJpc0d1ZXN0IjpmYWxzZSwiaXNSZWdpc3RyYXRpb25Db21wbGV0ZSI6dHJ1ZSwiaXNDb25maXJtRW1haWwiOmZhbHNlLCJzdHVkZW50cyI6W10sInV0Y09mZnNldCI6MTgwLCJyb2xlIjoic2Nob29sLXRlYWNoZXIiLCJsYXN0TmFtZSI6IiIsImZpcnN0TmFtZSI6ItCf0YDQvtGE0LXRgdGB0LjQvtC90LDQu9GM0L3Ri9C5IiwicGhvbmVOdW1iZXIiOiIiLCJsb2dpbiI6InRlYWNoZXJfZnVsbEBpc21hcnQub3JnIiwiZW1haWwiOiJ0ZWFjaGVyX2Z1bGxAaXNtYXJ0Lm9yZyIsImNvbnRyYWN0VHlwZSI6InByaXZhdGUiLCJleHRlcm5hbFVzZXJTb3VyY2UiOm51bGwsImdvZE1vZGUiOnRydWUsImVkdWNvbnQiOnt9LCJfaWQiOiI2NWMzNDFiMmI5MmM3YTVmYmFmZWI2MDcifQ.g8I_2Btv7rGXWFT_jbBB9c0iAVhZshRxVIA8nbNqh0s","default","Mon Oct 05 00:59:54 UTC 2026","passed","Mon Oct 05 01:00:17 UTC 2026","Tests Eors","","",""
"","11376","Каталог заданий: Слабослышащие ""Обществознание. 2.1"" — Класс 3","default","Mon Oct 05 03:28:26 UTC 2026","passed","Mon Oct 05 03:28:37 UTC 2026","AuTestCatalogTask","","",""
"","24526","Каталог заданий: Слабослышащие ""Английский язык. 2.1"" — Класс 7","default","Mon Oct 05 03:29:15 UTC 2026","passed","Mon Oct 05 03:29:40 UTC 2026","AuTestCatalogTask","","",""
"","31417","Каталог заданий: Слабовидящие ""Математика. 4.1"" — Класс 2","default","Mon Oct 05 03:04:10 UTC 2026","passed","Mon Oct 05 03:04:41 UTC 2026","AuTestCatalogTask","","",""
"","27331","Каталог заданий: Слабослышащие ""Математика. 2.1"" — Класс 2","default","Mon Oct 05 03:23:04 UTC 2026","passed","Mon Oct 05 03:23:31 UTC 2026","AuTestCatalogTask","","",""
"","14428","Каталог заданий: РАС ""Обществознание. 8.1"" — Класс 2","default","Mon Oct 05 03:54:57 UTC 2026","passed","Mon Oct 05 03:55:11 UTC 2026","AuTestCatalogTask","","",""
"","31126","Каталог заданий: Подготовка к ВПР ""Математика"" — Класс 5","default","Mon Oct 05 02:21:23 UTC 2026","passed","Mon Oct 05 02:21:54 UTC 2026","AuTestCatalogTask","","",""
"","30355","Каталог заданий: ТНР ""Химия. 5.1"" — Класс 3","default","Mon Oct 05 02:52:09 UTC 2026","passed","Mon Oct 05 02:52:39 UTC 2026","AuTestCatalogTask","","",""
"","29541","Каталог заданий: Подготовка к ВПР ""Биология"" — Класс 2","default","Mon Oct 05 02:23:09 UTC 2026","passed","Mon Oct 05 02:23:39 UTC 2026","AuTestCatalogTask","","",""
"","18978","Каталог заданий: Нарушение слуха ""Русский язык. 1.1"" — Класс 7","default","Mon Oct 05 03:13:07 UTC 2026","passed","Mon Oct 05 03:13:26 UTC 2026","AuTestCatalogTask","","",""
"","25650","540. EORS: https://edu.ismart.org/catalog/c3aa52-angliiskii-yazik-6-1/1-vzaimootnosheniya-v-seme-i-s-druzyami-semenye-prazdniki-obyazannosti-po-domu_K7sW9O_O0LtvZ?view=tasks&categoryCode=be287d-8-kl&auth=eyJhbGciOiJIUzI1NiIsInR5cCI6IkpXVCJ9.eyJpZCI6IjY1YzM0MWIyYjkyYzdhNWZiYWZlYjYwNyIsImlzQWN0aXZlIjp0cnVlLCJpc0d1ZXN0IjpmYWxzZSwiaXNSZWdpc3RyYXRpb25Db21wbGV0ZSI6dHJ1ZSwiaXNDb25maXJtRW1haWwiOmZhbHNlLCJzdHVkZW50cyI6W10sInV0Y09mZnNldCI6MTgwLCJyb2xlIjoic2Nob29sLXRlYWNoZXIiLCJsYXN0TmFtZSI6IiIsImZpcnN0TmFtZSI6ItCf0YDQvtGE0LXRgdGB0LjQvtC90LDQu9GM0L3Ri9C5IiwicGhvbmVOdW1iZXIiOiIiLCJsb2dpbiI6InRlYWNoZXJfZnVsbEBpc21hcnQub3JnIiwiZW1haWwiOiJ0ZWFjaGVyX2Z1bGxAaXNtYXJ0Lm9yZyIsImNvbnRyYWN0VHlwZSI6InByaXZhdGUiLCJleHRlcm5hbFVzZXJTb3VyY2UiOm51bGwsImdvZE1vZGUiOnRydWUsImVkdWNvbnQiOnt9LCJfaWQiOiI2NWMzNDFiMmI5MmM3YTVmYmFmZWI2MDcifQ.g8I_2Btv7rGXWFT_jbBB9c0iAVhZshRxVIA8nbNqh0s","default","Mon Oct 05 01:33:56 UTC 2026","passed","Mon Oct 05 01:34:21 UTC 2026","Tests Eors","","",""
"","41142","Каталог заданий: НОДА ""Биология. 6.1"" — Класс 2","default","Mon Oct 05 03:45:42 UTC 2026","passed","Mon Oct 05 03:46:23 UTC 2026","AuTestCatalogTask","","",""
"","25211","703. EORS: https://edu.ismart.org/catalog/efddae-veroyatnost-i-statistika-2-1/8-predstavlenie-dannyh-veroyatnost-i-statistika_rEQ5f1_43UkUu?view=tasks&categoryCode=f169ed-7-kl&auth=eyJhbGciOiJIUzI1NiIsInR5cCI6IkpXVCJ9.eyJpZCI6IjY1YzM0MWIyYjkyYzdhNWZiYWZlYjYwNyIsImlzQWN0aXZlIjp0cnVlLCJpc0d1ZXN0IjpmYWxzZSwiaXNSZWdpc3RyYXRpb25Db21wbGV0ZSI6dHJ1ZSwiaXNDb25maXJtRW1haWwiOmZhbHNlLCJzdHVkZW50cyI6W10sInV0Y09mZnNldCI6MTgwLCJyb2xlIjoic2Nob29sLXRlYWNoZXIiLCJsYXN0TmFtZSI6IiIsImZpcnN0TmFtZSI6ItCf0YDQvtGE0LXRgdGB0LjQvtC90LDQu9GM0L3Ri9C5IiwicGhvbmVOdW1iZXIiOiIiLCJsb2dpbiI6InRlYWNoZXJfZnVsbEBpc21hcnQub3JnIiwiZW1haWwiOiJ0ZWFjaGVyX2Z1bGxAaXNtYXJ0Lm9yZyIsImNvbnRyYWN0VHlwZSI6InByaXZhdGUiLCJleHRlcm5hbFVzZXJTb3VyY2UiOm51bGwsImdvZE1vZGUiOnRydWUsImVkdWNvbnQiOnt9LCJfaWQiOiI2NWMzNDFiMmI5MmM3YTVmYmFmZWI2MDcifQ.g8I_2Btv7rGXWFT_jbBB9c0iAVhZshRxVIA8nbNqh0s","default","Mon Oct 05 01:57:40 UTC 2026","passed","Mon Oct 05 01:58:05 UTC 2026","Tests Eors","","",""
"","37596","312. EORS: https://edu.ismart.org/catalog/7f3b68-geometriya-narushenie-sluha/5-sootnosheniya-v-treugolnike_zGgy2e?view=tasks&categoryCode=698b0e-geometriya-9-kl&auth=eyJhbGciOiJIUzI1NiIsInR5cCI6IkpXVCJ9.eyJpZCI6IjY1YzM0MWIyYjkyYzdhNWZiYWZlYjYwNyIsImlzQWN0aXZlIjp0cnVlLCJpc0d1ZXN0IjpmYWxzZSwiaXNSZWdpc3RyYXRpb25Db21wbGV0ZSI6dHJ1ZSwiaXNDb25maXJtRW1haWwiOmZhbHNlLCJzdHVkZW50cyI6W10sInV0Y09mZnNldCI6MTgwLCJyb2xlIjoic2Nob29sLXRlYWNoZXIiLCJsYXN0TmFtZSI6IiIsImZpcnN0TmFtZSI6ItCf0YDQvtGE0LXRgdGB0LjQvtC90LDQu9GM0L3Ri9C5IiwicGhvbmVOdW1iZXIiOiIiLCJsb2dpbiI6InRlYWNoZXJfZnVsbEBpc21hcnQub3JnIiwiZW1haWwiOiJ0ZWFjaGVyX2Z1bGxAaXNtYXJ0Lm9yZyIsImNvbnRyYWN0VHlwZSI6InByaXZhdGUiLCJleHRlcm5hbFVzZXJTb3VyY2UiOm51bGwsImdvZE1vZGUiOnRydWUsImVkdWNvbnQiOnt9LCJfaWQiOiI2NWMzNDFiMmI5MmM3YTVmYmFmZWI2MDcifQ.g8I_2Btv7rGXWFT_jbBB9c0iAVhZshRxVIA8nbNqh0s","default","Mon Oct 05 01:02:52 UTC 2026","passed","Mon Oct 05 01:03:30 UTC 2026","Tests Eors","","",""
"","31125","732. EORS: https://edu.ismart.org/catalog/bf6864-matematika-zpr/1-naturalnye-chisla_BhKXz8?view=tasks&categoryCode=fbc0d2-matematika-6-kl&auth=eyJhbGciOiJIUzI1NiIsInR5cCI6IkpXVCJ9.eyJpZCI6IjY1YzM0MWIyYjkyYzdhNWZiYWZlYjYwNyIsImlzQWN0aXZlIjp0cnVlLCJpc0d1ZXN0IjpmYWxzZSwiaXNSZWdpc3RyYXRpb25Db21wbGV0ZSI6dHJ1ZSwiaXNDb25maXJtRW1haWwiOmZhbHNlLCJzdHVkZW50cyI6W10sInV0Y09mZnNldCI6MTgwLCJyb2xlIjoic2Nob29sLXRlYWNoZXIiLCJsYXN0TmFtZSI6IiIsImZpcnN0TmFtZSI6ItCf0YDQvtGE0LXRgdGB0LjQvtC90LDQu9GM0L3Ri9C5IiwicGhvbmVOdW1iZXIiOiIiLCJsb2dpbiI6InRlYWNoZXJfZnVsbEBpc21hcnQub3JnIiwiZW1haWwiOiJ0ZWFjaGVyX2Z1bGxAaXNtYXJ0Lm9yZyIsImNvbnRyYWN0VHlwZSI6InByaXZhdGUiLCJleHRlcm5hbFVzZXJTb3VyY2UiOm51bGwsImdvZE1vZGUiOnRydWUsImVkdWNvbnQiOnt9LCJfaWQiOiI2NWMzNDFiMmI5MmM3YTVmYmFmZWI2MDcifQ.g8I_2Btv7rGXWFT_jbBB9c0iAVhZshRxVIA8nbNqh0s","default","Mon Oct 05 02:00:57 UTC 2026","passed","Mon Oct 05 02:01:28 UTC 2026","Tests Eors","","",""
"","26798","Каталог заданий: Слепые ""Биология. 3.1"" — Класс 5","default","Mon Oct 05 03:01:08 UTC 2026","passed","Mon Oct 05 03:01:35 UTC 2026","AuTestCatalogTask","","",""
"","14088","Каталог заданий: ТНР ""Алгебра. 5.1"" — Класс 1","default","Mon Oct 05 02:46:26 UTC 2026","passed","Mon Oct 05 02:46:40 UTC 2026","AuTestCatalogTask","","",""
"","53314","474. EORS: https://edu.ismart.org/catalog/a95870-matematika-1-klass/33-1-nedelya-v-carstve-chisel?view=tasks&class=5a3cef178409440019b57b37&auth=eyJhbGciOiJIUzI1NiIsInR5cCI6IkpXVCJ9.eyJpZCI6IjY1YzM0MWIyYjkyYzdhNWZiYWZlYjYwNyIsImlzQWN0aXZlIjp0cnVlLCJpc0d1ZXN0IjpmYWxzZSwiaXNSZWdpc3RyYXRpb25Db21wbGV0ZSI6dHJ1ZSwiaXNDb25maXJtRW1haWwiOmZhbHNlLCJzdHVkZW50cyI6W10sInV0Y09mZnNldCI6MTgwLCJyb2xlIjoic2Nob29sLXRlYWNoZXIiLCJsYXN0TmFtZSI6IiIsImZpcnN0TmFtZSI6ItCf0YDQvtGE0LXRgdGB0LjQvtC90LDQu9GM0L3Ri9C5IiwicGhvbmVOdW1iZXIiOiIiLCJsb2dpbiI6InRlYWNoZXJfZnVsbEBpc21hcnQub3JnIiwiZW1haWwiOiJ0ZWFjaGVyX2Z1bGxAaXNtYXJ0Lm9yZyIsImNvbnRyYWN0VHlwZSI6InByaXZhdGUiLCJleHRlcm5hbFVzZXJTb3VyY2UiOm51bGwsImdvZE1vZGUiOnRydWUsImVkdWNvbnQiOnt9LCJfaWQiOiI2NWMzNDFiMmI5MmM3YTVmYmFmZWI2MDcifQ.g8I_2Btv7rGXWFT_jbBB9c0iAVhZshRxVIA8nbNqh0s","default","Mon Oct 05 01:23:53 UTC 2026","failed","Mon Oct 05 01:24:46 UTC 2026","Tests Eors","","",""
"","33785","Каталог заданий: ТНР ""История. 5.1"" — Класс 1","default","Mon Oct 05 02:50:21 UTC 2026","passed","Mon Oct 05 02:50:55 UTC 2026","AuTestCatalogTask","","",""
"","29490","321. EORS: https://edu.ismart.org/catalog/d3287c-matematika-slepie-uchaschiesya/100-1-chisla-i-velichiny-chisla-v-predelah-1-000-000_VZV3Dj?view=tasks&categoryCode=6e75f2-matematika-4-kl&auth=eyJhbGciOiJIUzI1NiIsInR5cCI6IkpXVCJ9.eyJpZCI6IjY1YzM0MWIyYjkyYzdhNWZiYWZlYjYwNyIsImlzQWN0aXZlIjp0cnVlLCJpc0d1ZXN0IjpmYWxzZSwiaXNSZWdpc3RyYXRpb25Db21wbGV0ZSI6dHJ1ZSwiaXNDb25maXJtRW1haWwiOmZhbHNlLCJzdHVkZW50cyI6W10sInV0Y09mZnNldCI6MTgwLCJyb2xlIjoic2Nob29sLXRlYWNoZXIiLCJsYXN0TmFtZSI6IiIsImZpcnN0TmFtZSI6ItCf0YDQvtGE0LXRgdGB0LjQvtC90LDQu9GM0L3Ri9C5IiwicGhvbmVOdW1iZXIiOiIiLCJsb2dpbiI6InRlYWNoZXJfZnVsbEBpc21hcnQub3JnIiwiZW1haWwiOiJ0ZWFjaGVyX2Z1bGxAaXNtYXJ0Lm9yZyIsImNvbnRyYWN0VHlwZSI6InByaXZhdGUiLCJleHRlcm5hbFVzZXJTb3VyY2UiOm51bGwsImdvZE1vZGUiOnRydWUsImVkdWNvbnQiOnt9LCJfaWQiOiI2NWMzNDFiMmI5MmM3YTVmYmFmZWI2MDcifQ.g8I_2Btv7rGXWFT_jbBB9c0iAVhZshRxVIA8nbNqh0s","default","Mon Oct 05 01:04:26 UTC 2026","passed","Mon Oct 05 01:04:56 UTC 2026","Tests Eors","","",""
"","25193","Каталог заданий: Повторение пройденного материала ""История"" — Класс 4","default","Mon Oct 05 02:34:49 UTC 2026","passed","Mon Oct 05 02:35:14 UTC 2026","AuTestCatalogTask","","",""
"","20975","444. EORS: https://edu.ismart.org/catalog/2835c0-biologiya-6-1/1-zoologiya--nauka-o-jivotnyh_ntm9oC_NZR6Mu?view=tasks&categoryCode=9a4200-8-kl&auth=eyJhbGciOiJIUzI1NiIsInR5cCI6IkpXVCJ9.eyJpZCI6IjY1YzM0MWIyYjkyYzdhNWZiYWZlYjYwNyIsImlzQWN0aXZlIjp0cnVlLCJpc0d1ZXN0IjpmYWxzZSwiaXNSZWdpc3RyYXRpb25Db21wbGV0ZSI6dHJ1ZSwiaXNDb25maXJtRW1haWwiOmZhbHNlLCJzdHVkZW50cyI6W10sInV0Y09mZnNldCI6MTgwLCJyb2xlIjoic2Nob29sLXRlYWNoZXIiLCJsYXN0TmFtZSI6IiIsImZpcnN0TmFtZSI6ItCf0YDQvtGE0LXRgdGB0LjQvtC90LDQu9GM0L3Ri9C5IiwicGhvbmVOdW1iZXIiOiIiLCJsb2dpbiI6InRlYWNoZXJfZnVsbEBpc21hcnQub3JnIiwiZW1haWwiOiJ0ZWFjaGVyX2Z1bGxAaXNtYXJ0Lm9yZyIsImNvbnRyYWN0VHlwZSI6InByaXZhdGUiLCJleHRlcm5hbFVzZXJTb3VyY2UiOm51bGwsImdvZE1vZGUiOnRydWUsImVkdWNvbnQiOnt9LCJfaWQiOiI2NWMzNDFiMmI5MmM3YTVmYmFmZWI2MDcifQ.g8I_2Btv7rGXWFT_jbBB9c0iAVhZshRxVIA8nbNqh0s","default","Mon Oct 05 01:20:04 UTC 2026","passed","Mon Oct 05 01:20:25 UTC 2026","Tests Eors","","",""
"","19280","Каталог заданий: Подготовка к контрольным работам ""История"" — Класс 2","default","Mon Oct 05 02:29:24 UTC 2026","passed","Mon Oct 05 02:29:43 UTC 2026","AuTestCatalogTask","","",""
"","26033","Каталог заданий: Повторение пройденного материала ""Русский язык"" — Класс 10","default","Mon Oct 05 02:32:50 UTC 2026","passed","Mon Oct 05 02:33:16 UTC 2026","AuTestCatalogTask","","",""
"","21792","171. EORS: https://edu.ismart.org/catalog/0e54b6-himiya-4-1/1-stroenie-atoma-i-ego-svyaz-so-svostvami-elementa_9sjbiO_9FqXpR?view=tasks&categoryCode=3a3b89-9-klass&auth=eyJhbGciOiJIUzI1NiIsInR5cCI6IkpXVCJ9.eyJpZCI6IjY1YzM0MWIyYjkyYzdhNWZiYWZlYjYwNyIsImlzQWN0aXZlIjp0cnVlLCJpc0d1ZXN0IjpmYWxzZSwiaXNSZWdpc3RyYXRpb25Db21wbGV0ZSI6dHJ1ZSwiaXNDb25maXJtRW1haWwiOmZhbHNlLCJzdHVkZW50cyI6W10sInV0Y09mZnNldCI6MTgwLCJyb2xlIjoic2Nob29sLXRlYWNoZXIiLCJsYXN0TmFtZSI6IiIsImZpcnN0TmFtZSI6ItCf0YDQvtGE0LXRgdGB0LjQvtC90LDQu9GM0L3Ri9C5IiwicGhvbmVOdW1iZXIiOiIiLCJsb2dpbiI6InRlYWNoZXJfZnVsbEBpc21hcnQub3JnIiwiZW1haWwiOiJ0ZWFjaGVyX2Z1bGxAaXNtYXJ0Lm9yZyIsImNvbnRyYWN0VHlwZSI6InByaXZhdGUiLCJleHRlcm5hbFVzZXJTb3VyY2UiOm51bGwsImdvZE1vZGUiOnRydWUsImVkdWNvbnQiOnt9LCJfaWQiOiI2NWMzNDFiMmI5MmM3YTVmYmFmZWI2MDcifQ.g8I_2Btv7rGXWFT_jbBB9c0iAVhZshRxVIA8nbNqh0s","default","Mon Oct 05 00:44:23 UTC 2026","passed","Mon Oct 05 00:44:45 UTC 2026","Tests Eors","","",""
"","29448","366. EORS: https://edu.ismart.org/catalog/7b3bfd-biologiya/101-kontrolnaya-rabota-1-po-teme-jivotny-organizm?view=tasks&class=5f63090daee1af001b415303&auth=eyJhbGciOiJIUzI1NiIsInR5cCI6IkpXVCJ9.eyJpZCI6IjY1YzM0MWIyYjkyYzdhNWZiYWZlYjYwNyIsImlzQWN0aXZlIjp0cnVlLCJpc0d1ZXN0IjpmYWxzZSwiaXNSZWdpc3RyYXRpb25Db21wbGV0ZSI6dHJ1ZSwiaXNDb25maXJtRW1haWwiOmZhbHNlLCJzdHVkZW50cyI6W10sInV0Y09mZnNldCI6MTgwLCJyb2xlIjoic2Nob29sLXRlYWNoZXIiLCJsYXN0TmFtZSI6IiIsImZpcnN0TmFtZSI6ItCf0YDQvtGE0LXRgdGB0LjQvtC90LDQu9GM0L3Ri9C5IiwicGhvbmVOdW1iZXIiOiIiLCJsb2dpbiI6InRlYWNoZXJfZnVsbEBpc21hcnQub3JnIiwiZW1haWwiOiJ0ZWFjaGVyX2Z1bGxAaXNtYXJ0Lm9yZyIsImNvbnRyYWN0VHlwZSI6InByaXZhdGUiLCJleHRlcm5hbFVzZXJTb3VyY2UiOm51bGwsImdvZE1vZGUiOnRydWUsImVkdWNvbnQiOnt9LCJfaWQiOiI2NWMzNDFiMmI5MmM3YTVmYmFmZWI2MDcifQ.g8I_2Btv7rGXWFT_jbBB9c0iAVhZshRxVIA8nbNqh0s","default","Mon Oct 05 01:10:25 UTC 2026","passed","Mon Oct 05 01:10:54 UTC 2026","Tests Eors","","",""
"","54844","217. EORS: https://edu.ismart.org/catalog/4c36f3-razvitie-rechi-1-kl/200-razvitie-rechi?view=tasks&class=5a3cef238409440019b57b38&auth=eyJhbGciOiJIUzI1NiIsInR5cCI6IkpXVCJ9.eyJpZCI6IjY1YzM0MWIyYjkyYzdhNWZiYWZlYjYwNyIsImlzQWN0aXZlIjp0cnVlLCJpc0d1ZXN0IjpmYWxzZSwiaXNSZWdpc3RyYXRpb25Db21wbGV0ZSI6dHJ1ZSwiaXNDb25maXJtRW1haWwiOmZhbHNlLCJzdHVkZW50cyI6W10sInV0Y09mZnNldCI6MTgwLCJyb2xlIjoic2Nob29sLXRlYWNoZXIiLCJsYXN0TmFtZSI6IiIsImZpcnN0TmFtZSI6ItCf0YDQvtGE0LXRgdGB0LjQvtC90LDQu9GM0L3Ri9C5IiwicGhvbmVOdW1iZXIiOiIiLCJsb2dpbiI6InRlYWNoZXJfZnVsbEBpc21hcnQub3JnIiwiZW1haWwiOiJ0ZWFjaGVyX2Z1bGxAaXNtYXJ0Lm9yZyIsImNvbnRyYWN0VHlwZSI6InByaXZhdGUiLCJleHRlcm5hbFVzZXJTb3VyY2UiOm51bGwsImdvZE1vZGUiOnRydWUsImVkdWNvbnQiOnt9LCJfaWQiOiI2NWMzNDFiMmI5MmM3YTVmYmFmZWI2MDcifQ.g8I_2Btv7rGXWFT_jbBB9c0iAVhZshRxVIA8nbNqh0s","default","Mon Oct 05 00:50:29 UTC 2026","failed","Mon Oct 05 00:51:24 UTC 2026","Tests Eors","","",""
"","15141","Каталог заданий: Нарушение слуха ""Физика. 1.1"" — Класс 2","default","Mon Oct 05 03:21:05 UTC 2026","passed","Mon Oct 05 03:21:20 UTC 2026","AuTestCatalogTask","","",""
"","35062","Каталог заданий: Повторение пройденного материала ""Русский язык"" — Класс 7","default","Mon Oct 05 02:32:40 UTC 2026","passed","Mon Oct 05 02:33:15 UTC 2026","AuTestCatalogTask","","",""
"","27270","461. EORS: https://edu.ismart.org/catalog/9f31a3-veroyatnost-i-statistika-6-1/15-opisatelnaya-statistika-veroyatnost-i-statistika_1pykOy_2o0MMx?view=tasks&categoryCode=a3b431-10-kl&auth=eyJhbGciOiJIUzI1NiIsInR5cCI6IkpXVCJ9.eyJpZCI6IjY1YzM0MWIyYjkyYzdhNWZiYWZlYjYwNyIsImlzQWN0aXZlIjp0cnVlLCJpc0d1ZXN0IjpmYWxzZSwiaXNSZWdpc3RyYXRpb25Db21wbGV0ZSI6dHJ1ZSwiaXNDb25maXJtRW1haWwiOmZhbHNlLCJzdHVkZW50cyI6W10sInV0Y09mZnNldCI6MTgwLCJyb2xlIjoic2Nob29sLXRlYWNoZXIiLCJsYXN0TmFtZSI6IiIsImZpcnN0TmFtZSI6ItCf0YDQvtGE0LXRgdGB0LjQvtC90LDQu9GM0L3Ri9C5IiwicGhvbmVOdW1iZXIiOiIiLCJsb2dpbiI6InRlYWNoZXJfZnVsbEBpc21hcnQub3JnIiwiZW1haWwiOiJ0ZWFjaGVyX2Z1bGxAaXNtYXJ0Lm9yZyIsImNvbnRyYWN0VHlwZSI6InByaXZhdGUiLCJleHRlcm5hbFVzZXJTb3VyY2UiOm51bGwsImdvZE1vZGUiOnRydWUsImVkdWNvbnQiOnt9LCJfaWQiOiI2NWMzNDFiMmI5MmM3YTVmYmFmZWI2MDcifQ.g8I_2Btv7rGXWFT_jbBB9c0iAVhZshRxVIA8nbNqh0s","default","Mon Oct 05 01:22:29 UTC 2026","passed","Mon Oct 05 01:22:57 UTC 2026","Tests Eors","","",""
"","22441","Каталог заданий: ТНР ""Английский язык. 5.1"" — Класс 3","default","Mon Oct 05 02:53:18 UTC 2026","passed","Mon Oct 05 02:53:40 UTC 2026","AuTestCatalogTask","","",""
"","32972","453. EORS: https://edu.ismart.org/catalog/05cee6-russkii-yazik-2-1/9-chto-mi-znaem-o-predlozhenii_YlFWao_s4wa2s?view=tasks&categoryCode=a15d80-3-klass&auth=eyJhbGciOiJIUzI1NiIsInR5cCI6IkpXVCJ9.eyJpZCI6IjY1YzM0MWIyYjkyYzdhNWZiYWZlYjYwNyIsImlzQWN0aXZlIjp0cnVlLCJpc0d1ZXN0IjpmYWxzZSwiaXNSZWdpc3RyYXRpb25Db21wbGV0ZSI6dHJ1ZSwiaXNDb25maXJtRW1haWwiOmZhbHNlLCJzdHVkZW50cyI6W10sInV0Y09mZnNldCI6MTgwLCJyb2xlIjoic2Nob29sLXRlYWNoZXIiLCJsYXN0TmFtZSI6IiIsImZpcnN0TmFtZSI6ItCf0YDQvtGE0LXRgdGB0LjQvtC90LDQu9GM0L3Ri9C5IiwicGhvbmVOdW1iZXIiOiIiLCJsb2dpbiI6InRlYWNoZXJfZnVsbEBpc21hcnQub3JnIiwiZW1haWwiOiJ0ZWFjaGVyX2Z1bGxAaXNtYXJ0Lm9yZyIsImNvbnRyYWN0VHlwZSI6InByaXZhdGUiLCJleHRlcm5hbFVzZXJTb3VyY2UiOm51bGwsImdvZE1vZGUiOnRydWUsImVkdWNvbnQiOnt9LCJfaWQiOiI2NWMzNDFiMmI5MmM3YTVmYmFmZWI2MDcifQ.g8I_2Btv7rGXWFT_jbBB9c0iAVhZshRxVIA8nbNqh0s","default","Mon Oct 05 01:21:31 UTC 2026","passed","Mon Oct 05 01:22:04 UTC 2026","Tests Eors","","",""
"","26011","260. EORS: https://edu.ismart.org/catalog/574f8c-geometriya/100-vhodnaya-kontrolnaya-rabota?view=tasks&class=61a71c551b0ad63754c198e9&auth=eyJhbGciOiJIUzI1NiIsInR5cCI6IkpXVCJ9.eyJpZCI6IjY1YzM0MWIyYjkyYzdhNWZiYWZlYjYwNyIsImlzQWN0aXZlIjp0cnVlLCJpc0d1ZXN0IjpmYWxzZSwiaXNSZWdpc3RyYXRpb25Db21wbGV0ZSI6dHJ1ZSwiaXNDb25maXJtRW1haWwiOmZhbHNlLCJzdHVkZW50cyI6W10sInV0Y09mZnNldCI6MTgwLCJyb2xlIjoic2Nob29sLXRlYWNoZXIiLCJsYXN0TmFtZSI6IiIsImZpcnN0TmFtZSI6ItCf0YDQvtGE0LXRgdGB0LjQvtC90LDQu9GM0L3Ri9C5IiwicGhvbmVOdW1iZXIiOiIiLCJsb2dpbiI6InRlYWNoZXJfZnVsbEBpc21hcnQub3JnIiwiZW1haWwiOiJ0ZWFjaGVyX2Z1bGxAaXNtYXJ0Lm9yZyIsImNvbnRyYWN0VHlwZSI6InByaXZhdGUiLCJleHRlcm5hbFVzZXJTb3VyY2UiOm51bGwsImdvZE1vZGUiOnRydWUsImVkdWNvbnQiOnt9LCJfaWQiOiI2NWMzNDFiMmI5MmM3YTVmYmFmZWI2MDcifQ.g8I_2Btv7rGXWFT_jbBB9c0iAVhZshRxVIA8nbNqh0s","default","Mon Oct 05 00:56:25 UTC 2026","passed","Mon Oct 05 00:56:51 UTC 2026","Tests Eors","","",""
"","32536","87. EORS: https://edu.ismart.org/catalog/f0648d-obschestvoznanie-8-1/1-socialnye-cennosti-i-normy_C1kYcf_q3NoHW?view=tasks&categoryCode=1ec4be-7-kl&auth=eyJhbGciOiJIUzI1NiIsInR5cCI6IkpXVCJ9.eyJpZCI6IjY1YzM0MWIyYjkyYzdhNWZiYWZlYjYwNyIsImlzQWN0aXZlIjp0cnVlLCJpc0d1ZXN0IjpmYWxzZSwiaXNSZWdpc3RyYXRpb25Db21wbGV0ZSI6dHJ1ZSwiaXNDb25maXJtRW1haWwiOmZhbHNlLCJzdHVkZW50cyI6W10sInV0Y09mZnNldCI6MTgwLCJyb2xlIjoic2Nob29sLXRlYWNoZXIiLCJsYXN0TmFtZSI6IiIsImZpcnN0TmFtZSI6ItCf0YDQvtGE0LXRgdGB0LjQvtC90LDQu9GM0L3Ri9C5IiwicGhvbmVOdW1iZXIiOiIiLCJsb2dpbiI6InRlYWNoZXJfZnVsbEBpc21hcnQub3JnIiwiZW1haWwiOiJ0ZWFjaGVyX2Z1bGxAaXNtYXJ0Lm9yZyIsImNvbnRyYWN0VHlwZSI6InByaXZhdGUiLCJleHRlcm5hbFVzZXJTb3VyY2UiOm51bGwsImdvZE1vZGUiOnRydWUsImVkdWNvbnQiOnt9LCJfaWQiOiI2NWMzNDFiMmI5MmM3YTVmYmFmZWI2MDcifQ.g8I_2Btv7rGXWFT_jbBB9c0iAVhZshRxVIA8nbNqh0s","default","Mon Oct 05 00:33:54 UTC 2026","passed","Mon Oct 05 00:34:27 UTC 2026","Tests Eors","","",""
"","21467","133. EORS: https://edu.ismart.org/catalog/2ec694-angliiskii-yazik/2-chtenie?view=tasks&class=5f63090daee1af001b415303&auth=eyJhbGciOiJIUzI1NiIsInR5cCI6IkpXVCJ9.eyJpZCI6IjY1YzM0MWIyYjkyYzdhNWZiYWZlYjYwNyIsImlzQWN0aXZlIjp0cnVlLCJpc0d1ZXN0IjpmYWxzZSwiaXNSZWdpc3RyYXRpb25Db21wbGV0ZSI6dHJ1ZSwiaXNDb25maXJtRW1haWwiOmZhbHNlLCJzdHVkZW50cyI6W10sInV0Y09mZnNldCI6MTgwLCJyb2xlIjoic2Nob29sLXRlYWNoZXIiLCJsYXN0TmFtZSI6IiIsImZpcnN0TmFtZSI6ItCf0YDQvtGE0LXRgdGB0LjQvtC90LDQu9GM0L3Ri9C5IiwicGhvbmVOdW1iZXIiOiIiLCJsb2dpbiI6InRlYWNoZXJfZnVsbEBpc21hcnQub3JnIiwiZW1haWwiOiJ0ZWFjaGVyX2Z1bGxAaXNtYXJ0Lm9yZyIsImNvbnRyYWN0VHlwZSI6InByaXZhdGUiLCJleHRlcm5hbFVzZXJTb3VyY2UiOm51bGwsImdvZE1vZGUiOnRydWUsImVkdWNvbnQiOnt9LCJfaWQiOiI2NWMzNDFiMmI5MmM3YTVmYmFmZWI2MDcifQ.g8I_2Btv7rGXWFT_jbBB9c0iAVhZshRxVIA8nbNqh0s","default","Mon Oct 05 00:39:54 UTC 2026","passed","Mon Oct 05 00:40:15 UTC 2026","Tests Eors","","",""
"","13236","Каталог заданий: ТНР ""Обществознание. 5.1"" — Класс 1","default","Mon Oct 05 02:52:49 UTC 2026","passed","Mon Oct 05 02:53:02 UTC 2026","AuTestCatalogTask","","",""
"","28721","Каталог заданий: Подготовка к контрольным работам ""Литература"" — Класс 7","default","Mon Oct 05 02:29:15 UTC 2026","passed","Mon Oct 05 02:29:44 UTC 2026","AuTestCatalogTask","","",""
"","57305","Каталог заданий: РАС ""История. 8.1"" — Класс 6","default","Mon Oct 05 03:54:19 UTC 2026","passed","Mon Oct 05 03:55:17 UTC 2026","AuTestCatalogTask","","",""
"","14123","Каталог заданий: ТНР ""Английский язык. 5.1"" — Класс 2","default","Mon Oct 05 02:53:10 UTC 2026","passed","Mon Oct 05 02:53:24 UTC 2026","AuTestCatalogTask","","",""
"","24243","Каталог заданий: Повторение пройденного материала ""Физика"" — Класс 2","default","Mon Oct 05 02:37:38 UTC 2026","passed","Mon Oct 05 02:38:02 UTC 2026","AuTestCatalogTask","","",""
"","24905","14. EORS: https://edu.ismart.org/catalog/04e661-angliiskii-yazik/100-vhodnoe-testirovanie?view=tasks&class=5f3fa2c7f00eca001c8bd3f9&auth=eyJhbGciOiJIUzI1NiIsInR5cCI6IkpXVCJ9.eyJpZCI6IjY1YzM0MWIyYjkyYzdhNWZiYWZlYjYwNyIsImlzQWN0aXZlIjp0cnVlLCJpc0d1ZXN0IjpmYWxzZSwiaXNSZWdpc3RyYXRpb25Db21wbGV0ZSI6dHJ1ZSwiaXNDb25maXJtRW1haWwiOmZhbHNlLCJzdHVkZW50cyI6W10sInV0Y09mZnNldCI6MTgwLCJyb2xlIjoic2Nob29sLXRlYWNoZXIiLCJsYXN0TmFtZSI6IiIsImZpcnN0TmFtZSI6ItCf0YDQvtGE0LXRgdGB0LjQvtC90LDQu9GM0L3Ri9C5IiwicGhvbmVOdW1iZXIiOiIiLCJsb2dpbiI6InRlYWNoZXJfZnVsbEBpc21hcnQub3JnIiwiZW1haWwiOiJ0ZWFjaGVyX2Z1bGxAaXNtYXJ0Lm9yZyIsImNvbnRyYWN0VHlwZSI6InByaXZhdGUiLCJleHRlcm5hbFVzZXJTb3VyY2UiOm51bGwsImdvZE1vZGUiOnRydWUsImVkdWNvbnQiOnt9LCJfaWQiOiI2NWMzNDFiMmI5MmM3YTVmYmFmZWI2MDcifQ.g8I_2Btv7rGXWFT_jbBB9c0iAVhZshRxVIA8nbNqh0s","default","Mon Oct 05 00:23:49 UTC 2026","passed","Mon Oct 05 00:24:14 UTC 2026","Tests Eors","","",""
"","13285","Каталог заданий: Подготовка к контрольным работам ""Информатика"" — Класс 2","default","Mon Oct 05 02:30:56 UTC 2026","passed","Mon Oct 05 02:31:09 UTC 2026","AuTestCatalogTask","","",""
"","21341","Каталог заданий: Школьная программа ""Физика"" — Класс 4","default","Mon Oct 05 02:09:36 UTC 2026","passed","Mon Oct 05 02:09:57 UTC 2026","AuTestCatalogTask","","",""
"","44151","Каталог заданий: Школьная программа ""История"" — Класс 7","default","Mon Oct 05 02:04:02 UTC 2026","passed","Mon Oct 05 02:04:46 UTC 2026","AuTestCatalogTask","","",""
"","29145","Каталог заданий: РАС ""Математика. 8.1"" — Класс 4","default","Mon Oct 05 03:50:59 UTC 2026","passed","Mon Oct 05 03:51:28 UTC 2026","AuTestCatalogTask","","",""
"","29827","719. EORS: https://edu.ismart.org/catalog/5bd47f-okruzhayuschii-mir-noda/01-chelovek-i-obshchestvo-nasha-rodina--rossiya_GYJeSq?view=tasks&categoryCode=f7a77f-okruzhayuschii-2-kl&auth=eyJhbGciOiJIUzI1NiIsInR5cCI6IkpXVCJ9.eyJpZCI6IjY1YzM0MWIyYjkyYzdhNWZiYWZlYjYwNyIsImlzQWN0aXZlIjp0cnVlLCJpc0d1ZXN0IjpmYWxzZSwiaXNSZWdpc3RyYXRpb25Db21wbGV0ZSI6dHJ1ZSwiaXNDb25maXJtRW1haWwiOmZhbHNlLCJzdHVkZW50cyI6W10sInV0Y09mZnNldCI6MTgwLCJyb2xlIjoic2Nob29sLXRlYWNoZXIiLCJsYXN0TmFtZSI6IiIsImZpcnN0TmFtZSI6ItCf0YDQvtGE0LXRgdGB0LjQvtC90LDQu9GM0L3Ri9C5IiwicGhvbmVOdW1iZXIiOiIiLCJsb2dpbiI6InRlYWNoZXJfZnVsbEBpc21hcnQub3JnIiwiZW1haWwiOiJ0ZWFjaGVyX2Z1bGxAaXNtYXJ0Lm9yZyIsImNvbnRyYWN0VHlwZSI6InByaXZhdGUiLCJleHRlcm5hbFVzZXJTb3VyY2UiOm51bGwsImdvZE1vZGUiOnRydWUsImVkdWNvbnQiOnt9LCJfaWQiOiI2NWMzNDFiMmI5MmM3YTVmYmFmZWI2MDcifQ.g8I_2Btv7rGXWFT_jbBB9c0iAVhZshRxVIA8nbNqh0s","default","Mon Oct 05 01:59:21 UTC 2026","passed","Mon Oct 05 01:59:51 UTC 2026","Tests Eors","","",""
"","28570","40. EORS: https://edu.ismart.org/catalog/124c05-informatika/200-kontrolnaya-rabota--1?view=tasks&class=5f63090daee1af001b415303&auth=eyJhbGciOiJIUzI1NiIsInR5cCI6IkpXVCJ9.eyJpZCI6IjY1YzM0MWIyYjkyYzdhNWZiYWZlYjYwNyIsImlzQWN0aXZlIjp0cnVlLCJpc0d1ZXN0IjpmYWxzZSwiaXNSZWdpc3RyYXRpb25Db21wbGV0ZSI6dHJ1ZSwiaXNDb25maXJtRW1haWwiOmZhbHNlLCJzdHVkZW50cyI6W10sInV0Y09mZnNldCI6MTgwLCJyb2xlIjoic2Nob29sLXRlYWNoZXIiLCJsYXN0TmFtZSI6IiIsImZpcnN0TmFtZSI6ItCf0YDQvtGE0LXRgdGB0LjQvtC90LDQu9GM0L3Ri9C5IiwicGhvbmVOdW1iZXIiOiIiLCJsb2dpbiI6InRlYWNoZXJfZnVsbEBpc21hcnQub3JnIiwiZW1haWwiOiJ0ZWFjaGVyX2Z1bGxAaXNtYXJ0Lm9yZyIsImNvbnRyYWN0VHlwZSI6InByaXZhdGUiLCJleHRlcm5hbFVzZXJTb3VyY2UiOm51bGwsImdvZE1vZGUiOnRydWUsImVkdWNvbnQiOnt9LCJfaWQiOiI2NWMzNDFiMmI5MmM3YTVmYmFmZWI2MDcifQ.g8I_2Btv7rGXWFT_jbBB9c0iAVhZshRxVIA8nbNqh0s","default","Mon Oct 05 00:27:38 UTC 2026","passed","Mon Oct 05 00:28:07 UTC 2026","Tests Eors","","",""
"","53851","218. EORS: https://edu.ismart.org/catalog/4c36f3-razvitie-rechi-1-kl/200-razvitie-rechi?view=tasks&class=5a3cef308409440019b57b39&auth=eyJhbGciOiJIUzI1NiIsInR5cCI6IkpXVCJ9.eyJpZCI6IjY1YzM0MWIyYjkyYzdhNWZiYWZlYjYwNyIsImlzQWN0aXZlIjp0cnVlLCJpc0d1ZXN0IjpmYWxzZSwiaXNSZWdpc3RyYXRpb25Db21wbGV0ZSI6dHJ1ZSwiaXNDb25maXJtRW1haWwiOmZhbHNlLCJzdHVkZW50cyI6W10sInV0Y09mZnNldCI6MTgwLCJyb2xlIjoic2Nob29sLXRlYWNoZXIiLCJsYXN0TmFtZSI6IiIsImZpcnN0TmFtZSI6ItCf0YDQvtGE0LXRgdGB0LjQvtC90LDQu9GM0L3Ri9C5IiwicGhvbmVOdW1iZXIiOiIiLCJsb2dpbiI6InRlYWNoZXJfZnVsbEBpc21hcnQub3JnIiwiZW1haWwiOiJ0ZWFjaGVyX2Z1bGxAaXNtYXJ0Lm9yZyIsImNvbnRyYWN0VHlwZSI6InByaXZhdGUiLCJleHRlcm5hbFVzZXJTb3VyY2UiOm51bGwsImdvZE1vZGUiOnRydWUsImVkdWNvbnQiOnt9LCJfaWQiOiI2NWMzNDFiMmI5MmM3YTVmYmFmZWI2MDcifQ.g8I_2Btv7rGXWFT_jbBB9c0iAVhZshRxVIA8nbNqh0s","default","Mon Oct 05 00:50:32 UTC 2026","failed","Mon Oct 05 00:51:25 UTC 2026","Tests Eors","","",""
"","26232","512. EORS: https://edu.ismart.org/catalog/5bd47f-okruzhayuschii-mir-noda/01-chelovek-i-obshchestvo-nasha-rodina--rossiskaya-federaciya-_9fr7Yn?view=tasks&categoryCode=b344ee-okruzhayuschii-4-kl&auth=eyJhbGciOiJIUzI1NiIsInR5cCI6IkpXVCJ9.eyJpZCI6IjY1YzM0MWIyYjkyYzdhNWZiYWZlYjYwNyIsImlzQWN0aXZlIjp0cnVlLCJpc0d1ZXN0IjpmYWxzZSwiaXNSZWdpc3RyYXRpb25Db21wbGV0ZSI6dHJ1ZSwiaXNDb25maXJtRW1haWwiOmZhbHNlLCJzdHVkZW50cyI6W10sInV0Y09mZnNldCI6MTgwLCJyb2xlIjoic2Nob29sLXRlYWNoZXIiLCJsYXN0TmFtZSI6IiIsImZpcnN0TmFtZSI6ItCf0YDQvtGE0LXRgdGB0LjQvtC90LDQu9GM0L3Ri9C5IiwicGhvbmVOdW1iZXIiOiIiLCJsb2dpbiI6InRlYWNoZXJfZnVsbEBpc21hcnQub3JnIiwiZW1haWwiOiJ0ZWFjaGVyX2Z1bGxAaXNtYXJ0Lm9yZyIsImNvbnRyYWN0VHlwZSI6InByaXZhdGUiLCJleHRlcm5hbFVzZXJTb3VyY2UiOm51bGwsImdvZE1vZGUiOnRydWUsImVkdWNvbnQiOnt9LCJfaWQiOiI2NWMzNDFiMmI5MmM3YTVmYmFmZWI2MDcifQ.g8I_2Btv7rGXWFT_jbBB9c0iAVhZshRxVIA8nbNqh0s","default","Mon Oct 05 01:30:10 UTC 2026","passed","Mon Oct 05 01:30:37 UTC 2026","Tests Eors","","",""
"","23123","656. EORS: https://edu.ismart.org/catalog/0a2d94-literatura-6-1/1-drevnerusskaya-literatura-pouchenie-vladimira-monomaha_irtp6q_KbJHx2?view=tasks&categoryCode=e2df0c-7-kl&auth=eyJhbGciOiJIUzI1NiIsInR5cCI6IkpXVCJ9.eyJpZCI6IjY1YzM0MWIyYjkyYzdhNWZiYWZlYjYwNyIsImlzQWN0aXZlIjp0cnVlLCJpc0d1ZXN0IjpmYWxzZSwiaXNSZWdpc3RyYXRpb25Db21wbGV0ZSI6dHJ1ZSwiaXNDb25maXJtRW1haWwiOmZhbHNlLCJzdHVkZW50cyI6W10sInV0Y09mZnNldCI6MTgwLCJyb2xlIjoic2Nob29sLXRlYWNoZXIiLCJsYXN0TmFtZSI6IiIsImZpcnN0TmFtZSI6ItCf0YDQvtGE0LXRgdGB0LjQvtC90LDQu9GM0L3Ri9C5IiwicGhvbmVOdW1iZXIiOiIiLCJsb2dpbiI6InRlYWNoZXJfZnVsbEBpc21hcnQub3JnIiwiZW1haWwiOiJ0ZWFjaGVyX2Z1bGxAaXNtYXJ0Lm9yZyIsImNvbnRyYWN0VHlwZSI6InByaXZhdGUiLCJleHRlcm5hbFVzZXJTb3VyY2UiOm51bGwsImdvZE1vZGUiOnRydWUsImVkdWNvbnQiOnt9LCJfaWQiOiI2NWMzNDFiMmI5MmM3YTVmYmFmZWI2MDcifQ.g8I_2Btv7rGXWFT_jbBB9c0iAVhZshRxVIA8nbNqh0s","default","Mon Oct 05 01:51:37 UTC 2026","passed","Mon Oct 05 01:52:00 UTC 2026","Tests Eors","","",""
"","15409","Каталог заданий: Слепые ""Вероятность и статистика. 3.1"" — Класс 2","default","Mon Oct 05 03:02:41 UTC 2026","passed","Mon Oct 05 03:02:56 UTC 2026","AuTestCatalogTask","","",""
"","20442","Каталог заданий: Слабослышащие ""Русский язык. 2.1"" — Класс 10","default","Mon Oct 05 03:22:52 UTC 2026","passed","Mon Oct 05 03:23:13 UTC 2026","AuTestCatalogTask","","",""
"","22748","451. EORS: https://edu.ismart.org/catalog/9fee31-podgotovka-k-ege-po-himii/30-zadanie-ege--1?view=tasks&auth=eyJhbGciOiJIUzI1NiIsInR5cCI6IkpXVCJ9.eyJpZCI6IjY1YzM0MWIyYjkyYzdhNWZiYWZlYjYwNyIsImlzQWN0aXZlIjp0cnVlLCJpc0d1ZXN0IjpmYWxzZSwiaXNSZWdpc3RyYXRpb25Db21wbGV0ZSI6dHJ1ZSwiaXNDb25maXJtRW1haWwiOmZhbHNlLCJzdHVkZW50cyI6W10sInV0Y09mZnNldCI6MTgwLCJyb2xlIjoic2Nob29sLXRlYWNoZXIiLCJsYXN0TmFtZSI6IiIsImZpcnN0TmFtZSI6ItCf0YDQvtGE0LXRgdGB0LjQvtC90LDQu9GM0L3Ri9C5IiwicGhvbmVOdW1iZXIiOiIiLCJsb2dpbiI6InRlYWNoZXJfZnVsbEBpc21hcnQub3JnIiwiZW1haWwiOiJ0ZWFjaGVyX2Z1bGxAaXNtYXJ0Lm9yZyIsImNvbnRyYWN0VHlwZSI6InByaXZhdGUiLCJleHRlcm5hbFVzZXJTb3VyY2UiOm51bGwsImdvZE1vZGUiOnRydWUsImVkdWNvbnQiOnt9LCJfaWQiOiI2NWMzNDFiMmI5MmM3YTVmYmFmZWI2MDcifQ.g8I_2Btv7rGXWFT_jbBB9c0iAVhZshRxVIA8nbNqh0s&class=61890fee84e9f601793b0348","default","Mon Oct 05 01:21:08 UTC 2026","passed","Mon Oct 05 01:21:31 UTC 2026","Tests Eors","","",""
"","21786","413. EORS: https://edu.ismart.org/catalog/a24668-okruzhayuschii-mir-zpr/01-chelovek-i-obshchestvo-nasha-rodina--rossiskaya-federaciya_2Q7ebX?view=tasks&categoryCode=904596-okruzhayuschii-3-kl&auth=eyJhbGciOiJIUzI1NiIsInR5cCI6IkpXVCJ9.eyJpZCI6IjY1YzM0MWIyYjkyYzdhNWZiYWZlYjYwNyIsImlzQWN0aXZlIjp0cnVlLCJpc0d1ZXN0IjpmYWxzZSwiaXNSZWdpc3RyYXRpb25Db21wbGV0ZSI6dHJ1ZSwiaXNDb25maXJtRW1haWwiOmZhbHNlLCJzdHVkZW50cyI6W10sInV0Y09mZnNldCI6MTgwLCJyb2xlIjoic2Nob29sLXRlYWNoZXIiLCJsYXN0TmFtZSI6IiIsImZpcnN0TmFtZSI6ItCf0YDQvtGE0LXRgdGB0LjQvtC90LDQu9GM0L3Ri9C5IiwicGhvbmVOdW1iZXIiOiIiLCJsb2dpbiI6InRlYWNoZXJfZnVsbEBpc21hcnQub3JnIiwiZW1haWwiOiJ0ZWFjaGVyX2Z1bGxAaXNtYXJ0Lm9yZyIsImNvbnRyYWN0VHlwZSI6InByaXZhdGUiLCJleHRlcm5hbFVzZXJTb3VyY2UiOm51bGwsImdvZE1vZGUiOnRydWUsImVkdWNvbnQiOnt9LCJfaWQiOiI2NWMzNDFiMmI5MmM3YTVmYmFmZWI2MDcifQ.g8I_2Btv7rGXWFT_jbBB9c0iAVhZshRxVIA8nbNqh0s","default","Mon Oct 05 01:16:09 UTC 2026","passed","Mon Oct 05 01:16:31 UTC 2026","Tests Eors","","",""
"","17408","Каталог заданий: Подготовка к контрольным работам ""Русский язык"" — Класс 9","default","Mon Oct 05 02:26:00 UTC 2026","passed","Mon Oct 05 02:26:17 UTC 2026","AuTestCatalogTask","","",""
"","37574","Каталог заданий: Школьная программа ""Математика"" — Класс 1","default","Mon Oct 05 02:02:14 UTC 2026","passed","Mon Oct 05 02:02:52 UTC 2026","AuTestCatalogTask","","",""
"","34188","Каталог заданий: ТНР ""Литература. 5.1"" — Класс 4","default","Mon Oct 05 02:49:28 UTC 2026","passed","Mon Oct 05 02:50:02 UTC 2026","AuTestCatalogTask","","",""
"","33383","Каталог заданий: РАС ""Русский язык. 8.1"" — Класс 6","default","Mon Oct 05 03:50:16 UTC 2026","passed","Mon Oct 05 03:50:49 UTC 2026","AuTestCatalogTask","","",""
"","16216","Каталог заданий: НОДА ""Геометрия. 6.1"" — Класс 2","default","Mon Oct 05 03:42:06 UTC 2026","passed","Mon Oct 05 03:42:22 UTC 2026","AuTestCatalogTask","","",""
"","16137","Каталог заданий: НОДА ""Вероятность и статистика. 6.1"" — Класс 2","default","Mon Oct 05 03:48:54 UTC 2026","passed","Mon Oct 05 03:49:10 UTC 2026","AuTestCatalogTask","","",""
"","25282","353. EORS: https://edu.ismart.org/catalog/beceb9-okruzhayuschii-mir-slabovidyaschie-uchaschiesya/01-chelovek-i-obshchestvo-nasha-rodina--rossiskaya-federaciya-_5r349m?view=tasks&categoryCode=7937b4-okruzhayuschii-4-kl&auth=eyJhbGciOiJIUzI1NiIsInR5cCI6IkpXVCJ9.eyJpZCI6IjY1YzM0MWIyYjkyYzdhNWZiYWZlYjYwNyIsImlzQWN0aXZlIjp0cnVlLCJpc0d1ZXN0IjpmYWxzZSwiaXNSZWdpc3RyYXRpb25Db21wbGV0ZSI6dHJ1ZSwiaXNDb25maXJtRW1haWwiOmZhbHNlLCJzdHVkZW50cyI6W10sInV0Y09mZnNldCI6MTgwLCJyb2xlIjoic2Nob29sLXRlYWNoZXIiLCJsYXN0TmFtZSI6IiIsImZpcnN0TmFtZSI6ItCf0YDQvtGE0LXRgdGB0LjQvtC90LDQu9GM0L3Ri9C5IiwicGhvbmVOdW1iZXIiOiIiLCJsb2dpbiI6InRlYWNoZXJfZnVsbEBpc21hcnQub3JnIiwiZW1haWwiOiJ0ZWFjaGVyX2Z1bGxAaXNtYXJ0Lm9yZyIsImNvbnRyYWN0VHlwZSI6InByaXZhdGUiLCJleHRlcm5hbFVzZXJTb3VyY2UiOm51bGwsImdvZE1vZGUiOnRydWUsImVkdWNvbnQiOnt9LCJfaWQiOiI2NWMzNDFiMmI5MmM3YTVmYmFmZWI2MDcifQ.g8I_2Btv7rGXWFT_jbBB9c0iAVhZshRxVIA8nbNqh0s","default","Mon Oct 05 01:09:06 UTC 2026","passed","Mon Oct 05 01:09:31 UTC 2026","Tests Eors","","",""
"","21782","266. EORS: https://edu.ismart.org/catalog/df7ab7-russkii-yazik-ras/fonetika-grafika-orfoepiya_pMwLHA?view=tasks&categoryCode=58aa55-russkii-yazik-6-kl&auth=eyJhbGciOiJIUzI1NiIsInR5cCI6IkpXVCJ9.eyJpZCI6IjY1YzM0MWIyYjkyYzdhNWZiYWZlYjYwNyIsImlzQWN0aXZlIjp0cnVlLCJpc0d1ZXN0IjpmYWxzZSwiaXNSZWdpc3RyYXRpb25Db21wbGV0ZSI6dHJ1ZSwiaXNDb25maXJtRW1haWwiOmZhbHNlLCJzdHVkZW50cyI6W10sInV0Y09mZnNldCI6MTgwLCJyb2xlIjoic2Nob29sLXRlYWNoZXIiLCJsYXN0TmFtZSI6IiIsImZpcnN0TmFtZSI6ItCf0YDQvtGE0LXRgdGB0LjQvtC90LDQu9GM0L3Ri9C5IiwicGhvbmVOdW1iZXIiOiIiLCJsb2dpbiI6InRlYWNoZXJfZnVsbEBpc21hcnQub3JnIiwiZW1haWwiOiJ0ZWFjaGVyX2Z1bGxAaXNtYXJ0Lm9yZyIsImNvbnRyYWN0VHlwZSI6InByaXZhdGUiLCJleHRlcm5hbFVzZXJTb3VyY2UiOm51bGwsImdvZE1vZGUiOnRydWUsImVkdWNvbnQiOnt9LCJfaWQiOiI2NWMzNDFiMmI5MmM3YTVmYmFmZWI2MDcifQ.g8I_2Btv7rGXWFT_jbBB9c0iAVhZshRxVIA8nbNqh0s","default","Mon Oct 05 00:57:22 UTC 2026","passed","Mon Oct 05 00:57:44 UTC 2026","Tests Eors","","",""
"","24020","Каталог заданий: Повторение пройденного материала ""Информатика"" — Класс 1","default","Mon Oct 05 02:39:42 UTC 2026","passed","Mon Oct 05 02:40:06 UTC 2026","AuTestCatalogTask","","",""
"","14633","Каталог заданий: Нарушение слуха ""Вероятность и статистика. 1.1"" — Класс 3","default","Mon Oct 05 03:21:32 UTC 2026","passed","Mon Oct 05 03:21:47 UTC 2026","AuTestCatalogTask","","",""
"","13608","Каталог заданий: Школьная программа ""Биология"" — Класс 2","default","Mon Oct 05 02:05:49 UTC 2026","passed","Mon Oct 05 02:06:03 UTC 2026","AuTestCatalogTask","","",""
"","60641","198. EORS: https://edu.ismart.org/catalog/05cee6-russkii-yazik-2-1/1-chto-mi-znaem-o-zvukah-i-bukvah_LyOuLi_jALQvZ?view=tasks&categoryCode=476dde-2-klass&auth=eyJhbGciOiJIUzI1NiIsInR5cCI6IkpXVCJ9.eyJpZCI6IjY1YzM0MWIyYjkyYzdhNWZiYWZlYjYwNyIsImlzQWN0aXZlIjp0cnVlLCJpc0d1ZXN0IjpmYWxzZSwiaXNSZWdpc3RyYXRpb25Db21wbGV0ZSI6dHJ1ZSwiaXNDb25maXJtRW1haWwiOmZhbHNlLCJzdHVkZW50cyI6W10sInV0Y09mZnNldCI6MTgwLCJyb2xlIjoic2Nob29sLXRlYWNoZXIiLCJsYXN0TmFtZSI6IiIsImZpcnN0TmFtZSI6ItCf0YDQvtGE0LXRgdGB0LjQvtC90LDQu9GM0L3Ri9C5IiwicGhvbmVOdW1iZXIiOiIiLCJsb2dpbiI6InRlYWNoZXJfZnVsbEBpc21hcnQub3JnIiwiZW1haWwiOiJ0ZWFjaGVyX2Z1bGxAaXNtYXJ0Lm9yZyIsImNvbnRyYWN0VHlwZSI6InByaXZhdGUiLCJleHRlcm5hbFVzZXJTb3VyY2UiOm51bGwsImdvZE1vZGUiOnRydWUsImVkdWNvbnQiOnt9LCJfaWQiOiI2NWMzNDFiMmI5MmM3YTVmYmFmZWI2MDcifQ.g8I_2Btv7rGXWFT_jbBB9c0iAVhZshRxVIA8nbNqh0s","default","Mon Oct 05 00:48:13 UTC 2026","failed","Mon Oct 05 00:49:14 UTC 2026","Tests Eors","","",""
"","20380","Каталог заданий: Нарушение слуха ""Русский язык. 1.1"" — Класс 10","default","Mon Oct 05 03:13:22 UTC 2026","passed","Mon Oct 05 03:13:42 UTC 2026","AuTestCatalogTask","","",""
"","59218","664. EORS: https://edu.ismart.org/catalog/e6a486-set-logika/1-logicheskie-zadachi-2-klass-chast-1?view=tasks&class=5a3cef178409440019b57b37&auth=eyJhbGciOiJIUzI1NiIsInR5cCI6IkpXVCJ9.eyJpZCI6IjY1YzM0MWIyYjkyYzdhNWZiYWZlYjYwNyIsImlzQWN0aXZlIjp0cnVlLCJpc0d1ZXN0IjpmYWxzZSwiaXNSZWdpc3RyYXRpb25Db21wbGV0ZSI6dHJ1ZSwiaXNDb25maXJtRW1haWwiOmZhbHNlLCJzdHVkZW50cyI6W10sInV0Y09mZnNldCI6MTgwLCJyb2xlIjoic2Nob29sLXRlYWNoZXIiLCJsYXN0TmFtZSI6IiIsImZpcnN0TmFtZSI6ItCf0YDQvtGE0LXRgdGB0LjQvtC90LDQu9GM0L3Ri9C5IiwicGhvbmVOdW1iZXIiOiIiLCJsb2dpbiI6InRlYWNoZXJfZnVsbEBpc21hcnQub3JnIiwiZW1haWwiOiJ0ZWFjaGVyX2Z1bGxAaXNtYXJ0Lm9yZyIsImNvbnRyYWN0VHlwZSI6InByaXZhdGUiLCJleHRlcm5hbFVzZXJTb3VyY2UiOm51bGwsImdvZE1vZGUiOnRydWUsImVkdWNvbnQiOnt9LCJfaWQiOiI2NWMzNDFiMmI5MmM3YTVmYmFmZWI2MDcifQ.g8I_2Btv7rGXWFT_jbBB9c0iAVhZshRxVIA8nbNqh0s","default","Mon Oct 05 01:52:40 UTC 2026","failed","Mon Oct 05 01:53:40 UTC 2026","Tests Eors","","",""
"","26405","Каталог заданий: Слабовидящие ""Английский язык. 4.1"" — Класс 8","default","Mon Oct 05 03:09:01 UTC 2026","passed","Mon Oct 05 03:09:27 UTC 2026","AuTestCatalogTask","","",""
"","23538","95. EORS: https://edu.ismart.org/catalog/f5f53c-matematika-ras/100-1-chisla-i-velichiny-chisla-v-predelah-1000_nyqdHn?view=tasks&categoryCode=21823f-matematika-3-kl&auth=eyJhbGciOiJIUzI1NiIsInR5cCI6IkpXVCJ9.eyJpZCI6IjY1YzM0MWIyYjkyYzdhNWZiYWZlYjYwNyIsImlzQWN0aXZlIjp0cnVlLCJpc0d1ZXN0IjpmYWxzZSwiaXNSZWdpc3RyYXRpb25Db21wbGV0ZSI6dHJ1ZSwiaXNDb25maXJtRW1haWwiOmZhbHNlLCJzdHVkZW50cyI6W10sInV0Y09mZnNldCI6MTgwLCJyb2xlIjoic2Nob29sLXRlYWNoZXIiLCJsYXN0TmFtZSI6IiIsImZpcnN0TmFtZSI6ItCf0YDQvtGE0LXRgdGB0LjQvtC90LDQu9GM0L3Ri9C5IiwicGhvbmVOdW1iZXIiOiIiLCJsb2dpbiI6InRlYWNoZXJfZnVsbEBpc21hcnQub3JnIiwiZW1haWwiOiJ0ZWFjaGVyX2Z1bGxAaXNtYXJ0Lm9yZyIsImNvbnRyYWN0VHlwZSI6InByaXZhdGUiLCJleHRlcm5hbFVzZXJTb3VyY2UiOm51bGwsImdvZE1vZGUiOnRydWUsImVkdWNvbnQiOnt9LCJfaWQiOiI2NWMzNDFiMmI5MmM3YTVmYmFmZWI2MDcifQ.g8I_2Btv7rGXWFT_jbBB9c0iAVhZshRxVIA8nbNqh0s","default","Mon Oct 05 00:35:16 UTC 2026","passed","Mon Oct 05 00:35:39 UTC 2026","Tests Eors","","",""
"","13933","Каталог заданий: РАС ""Обществознание. 8.1"" — Класс 6","default","Mon Oct 05 03:55:17 UTC 2026","passed","Mon Oct 05 03:55:31 UTC 2026","AuTestCatalogTask","","",""
"","16311","Каталог заданий: Подготовка к ВПР ""Английский язык"" — Класс 4","default","Mon Oct 05 02:22:53 UTC 2026","passed","Mon Oct 05 02:23:09 UTC 2026","AuTestCatalogTask","","",""
"","27231","93. EORS: https://edu.ismart.org/catalog/3b2eed-istoriya-2-1/1-teoriya_3PRKfz_ysoMtt?view=tasks&categoryCode=1f8b3e-5-kl&auth=eyJhbGciOiJIUzI1NiIsInR5cCI6IkpXVCJ9.eyJpZCI6IjY1YzM0MWIyYjkyYzdhNWZiYWZlYjYwNyIsImlzQWN0aXZlIjp0cnVlLCJpc0d1ZXN0IjpmYWxzZSwiaXNSZWdpc3RyYXRpb25Db21wbGV0ZSI6dHJ1ZSwiaXNDb25maXJtRW1haWwiOmZhbHNlLCJzdHVkZW50cyI6W10sInV0Y09mZnNldCI6MTgwLCJyb2xlIjoic2Nob29sLXRlYWNoZXIiLCJsYXN0TmFtZSI6IiIsImZpcnN0TmFtZSI6ItCf0YDQvtGE0LXRgdGB0LjQvtC90LDQu9GM0L3Ri9C5IiwicGhvbmVOdW1iZXIiOiIiLCJsb2dpbiI6InRlYWNoZXJfZnVsbEBpc21hcnQub3JnIiwiZW1haWwiOiJ0ZWFjaGVyX2Z1bGxAaXNtYXJ0Lm9yZyIsImNvbnRyYWN0VHlwZSI6InByaXZhdGUiLCJleHRlcm5hbFVzZXJTb3VyY2UiOm51bGwsImdvZE1vZGUiOnRydWUsImVkdWNvbnQiOnt9LCJfaWQiOiI2NWMzNDFiMmI5MmM3YTVmYmFmZWI2MDcifQ.g8I_2Btv7rGXWFT_jbBB9c0iAVhZshRxVIA8nbNqh0s","default","Mon Oct 05 00:34:50 UTC 2026","passed","Mon Oct 05 00:35:17 UTC 2026","Tests Eors","","",""
"","14606","Каталог заданий: Слабовидящие ""Английский язык. 4.1"" — Класс 2","default","Mon Oct 05 03:08:20 UTC 2026","passed","Mon Oct 05 03:08:34 UTC 2026","AuTestCatalogTask","","",""
"","19771","Каталог заданий: ЗПР ""Русский язык. 7.1"" — Класс 2","default","Mon Oct 05 03:30:23 UTC 2026","passed","Mon Oct 05 03:30:43 UTC 2026","AuTestCatalogTask","","",""
"","28064","Каталог заданий: ТНР ""Русский язык. 5.1"" — Класс 4","default","Mon Oct 05 02:45:11 UTC 2026","passed","Mon Oct 05 02:45:39 UTC 2026","AuTestCatalogTask","","",""
"","44877","441. EORS: https://edu.ismart.org/catalog/df7ab7-russkii-yazik-ras/yazyk-i-rech_TWRSAT?view=tasks&categoryCode=98eb81-russkii-yazik-5-kl&auth=eyJhbGciOiJIUzI1NiIsInR5cCI6IkpXVCJ9.eyJpZCI6IjY1YzM0MWIyYjkyYzdhNWZiYWZlYjYwNyIsImlzQWN0aXZlIjp0cnVlLCJpc0d1ZXN0IjpmYWxzZSwiaXNSZWdpc3RyYXRpb25Db21wbGV0ZSI6dHJ1ZSwiaXNDb25maXJtRW1haWwiOmZhbHNlLCJzdHVkZW50cyI6W10sInV0Y09mZnNldCI6MTgwLCJyb2xlIjoic2Nob29sLXRlYWNoZXIiLCJsYXN0TmFtZSI6IiIsImZpcnN0TmFtZSI6ItCf0YDQvtGE0LXRgdGB0LjQvtC90LDQu9GM0L3Ri9C5IiwicGhvbmVOdW1iZXIiOiIiLCJsb2dpbiI6InRlYWNoZXJfZnVsbEBpc21hcnQub3JnIiwiZW1haWwiOiJ0ZWFjaGVyX2Z1bGxAaXNtYXJ0Lm9yZyIsImNvbnRyYWN0VHlwZSI6InByaXZhdGUiLCJleHRlcm5hbFVzZXJTb3VyY2UiOm51bGwsImdvZE1vZGUiOnRydWUsImVkdWNvbnQiOnt9LCJfaWQiOiI2NWMzNDFiMmI5MmM3YTVmYmFmZWI2MDcifQ.g8I_2Btv7rGXWFT_jbBB9c0iAVhZshRxVIA8nbNqh0s","default","Mon Oct 05 01:19:43 UTC 2026","passed","Mon Oct 05 01:20:28 UTC 2026","Tests Eors","","",""
"","17975","Каталог заданий: ЗПР ""Русский язык. 7.1"" — Класс 9","default","Mon Oct 05 03:30:56 UTC 2026","passed","Mon Oct 05 03:31:14 UTC 2026","AuTestCatalogTask","","",""
"","27154","419. EORS: https://edu.ismart.org/catalog/14a93a-istoriya-8-1/1-novoe-vremya_65A0d3_wj23p0?view=tasks&categoryCode=92ca91-7-kl&auth=eyJhbGciOiJIUzI1NiIsInR5cCI6IkpXVCJ9.eyJpZCI6IjY1YzM0MWIyYjkyYzdhNWZiYWZlYjYwNyIsImlzQWN0aXZlIjp0cnVlLCJpc0d1ZXN0IjpmYWxzZSwiaXNSZWdpc3RyYXRpb25Db21wbGV0ZSI6dHJ1ZSwiaXNDb25maXJtRW1haWwiOmZhbHNlLCJzdHVkZW50cyI6W10sInV0Y09mZnNldCI6MTgwLCJyb2xlIjoic2Nob29sLXRlYWNoZXIiLCJsYXN0TmFtZSI6IiIsImZpcnN0TmFtZSI6ItCf0YDQvtGE0LXRgdGB0LjQvtC90LDQu9GM0L3Ri9C5IiwicGhvbmVOdW1iZXIiOiIiLCJsb2dpbiI6InRlYWNoZXJfZnVsbEBpc21hcnQub3JnIiwiZW1haWwiOiJ0ZWFjaGVyX2Z1bGxAaXNtYXJ0Lm9yZyIsImNvbnRyYWN0VHlwZSI6InByaXZhdGUiLCJleHRlcm5hbFVzZXJTb3VyY2UiOm51bGwsImdvZE1vZGUiOnRydWUsImVkdWNvbnQiOnt9LCJfaWQiOiI2NWMzNDFiMmI5MmM3YTVmYmFmZWI2MDcifQ.g8I_2Btv7rGXWFT_jbBB9c0iAVhZshRxVIA8nbNqh0s","default","Mon Oct 05 01:16:51 UTC 2026","passed","Mon Oct 05 01:17:18 UTC 2026","Tests Eors","","",""
"","13996","Каталог заданий: Подготовка к контрольным работам ""Информатика"" — Класс 3","default","Mon Oct 05 02:30:56 UTC 2026","passed","Mon Oct 05 02:31:10 UTC 2026","AuTestCatalogTask","","",""
"","13755","Каталог заданий: Нарушение слуха ""Обществознание. 1.1"" — Класс 1","default","Mon Oct 05 03:17:45 UTC 2026","passed","Mon Oct 05 03:17:59 UTC 2026","AuTestCatalogTask","","",""
"","27735","Каталог заданий: ТНР ""Английский язык. 5.1"" — Класс 4","default","Mon Oct 05 02:53:19 UTC 2026","passed","Mon Oct 05 02:53:47 UTC 2026","AuTestCatalogTask","","",""
"","29243","545. EORS: https://edu.ismart.org/catalog/208f8d-russkii-yazik-zpr/1-chto-mi-znaem-o-zvukah-i-bukvah_9Kp1tb?view=tasks&categoryCode=c083f8-russkii-yazik-4-kl&auth=eyJhbGciOiJIUzI1NiIsInR5cCI6IkpXVCJ9.eyJpZCI6IjY1YzM0MWIyYjkyYzdhNWZiYWZlYjYwNyIsImlzQWN0aXZlIjp0cnVlLCJpc0d1ZXN0IjpmYWxzZSwiaXNSZWdpc3RyYXRpb25Db21wbGV0ZSI6dHJ1ZSwiaXNDb25maXJtRW1haWwiOmZhbHNlLCJzdHVkZW50cyI6W10sInV0Y09mZnNldCI6MTgwLCJyb2xlIjoic2Nob29sLXRlYWNoZXIiLCJsYXN0TmFtZSI6IiIsImZpcnN0TmFtZSI6ItCf0YDQvtGE0LXRgdGB0LjQvtC90LDQu9GM0L3Ri9C5IiwicGhvbmVOdW1iZXIiOiIiLCJsb2dpbiI6InRlYWNoZXJfZnVsbEBpc21hcnQub3JnIiwiZW1haWwiOiJ0ZWFjaGVyX2Z1bGxAaXNtYXJ0Lm9yZyIsImNvbnRyYWN0VHlwZSI6InByaXZhdGUiLCJleHRlcm5hbFVzZXJTb3VyY2UiOm51bGwsImdvZE1vZGUiOnRydWUsImVkdWNvbnQiOnt9LCJfaWQiOiI2NWMzNDFiMmI5MmM3YTVmYmFmZWI2MDcifQ.g8I_2Btv7rGXWFT_jbBB9c0iAVhZshRxVIA8nbNqh0s","default","Mon Oct 05 01:34:24 UTC 2026","passed","Mon Oct 05 01:34:54 UTC 2026","Tests Eors","","",""
"","32606","Каталог заданий: Нарушение слуха ""Литература. 1.1"" — Класс 3","default","Mon Oct 05 03:15:51 UTC 2026","passed","Mon Oct 05 03:16:24 UTC 2026","AuTestCatalogTask","","",""
"","24690","11. EORS: https://edu.ismart.org/catalog/04e661-angliiskii-yazik/100-vhodnoe-testirovanie?view=tasks&class=5a3cef308409440019b57b39&auth=eyJhbGciOiJIUzI1NiIsInR5cCI6IkpXVCJ9.eyJpZCI6IjY1YzM0MWIyYjkyYzdhNWZiYWZlYjYwNyIsImlzQWN0aXZlIjp0cnVlLCJpc0d1ZXN0IjpmYWxzZSwiaXNSZWdpc3RyYXRpb25Db21wbGV0ZSI6dHJ1ZSwiaXNDb25maXJtRW1haWwiOmZhbHNlLCJzdHVkZW50cyI6W10sInV0Y09mZnNldCI6MTgwLCJyb2xlIjoic2Nob29sLXRlYWNoZXIiLCJsYXN0TmFtZSI6IiIsImZpcnN0TmFtZSI6ItCf0YDQvtGE0LXRgdGB0LjQvtC90LDQu9GM0L3Ri9C5IiwicGhvbmVOdW1iZXIiOiIiLCJsb2dpbiI6InRlYWNoZXJfZnVsbEBpc21hcnQub3JnIiwiZW1haWwiOiJ0ZWFjaGVyX2Z1bGxAaXNtYXJ0Lm9yZyIsImNvbnRyYWN0VHlwZSI6InByaXZhdGUiLCJleHRlcm5hbFVzZXJTb3VyY2UiOm51bGwsImdvZE1vZGUiOnRydWUsImVkdWNvbnQiOnt9LCJfaWQiOiI2NWMzNDFiMmI5MmM3YTVmYmFmZWI2MDcifQ.g8I_2Btv7rGXWFT_jbBB9c0iAVhZshRxVIA8nbNqh0s","default","Mon Oct 05 00:23:23 UTC 2026","passed","Mon Oct 05 00:23:48 UTC 2026","Tests Eors","","",""
"","17323","Каталог заданий: Слабовидящие ""Геометрия. 4.1"" — Класс 4","default","Mon Oct 05 03:05:34 UTC 2026","passed","Mon Oct 05 03:05:52 UTC 2026","AuTestCatalogTask","","",""
"","19386","Каталог заданий: Специальные курсы ""Физика. Базовый уровень"" — Класс 3","default","Mon Oct 05 02:41:57 UTC 2026","passed","Mon Oct 05 02:42:17 UTC 2026","AuTestCatalogTask","","",""
"","11025","Каталог заданий: Русский язык пакеты ""Нормы языка (10-11 кл.)"" — Класс 1","default","Mon Oct 05 02:43:41 UTC 2026","passed","Mon Oct 05 02:43:52 UTC 2026","AuTestCatalogTask","","",""
"","55860","424. EORS: https://edu.ismart.org/catalog/3478fa-russkii-yazik-slepie-uchaschiesya/1-chto-mi-znaem-o-zvukah-i-bukvah_3SJ0qV?view=tasks&categoryCode=93f2b2-russkii-yazik-2-kl&auth=eyJhbGciOiJIUzI1NiIsInR5cCI6IkpXVCJ9.eyJpZCI6IjY1YzM0MWIyYjkyYzdhNWZiYWZlYjYwNyIsImlzQWN0aXZlIjp0cnVlLCJpc0d1ZXN0IjpmYWxzZSwiaXNSZWdpc3RyYXRpb25Db21wbGV0ZSI6dHJ1ZSwiaXNDb25maXJtRW1haWwiOmZhbHNlLCJzdHVkZW50cyI6W10sInV0Y09mZnNldCI6MTgwLCJyb2xlIjoic2Nob29sLXRlYWNoZXIiLCJsYXN0TmFtZSI6IiIsImZpcnN0TmFtZSI6ItCf0YDQvtGE0LXRgdGB0LjQvtC90LDQu9GM0L3Ri9C5IiwicGhvbmVOdW1iZXIiOiIiLCJsb2dpbiI6InRlYWNoZXJfZnVsbEBpc21hcnQub3JnIiwiZW1haWwiOiJ0ZWFjaGVyX2Z1bGxAaXNtYXJ0Lm9yZyIsImNvbnRyYWN0VHlwZSI6InByaXZhdGUiLCJleHRlcm5hbFVzZXJTb3VyY2UiOm51bGwsImdvZE1vZGUiOnRydWUsImVkdWNvbnQiOnt9LCJfaWQiOiI2NWMzNDFiMmI5MmM3YTVmYmFmZWI2MDcifQ.g8I_2Btv7rGXWFT_jbBB9c0iAVhZshRxVIA8nbNqh0s","default","Mon Oct 05 01:17:23 UTC 2026","failed","Mon Oct 05 01:18:19 UTC 2026","Tests Eors","","",""
"","31312","Каталог заданий: Дополнительное образование ""Химия"" — Класс 3","default","Mon Oct 05 02:15:37 UTC 2026","passed","Mon Oct 05 02:16:09 UTC 2026","AuTestCatalogTask","","",""
"","12291","Каталог заданий: РАС ""Обществознание. 8.1"" — Класс 3","default","Mon Oct 05 03:55:09 UTC 2026","passed","Mon Oct 05 03:55:21 UTC 2026","AuTestCatalogTask","","",""
"","19462","Каталог заданий: Слабослышащие ""Физика. 2.1"" — Класс 5","default","Mon Oct 05 03:26:27 UTC 2026","passed","Mon Oct 05 03:26:46 UTC 2026","AuTestCatalogTask","","",""
"","14777","Каталог заданий: Слабослышащие ""Геометрия. 2.1"" — Класс 5","default","Mon Oct 05 03:23:28 UTC 2026","passed","Mon Oct 05 03:23:43 UTC 2026","AuTestCatalogTask","","",""
"","33771","Каталог заданий: Слабослышащие ""Литература. 2.1"" — Класс 4","default","Mon Oct 05 03:25:38 UTC 2026","passed","Mon Oct 05 03:26:12 UTC 2026","AuTestCatalogTask","","",""
"","59089","544. EORS: https://edu.ismart.org/catalog/df7ab7-russkii-yazik-ras/1-chto-mi-znaem-o-zvukah-i-bukvah_pYKeMp?view=tasks&categoryCode=c04b81-russkii-yazik-3-kl&auth=eyJhbGciOiJIUzI1NiIsInR5cCI6IkpXVCJ9.eyJpZCI6IjY1YzM0MWIyYjkyYzdhNWZiYWZlYjYwNyIsImlzQWN0aXZlIjp0cnVlLCJpc0d1ZXN0IjpmYWxzZSwiaXNSZWdpc3RyYXRpb25Db21wbGV0ZSI6dHJ1ZSwiaXNDb25maXJtRW1haWwiOmZhbHNlLCJzdHVkZW50cyI6W10sInV0Y09mZnNldCI6MTgwLCJyb2xlIjoic2Nob29sLXRlYWNoZXIiLCJsYXN0TmFtZSI6IiIsImZpcnN0TmFtZSI6ItCf0YDQvtGE0LXRgdGB0LjQvtC90LDQu9GM0L3Ri9C5IiwicGhvbmVOdW1iZXIiOiIiLCJsb2dpbiI6InRlYWNoZXJfZnVsbEBpc21hcnQub3JnIiwiZW1haWwiOiJ0ZWFjaGVyX2Z1bGxAaXNtYXJ0Lm9yZyIsImNvbnRyYWN0VHlwZSI6InByaXZhdGUiLCJleHRlcm5hbFVzZXJTb3VyY2UiOm51bGwsImdvZE1vZGUiOnRydWUsImVkdWNvbnQiOnt9LCJfaWQiOiI2NWMzNDFiMmI5MmM3YTVmYmFmZWI2MDcifQ.g8I_2Btv7rGXWFT_jbBB9c0iAVhZshRxVIA8nbNqh0s","default","Mon Oct 05 01:34:21 UTC 2026","failed","Mon Oct 05 01:35:20 UTC 2026","Tests Eors","","",""
"","21211","67. EORS: https://edu.ismart.org/catalog/196815-russkii-yazik-1-klass/133-1-nedelya-rech-tekst-i-normy-yazyka?view=tasks&class=5f63090daee1af001b415303&auth=eyJhbGciOiJIUzI1NiIsInR5cCI6IkpXVCJ9.eyJpZCI6IjY1YzM0MWIyYjkyYzdhNWZiYWZlYjYwNyIsImlzQWN0aXZlIjp0cnVlLCJpc0d1ZXN0IjpmYWxzZSwiaXNSZWdpc3RyYXRpb25Db21wbGV0ZSI6dHJ1ZSwiaXNDb25maXJtRW1haWwiOmZhbHNlLCJzdHVkZW50cyI6W10sInV0Y09mZnNldCI6MTgwLCJyb2xlIjoic2Nob29sLXRlYWNoZXIiLCJsYXN0TmFtZSI6IiIsImZpcnN0TmFtZSI6ItCf0YDQvtGE0LXRgdGB0LjQvtC90LDQu9GM0L3Ri9C5IiwicGhvbmVOdW1iZXIiOiIiLCJsb2dpbiI6InRlYWNoZXJfZnVsbEBpc21hcnQub3JnIiwiZW1haWwiOiJ0ZWFjaGVyX2Z1bGxAaXNtYXJ0Lm9yZyIsImNvbnRyYWN0VHlwZSI6InByaXZhdGUiLCJleHRlcm5hbFVzZXJTb3VyY2UiOm51bGwsImdvZE1vZGUiOnRydWUsImVkdWNvbnQiOnt9LCJfaWQiOiI2NWMzNDFiMmI5MmM3YTVmYmFmZWI2MDcifQ.g8I_2Btv7rGXWFT_jbBB9c0iAVhZshRxVIA8nbNqh0s","default","Mon Oct 05 00:31:19 UTC 2026","passed","Mon Oct 05 00:31:40 UTC 2026","Tests Eors","","",""
"","24610","Каталог заданий: Повторение пройденного материала ""Русский язык"" — Класс 9","default","Mon Oct 05 02:32:43 UTC 2026","passed","Mon Oct 05 02:33:08 UTC 2026","AuTestCatalogTask","","",""
"","28933","612. EORS: https://edu.ismart.org/catalog/b943c7-fizika-8-1/1-mehanika_xOqlNV_OMhRhp?view=tasks&categoryCode=cfb476-9-kl&auth=eyJhbGciOiJIUzI1NiIsInR5cCI6IkpXVCJ9.eyJpZCI6IjY1YzM0MWIyYjkyYzdhNWZiYWZlYjYwNyIsImlzQWN0aXZlIjp0cnVlLCJpc0d1ZXN0IjpmYWxzZSwiaXNSZWdpc3RyYXRpb25Db21wbGV0ZSI6dHJ1ZSwiaXNDb25maXJtRW1haWwiOmZhbHNlLCJzdHVkZW50cyI6W10sInV0Y09mZnNldCI6MTgwLCJyb2xlIjoic2Nob29sLXRlYWNoZXIiLCJsYXN0TmFtZSI6IiIsImZpcnN0TmFtZSI6ItCf0YDQvtGE0LXRgdGB0LjQvtC90LDQu9GM0L3Ri9C5IiwicGhvbmVOdW1iZXIiOiIiLCJsb2dpbiI6InRlYWNoZXJfZnVsbEBpc21hcnQub3JnIiwiZW1haWwiOiJ0ZWFjaGVyX2Z1bGxAaXNtYXJ0Lm9yZyIsImNvbnRyYWN0VHlwZSI6InByaXZhdGUiLCJleHRlcm5hbFVzZXJTb3VyY2UiOm51bGwsImdvZE1vZGUiOnRydWUsImVkdWNvbnQiOnt9LCJfaWQiOiI2NWMzNDFiMmI5MmM3YTVmYmFmZWI2MDcifQ.g8I_2Btv7rGXWFT_jbBB9c0iAVhZshRxVIA8nbNqh0s","default","Mon Oct 05 01:45:15 UTC 2026","passed","Mon Oct 05 01:45:44 UTC 2026","Tests Eors","","",""
"","15442","Каталог заданий: РАС ""Информатика. 8.1"" — Класс 2","default","Mon Oct 05 03:58:58 UTC 2026","passed","Mon Oct 05 03:59:14 UTC 2026","AuTestCatalogTask","","",""
"","67024","434. EORS: https://edu.ismart.org/catalog/05cee6-russkii-yazik-2-1/1-obshchie-svedeniya-o-yazyke_nWTghv_vFVc3S?view=tasks&categoryCode=963cc1-11-klass&auth=eyJhbGciOiJIUzI1NiIsInR5cCI6IkpXVCJ9.eyJpZCI6IjY1YzM0MWIyYjkyYzdhNWZiYWZlYjYwNyIsImlzQWN0aXZlIjp0cnVlLCJpc0d1ZXN0IjpmYWxzZSwiaXNSZWdpc3RyYXRpb25Db21wbGV0ZSI6dHJ1ZSwiaXNDb25maXJtRW1haWwiOmZhbHNlLCJzdHVkZW50cyI6W10sInV0Y09mZnNldCI6MTgwLCJyb2xlIjoic2Nob29sLXRlYWNoZXIiLCJsYXN0TmFtZSI6IiIsImZpcnN0TmFtZSI6ItCf0YDQvtGE0LXRgdGB0LjQvtC90LDQu9GM0L3Ri9C5IiwicGhvbmVOdW1iZXIiOiIiLCJsb2dpbiI6InRlYWNoZXJfZnVsbEBpc21hcnQub3JnIiwiZW1haWwiOiJ0ZWFjaGVyX2Z1bGxAaXNtYXJ0Lm9yZyIsImNvbnRyYWN0VHlwZSI6InByaXZhdGUiLCJleHRlcm5hbFVzZXJTb3VyY2UiOm51bGwsImdvZE1vZGUiOnRydWUsImVkdWNvbnQiOnt9LCJfaWQiOiI2NWMzNDFiMmI5MmM3YTVmYmFmZWI2MDcifQ.g8I_2Btv7rGXWFT_jbBB9c0iAVhZshRxVIA8nbNqh0s","default","Mon Oct 05 01:18:50 UTC 2026","failed","Mon Oct 05 01:19:57 UTC 2026","Tests Eors","","",""
"","32690","467. EORS: https://edu.ismart.org/catalog/c0b22a-russkii-yazik-narushenie-sluha/1-obshchie-svedeniya-o-yazyke_OwD3C8?view=tasks&categoryCode=a557bf-russkii-yazik-10-kl&auth=eyJhbGciOiJIUzI1NiIsInR5cCI6IkpXVCJ9.eyJpZCI6IjY1YzM0MWIyYjkyYzdhNWZiYWZlYjYwNyIsImlzQWN0aXZlIjp0cnVlLCJpc0d1ZXN0IjpmYWxzZSwiaXNSZWdpc3RyYXRpb25Db21wbGV0ZSI6dHJ1ZSwiaXNDb25maXJtRW1haWwiOmZhbHNlLCJzdHVkZW50cyI6W10sInV0Y09mZnNldCI6MTgwLCJyb2xlIjoic2Nob29sLXRlYWNoZXIiLCJsYXN0TmFtZSI6IiIsImZpcnN0TmFtZSI6ItCf0YDQvtGE0LXRgdGB0LjQvtC90LDQu9GM0L3Ri9C5IiwicGhvbmVOdW1iZXIiOiIiLCJsb2dpbiI6InRlYWNoZXJfZnVsbEBpc21hcnQub3JnIiwiZW1haWwiOiJ0ZWFjaGVyX2Z1bGxAaXNtYXJ0Lm9yZyIsImNvbnRyYWN0VHlwZSI6InByaXZhdGUiLCJleHRlcm5hbFVzZXJTb3VyY2UiOm51bGwsImdvZE1vZGUiOnRydWUsImVkdWNvbnQiOnt9LCJfaWQiOiI2NWMzNDFiMmI5MmM3YTVmYmFmZWI2MDcifQ.g8I_2Btv7rGXWFT_jbBB9c0iAVhZshRxVIA8nbNqh0s","default","Mon Oct 05 01:23:20 UTC 2026","passed","Mon Oct 05 01:23:53 UTC 2026","Tests Eors","","",""
"","17659","Каталог заданий: Слепые ""Алгебра. 3.1"" — Класс 2","default","Mon Oct 05 02:55:41 UTC 2026","passed","Mon Oct 05 02:55:59 UTC 2026","AuTestCatalogTask","","",""
"","22133","Каталог заданий: Подготовка к ВПР ""Физика"" — Класс 2","default","Mon Oct 05 02:24:26 UTC 2026","passed","Mon Oct 05 02:24:48 UTC 2026","AuTestCatalogTask","","",""
"","21655","Каталог заданий: Подготовка к контрольным работам ""Английский язык"" — Класс 3","default","Mon Oct 05 02:26:17 UTC 2026","passed","Mon Oct 05 02:26:39 UTC 2026","AuTestCatalogTask","","",""
"","21164","Каталог заданий: Слабовидящие ""Алгебра и начала мат. анализа. 4.1"" — Класс 1","default","Mon Oct 05 03:05:10 UTC 2026","passed","Mon Oct 05 03:05:32 UTC 2026","AuTestCatalogTask","","",""
"","28715","307. EORS: https://edu.ismart.org/catalog/208f8d-russkii-yazik-zpr/1-obshchie-svedeniya-o-yazyke_hLu9jv?view=tasks&categoryCode=67d83e-russkii-yazik-11-kl&auth=eyJhbGciOiJIUzI1NiIsInR5cCI6IkpXVCJ9.eyJpZCI6IjY1YzM0MWIyYjkyYzdhNWZiYWZlYjYwNyIsImlzQWN0aXZlIjp0cnVlLCJpc0d1ZXN0IjpmYWxzZSwiaXNSZWdpc3RyYXRpb25Db21wbGV0ZSI6dHJ1ZSwiaXNDb25maXJtRW1haWwiOmZhbHNlLCJzdHVkZW50cyI6W10sInV0Y09mZnNldCI6MTgwLCJyb2xlIjoic2Nob29sLXRlYWNoZXIiLCJsYXN0TmFtZSI6IiIsImZpcnN0TmFtZSI6ItCf0YDQvtGE0LXRgdGB0LjQvtC90LDQu9GM0L3Ri9C5IiwicGhvbmVOdW1iZXIiOiIiLCJsb2dpbiI6InRlYWNoZXJfZnVsbEBpc21hcnQub3JnIiwiZW1haWwiOiJ0ZWFjaGVyX2Z1bGxAaXNtYXJ0Lm9yZyIsImNvbnRyYWN0VHlwZSI6InByaXZhdGUiLCJleHRlcm5hbFVzZXJTb3VyY2UiOm51bGwsImdvZE1vZGUiOnRydWUsImVkdWNvbnQiOnt9LCJfaWQiOiI2NWMzNDFiMmI5MmM3YTVmYmFmZWI2MDcifQ.g8I_2Btv7rGXWFT_jbBB9c0iAVhZshRxVIA8nbNqh0s","default","Mon Oct 05 01:02:07 UTC 2026","passed","Mon Oct 05 01:02:36 UTC 2026","Tests Eors","","",""
"","36036","Каталог заданий: НОДА ""Математика. 6.1"" — Класс 1","default","Mon Oct 05 03:40:59 UTC 2026","passed","Mon Oct 05 03:41:35 UTC 2026","AuTestCatalogTask","","",""
"","53740","448. EORS: https://edu.ismart.org/catalog/3d8243-obschestvoznanie-6-1/1-politika-i-socialnoe-upravlenie_KRTNmn_t9v8PX?view=tasks&categoryCode=9dfb3a-9-kl&auth=eyJhbGciOiJIUzI1NiIsInR5cCI6IkpXVCJ9.eyJpZCI6IjY1YzM0MWIyYjkyYzdhNWZiYWZlYjYwNyIsImlzQWN0aXZlIjp0cnVlLCJpc0d1ZXN0IjpmYWxzZSwiaXNSZWdpc3RyYXRpb25Db21wbGV0ZSI6dHJ1ZSwiaXNDb25maXJtRW1haWwiOmZhbHNlLCJzdHVkZW50cyI6W10sInV0Y09mZnNldCI6MTgwLCJyb2xlIjoic2Nob29sLXRlYWNoZXIiLCJsYXN0TmFtZSI6IiIsImZpcnN0TmFtZSI6ItCf0YDQvtGE0LXRgdGB0LjQvtC90LDQu9GM0L3Ri9C5IiwicGhvbmVOdW1iZXIiOiIiLCJsb2dpbiI6InRlYWNoZXJfZnVsbEBpc21hcnQub3JnIiwiZW1haWwiOiJ0ZWFjaGVyX2Z1bGxAaXNtYXJ0Lm9yZyIsImNvbnRyYWN0VHlwZSI6InByaXZhdGUiLCJleHRlcm5hbFVzZXJTb3VyY2UiOm51bGwsImdvZE1vZGUiOnRydWUsImVkdWNvbnQiOnt9LCJfaWQiOiI2NWMzNDFiMmI5MmM3YTVmYmFmZWI2MDcifQ.g8I_2Btv7rGXWFT_jbBB9c0iAVhZshRxVIA8nbNqh0s","default","Mon Oct 05 01:20:42 UTC 2026","failed","Mon Oct 05 01:21:35 UTC 2026","Tests Eors","","",""
"","49742","614. EORS: https://edu.ismart.org/catalog/d07a03-chto-nuzhno-znat-o-pravopisanii-slov-dlya-5-9-klassov/200-paket-1-chto-nujno-znat-o-pravopisanii-slov?view=tasks&class=5ef1b652250d56001b4f771b&auth=eyJhbGciOiJIUzI1NiIsInR5cCI6IkpXVCJ9.eyJpZCI6IjY1YzM0MWIyYjkyYzdhNWZiYWZlYjYwNyIsImlzQWN0aXZlIjp0cnVlLCJpc0d1ZXN0IjpmYWxzZSwiaXNSZWdpc3RyYXRpb25Db21wbGV0ZSI6dHJ1ZSwiaXNDb25maXJtRW1haWwiOmZhbHNlLCJzdHVkZW50cyI6W10sInV0Y09mZnNldCI6MTgwLCJyb2xlIjoic2Nob29sLXRlYWNoZXIiLCJsYXN0TmFtZSI6IiIsImZpcnN0TmFtZSI6ItCf0YDQvtGE0LXRgdGB0LjQvtC90LDQu9GM0L3Ri9C5IiwicGhvbmVOdW1iZXIiOiIiLCJsb2dpbiI6InRlYWNoZXJfZnVsbEBpc21hcnQub3JnIiwiZW1haWwiOiJ0ZWFjaGVyX2Z1bGxAaXNtYXJ0Lm9yZyIsImNvbnRyYWN0VHlwZSI6InByaXZhdGUiLCJleHRlcm5hbFVzZXJTb3VyY2UiOm51bGwsImdvZE1vZGUiOnRydWUsImVkdWNvbnQiOnt9LCJfaWQiOiI2NWMzNDFiMmI5MmM3YTVmYmFmZWI2MDcifQ.g8I_2Btv7rGXWFT_jbBB9c0iAVhZshRxVIA8nbNqh0s","default","Mon Oct 05 01:45:20 UTC 2026","failed","Mon Oct 05 01:46:10 UTC 2026","Tests Eors","","",""
"","23545","72. EORS: https://edu.ismart.org/catalog/f78aab-russkii-yazik-slabovidyaschie-uchaschiesya/1-obshchie-svedeniya-o-yazyke_QccwHH?view=tasks&categoryCode=19d656-russkii-yazik-10-kl&auth=eyJhbGciOiJIUzI1NiIsInR5cCI6IkpXVCJ9.eyJpZCI6IjY1YzM0MWIyYjkyYzdhNWZiYWZlYjYwNyIsImlzQWN0aXZlIjp0cnVlLCJpc0d1ZXN0IjpmYWxzZSwiaXNSZWdpc3RyYXRpb25Db21wbGV0ZSI6dHJ1ZSwiaXNDb25maXJtRW1haWwiOmZhbHNlLCJzdHVkZW50cyI6W10sInV0Y09mZnNldCI6MTgwLCJyb2xlIjoic2Nob29sLXRlYWNoZXIiLCJsYXN0TmFtZSI6IiIsImZpcnN0TmFtZSI6ItCf0YDQvtGE0LXRgdGB0LjQvtC90LDQu9GM0L3Ri9C5IiwicGhvbmVOdW1iZXIiOiIiLCJsb2dpbiI6InRlYWNoZXJfZnVsbEBpc21hcnQub3JnIiwiZW1haWwiOiJ0ZWFjaGVyX2Z1bGxAaXNtYXJ0Lm9yZyIsImNvbnRyYWN0VHlwZSI6InByaXZhdGUiLCJleHRlcm5hbFVzZXJTb3VyY2UiOm51bGwsImdvZE1vZGUiOnRydWUsImVkdWNvbnQiOnt9LCJfaWQiOiI2NWMzNDFiMmI5MmM3YTVmYmFmZWI2MDcifQ.g8I_2Btv7rGXWFT_jbBB9c0iAVhZshRxVIA8nbNqh0s","default","Mon Oct 05 00:32:06 UTC 2026","passed","Mon Oct 05 00:32:30 UTC 2026","Tests Eors","","",""
"","23509","246. EORS: https://edu.ismart.org/catalog/52c0ce-veroyatnost-i-statistika-8-1/15-opisatelnaya-statistika-veroyatnost-i-statistika_1pykOy_RY44L5?view=tasks&categoryCode=531663-10-kl&auth=eyJhbGciOiJIUzI1NiIsInR5cCI6IkpXVCJ9.eyJpZCI6IjY1YzM0MWIyYjkyYzdhNWZiYWZlYjYwNyIsImlzQWN0aXZlIjp0cnVlLCJpc0d1ZXN0IjpmYWxzZSwiaXNSZWdpc3RyYXRpb25Db21wbGV0ZSI6dHJ1ZSwiaXNDb25maXJtRW1haWwiOmZhbHNlLCJzdHVkZW50cyI6W10sInV0Y09mZnNldCI6MTgwLCJyb2xlIjoic2Nob29sLXRlYWNoZXIiLCJsYXN0TmFtZSI6IiIsImZpcnN0TmFtZSI6ItCf0YDQvtGE0LXRgdGB0LjQvtC90LDQu9GM0L3Ri9C5IiwicGhvbmVOdW1iZXIiOiIiLCJsb2dpbiI6InRlYWNoZXJfZnVsbEBpc21hcnQub3JnIiwiZW1haWwiOiJ0ZWFjaGVyX2Z1bGxAaXNtYXJ0Lm9yZyIsImNvbnRyYWN0VHlwZSI6InByaXZhdGUiLCJleHRlcm5hbFVzZXJTb3VyY2UiOm51bGwsImdvZE1vZGUiOnRydWUsImVkdWNvbnQiOnt9LCJfaWQiOiI2NWMzNDFiMmI5MmM3YTVmYmFmZWI2MDcifQ.g8I_2Btv7rGXWFT_jbBB9c0iAVhZshRxVIA8nbNqh0s","default","Mon Oct 05 00:54:18 UTC 2026","passed","Mon Oct 05 00:54:42 UTC 2026","Tests Eors","","",""
"","21678","Каталог заданий: Подготовка к ВПР ""Русский язык"" — Класс 6","default","Mon Oct 05 02:22:10 UTC 2026","passed","Mon Oct 05 02:22:32 UTC 2026","AuTestCatalogTask","","",""
"","23647","Каталог заданий: Школьная программа ""Английский язык"" — Класс 10","default","Mon Oct 05 02:07:46 UTC 2026","passed","Mon Oct 05 02:08:09 UTC 2026","AuTestCatalogTask","","",""
"","33526","606. EORS: https://edu.ismart.org/catalog/f8f48d-algebra-narushenie-sluha/1-chisla-i-vychisleniya_j1VNtP?view=tasks&categoryCode=cc80a6-algebra-7-kl&auth=eyJhbGciOiJIUzI1NiIsInR5cCI6IkpXVCJ9.eyJpZCI6IjY1YzM0MWIyYjkyYzdhNWZiYWZlYjYwNyIsImlzQWN0aXZlIjp0cnVlLCJpc0d1ZXN0IjpmYWxzZSwiaXNSZWdpc3RyYXRpb25Db21wbGV0ZSI6dHJ1ZSwiaXNDb25maXJtRW1haWwiOmZhbHNlLCJzdHVkZW50cyI6W10sInV0Y09mZnNldCI6MTgwLCJyb2xlIjoic2Nob29sLXRlYWNoZXIiLCJsYXN0TmFtZSI6IiIsImZpcnN0TmFtZSI6ItCf0YDQvtGE0LXRgdGB0LjQvtC90LDQu9GM0L3Ri9C5IiwicGhvbmVOdW1iZXIiOiIiLCJsb2dpbiI6InRlYWNoZXJfZnVsbEBpc21hcnQub3JnIiwiZW1haWwiOiJ0ZWFjaGVyX2Z1bGxAaXNtYXJ0Lm9yZyIsImNvbnRyYWN0VHlwZSI6InByaXZhdGUiLCJleHRlcm5hbFVzZXJTb3VyY2UiOm51bGwsImdvZE1vZGUiOnRydWUsImVkdWNvbnQiOnt9LCJfaWQiOiI2NWMzNDFiMmI5MmM3YTVmYmFmZWI2MDcifQ.g8I_2Btv7rGXWFT_jbBB9c0iAVhZshRxVIA8nbNqh0s","default","Mon Oct 05 01:44:20 UTC 2026","passed","Mon Oct 05 01:44:54 UTC 2026","Tests Eors","","",""
"","25355","677. EORS: https://edu.ismart.org/catalog/b33f31-himiya/1-teoreticheskie-osnovy-organichesko-himii-?categoryCode=ea68c3-himiya-10-klass&auth=eyJhbGciOiJIUzI1NiIsInR5cCI6IkpXVCJ9.eyJpZCI6IjY1YzM0MWIyYjkyYzdhNWZiYWZlYjYwNyIsImlzQWN0aXZlIjp0cnVlLCJpc0d1ZXN0IjpmYWxzZSwiaXNSZWdpc3RyYXRpb25Db21wbGV0ZSI6dHJ1ZSwiaXNDb25maXJtRW1haWwiOmZhbHNlLCJzdHVkZW50cyI6W10sInV0Y09mZnNldCI6MTgwLCJyb2xlIjoic2Nob29sLXRlYWNoZXIiLCJsYXN0TmFtZSI6IiIsImZpcnN0TmFtZSI6ItCf0YDQvtGE0LXRgdGB0LjQvtC90LDQu9GM0L3Ri9C5IiwicGhvbmVOdW1iZXIiOiIiLCJsb2dpbiI6InRlYWNoZXJfZnVsbEBpc21hcnQub3JnIiwiZW1haWwiOiJ0ZWFjaGVyX2Z1bGxAaXNtYXJ0Lm9yZyIsImNvbnRyYWN0VHlwZSI6InByaXZhdGUiLCJleHRlcm5hbFVzZXJTb3VyY2UiOm51bGwsImdvZE1vZGUiOnRydWUsImVkdWNvbnQiOnt9LCJfaWQiOiI2NWMzNDFiMmI5MmM3YTVmYmFmZWI2MDcifQ.g8I_2Btv7rGXWFT_jbBB9c0iAVhZshRxVIA8nbNqh0s&view=tasks","default","Mon Oct 05 01:54:36 UTC 2026","passed","Mon Oct 05 01:55:01 UTC 2026","Tests Eors","","",""
"","52196","182. EORS: https://edu.ismart.org/catalog/40ca0c-chto-nuzhno-znat-o-normah-yazika-dlya-10-11-klassov/200-chto-nujno-znat-o-normah-yazyka?view=tasks&class=64bfa63cd00b08794c3f8b29&auth=eyJhbGciOiJIUzI1NiIsInR5cCI6IkpXVCJ9.eyJpZCI6IjY1YzM0MWIyYjkyYzdhNWZiYWZlYjYwNyIsImlzQWN0aXZlIjp0cnVlLCJpc0d1ZXN0IjpmYWxzZSwiaXNSZWdpc3RyYXRpb25Db21wbGV0ZSI6dHJ1ZSwiaXNDb25maXJtRW1haWwiOmZhbHNlLCJzdHVkZW50cyI6W10sInV0Y09mZnNldCI6MTgwLCJyb2xlIjoic2Nob29sLXRlYWNoZXIiLCJsYXN0TmFtZSI6IiIsImZpcnN0TmFtZSI6ItCf0YDQvtGE0LXRgdGB0LjQvtC90LDQu9GM0L3Ri9C5IiwicGhvbmVOdW1iZXIiOiIiLCJsb2dpbiI6InRlYWNoZXJfZnVsbEBpc21hcnQub3JnIiwiZW1haWwiOiJ0ZWFjaGVyX2Z1bGxAaXNtYXJ0Lm9yZyIsImNvbnRyYWN0VHlwZSI6InByaXZhdGUiLCJleHRlcm5hbFVzZXJTb3VyY2UiOm51bGwsImdvZE1vZGUiOnRydWUsImVkdWNvbnQiOnt9LCJfaWQiOiI2NWMzNDFiMmI5MmM3YTVmYmFmZWI2MDcifQ.g8I_2Btv7rGXWFT_jbBB9c0iAVhZshRxVIA8nbNqh0s","default","Mon Oct 05 00:45:44 UTC 2026","failed","Mon Oct 05 00:46:36 UTC 2026","Tests Eors","","",""
"","37487","256. EORS: https://edu.ismart.org/catalog/4b18ed-algebra-noda/1-chisla-i-vychisleniya_UBUoBf?view=tasks&categoryCode=57491f-algebra-7-kl&auth=eyJhbGciOiJIUzI1NiIsInR5cCI6IkpXVCJ9.eyJpZCI6IjY1YzM0MWIyYjkyYzdhNWZiYWZlYjYwNyIsImlzQWN0aXZlIjp0cnVlLCJpc0d1ZXN0IjpmYWxzZSwiaXNSZWdpc3RyYXRpb25Db21wbGV0ZSI6dHJ1ZSwiaXNDb25maXJtRW1haWwiOmZhbHNlLCJzdHVkZW50cyI6W10sInV0Y09mZnNldCI6MTgwLCJyb2xlIjoic2Nob29sLXRlYWNoZXIiLCJsYXN0TmFtZSI6IiIsImZpcnN0TmFtZSI6ItCf0YDQvtGE0LXRgdGB0LjQvtC90LDQu9GM0L3Ri9C5IiwicGhvbmVOdW1iZXIiOiIiLCJsb2dpbiI6InRlYWNoZXJfZnVsbEBpc21hcnQub3JnIiwiZW1haWwiOiJ0ZWFjaGVyX2Z1bGxAaXNtYXJ0Lm9yZyIsImNvbnRyYWN0VHlwZSI6InByaXZhdGUiLCJleHRlcm5hbFVzZXJTb3VyY2UiOm51bGwsImdvZE1vZGUiOnRydWUsImVkdWNvbnQiOnt9LCJfaWQiOiI2NWMzNDFiMmI5MmM3YTVmYmFmZWI2MDcifQ.g8I_2Btv7rGXWFT_jbBB9c0iAVhZshRxVIA8nbNqh0s","default","Mon Oct 05 00:55:59 UTC 2026","passed","Mon Oct 05 00:56:36 UTC 2026","Tests Eors","","",""
"","25402","Каталог заданий: Повторение пройденного материала ""Физика"" — Класс 1","default","Mon Oct 05 02:37:24 UTC 2026","passed","Mon Oct 05 02:37:50 UTC 2026","AuTestCatalogTask","","",""
"","25776","295. EORS: https://edu.ismart.org/catalog/245c28-informatika-tnr/1-kommunikacionnye-tehnologii_VJFgeg?view=tasks&categoryCode=63f3b5-9-klass&auth=eyJhbGciOiJIUzI1NiIsInR5cCI6IkpXVCJ9.eyJpZCI6IjY1YzM0MWIyYjkyYzdhNWZiYWZlYjYwNyIsImlzQWN0aXZlIjp0cnVlLCJpc0d1ZXN0IjpmYWxzZSwiaXNSZWdpc3RyYXRpb25Db21wbGV0ZSI6dHJ1ZSwiaXNDb25maXJtRW1haWwiOmZhbHNlLCJzdHVkZW50cyI6W10sInV0Y09mZnNldCI6MTgwLCJyb2xlIjoic2Nob29sLXRlYWNoZXIiLCJsYXN0TmFtZSI6IiIsImZpcnN0TmFtZSI6ItCf0YDQvtGE0LXRgdGB0LjQvtC90LDQu9GM0L3Ri9C5IiwicGhvbmVOdW1iZXIiOiIiLCJsb2dpbiI6InRlYWNoZXJfZnVsbEBpc21hcnQub3JnIiwiZW1haWwiOiJ0ZWFjaGVyX2Z1bGxAaXNtYXJ0Lm9yZyIsImNvbnRyYWN0VHlwZSI6InByaXZhdGUiLCJleHRlcm5hbFVzZXJTb3VyY2UiOm51bGwsImdvZE1vZGUiOnRydWUsImVkdWNvbnQiOnt9LCJfaWQiOiI2NWMzNDFiMmI5MmM3YTVmYmFmZWI2MDcifQ.g8I_2Btv7rGXWFT_jbBB9c0iAVhZshRxVIA8nbNqh0s","default","Mon Oct 05 01:00:55 UTC 2026","passed","Mon Oct 05 01:01:21 UTC 2026","Tests Eors","","",""
"","16319","Каталог заданий: Слабовидящие ""Геометрия. 4.1"" — Класс 1","default","Mon Oct 05 03:05:18 UTC 2026","passed","Mon Oct 05 03:05:34 UTC 2026","AuTestCatalogTask","","",""
"","33952","Каталог заданий: Школьная программа ""Английский язык"" — Класс 4","default","Mon Oct 05 02:06:51 UTC 2026","passed","Mon Oct 05 02:07:25 UTC 2026","AuTestCatalogTask","","",""
"","22275","Каталог заданий: НОДА ""Алгебра и начала мат. анализа. 6.1"" — Класс 1","default","Mon Oct 05 03:41:54 UTC 2026","passed","Mon Oct 05 03:42:16 UTC 2026","AuTestCatalogTask","","",""
"","34335","Каталог заданий: Школьная программа ""История"" — Класс 3","default","Mon Oct 05 02:03:28 UTC 2026","passed","Mon Oct 05 02:04:02 UTC 2026","AuTestCatalogTask","","",""
"","37332","Каталог заданий: Нарушение слуха ""Математика. 1.1"" — Класс 5","default","Mon Oct 05 03:14:01 UTC 2026","passed","Mon Oct 05 03:14:38 UTC 2026","AuTestCatalogTask","","",""
"","14779","Каталог заданий: ТНР ""Геометрия. 5.1"" — Класс 2","default","Mon Oct 05 02:46:59 UTC 2026","passed","Mon Oct 05 02:47:13 UTC 2026","AuTestCatalogTask","","",""
"","47356","400. EORS: https://edu.ismart.org/catalog/9f31a3-veroyatnost-i-statistika-6-1/8-predstavlenie-dannyh-veroyatnost-i-statistika_rEQ5f1_nYnG8r?view=tasks&categoryCode=8b9e44-7-kl&auth=eyJhbGciOiJIUzI1NiIsInR5cCI6IkpXVCJ9.eyJpZCI6IjY1YzM0MWIyYjkyYzdhNWZiYWZlYjYwNyIsImlzQWN0aXZlIjp0cnVlLCJpc0d1ZXN0IjpmYWxzZSwiaXNSZWdpc3RyYXRpb25Db21wbGV0ZSI6dHJ1ZSwiaXNDb25maXJtRW1haWwiOmZhbHNlLCJzdHVkZW50cyI6W10sInV0Y09mZnNldCI6MTgwLCJyb2xlIjoic2Nob29sLXRlYWNoZXIiLCJsYXN0TmFtZSI6IiIsImZpcnN0TmFtZSI6ItCf0YDQvtGE0LXRgdGB0LjQvtC90LDQu9GM0L3Ri9C5IiwicGhvbmVOdW1iZXIiOiIiLCJsb2dpbiI6InRlYWNoZXJfZnVsbEBpc21hcnQub3JnIiwiZW1haWwiOiJ0ZWFjaGVyX2Z1bGxAaXNtYXJ0Lm9yZyIsImNvbnRyYWN0VHlwZSI6InByaXZhdGUiLCJleHRlcm5hbFVzZXJTb3VyY2UiOm51bGwsImdvZE1vZGUiOnRydWUsImVkdWNvbnQiOnt9LCJfaWQiOiI2NWMzNDFiMmI5MmM3YTVmYmFmZWI2MDcifQ.g8I_2Btv7rGXWFT_jbBB9c0iAVhZshRxVIA8nbNqh0s","default","Mon Oct 05 01:14:29 UTC 2026","failed","Mon Oct 05 01:15:17 UTC 2026","Tests Eors","","",""
"","19992","Каталог заданий: Подготовка к контрольным работам ""Русский язык"" — Класс 1","default","Mon Oct 05 02:25:20 UTC 2026","passed","Mon Oct 05 02:25:40 UTC 2026","AuTestCatalogTask","","",""
"","15608","Каталог заданий: Нарушение слуха ""Вероятность и статистика. 1.1"" — Класс 5","default","Mon Oct 05 03:21:36 UTC 2026","passed","Mon Oct 05 03:21:52 UTC 2026","AuTestCatalogTask","","",""
"","17502","Каталог заданий: Подготовка к ВПР ""Литература"" — Класс 3","default","Mon Oct 05 02:22:27 UTC 2026","passed","Mon Oct 05 02:22:45 UTC 2026","AuTestCatalogTask","","",""
"","20188","168. EORS: https://edu.ismart.org/catalog/3a0a1f-russkii-yazik/1-20252026-vpr-po-russkomu-yazyku?view=tasks&class=5f63090daee1af001b415303&auth=eyJhbGciOiJIUzI1NiIsInR5cCI6IkpXVCJ9.eyJpZCI6IjY1YzM0MWIyYjkyYzdhNWZiYWZlYjYwNyIsImlzQWN0aXZlIjp0cnVlLCJpc0d1ZXN0IjpmYWxzZSwiaXNSZWdpc3RyYXRpb25Db21wbGV0ZSI6dHJ1ZSwiaXNDb25maXJtRW1haWwiOmZhbHNlLCJzdHVkZW50cyI6W10sInV0Y09mZnNldCI6MTgwLCJyb2xlIjoic2Nob29sLXRlYWNoZXIiLCJsYXN0TmFtZSI6IiIsImZpcnN0TmFtZSI6ItCf0YDQvtGE0LXRgdGB0LjQvtC90LDQu9GM0L3Ri9C5IiwicGhvbmVOdW1iZXIiOiIiLCJsb2dpbiI6InRlYWNoZXJfZnVsbEBpc21hcnQub3JnIiwiZW1haWwiOiJ0ZWFjaGVyX2Z1bGxAaXNtYXJ0Lm9yZyIsImNvbnRyYWN0VHlwZSI6InByaXZhdGUiLCJleHRlcm5hbFVzZXJTb3VyY2UiOm51bGwsImdvZE1vZGUiOnRydWUsImVkdWNvbnQiOnt9LCJfaWQiOiI2NWMzNDFiMmI5MmM3YTVmYmFmZWI2MDcifQ.g8I_2Btv7rGXWFT_jbBB9c0iAVhZshRxVIA8nbNqh0s","default","Mon Oct 05 00:44:10 UTC 2026","passed","Mon Oct 05 00:44:30 UTC 2026","Tests Eors","","",""
"","32077","Каталог заданий: ТНР ""История. 5.1"" — Класс 3","default","Mon Oct 05 02:50:36 UTC 2026","passed","Mon Oct 05 02:51:08 UTC 2026","AuTestCatalogTask","","",""
"","27418","Каталог заданий: НОДА ""Биология. 6.1"" — Класс 5","default","Mon Oct 05 03:46:23 UTC 2026","passed","Mon Oct 05 03:46:51 UTC 2026","AuTestCatalogTask","","",""
"","48242","649. EORS: https://edu.ismart.org/catalog/dff6dd-angliiskii-yazik/1101-leksicheskaya-storona-rechi?view=tasks&class=5f197003b96284001b29733d&auth=eyJhbGciOiJIUzI1NiIsInR5cCI6IkpXVCJ9.eyJpZCI6IjY1YzM0MWIyYjkyYzdhNWZiYWZlYjYwNyIsImlzQWN0aXZlIjp0cnVlLCJpc0d1ZXN0IjpmYWxzZSwiaXNSZWdpc3RyYXRpb25Db21wbGV0ZSI6dHJ1ZSwiaXNDb25maXJtRW1haWwiOmZhbHNlLCJzdHVkZW50cyI6W10sInV0Y09mZnNldCI6MTgwLCJyb2xlIjoic2Nob29sLXRlYWNoZXIiLCJsYXN0TmFtZSI6IiIsImZpcnN0TmFtZSI6ItCf0YDQvtGE0LXRgdGB0LjQvtC90LDQu9GM0L3Ri9C5IiwicGhvbmVOdW1iZXIiOiIiLCJsb2dpbiI6InRlYWNoZXJfZnVsbEBpc21hcnQub3JnIiwiZW1haWwiOiJ0ZWFjaGVyX2Z1bGxAaXNtYXJ0Lm9yZyIsImNvbnRyYWN0VHlwZSI6InByaXZhdGUiLCJleHRlcm5hbFVzZXJTb3VyY2UiOm51bGwsImdvZE1vZGUiOnRydWUsImVkdWNvbnQiOnt9LCJfaWQiOiI2NWMzNDFiMmI5MmM3YTVmYmFmZWI2MDcifQ.g8I_2Btv7rGXWFT_jbBB9c0iAVhZshRxVIA8nbNqh0s","default","Mon Oct 05 01:50:12 UTC 2026","failed","Mon Oct 05 01:51:00 UTC 2026","Tests Eors","","",""
"","28617","259. EORS: https://edu.ismart.org/catalog/574f8c-geometriya/101--podgotovka-k-kontrolno-rabote-1-po-teme-?view=tasks&class=61890fee84e9f601793b0348&auth=eyJhbGciOiJIUzI1NiIsInR5cCI6IkpXVCJ9.eyJpZCI6IjY1YzM0MWIyYjkyYzdhNWZiYWZlYjYwNyIsImlzQWN0aXZlIjp0cnVlLCJpc0d1ZXN0IjpmYWxzZSwiaXNSZWdpc3RyYXRpb25Db21wbGV0ZSI6dHJ1ZSwiaXNDb25maXJtRW1haWwiOmZhbHNlLCJzdHVkZW50cyI6W10sInV0Y09mZnNldCI6MTgwLCJyb2xlIjoic2Nob29sLXRlYWNoZXIiLCJsYXN0TmFtZSI6IiIsImZpcnN0TmFtZSI6ItCf0YDQvtGE0LXRgdGB0LjQvtC90LDQu9GM0L3Ri9C5IiwicGhvbmVOdW1iZXIiOiIiLCJsb2dpbiI6InRlYWNoZXJfZnVsbEBpc21hcnQub3JnIiwiZW1haWwiOiJ0ZWFjaGVyX2Z1bGxAaXNtYXJ0Lm9yZyIsImNvbnRyYWN0VHlwZSI6InByaXZhdGUiLCJleHRlcm5hbFVzZXJTb3VyY2UiOm51bGwsImdvZE1vZGUiOnRydWUsImVkdWNvbnQiOnt9LCJfaWQiOiI2NWMzNDFiMmI5MmM3YTVmYmFmZWI2MDcifQ.g8I_2Btv7rGXWFT_jbBB9c0iAVhZshRxVIA8nbNqh0s","default","Mon Oct 05 00:56:26 UTC 2026","passed","Mon Oct 05 00:56:55 UTC 2026","Tests Eors","","",""
"","65730","514. EORS: https://edu.ismart.org/catalog/6c2d52-informatika-8-1/1-sistemy-schisleniya_Fc0UiS_TMARJx?view=tasks&categoryCode=b4dd1c-8-kl&auth=eyJhbGciOiJIUzI1NiIsInR5cCI6IkpXVCJ9.eyJpZCI6IjY1YzM0MWIyYjkyYzdhNWZiYWZlYjYwNyIsImlzQWN0aXZlIjp0cnVlLCJpc0d1ZXN0IjpmYWxzZSwiaXNSZWdpc3RyYXRpb25Db21wbGV0ZSI6dHJ1ZSwiaXNDb25maXJtRW1haWwiOmZhbHNlLCJzdHVkZW50cyI6W10sInV0Y09mZnNldCI6MTgwLCJyb2xlIjoic2Nob29sLXRlYWNoZXIiLCJsYXN0TmFtZSI6IiIsImZpcnN0TmFtZSI6ItCf0YDQvtGE0LXRgdGB0LjQvtC90LDQu9GM0L3Ri9C5IiwicGhvbmVOdW1iZXIiOiIiLCJsb2dpbiI6InRlYWNoZXJfZnVsbEBpc21hcnQub3JnIiwiZW1haWwiOiJ0ZWFjaGVyX2Z1bGxAaXNtYXJ0Lm9yZyIsImNvbnRyYWN0VHlwZSI6InByaXZhdGUiLCJleHRlcm5hbFVzZXJTb3VyY2UiOm51bGwsImdvZE1vZGUiOnRydWUsImVkdWNvbnQiOnt9LCJfaWQiOiI2NWMzNDFiMmI5MmM3YTVmYmFmZWI2MDcifQ.g8I_2Btv7rGXWFT_jbBB9c0iAVhZshRxVIA8nbNqh0s","default","Mon Oct 05 01:30:17 UTC 2026","failed","Mon Oct 05 01:31:23 UTC 2026","Tests Eors","","",""
"","27659","500. EORS: https://edu.ismart.org/catalog/95d37e-biologiya-1-1/1-chelovek--biosocialny-vid_eQaIgY_icXEWn?view=tasks&categoryCode=af9a58-9-klass&auth=eyJhbGciOiJIUzI1NiIsInR5cCI6IkpXVCJ9.eyJpZCI6IjY1YzM0MWIyYjkyYzdhNWZiYWZlYjYwNyIsImlzQWN0aXZlIjp0cnVlLCJpc0d1ZXN0IjpmYWxzZSwiaXNSZWdpc3RyYXRpb25Db21wbGV0ZSI6dHJ1ZSwiaXNDb25maXJtRW1haWwiOmZhbHNlLCJzdHVkZW50cyI6W10sInV0Y09mZnNldCI6MTgwLCJyb2xlIjoic2Nob29sLXRlYWNoZXIiLCJsYXN0TmFtZSI6IiIsImZpcnN0TmFtZSI6ItCf0YDQvtGE0LXRgdGB0LjQvtC90LDQu9GM0L3Ri9C5IiwicGhvbmVOdW1iZXIiOiIiLCJsb2dpbiI6InRlYWNoZXJfZnVsbEBpc21hcnQub3JnIiwiZW1haWwiOiJ0ZWFjaGVyX2Z1bGxAaXNtYXJ0Lm9yZyIsImNvbnRyYWN0VHlwZSI6InByaXZhdGUiLCJleHRlcm5hbFVzZXJTb3VyY2UiOm51bGwsImdvZE1vZGUiOnRydWUsImVkdWNvbnQiOnt9LCJfaWQiOiI2NWMzNDFiMmI5MmM3YTVmYmFmZWI2MDcifQ.g8I_2Btv7rGXWFT_jbBB9c0iAVhZshRxVIA8nbNqh0s","default","Mon Oct 05 01:27:57 UTC 2026","passed","Mon Oct 05 01:28:25 UTC 2026","Tests Eors","","",""
"","14715","Каталог заданий: НОДА ""Английский язык. 6.1"" — Класс 2","default","Mon Oct 05 03:47:54 UTC 2026","passed","Mon Oct 05 03:48:09 UTC 2026","AuTestCatalogTask","","",""
"","30226","Каталог заданий: Нарушение слуха ""Математика. 1.1"" — Класс 2","default","Mon Oct 05 03:13:31 UTC 2026","passed","Mon Oct 05 03:14:01 UTC 2026","AuTestCatalogTask","","",""
"","28047","682. EORS: https://edu.ismart.org/catalog/ecfd1c-angliiskii-yazik/8-1--nedelya-mir-moego-ya?view=tasks&class=5a3cef308409440019b57b39&auth=eyJhbGciOiJIUzI1NiIsInR5cCI6IkpXVCJ9.eyJpZCI6IjY1YzM0MWIyYjkyYzdhNWZiYWZlYjYwNyIsImlzQWN0aXZlIjp0cnVlLCJpc0d1ZXN0IjpmYWxzZSwiaXNSZWdpc3RyYXRpb25Db21wbGV0ZSI6dHJ1ZSwiaXNDb25maXJtRW1haWwiOmZhbHNlLCJzdHVkZW50cyI6W10sInV0Y09mZnNldCI6MTgwLCJyb2xlIjoic2Nob29sLXRlYWNoZXIiLCJsYXN0TmFtZSI6IiIsImZpcnN0TmFtZSI6ItCf0YDQvtGE0LXRgdGB0LjQvtC90LDQu9GM0L3Ri9C5IiwicGhvbmVOdW1iZXIiOiIiLCJsb2dpbiI6InRlYWNoZXJfZnVsbEBpc21hcnQub3JnIiwiZW1haWwiOiJ0ZWFjaGVyX2Z1bGxAaXNtYXJ0Lm9yZyIsImNvbnRyYWN0VHlwZSI6InByaXZhdGUiLCJleHRlcm5hbFVzZXJTb3VyY2UiOm51bGwsImdvZE1vZGUiOnRydWUsImVkdWNvbnQiOnt9LCJfaWQiOiI2NWMzNDFiMmI5MmM3YTVmYmFmZWI2MDcifQ.g8I_2Btv7rGXWFT_jbBB9c0iAVhZshRxVIA8nbNqh0s","default","Mon Oct 05 01:55:07 UTC 2026","passed","Mon Oct 05 01:55:35 UTC 2026","Tests Eors","","",""
"","18088","Каталог заданий: Школьная программа ""Геометрия"" — Класс 3","default","Mon Oct 05 02:03:09 UTC 2026","passed","Mon Oct 05 02:03:27 UTC 2026","AuTestCatalogTask","","",""
"","23128","645. EORS: https://edu.ismart.org/catalog/world-full/01-chelovek-i-obshchestvo-nasha-rodina--rossiskaya-federaciya?view=tasks&categoryCode=df248d-novii-razdel-full&auth=eyJhbGciOiJIUzI1NiIsInR5cCI6IkpXVCJ9.eyJpZCI6IjY1YzM0MWIyYjkyYzdhNWZiYWZlYjYwNyIsImlzQWN0aXZlIjp0cnVlLCJpc0d1ZXN0IjpmYWxzZSwiaXNSZWdpc3RyYXRpb25Db21wbGV0ZSI6dHJ1ZSwiaXNDb25maXJtRW1haWwiOmZhbHNlLCJzdHVkZW50cyI6W10sInV0Y09mZnNldCI6MTgwLCJyb2xlIjoic2Nob29sLXRlYWNoZXIiLCJsYXN0TmFtZSI6IiIsImZpcnN0TmFtZSI6ItCf0YDQvtGE0LXRgdGB0LjQvtC90LDQu9GM0L3Ri9C5IiwicGhvbmVOdW1iZXIiOiIiLCJsb2dpbiI6InRlYWNoZXJfZnVsbEBpc21hcnQub3JnIiwiZW1haWwiOiJ0ZWFjaGVyX2Z1bGxAaXNtYXJ0Lm9yZyIsImNvbnRyYWN0VHlwZSI6InByaXZhdGUiLCJleHRlcm5hbFVzZXJTb3VyY2UiOm51bGwsImdvZE1vZGUiOnRydWUsImVkdWNvbnQiOnt9LCJfaWQiOiI2NWMzNDFiMmI5MmM3YTVmYmFmZWI2MDcifQ.g8I_2Btv7rGXWFT_jbBB9c0iAVhZshRxVIA8nbNqh0s","default","Mon Oct 05 01:49:49 UTC 2026","passed","Mon Oct 05 01:50:12 UTC 2026","Tests Eors","","",""
"","16758","Каталог заданий: ЗПР ""Алгебра. 7.1"" — Класс 3","default","Mon Oct 05 03:32:06 UTC 2026","passed","Mon Oct 05 03:32:22 UTC 2026","AuTestCatalogTask","","",""
"","24259","Каталог заданий: Повторение пройденного материала ""Обществознание"" — Класс 2","default","Mon Oct 05 02:39:16 UTC 2026","passed","Mon Oct 05 02:39:40 UTC 2026","AuTestCatalogTask","","",""
"","31152","Каталог заданий: Слепые ""История. 3.1"" — Класс 2","default","Mon Oct 05 02:57:55 UTC 2026","passed","Mon Oct 05 02:58:26 UTC 2026","AuTestCatalogTask","","",""
"","25991","Каталог заданий: НОДА ""Математика. 6.1"" — Класс 3","default","Mon Oct 05 03:41:01 UTC 2026","passed","Mon Oct 05 03:41:27 UTC 2026","AuTestCatalogTask","","",""
"","21202","Каталог заданий: Школьная программа ""Окружающий мир"" — Класс 4","default","Mon Oct 05 02:11:32 UTC 2026","passed","Mon Oct 05 02:11:54 UTC 2026","AuTestCatalogTask","","",""
"","14370","Каталог заданий: Слабослышащие ""Обществознание. 2.1"" — Класс 4","default","Mon Oct 05 03:28:33 UTC 2026","passed","Mon Oct 05 03:28:47 UTC 2026","AuTestCatalogTask","","",""
"","14491","Каталог заданий: Подготовка к контрольным работам ""Вероятность и статистика"" — Класс 1","default","Mon Oct 05 02:31:09 UTC 2026","passed","Mon Oct 05 02:31:23 UTC 2026","AuTestCatalogTask","","",""
"","29082","283. EORS: https://edu.ismart.org/catalog/74ac56-algebra-ras/1-chisla-i-vychisleniya_NQhjcc?view=tasks&categoryCode=60b687-algebra-7-kl&auth=eyJhbGciOiJIUzI1NiIsInR5cCI6IkpXVCJ9.eyJpZCI6IjY1YzM0MWIyYjkyYzdhNWZiYWZlYjYwNyIsImlzQWN0aXZlIjp0cnVlLCJpc0d1ZXN0IjpmYWxzZSwiaXNSZWdpc3RyYXRpb25Db21wbGV0ZSI6dHJ1ZSwiaXNDb25maXJtRW1haWwiOmZhbHNlLCJzdHVkZW50cyI6W10sInV0Y09mZnNldCI6MTgwLCJyb2xlIjoic2Nob29sLXRlYWNoZXIiLCJsYXN0TmFtZSI6IiIsImZpcnN0TmFtZSI6ItCf0YDQvtGE0LXRgdGB0LjQvtC90LDQu9GM0L3Ri9C5IiwicGhvbmVOdW1iZXIiOiIiLCJsb2dpbiI6InRlYWNoZXJfZnVsbEBpc21hcnQub3JnIiwiZW1haWwiOiJ0ZWFjaGVyX2Z1bGxAaXNtYXJ0Lm9yZyIsImNvbnRyYWN0VHlwZSI6InByaXZhdGUiLCJleHRlcm5hbFVzZXJTb3VyY2UiOm51bGwsImdvZE1vZGUiOnRydWUsImVkdWNvbnQiOnt9LCJfaWQiOiI2NWMzNDFiMmI5MmM3YTVmYmFmZWI2MDcifQ.g8I_2Btv7rGXWFT_jbBB9c0iAVhZshRxVIA8nbNqh0s","default","Mon Oct 05 00:59:41 UTC 2026","passed","Mon Oct 05 01:00:10 UTC 2026","Tests Eors","","",""
"","35218","654. EORS: https://edu.ismart.org/catalog/7b5069-geometriya-tnr/1-nachalnye-ponyatiya-geometrii_tTvcsL?view=tasks&categoryCode=e1336f-geometriya-7-kl&auth=eyJhbGciOiJIUzI1NiIsInR5cCI6IkpXVCJ9.eyJpZCI6IjY1YzM0MWIyYjkyYzdhNWZiYWZlYjYwNyIsImlzQWN0aXZlIjp0cnVlLCJpc0d1ZXN0IjpmYWxzZSwiaXNSZWdpc3RyYXRpb25Db21wbGV0ZSI6dHJ1ZSwiaXNDb25maXJtRW1haWwiOmZhbHNlLCJzdHVkZW50cyI6W10sInV0Y09mZnNldCI6MTgwLCJyb2xlIjoic2Nob29sLXRlYWNoZXIiLCJsYXN0TmFtZSI6IiIsImZpcnN0TmFtZSI6ItCf0YDQvtGE0LXRgdGB0LjQvtC90LDQu9GM0L3Ri9C5IiwicGhvbmVOdW1iZXIiOiIiLCJsb2dpbiI6InRlYWNoZXJfZnVsbEBpc21hcnQub3JnIiwiZW1haWwiOiJ0ZWFjaGVyX2Z1bGxAaXNtYXJ0Lm9yZyIsImNvbnRyYWN0VHlwZSI6InByaXZhdGUiLCJleHRlcm5hbFVzZXJTb3VyY2UiOm51bGwsImdvZE1vZGUiOnRydWUsImVkdWNvbnQiOnt9LCJfaWQiOiI2NWMzNDFiMmI5MmM3YTVmYmFmZWI2MDcifQ.g8I_2Btv7rGXWFT_jbBB9c0iAVhZshRxVIA8nbNqh0s","default","Mon Oct 05 01:51:12 UTC 2026","passed","Mon Oct 05 01:51:47 UTC 2026","Tests Eors","","",""
"","25745","Каталог заданий: Повторение пройденного материала ""История"" — Класс 1","default","Mon Oct 05 02:34:29 UTC 2026","passed","Mon Oct 05 02:34:55 UTC 2026","AuTestCatalogTask","","",""
"","27531","Каталог заданий: ТНР ""Биология. 5.1"" — Класс 5","default","Mon Oct 05 02:48:25 UTC 2026","passed","Mon Oct 05 02:48:53 UTC 2026","AuTestCatalogTask","","",""
"","30805","Каталог заданий: РАС ""Математика. 8.1"" — Класс 6","default","Mon Oct 05 03:51:22 UTC 2026","passed","Mon Oct 05 03:51:53 UTC 2026","AuTestCatalogTask","","",""
"","24430","Каталог заданий: Слабослышащие ""Русский язык. 2.1"" — Класс 3","default","Mon Oct 05 03:22:10 UTC 2026","passed","Mon Oct 05 03:22:34 UTC 2026","AuTestCatalogTask","","",""
"","28873","Каталог заданий: ЗПР ""Литература. 7.1"" — Класс 6","default","Mon Oct 05 03:33:55 UTC 2026","passed","Mon Oct 05 03:34:24 UTC 2026","AuTestCatalogTask","","",""
"","43021","Каталог заданий: ТНР ""История. 5.1"" — Класс 7","default","Mon Oct 05 02:51:08 UTC 2026","passed","Mon Oct 05 02:51:51 UTC 2026","AuTestCatalogTask","","",""
"","51480","60. EORS: https://edu.ismart.org/catalog/2e0c72-informatika-6-1/1-kommunikacionnye-tehnologii_VJFgeg_JgqZBp?view=tasks&categoryCode=1861de-9-kl&auth=eyJhbGciOiJIUzI1NiIsInR5cCI6IkpXVCJ9.eyJpZCI6IjY1YzM0MWIyYjkyYzdhNWZiYWZlYjYwNyIsImlzQWN0aXZlIjp0cnVlLCJpc0d1ZXN0IjpmYWxzZSwiaXNSZWdpc3RyYXRpb25Db21wbGV0ZSI6dHJ1ZSwiaXNDb25maXJtRW1haWwiOmZhbHNlLCJzdHVkZW50cyI6W10sInV0Y09mZnNldCI6MTgwLCJyb2xlIjoic2Nob29sLXRlYWNoZXIiLCJsYXN0TmFtZSI6IiIsImZpcnN0TmFtZSI6ItCf0YDQvtGE0LXRgdGB0LjQvtC90LDQu9GM0L3Ri9C5IiwicGhvbmVOdW1iZXIiOiIiLCJsb2dpbiI6InRlYWNoZXJfZnVsbEBpc21hcnQub3JnIiwiZW1haWwiOiJ0ZWFjaGVyX2Z1bGxAaXNtYXJ0Lm9yZyIsImNvbnRyYWN0VHlwZSI6InByaXZhdGUiLCJleHRlcm5hbFVzZXJTb3VyY2UiOm51bGwsImdvZE1vZGUiOnRydWUsImVkdWNvbnQiOnt9LCJfaWQiOiI2NWMzNDFiMmI5MmM3YTVmYmFmZWI2MDcifQ.g8I_2Btv7rGXWFT_jbBB9c0iAVhZshRxVIA8nbNqh0s","default","Mon Oct 05 00:29:46 UTC 2026","failed","Mon Oct 05 00:30:37 UTC 2026","Tests Eors","","",""
"","26848","139. EORS: https://edu.ismart.org/catalog/920226-istoriya-6-1/1-noveshee-vremya_AR7XZS_7zVC2h?view=tasks&categoryCode=304de1-10-kl&auth=eyJhbGciOiJIUzI1NiIsInR5cCI6IkpXVCJ9.eyJpZCI6IjY1YzM0MWIyYjkyYzdhNWZiYWZlYjYwNyIsImlzQWN0aXZlIjp0cnVlLCJpc0d1ZXN0IjpmYWxzZSwiaXNSZWdpc3RyYXRpb25Db21wbGV0ZSI6dHJ1ZSwiaXNDb25maXJtRW1haWwiOmZhbHNlLCJzdHVkZW50cyI6W10sInV0Y09mZnNldCI6MTgwLCJyb2xlIjoic2Nob29sLXRlYWNoZXIiLCJsYXN0TmFtZSI6IiIsImZpcnN0TmFtZSI6ItCf0YDQvtGE0LXRgdGB0LjQvtC90LDQu9GM0L3Ri9C5IiwicGhvbmVOdW1iZXIiOiIiLCJsb2dpbiI6InRlYWNoZXJfZnVsbEBpc21hcnQub3JnIiwiZW1haWwiOiJ0ZWFjaGVyX2Z1bGxAaXNtYXJ0Lm9yZyIsImNvbnRyYWN0VHlwZSI6InByaXZhdGUiLCJleHRlcm5hbFVzZXJTb3VyY2UiOm51bGwsImdvZE1vZGUiOnRydWUsImVkdWNvbnQiOnt9LCJfaWQiOiI2NWMzNDFiMmI5MmM3YTVmYmFmZWI2MDcifQ.g8I_2Btv7rGXWFT_jbBB9c0iAVhZshRxVIA8nbNqh0s","default","Mon Oct 05 00:40:43 UTC 2026","passed","Mon Oct 05 00:41:10 UTC 2026","Tests Eors","","",""
"","23024","564. EORS: https://edu.ismart.org/catalog/c3aa52-angliiskii-yazik-6-1/1-vzaimootnosheniya-v-seme-i-s-druzyami-semenye-prazdniki-obyazannosti-po-domu_UUtGBH_vfaUzi?view=tasks&categoryCode=c7873e-7-kl&auth=eyJhbGciOiJIUzI1NiIsInR5cCI6IkpXVCJ9.eyJpZCI6IjY1YzM0MWIyYjkyYzdhNWZiYWZlYjYwNyIsImlzQWN0aXZlIjp0cnVlLCJpc0d1ZXN0IjpmYWxzZSwiaXNSZWdpc3RyYXRpb25Db21wbGV0ZSI6dHJ1ZSwiaXNDb25maXJtRW1haWwiOmZhbHNlLCJzdHVkZW50cyI6W10sInV0Y09mZnNldCI6MTgwLCJyb2xlIjoic2Nob29sLXRlYWNoZXIiLCJsYXN0TmFtZSI6IiIsImZpcnN0TmFtZSI6ItCf0YDQvtGE0LXRgdGB0LjQvtC90LDQu9GM0L3Ri9C5IiwicGhvbmVOdW1iZXIiOiIiLCJsb2dpbiI6InRlYWNoZXJfZnVsbEBpc21hcnQub3JnIiwiZW1haWwiOiJ0ZWFjaGVyX2Z1bGxAaXNtYXJ0Lm9yZyIsImNvbnRyYWN0VHlwZSI6InByaXZhdGUiLCJleHRlcm5hbFVzZXJTb3VyY2UiOm51bGwsImdvZE1vZGUiOnRydWUsImVkdWNvbnQiOnt9LCJfaWQiOiI2NWMzNDFiMmI5MmM3YTVmYmFmZWI2MDcifQ.g8I_2Btv7rGXWFT_jbBB9c0iAVhZshRxVIA8nbNqh0s","default","Mon Oct 05 01:37:07 UTC 2026","passed","Mon Oct 05 01:37:30 UTC 2026","Tests Eors","","",""
"","31138","Каталог заданий: Слабослышащие ""Химия. 2.1"" — Класс 1","default","Mon Oct 05 03:27:42 UTC 2026","passed","Mon Oct 05 03:28:13 UTC 2026","AuTestCatalogTask","","",""
"","13935","Каталог заданий: ТНР ""Информатика. 5.1"" — Класс 5","default","Mon Oct 05 02:52:43 UTC 2026","passed","Mon Oct 05 02:52:57 UTC 2026","AuTestCatalogTask","","",""
"","25186","Каталог заданий: Подготовка к контрольным работам ""Физика"" — Класс 4","default","Mon Oct 05 02:28:31 UTC 2026","passed","Mon Oct 05 02:28:57 UTC 2026","AuTestCatalogTask","","",""
"","59704","Каталог заданий: СПО ""Математика"" — Класс 1","default","Mon Oct 05 02:40:18 UTC 2026","passed","Mon Oct 05 02:41:18 UTC 2026","AuTestCatalogTask","","",""
"","89114","Каталог заданий: Школьная программа ""Биология"" — Класс 7","default","Mon Oct 05 02:06:10 UTC 2026","passed","Mon Oct 05 02:07:39 UTC 2026","AuTestCatalogTask","","",""
"","18865","Каталог заданий: Подготовка к контрольным работам ""Литература"" — Класс 4","default","Mon Oct 05 02:29:02 UTC 2026","passed","Mon Oct 05 02:29:21 UTC 2026","AuTestCatalogTask","","",""
"","48176","551. EORS: https://edu.ismart.org/catalog/7f3b68-geometriya-narushenie-sluha/1-nachalnye-ponyatiya-geometrii_2EGnvT?view=tasks&categoryCode=c1f47e-geometriya-7-kl&auth=eyJhbGciOiJIUzI1NiIsInR5cCI6IkpXVCJ9.eyJpZCI6IjY1YzM0MWIyYjkyYzdhNWZiYWZlYjYwNyIsImlzQWN0aXZlIjp0cnVlLCJpc0d1ZXN0IjpmYWxzZSwiaXNSZWdpc3RyYXRpb25Db21wbGV0ZSI6dHJ1ZSwiaXNDb25maXJtRW1haWwiOmZhbHNlLCJzdHVkZW50cyI6W10sInV0Y09mZnNldCI6MTgwLCJyb2xlIjoic2Nob29sLXRlYWNoZXIiLCJsYXN0TmFtZSI6IiIsImZpcnN0TmFtZSI6ItCf0YDQvtGE0LXRgdGB0LjQvtC90LDQu9GM0L3Ri9C5IiwicGhvbmVOdW1iZXIiOiIiLCJsb2dpbiI6InRlYWNoZXJfZnVsbEBpc21hcnQub3JnIiwiZW1haWwiOiJ0ZWFjaGVyX2Z1bGxAaXNtYXJ0Lm9yZyIsImNvbnRyYWN0VHlwZSI6InByaXZhdGUiLCJleHRlcm5hbFVzZXJTb3VyY2UiOm51bGwsImdvZE1vZGUiOnRydWUsImVkdWNvbnQiOnt9LCJfaWQiOiI2NWMzNDFiMmI5MmM3YTVmYmFmZWI2MDcifQ.g8I_2Btv7rGXWFT_jbBB9c0iAVhZshRxVIA8nbNqh0s","default","Mon Oct 05 01:35:18 UTC 2026","failed","Mon Oct 05 01:36:07 UTC 2026","Tests Eors","","",""
"","25885","Каталог заданий: Нарушение слуха ""Математика. 1.1"" — Класс 3","default","Mon Oct 05 03:13:41 UTC 2026","passed","Mon Oct 05 03:14:07 UTC 2026","AuTestCatalogTask","","",""
"","24593","Каталог заданий: Повторение пройденного материала ""Английский язык"" — Класс 4","default","Mon Oct 05 02:33:42 UTC 2026","passed","Mon Oct 05 02:34:06 UTC 2026","AuTestCatalogTask","","",""
"","44146","Каталог заданий: РАС ""Биология. 8.1"" — Класс 7","default","Mon Oct 05 03:56:14 UTC 2026","passed","Mon Oct 05 03:56:58 UTC 2026","AuTestCatalogTask","","",""
"","25077","54. EORS: https://edu.ismart.org/catalog/8dc0be-algebra/1-chisla-i-vychisleniya?categoryCode=15cfb3-algebra-9-klass&view=tasks&auth=eyJhbGciOiJIUzI1NiIsInR5cCI6IkpXVCJ9.eyJpZCI6IjY1YzM0MWIyYjkyYzdhNWZiYWZlYjYwNyIsImlzQWN0aXZlIjp0cnVlLCJpc0d1ZXN0IjpmYWxzZSwiaXNSZWdpc3RyYXRpb25Db21wbGV0ZSI6dHJ1ZSwiaXNDb25maXJtRW1haWwiOmZhbHNlLCJzdHVkZW50cyI6W10sInV0Y09mZnNldCI6MTgwLCJyb2xlIjoic2Nob29sLXRlYWNoZXIiLCJsYXN0TmFtZSI6IiIsImZpcnN0TmFtZSI6ItCf0YDQvtGE0LXRgdGB0LjQvtC90LDQu9GM0L3Ri9C5IiwicGhvbmVOdW1iZXIiOiIiLCJsb2dpbiI6InRlYWNoZXJfZnVsbEBpc21hcnQub3JnIiwiZW1haWwiOiJ0ZWFjaGVyX2Z1bGxAaXNtYXJ0Lm9yZyIsImNvbnRyYWN0VHlwZSI6InByaXZhdGUiLCJleHRlcm5hbFVzZXJTb3VyY2UiOm51bGwsImdvZE1vZGUiOnRydWUsImVkdWNvbnQiOnt9LCJfaWQiOiI2NWMzNDFiMmI5MmM3YTVmYmFmZWI2MDcifQ.g8I_2Btv7rGXWFT_jbBB9c0iAVhZshRxVIA8nbNqh0s","default","Mon Oct 05 00:29:19 UTC 2026","passed","Mon Oct 05 00:29:44 UTC 2026","Tests Eors","","",""
"","25350","Каталог заданий: Повторение пройденного материала ""Геометрия"" — Класс 4","default","Mon Oct 05 02:36:33 UTC 2026","passed","Mon Oct 05 02:36:59 UTC 2026","AuTestCatalogTask","","",""
"","20482","8. EORS: https://edu.ismart.org/catalog/d863c5-fizika-tnr/1-vvedenie-v-predmet-fizika_62KvSu?view=tasks&categoryCode=045eb6-7-klass&auth=eyJhbGciOiJIUzI1NiIsInR5cCI6IkpXVCJ9.eyJpZCI6IjY1YzM0MWIyYjkyYzdhNWZiYWZlYjYwNyIsImlzQWN0aXZlIjp0cnVlLCJpc0d1ZXN0IjpmYWxzZSwiaXNSZWdpc3RyYXRpb25Db21wbGV0ZSI6dHJ1ZSwiaXNDb25maXJtRW1haWwiOmZhbHNlLCJzdHVkZW50cyI6W10sInV0Y09mZnNldCI6MTgwLCJyb2xlIjoic2Nob29sLXRlYWNoZXIiLCJsYXN0TmFtZSI6IiIsImZpcnN0TmFtZSI6ItCf0YDQvtGE0LXRgdGB0LjQvtC90LDQu9GM0L3Ri9C5IiwicGhvbmVOdW1iZXIiOiIiLCJsb2dpbiI6InRlYWNoZXJfZnVsbEBpc21hcnQub3JnIiwiZW1haWwiOiJ0ZWFjaGVyX2Z1bGxAaXNtYXJ0Lm9yZyIsImNvbnRyYWN0VHlwZSI6InByaXZhdGUiLCJleHRlcm5hbFVzZXJTb3VyY2UiOm51bGwsImdvZE1vZGUiOnRydWUsImVkdWNvbnQiOnt9LCJfaWQiOiI2NWMzNDFiMmI5MmM3YTVmYmFmZWI2MDcifQ.g8I_2Btv7rGXWFT_jbBB9c0iAVhZshRxVIA8nbNqh0s","default","Mon Oct 05 00:23:02 UTC 2026","passed","Mon Oct 05 00:23:23 UTC 2026","Tests Eors","","",""
"","62917","252. EORS: https://edu.ismart.org/catalog/907a4e-algebra-zpr/1-chisla-i-vychisleniya_FZMfAP?view=tasks&categoryCode=5443ab-algebra-8-kl&auth=eyJhbGciOiJIUzI1NiIsInR5cCI6IkpXVCJ9.eyJpZCI6IjY1YzM0MWIyYjkyYzdhNWZiYWZlYjYwNyIsImlzQWN0aXZlIjp0cnVlLCJpc0d1ZXN0IjpmYWxzZSwiaXNSZWdpc3RyYXRpb25Db21wbGV0ZSI6dHJ1ZSwiaXNDb25maXJtRW1haWwiOmZhbHNlLCJzdHVkZW50cyI6W10sInV0Y09mZnNldCI6MTgwLCJyb2xlIjoic2Nob29sLXRlYWNoZXIiLCJsYXN0TmFtZSI6IiIsImZpcnN0TmFtZSI6ItCf0YDQvtGE0LXRgdGB0LjQvtC90LDQu9GM0L3Ri9C5IiwicGhvbmVOdW1iZXIiOiIiLCJsb2dpbiI6InRlYWNoZXJfZnVsbEBpc21hcnQub3JnIiwiZW1haWwiOiJ0ZWFjaGVyX2Z1bGxAaXNtYXJ0Lm9yZyIsImNvbnRyYWN0VHlwZSI6InByaXZhdGUiLCJleHRlcm5hbFVzZXJTb3VyY2UiOm51bGwsImdvZE1vZGUiOnRydWUsImVkdWNvbnQiOnt9LCJfaWQiOiI2NWMzNDFiMmI5MmM3YTVmYmFmZWI2MDcifQ.g8I_2Btv7rGXWFT_jbBB9c0iAVhZshRxVIA8nbNqh0s","default","Mon Oct 05 00:55:06 UTC 2026","failed","Mon Oct 05 00:56:09 UTC 2026","Tests Eors","","",""
"","497","58. EORS: https://edu.ismart.org/catalog/95d37e-biologiya-1-1/1-ponyatie-o-jizni-i-priznaki-jivogo_ASf5cM_s4cCqP?view=tasks&categoryCode=1806a0-5-klass&auth=eyJhbGciOiJIUzI1NiIsInR5cCI6IkpXVCJ9.eyJpZCI6IjY1YzM0MWIyYjkyYzdhNWZiYWZlYjYwNyIsImlzQWN0aXZlIjp0cnVlLCJpc0d1ZXN0IjpmYWxzZSwiaXNSZWdpc3RyYXRpb25Db21wbGV0ZSI6dHJ1ZSwiaXNDb25maXJtRW1haWwiOmZhbHNlLCJzdHVkZW50cyI6W10sInV0Y09mZnNldCI6MTgwLCJyb2xlIjoic2Nob29sLXRlYWNoZXIiLCJsYXN0TmFtZSI6IiIsImZpcnN0TmFtZSI6ItCf0YDQvtGE0LXRgdGB0LjQvtC90LDQu9GM0L3Ri9C5IiwicGhvbmVOdW1iZXIiOiIiLCJsb2dpbiI6InRlYWNoZXJfZnVsbEBpc21hcnQub3JnIiwiZW1haWwiOiJ0ZWFjaGVyX2Z1bGxAaXNtYXJ0Lm9yZyIsImNvbnRyYWN0VHlwZSI6InByaXZhdGUiLCJleHRlcm5hbFVzZXJTb3VyY2UiOm51bGwsImdvZE1vZGUiOnRydWUsImVkdWNvbnQiOnt9LCJfaWQiOiI2NWMzNDFiMmI5MmM3YTVmYmFmZWI2MDcifQ.g8I_2Btv7rGXWFT_jbBB9c0iAVhZshRxVIA8nbNqh0s","default","Mon Oct 05 00:29:45 UTC 2026","failed","Mon Oct 05 00:29:45 UTC 2026","Tests Eors","","",""
"","21480","Каталог заданий: Подготовка к контрольным работам ""Английский язык"" — Класс 8","default","Mon Oct 05 02:26:50 UTC 2026","passed","Mon Oct 05 02:27:11 UTC 2026","AuTestCatalogTask","","",""
"","26780","Каталог заданий: Школьная программа ""Английский язык"" — Класс 5","default","Mon Oct 05 02:06:54 UTC 2026","passed","Mon Oct 05 02:07:21 UTC 2026","AuTestCatalogTask","","",""
"","26482","Каталог заданий: Подготовка к контрольным работам ""Алгебра и начала мат. анализа"" — Класс 1","default","Mon Oct 05 02:27:04 UTC 2026","passed","Mon Oct 05 02:27:30 UTC 2026","AuTestCatalogTask","","",""
"","38532","637. EORS: https://edu.ismart.org/catalog/9462b8-matematika-noda/100-1-chisla-i-velichiny-chisla-v-predelah-100_3EXosM?view=tasks&categoryCode=dc875b-matematika-2-kl&auth=eyJhbGciOiJIUzI1NiIsInR5cCI6IkpXVCJ9.eyJpZCI6IjY1YzM0MWIyYjkyYzdhNWZiYWZlYjYwNyIsImlzQWN0aXZlIjp0cnVlLCJpc0d1ZXN0IjpmYWxzZSwiaXNSZWdpc3RyYXRpb25Db21wbGV0ZSI6dHJ1ZSwiaXNDb25maXJtRW1haWwiOmZhbHNlLCJzdHVkZW50cyI6W10sInV0Y09mZnNldCI6MTgwLCJyb2xlIjoic2Nob29sLXRlYWNoZXIiLCJsYXN0TmFtZSI6IiIsImZpcnN0TmFtZSI6ItCf0YDQvtGE0LXRgdGB0LjQvtC90LDQu9GM0L3Ri9C5IiwicGhvbmVOdW1iZXIiOiIiLCJsb2dpbiI6InRlYWNoZXJfZnVsbEBpc21hcnQub3JnIiwiZW1haWwiOiJ0ZWFjaGVyX2Z1bGxAaXNtYXJ0Lm9yZyIsImNvbnRyYWN0VHlwZSI6InByaXZhdGUiLCJleHRlcm5hbFVzZXJTb3VyY2UiOm51bGwsImdvZE1vZGUiOnRydWUsImVkdWNvbnQiOnt9LCJfaWQiOiI2NWMzNDFiMmI5MmM3YTVmYmFmZWI2MDcifQ.g8I_2Btv7rGXWFT_jbBB9c0iAVhZshRxVIA8nbNqh0s","default","Mon Oct 05 01:49:01 UTC 2026","passed","Mon Oct 05 01:49:39 UTC 2026","Tests Eors","","",""
"","11188","Каталог заданий: Русский язык пакеты ""Орфографическая грамотность (1-4 кл.)"" — Класс 4","default","Mon Oct 05 02:42:56 UTC 2026","passed","Mon Oct 05 02:43:07 UTC 2026","AuTestCatalogTask","","",""
"","23299","549. EORS: https://edu.ismart.org/catalog/9efff0-veroyatnost-i-statistika-4-1/10-elementy-kombinatoriki-veroyatnost-i-statistika_xRd8ot_Bo5M45?view=tasks&categoryCode=c19bb9-9-kl&auth=eyJhbGciOiJIUzI1NiIsInR5cCI6IkpXVCJ9.eyJpZCI6IjY1YzM0MWIyYjkyYzdhNWZiYWZlYjYwNyIsImlzQWN0aXZlIjp0cnVlLCJpc0d1ZXN0IjpmYWxzZSwiaXNSZWdpc3RyYXRpb25Db21wbGV0ZSI6dHJ1ZSwiaXNDb25maXJtRW1haWwiOmZhbHNlLCJzdHVkZW50cyI6W10sInV0Y09mZnNldCI6MTgwLCJyb2xlIjoic2Nob29sLXRlYWNoZXIiLCJsYXN0TmFtZSI6IiIsImZpcnN0TmFtZSI6ItCf0YDQvtGE0LXRgdGB0LjQvtC90LDQu9GM0L3Ri9C5IiwicGhvbmVOdW1iZXIiOiIiLCJsb2dpbiI6InRlYWNoZXJfZnVsbEBpc21hcnQub3JnIiwiZW1haWwiOiJ0ZWFjaGVyX2Z1bGxAaXNtYXJ0Lm9yZyIsImNvbnRyYWN0VHlwZSI6InByaXZhdGUiLCJleHRlcm5hbFVzZXJTb3VyY2UiOm51bGwsImdvZE1vZGUiOnRydWUsImVkdWNvbnQiOnt9LCJfaWQiOiI2NWMzNDFiMmI5MmM3YTVmYmFmZWI2MDcifQ.g8I_2Btv7rGXWFT_jbBB9c0iAVhZshRxVIA8nbNqh0s","default","Mon Oct 05 01:35:09 UTC 2026","passed","Mon Oct 05 01:35:32 UTC 2026","Tests Eors","","",""
"","23391","658. EORS: https://edu.ismart.org/catalog/d3287c-matematika-slepie-uchaschiesya/100-1-chisla-i-velichiny-chisla-v-predelah-1000_LYHFfi?view=tasks&categoryCode=e378da-matematika-3-kl&auth=eyJhbGciOiJIUzI1NiIsInR5cCI6IkpXVCJ9.eyJpZCI6IjY1YzM0MWIyYjkyYzdhNWZiYWZlYjYwNyIsImlzQWN0aXZlIjp0cnVlLCJpc0d1ZXN0IjpmYWxzZSwiaXNSZWdpc3RyYXRpb25Db21wbGV0ZSI6dHJ1ZSwiaXNDb25maXJtRW1haWwiOmZhbHNlLCJzdHVkZW50cyI6W10sInV0Y09mZnNldCI6MTgwLCJyb2xlIjoic2Nob29sLXRlYWNoZXIiLCJsYXN0TmFtZSI6IiIsImZpcnN0TmFtZSI6ItCf0YDQvtGE0LXRgdGB0LjQvtC90LDQu9GM0L3Ri9C5IiwicGhvbmVOdW1iZXIiOiIiLCJsb2dpbiI6InRlYWNoZXJfZnVsbEBpc21hcnQub3JnIiwiZW1haWwiOiJ0ZWFjaGVyX2Z1bGxAaXNtYXJ0Lm9yZyIsImNvbnRyYWN0VHlwZSI6InByaXZhdGUiLCJleHRlcm5hbFVzZXJTb3VyY2UiOm51bGwsImdvZE1vZGUiOnRydWUsImVkdWNvbnQiOnt9LCJfaWQiOiI2NWMzNDFiMmI5MmM3YTVmYmFmZWI2MDcifQ.g8I_2Btv7rGXWFT_jbBB9c0iAVhZshRxVIA8nbNqh0s","default","Mon Oct 05 01:51:53 UTC 2026","passed","Mon Oct 05 01:52:17 UTC 2026","Tests Eors","","",""
"","15162","Каталог заданий: ЗПР ""Вероятность и статистика. 7.1"" — Класс 3","default","Mon Oct 05 03:39:11 UTC 2026","passed","Mon Oct 05 03:39:26 UTC 2026","AuTestCatalogTask","","",""
"","22966","738. EORS: https://edu.ismart.org/catalog/d9cdcf-veroyatnost-i-statistika-7-1/13-matematicheskoe-ojidanie-sluchano-velichiny-veroyatnost-i-statistika_B70xF8_IYII8F?view=tasks&categoryCode=fe9cab-11-kl&auth=eyJhbGciOiJIUzI1NiIsInR5cCI6IkpXVCJ9.eyJpZCI6IjY1YzM0MWIyYjkyYzdhNWZiYWZlYjYwNyIsImlzQWN0aXZlIjp0cnVlLCJpc0d1ZXN0IjpmYWxzZSwiaXNSZWdpc3RyYXRpb25Db21wbGV0ZSI6dHJ1ZSwiaXNDb25maXJtRW1haWwiOmZhbHNlLCJzdHVkZW50cyI6W10sInV0Y09mZnNldCI6MTgwLCJyb2xlIjoic2Nob29sLXRlYWNoZXIiLCJsYXN0TmFtZSI6IiIsImZpcnN0TmFtZSI6ItCf0YDQvtGE0LXRgdGB0LjQvtC90LDQu9GM0L3Ri9C5IiwicGhvbmVOdW1iZXIiOiIiLCJsb2dpbiI6InRlYWNoZXJfZnVsbEBpc21hcnQub3JnIiwiZW1haWwiOiJ0ZWFjaGVyX2Z1bGxAaXNtYXJ0Lm9yZyIsImNvbnRyYWN0VHlwZSI6InByaXZhdGUiLCJleHRlcm5hbFVzZXJTb3VyY2UiOm51bGwsImdvZE1vZGUiOnRydWUsImVkdWNvbnQiOnt9LCJfaWQiOiI2NWMzNDFiMmI5MmM3YTVmYmFmZWI2MDcifQ.g8I_2Btv7rGXWFT_jbBB9c0iAVhZshRxVIA8nbNqh0s","default","Mon Oct 05 02:02:02 UTC 2026","passed","Mon Oct 05 02:02:25 UTC 2026","Tests Eors","","",""
"","27013","Каталог заданий: Подготовка к ЕГЭ ""История""","default","Mon Oct 05 02:19:57 UTC 2026","passed","Mon Oct 05 02:20:24 UTC 2026","AuTestCatalogTask","","",""
"","40468","Каталог заданий: ЗПР ""Окружающий мир. 7.1"" — Класс 3","default","Mon Oct 05 03:32:55 UTC 2026","passed","Mon Oct 05 03:33:36 UTC 2026","AuTestCatalogTask","","",""
"","36803","Каталог заданий: Слабослышащие ""История. 2.1"" — Класс 5","default","Mon Oct 05 03:27:05 UTC 2026","passed","Mon Oct 05 03:27:42 UTC 2026","AuTestCatalogTask","","",""
"","15133","Каталог заданий: Подготовка к контрольным работам ""Геометрия"" — Класс 5","default","Mon Oct 05 02:28:01 UTC 2026","passed","Mon Oct 05 02:28:16 UTC 2026","AuTestCatalogTask","","",""
"","21443","630. EORS: https://edu.ismart.org/catalog/44b1bc-biologiya-tnr/1-zoologiya--nauka-o-jivotnyh_ntm9oC?view=tasks&categoryCode=d703da-biologiya-8-kl&auth=eyJhbGciOiJIUzI1NiIsInR5cCI6IkpXVCJ9.eyJpZCI6IjY1YzM0MWIyYjkyYzdhNWZiYWZlYjYwNyIsImlzQWN0aXZlIjp0cnVlLCJpc0d1ZXN0IjpmYWxzZSwiaXNSZWdpc3RyYXRpb25Db21wbGV0ZSI6dHJ1ZSwiaXNDb25maXJtRW1haWwiOmZhbHNlLCJzdHVkZW50cyI6W10sInV0Y09mZnNldCI6MTgwLCJyb2xlIjoic2Nob29sLXRlYWNoZXIiLCJsYXN0TmFtZSI6IiIsImZpcnN0TmFtZSI6ItCf0YDQvtGE0LXRgdGB0LjQvtC90LDQu9GM0L3Ri9C5IiwicGhvbmVOdW1iZXIiOiIiLCJsb2dpbiI6InRlYWNoZXJfZnVsbEBpc21hcnQub3JnIiwiZW1haWwiOiJ0ZWFjaGVyX2Z1bGxAaXNtYXJ0Lm9yZyIsImNvbnRyYWN0VHlwZSI6InByaXZhdGUiLCJleHRlcm5hbFVzZXJTb3VyY2UiOm51bGwsImdvZE1vZGUiOnRydWUsImVkdWNvbnQiOnt9LCJfaWQiOiI2NWMzNDFiMmI5MmM3YTVmYmFmZWI2MDcifQ.g8I_2Btv7rGXWFT_jbBB9c0iAVhZshRxVIA8nbNqh0s","default","Mon Oct 05 01:48:10 UTC 2026","passed","Mon Oct 05 01:48:31 UTC 2026","Tests Eors","","",""
"","26863","179. EORS: https://edu.ismart.org/catalog/4f1fcc-angliiskii-yazik-7-1/1-v-gostyah-welcome-home_a4kT3V_INhSQv?view=tasks&categoryCode=3f582f-10-kl&auth=eyJhbGciOiJIUzI1NiIsInR5cCI6IkpXVCJ9.eyJpZCI6IjY1YzM0MWIyYjkyYzdhNWZiYWZlYjYwNyIsImlzQWN0aXZlIjp0cnVlLCJpc0d1ZXN0IjpmYWxzZSwiaXNSZWdpc3RyYXRpb25Db21wbGV0ZSI6dHJ1ZSwiaXNDb25maXJtRW1haWwiOmZhbHNlLCJzdHVkZW50cyI6W10sInV0Y09mZnNldCI6MTgwLCJyb2xlIjoic2Nob29sLXRlYWNoZXIiLCJsYXN0TmFtZSI6IiIsImZpcnN0TmFtZSI6ItCf0YDQvtGE0LXRgdGB0LjQvtC90LDQu9GM0L3Ri9C5IiwicGhvbmVOdW1iZXIiOiIiLCJsb2dpbiI6InRlYWNoZXJfZnVsbEBpc21hcnQub3JnIiwiZW1haWwiOiJ0ZWFjaGVyX2Z1bGxAaXNtYXJ0Lm9yZyIsImNvbnRyYWN0VHlwZSI6InByaXZhdGUiLCJleHRlcm5hbFVzZXJTb3VyY2UiOm51bGwsImdvZE1vZGUiOnRydWUsImVkdWNvbnQiOnt9LCJfaWQiOiI2NWMzNDFiMmI5MmM3YTVmYmFmZWI2MDcifQ.g8I_2Btv7rGXWFT_jbBB9c0iAVhZshRxVIA8nbNqh0s","default","Mon Oct 05 00:45:16 UTC 2026","passed","Mon Oct 05 00:45:43 UTC 2026","Tests Eors","","",""
"","22173","Каталог заданий: Школьная программа ""Окружающий мир (2)"" — Класс 4","default","Mon Oct 05 02:11:54 UTC 2026","passed","Mon Oct 05 02:12:16 UTC 2026","AuTestCatalogTask","","",""
"","20403","Каталог заданий: Подготовка к ВПР ""Математика. Варианты КИМ""","default","Mon Oct 05 02:24:48 UTC 2026","passed","Mon Oct 05 02:25:08 UTC 2026","AuTestCatalogTask","","",""
"","19789","Каталог заданий: Специальные курсы ""Физика. Базовый уровень"" — Класс 1","default","Mon Oct 05 02:41:40 UTC 2026","passed","Mon Oct 05 02:42:00 UTC 2026","AuTestCatalogTask","","",""
"","25422","522. EORS: https://edu.ismart.org/catalog/53cf43-himiya-1-1/1-vvedenie-v-himiu_QCHMy0_PzYxLV?view=tasks&categoryCode=b7d6ce-8-klass&auth=eyJhbGciOiJIUzI1NiIsInR5cCI6IkpXVCJ9.eyJpZCI6IjY1YzM0MWIyYjkyYzdhNWZiYWZlYjYwNyIsImlzQWN0aXZlIjp0cnVlLCJpc0d1ZXN0IjpmYWxzZSwiaXNSZWdpc3RyYXRpb25Db21wbGV0ZSI6dHJ1ZSwiaXNDb25maXJtRW1haWwiOmZhbHNlLCJzdHVkZW50cyI6W10sInV0Y09mZnNldCI6MTgwLCJyb2xlIjoic2Nob29sLXRlYWNoZXIiLCJsYXN0TmFtZSI6IiIsImZpcnN0TmFtZSI6ItCf0YDQvtGE0LXRgdGB0LjQvtC90LDQu9GM0L3Ri9C5IiwicGhvbmVOdW1iZXIiOiIiLCJsb2dpbiI6InRlYWNoZXJfZnVsbEBpc21hcnQub3JnIiwiZW1haWwiOiJ0ZWFjaGVyX2Z1bGxAaXNtYXJ0Lm9yZyIsImNvbnRyYWN0VHlwZSI6InByaXZhdGUiLCJleHRlcm5hbFVzZXJTb3VyY2UiOm51bGwsImdvZE1vZGUiOnRydWUsImVkdWNvbnQiOnt9LCJfaWQiOiI2NWMzNDFiMmI5MmM3YTVmYmFmZWI2MDcifQ.g8I_2Btv7rGXWFT_jbBB9c0iAVhZshRxVIA8nbNqh0s","default","Mon Oct 05 01:31:30 UTC 2026","passed","Mon Oct 05 01:31:56 UTC 2026","Tests Eors","","",""
"","24644","Каталог заданий: Повторение пройденного материала ""Английский язык"" — Класс 8","default","Mon Oct 05 02:34:06 UTC 2026","passed","Mon Oct 05 02:34:31 UTC 2026","AuTestCatalogTask","","",""
"","36100","82. EORS: https://edu.ismart.org/catalog/208f8d-russkii-yazik-zpr/1-chto-mi-znaem-o-zvukah-i-bukvah_gntRiT?view=tasks&categoryCode=1cd278-russkii-yazik-1-kl&auth=eyJhbGciOiJIUzI1NiIsInR5cCI6IkpXVCJ9.eyJpZCI6IjY1YzM0MWIyYjkyYzdhNWZiYWZlYjYwNyIsImlzQWN0aXZlIjp0cnVlLCJpc0d1ZXN0IjpmYWxzZSwiaXNSZWdpc3RyYXRpb25Db21wbGV0ZSI6dHJ1ZSwiaXNDb25maXJtRW1haWwiOmZhbHNlLCJzdHVkZW50cyI6W10sInV0Y09mZnNldCI6MTgwLCJyb2xlIjoic2Nob29sLXRlYWNoZXIiLCJsYXN0TmFtZSI6IiIsImZpcnN0TmFtZSI6ItCf0YDQvtGE0LXRgdGB0LjQvtC90LDQu9GM0L3Ri9C5IiwicGhvbmVOdW1iZXIiOiIiLCJsb2dpbiI6InRlYWNoZXJfZnVsbEBpc21hcnQub3JnIiwiZW1haWwiOiJ0ZWFjaGVyX2Z1bGxAaXNtYXJ0Lm9yZyIsImNvbnRyYWN0VHlwZSI6InByaXZhdGUiLCJleHRlcm5hbFVzZXJTb3VyY2UiOm51bGwsImdvZE1vZGUiOnRydWUsImVkdWNvbnQiOnt9LCJfaWQiOiI2NWMzNDFiMmI5MmM3YTVmYmFmZWI2MDcifQ.g8I_2Btv7rGXWFT_jbBB9c0iAVhZshRxVIA8nbNqh0s","default","Mon Oct 05 00:33:22 UTC 2026","passed","Mon Oct 05 00:33:58 UTC 2026","Tests Eors","","",""
"","27123","Каталог заданий: ЗПР ""Английский язык. 7.1"" — Класс 8","default","Mon Oct 05 03:38:44 UTC 2026","passed","Mon Oct 05 03:39:11 UTC 2026","AuTestCatalogTask","","",""
"","29027","Каталог заданий: ТНР ""Окружающий мир. 5.1"" — Класс 2","default","Mon Oct 05 02:47:30 UTC 2026","passed","Mon Oct 05 02:47:59 UTC 2026","AuTestCatalogTask","","",""
"","21856","Каталог заданий: Слабовидящие ""Русский язык. 4.1"" — Класс 6","default","Mon Oct 05 03:03:41 UTC 2026","passed","Mon Oct 05 03:04:03 UTC 2026","AuTestCatalogTask","","",""
"","41085","619. EORS: https://edu.ismart.org/catalog/d191fd-obschestvoznanie-oge/199-znakomimsya-s-oge?view=tasks&class=61a71c551b0ad63754c198e9&auth=eyJhbGciOiJIUzI1NiIsInR5cCI6IkpXVCJ9.eyJpZCI6IjY1YzM0MWIyYjkyYzdhNWZiYWZlYjYwNyIsImlzQWN0aXZlIjp0cnVlLCJpc0d1ZXN0IjpmYWxzZSwiaXNSZWdpc3RyYXRpb25Db21wbGV0ZSI6dHJ1ZSwiaXNDb25maXJtRW1haWwiOmZhbHNlLCJzdHVkZW50cyI6W10sInV0Y09mZnNldCI6MTgwLCJyb2xlIjoic2Nob29sLXRlYWNoZXIiLCJsYXN0TmFtZSI6IiIsImZpcnN0TmFtZSI6ItCf0YDQvtGE0LXRgdGB0LjQvtC90LDQu9GM0L3Ri9C5IiwicGhvbmVOdW1iZXIiOiIiLCJsb2dpbiI6InRlYWNoZXJfZnVsbEBpc21hcnQub3JnIiwiZW1haWwiOiJ0ZWFjaGVyX2Z1bGxAaXNtYXJ0Lm9yZyIsImNvbnRyYWN0VHlwZSI6InByaXZhdGUiLCJleHRlcm5hbFVzZXJTb3VyY2UiOm51bGwsImdvZE1vZGUiOnRydWUsImVkdWNvbnQiOnt9LCJfaWQiOiI2NWMzNDFiMmI5MmM3YTVmYmFmZWI2MDcifQ.g8I_2Btv7rGXWFT_jbBB9c0iAVhZshRxVIA8nbNqh0s","default","Mon Oct 05 01:46:32 UTC 2026","failed","Mon Oct 05 01:47:13 UTC 2026","Tests Eors","","",""
"","19808","Каталог заданий: ТНР ""Физика. 5.1"" — Класс 5","default","Mon Oct 05 02:50:16 UTC 2026","passed","Mon Oct 05 02:50:36 UTC 2026","AuTestCatalogTask","","",""
"","22846","Каталог заданий: Слабовидящие ""Английский язык. 4.1"" — Класс 3","default","Mon Oct 05 03:08:34 UTC 2026","passed","Mon Oct 05 03:08:56 UTC 2026","AuTestCatalogTask","","",""
"","20238","425. EORS: https://edu.ismart.org/catalog/05cee6-russkii-yazik-2-1/orfografiya_4QCBiU_IHnrDe?view=tasks&categoryCode=94011f-8-klass&auth=eyJhbGciOiJIUzI1NiIsInR5cCI6IkpXVCJ9.eyJpZCI6IjY1YzM0MWIyYjkyYzdhNWZiYWZlYjYwNyIsImlzQWN0aXZlIjp0cnVlLCJpc0d1ZXN0IjpmYWxzZSwiaXNSZWdpc3RyYXRpb25Db21wbGV0ZSI6dHJ1ZSwiaXNDb25maXJtRW1haWwiOmZhbHNlLCJzdHVkZW50cyI6W10sInV0Y09mZnNldCI6MTgwLCJyb2xlIjoic2Nob29sLXRlYWNoZXIiLCJsYXN0TmFtZSI6IiIsImZpcnN0TmFtZSI6ItCf0YDQvtGE0LXRgdGB0LjQvtC90LDQu9GM0L3Ri9C5IiwicGhvbmVOdW1iZXIiOiIiLCJsb2dpbiI6InRlYWNoZXJfZnVsbEBpc21hcnQub3JnIiwiZW1haWwiOiJ0ZWFjaGVyX2Z1bGxAaXNtYXJ0Lm9yZyIsImNvbnRyYWN0VHlwZSI6InByaXZhdGUiLCJleHRlcm5hbFVzZXJTb3VyY2UiOm51bGwsImdvZE1vZGUiOnRydWUsImVkdWNvbnQiOnt9LCJfaWQiOiI2NWMzNDFiMmI5MmM3YTVmYmFmZWI2MDcifQ.g8I_2Btv7rGXWFT_jbBB9c0iAVhZshRxVIA8nbNqh0s","default","Mon Oct 05 01:17:27 UTC 2026","passed","Mon Oct 05 01:17:47 UTC 2026","Tests Eors","","",""
"","16827","Каталог заданий: Школьная программа ""Вероятность и статистика"" — Класс 3","default","Mon Oct 05 02:11:00 UTC 2026","passed","Mon Oct 05 02:11:17 UTC 2026","AuTestCatalogTask","","",""
"","21361","282. EORS: https://edu.ismart.org/catalog/2a5e18-russkii-yazik-1-ntr/orfografiya_4QCBiU?view=tasks&categoryCode=6066b5-russkii-yazik-8-klass&auth=eyJhbGciOiJIUzI1NiIsInR5cCI6IkpXVCJ9.eyJpZCI6IjY1YzM0MWIyYjkyYzdhNWZiYWZlYjYwNyIsImlzQWN0aXZlIjp0cnVlLCJpc0d1ZXN0IjpmYWxzZSwiaXNSZWdpc3RyYXRpb25Db21wbGV0ZSI6dHJ1ZSwiaXNDb25maXJtRW1haWwiOmZhbHNlLCJzdHVkZW50cyI6W10sInV0Y09mZnNldCI6MTgwLCJyb2xlIjoic2Nob29sLXRlYWNoZXIiLCJsYXN0TmFtZSI6IiIsImZpcnN0TmFtZSI6ItCf0YDQvtGE0LXRgdGB0LjQvtC90LDQu9GM0L3Ri9C5IiwicGhvbmVOdW1iZXIiOiIiLCJsb2dpbiI6InRlYWNoZXJfZnVsbEBpc21hcnQub3JnIiwiZW1haWwiOiJ0ZWFjaGVyX2Z1bGxAaXNtYXJ0Lm9yZyIsImNvbnRyYWN0VHlwZSI6InByaXZhdGUiLCJleHRlcm5hbFVzZXJTb3VyY2UiOm51bGwsImdvZE1vZGUiOnRydWUsImVkdWNvbnQiOnt9LCJfaWQiOiI2NWMzNDFiMmI5MmM3YTVmYmFmZWI2MDcifQ.g8I_2Btv7rGXWFT_jbBB9c0iAVhZshRxVIA8nbNqh0s","default","Mon Oct 05 00:59:31 UTC 2026","passed","Mon Oct 05 00:59:52 UTC 2026","Tests Eors","","",""
"","29498","Каталог заданий: Школьная программа ""Математика"" — Класс 4","default","Mon Oct 05 02:02:31 UTC 2026","passed","Mon Oct 05 02:03:01 UTC 2026","AuTestCatalogTask","","",""
"","23866","663. EORS: https://edu.ismart.org/catalog/e6a486-set-logika/1-logicheskie-zadachi-1-klass-chast-1?view=tasks&class=5a3cef0b8409440019b57b36&auth=eyJhbGciOiJIUzI1NiIsInR5cCI6IkpXVCJ9.eyJpZCI6IjY1YzM0MWIyYjkyYzdhNWZiYWZlYjYwNyIsImlzQWN0aXZlIjp0cnVlLCJpc0d1ZXN0IjpmYWxzZSwiaXNSZWdpc3RyYXRpb25Db21wbGV0ZSI6dHJ1ZSwiaXNDb25maXJtRW1haWwiOmZhbHNlLCJzdHVkZW50cyI6W10sInV0Y09mZnNldCI6MTgwLCJyb2xlIjoic2Nob29sLXRlYWNoZXIiLCJsYXN0TmFtZSI6IiIsImZpcnN0TmFtZSI6ItCf0YDQvtGE0LXRgdGB0LjQvtC90LDQu9GM0L3Ri9C5IiwicGhvbmVOdW1iZXIiOiIiLCJsb2dpbiI6InRlYWNoZXJfZnVsbEBpc21hcnQub3JnIiwiZW1haWwiOiJ0ZWFjaGVyX2Z1bGxAaXNtYXJ0Lm9yZyIsImNvbnRyYWN0VHlwZSI6InByaXZhdGUiLCJleHRlcm5hbFVzZXJTb3VyY2UiOm51bGwsImdvZE1vZGUiOnRydWUsImVkdWNvbnQiOnt9LCJfaWQiOiI2NWMzNDFiMmI5MmM3YTVmYmFmZWI2MDcifQ.g8I_2Btv7rGXWFT_jbBB9c0iAVhZshRxVIA8nbNqh0s","default","Mon Oct 05 01:52:32 UTC 2026","passed","Mon Oct 05 01:52:56 UTC 2026","Tests Eors","","",""
"","17523","Каталог заданий: Дополнительное образование ""Геометрия"" — Класс 3","default","Mon Oct 05 02:16:41 UTC 2026","passed","Mon Oct 05 02:16:58 UTC 2026","AuTestCatalogTask","","",""
"","24787","Каталог заданий: ТНР ""Английский язык. 5.1"" — Класс 7","default","Mon Oct 05 02:53:40 UTC 2026","passed","Mon Oct 05 02:54:05 UTC 2026","AuTestCatalogTask","","",""
"","16127","Каталог заданий: РАС ""Физика. 8.1"" — Класс 3","default","Mon Oct 05 03:57:21 UTC 2026","passed","Mon Oct 05 03:57:37 UTC 2026","AuTestCatalogTask","","",""
"","13428","Каталог заданий: Слепые ""Физика. 3.1"" — Класс 2","default","Mon Oct 05 03:02:16 UTC 2026","passed","Mon Oct 05 03:02:30 UTC 2026","AuTestCatalogTask","","",""
"","25487","68. EORS: https://edu.ismart.org/catalog/196815-russkii-yazik-1-klass/133-1-nedelya-vvedenie-v-sintaksis-i-normy-podchineniya?view=tasks&class=61890fee84e9f601793b0348&auth=eyJhbGciOiJIUzI1NiIsInR5cCI6IkpXVCJ9.eyJpZCI6IjY1YzM0MWIyYjkyYzdhNWZiYWZlYjYwNyIsImlzQWN0aXZlIjp0cnVlLCJpc0d1ZXN0IjpmYWxzZSwiaXNSZWdpc3RyYXRpb25Db21wbGV0ZSI6dHJ1ZSwiaXNDb25maXJtRW1haWwiOmZhbHNlLCJzdHVkZW50cyI6W10sInV0Y09mZnNldCI6MTgwLCJyb2xlIjoic2Nob29sLXRlYWNoZXIiLCJsYXN0TmFtZSI6IiIsImZpcnN0TmFtZSI6ItCf0YDQvtGE0LXRgdGB0LjQvtC90LDQu9GM0L3Ri9C5IiwicGhvbmVOdW1iZXIiOiIiLCJsb2dpbiI6InRlYWNoZXJfZnVsbEBpc21hcnQub3JnIiwiZW1haWwiOiJ0ZWFjaGVyX2Z1bGxAaXNtYXJ0Lm9yZyIsImNvbnRyYWN0VHlwZSI6InByaXZhdGUiLCJleHRlcm5hbFVzZXJTb3VyY2UiOm51bGwsImdvZE1vZGUiOnRydWUsImVkdWNvbnQiOnt9LCJfaWQiOiI2NWMzNDFiMmI5MmM3YTVmYmFmZWI2MDcifQ.g8I_2Btv7rGXWFT_jbBB9c0iAVhZshRxVIA8nbNqh0s","default","Mon Oct 05 00:31:41 UTC 2026","passed","Mon Oct 05 00:32:06 UTC 2026","Tests Eors","","",""
"","30493","386. EORS: https://edu.ismart.org/catalog/8f3705-russkii-yazik-noda/1-obshchie-svedeniya-o-yazyke_Yzrg78?view=tasks&categoryCode=833a8e-russkii-yazik-10-kl&auth=eyJhbGciOiJIUzI1NiIsInR5cCI6IkpXVCJ9.eyJpZCI6IjY1YzM0MWIyYjkyYzdhNWZiYWZlYjYwNyIsImlzQWN0aXZlIjp0cnVlLCJpc0d1ZXN0IjpmYWxzZSwiaXNSZWdpc3RyYXRpb25Db21wbGV0ZSI6dHJ1ZSwiaXNDb25maXJtRW1haWwiOmZhbHNlLCJzdHVkZW50cyI6W10sInV0Y09mZnNldCI6MTgwLCJyb2xlIjoic2Nob29sLXRlYWNoZXIiLCJsYXN0TmFtZSI6IiIsImZpcnN0TmFtZSI6ItCf0YDQvtGE0LXRgdGB0LjQvtC90LDQu9GM0L3Ri9C5IiwicGhvbmVOdW1iZXIiOiIiLCJsb2dpbiI6InRlYWNoZXJfZnVsbEBpc21hcnQub3JnIiwiZW1haWwiOiJ0ZWFjaGVyX2Z1bGxAaXNtYXJ0Lm9yZyIsImNvbnRyYWN0VHlwZSI6InByaXZhdGUiLCJleHRlcm5hbFVzZXJTb3VyY2UiOm51bGwsImdvZE1vZGUiOnRydWUsImVkdWNvbnQiOnt9LCJfaWQiOiI2NWMzNDFiMmI5MmM3YTVmYmFmZWI2MDcifQ.g8I_2Btv7rGXWFT_jbBB9c0iAVhZshRxVIA8nbNqh0s","default","Mon Oct 05 01:13:00 UTC 2026","passed","Mon Oct 05 01:13:31 UTC 2026","Tests Eors","","",""
"","24611","537. EORS: https://edu.ismart.org/catalog/bd0a08-informatika/123-1-nedelya-vvedenie-v-osnovy-komputerno-tehniki?view=tasks&class=64bfa63cd00b08794c3f8b29&auth=eyJhbGciOiJIUzI1NiIsInR5cCI6IkpXVCJ9.eyJpZCI6IjY1YzM0MWIyYjkyYzdhNWZiYWZlYjYwNyIsImlzQWN0aXZlIjp0cnVlLCJpc0d1ZXN0IjpmYWxzZSwiaXNSZWdpc3RyYXRpb25Db21wbGV0ZSI6dHJ1ZSwiaXNDb25maXJtRW1haWwiOmZhbHNlLCJzdHVkZW50cyI6W10sInV0Y09mZnNldCI6MTgwLCJyb2xlIjoic2Nob29sLXRlYWNoZXIiLCJsYXN0TmFtZSI6IiIsImZpcnN0TmFtZSI6ItCf0YDQvtGE0LXRgdGB0LjQvtC90LDQu9GM0L3Ri9C5IiwicGhvbmVOdW1iZXIiOiIiLCJsb2dpbiI6InRlYWNoZXJfZnVsbEBpc21hcnQub3JnIiwiZW1haWwiOiJ0ZWFjaGVyX2Z1bGxAaXNtYXJ0Lm9yZyIsImNvbnRyYWN0VHlwZSI6InByaXZhdGUiLCJleHRlcm5hbFVzZXJTb3VyY2UiOm51bGwsImdvZE1vZGUiOnRydWUsImVkdWNvbnQiOnt9LCJfaWQiOiI2NWMzNDFiMmI5MmM3YTVmYmFmZWI2MDcifQ.g8I_2Btv7rGXWFT_jbBB9c0iAVhZshRxVIA8nbNqh0s","default","Mon Oct 05 01:33:31 UTC 2026","passed","Mon Oct 05 01:33:56 UTC 2026","Tests Eors","","",""
"","26307","671. EORS: https://edu.ismart.org/catalog/95bf0a-algebra-slabovidyaschie-uchaschiesya/1-chisla-i-vychisleniya_Dt3nU2?view=tasks&categoryCode=e7fc08-algebra-9-kl&auth=eyJhbGciOiJIUzI1NiIsInR5cCI6IkpXVCJ9.eyJpZCI6IjY1YzM0MWIyYjkyYzdhNWZiYWZlYjYwNyIsImlzQWN0aXZlIjp0cnVlLCJpc0d1ZXN0IjpmYWxzZSwiaXNSZWdpc3RyYXRpb25Db21wbGV0ZSI6dHJ1ZSwiaXNDb25maXJtRW1haWwiOmZhbHNlLCJzdHVkZW50cyI6W10sInV0Y09mZnNldCI6MTgwLCJyb2xlIjoic2Nob29sLXRlYWNoZXIiLCJsYXN0TmFtZSI6IiIsImZpcnN0TmFtZSI6ItCf0YDQvtGE0LXRgdGB0LjQvtC90LDQu9GM0L3Ri9C5IiwicGhvbmVOdW1iZXIiOiIiLCJsb2dpbiI6InRlYWNoZXJfZnVsbEBpc21hcnQub3JnIiwiZW1haWwiOiJ0ZWFjaGVyX2Z1bGxAaXNtYXJ0Lm9yZyIsImNvbnRyYWN0VHlwZSI6InByaXZhdGUiLCJleHRlcm5hbFVzZXJTb3VyY2UiOm51bGwsImdvZE1vZGUiOnRydWUsImVkdWNvbnQiOnt9LCJfaWQiOiI2NWMzNDFiMmI5MmM3YTVmYmFmZWI2MDcifQ.g8I_2Btv7rGXWFT_jbBB9c0iAVhZshRxVIA8nbNqh0s","default","Mon Oct 05 01:53:46 UTC 2026","passed","Mon Oct 05 01:54:12 UTC 2026","Tests Eors","","",""
"","15471","Каталог заданий: РАС ""Обществознание. 8.1"" — Класс 5","default","Mon Oct 05 03:55:14 UTC 2026","passed","Mon Oct 05 03:55:29 UTC 2026","AuTestCatalogTask","","",""
"","59142","402. EORS: https://edu.ismart.org/catalog/c0b22a-russkii-yazik-narushenie-sluha/1-chto-mi-znaem-o-zvukah-i-bukvah_Vk1foS?view=tasks&categoryCode=8ca8e9-russkii-yazik-2-kl&auth=eyJhbGciOiJIUzI1NiIsInR5cCI6IkpXVCJ9.eyJpZCI6IjY1YzM0MWIyYjkyYzdhNWZiYWZlYjYwNyIsImlzQWN0aXZlIjp0cnVlLCJpc0d1ZXN0IjpmYWxzZSwiaXNSZWdpc3RyYXRpb25Db21wbGV0ZSI6dHJ1ZSwiaXNDb25maXJtRW1haWwiOmZhbHNlLCJzdHVkZW50cyI6W10sInV0Y09mZnNldCI6MTgwLCJyb2xlIjoic2Nob29sLXRlYWNoZXIiLCJsYXN0TmFtZSI6IiIsImZpcnN0TmFtZSI6ItCf0YDQvtGE0LXRgdGB0LjQvtC90LDQu9GM0L3Ri9C5IiwicGhvbmVOdW1iZXIiOiIiLCJsb2dpbiI6InRlYWNoZXJfZnVsbEBpc21hcnQub3JnIiwiZW1haWwiOiJ0ZWFjaGVyX2Z1bGxAaXNtYXJ0Lm9yZyIsImNvbnRyYWN0VHlwZSI6InByaXZhdGUiLCJleHRlcm5hbFVzZXJTb3VyY2UiOm51bGwsImdvZE1vZGUiOnRydWUsImVkdWNvbnQiOnt9LCJfaWQiOiI2NWMzNDFiMmI5MmM3YTVmYmFmZWI2MDcifQ.g8I_2Btv7rGXWFT_jbBB9c0iAVhZshRxVIA8nbNqh0s","default","Mon Oct 05 01:14:41 UTC 2026","failed","Mon Oct 05 01:15:40 UTC 2026","Tests Eors","","",""
"","34562","Каталог заданий: Подготовка к ОГЭ ""Химия""","default","Mon Oct 05 02:17:53 UTC 2026","passed","Mon Oct 05 02:18:28 UTC 2026","AuTestCatalogTask","","",""
"","30869","Каталог заданий: Слабослышащие ""Химия. 2.1"" — Класс 3","default","Mon Oct 05 03:28:02 UTC 2026","passed","Mon Oct 05 03:28:33 UTC 2026","AuTestCatalogTask","","",""
"","21001","Каталог заданий: Подготовка к ОГЭ ""История. Варианты КИМ""","default","Mon Oct 05 02:18:50 UTC 2026","passed","Mon Oct 05 02:19:11 UTC 2026","AuTestCatalogTask","","",""
"","24726","Каталог заданий: Повторение пройденного материала ""Литература"" — Класс 3","default","Mon Oct 05 02:35:21 UTC 2026","passed","Mon Oct 05 02:35:45 UTC 2026","AuTestCatalogTask","","",""
"","25008","336. EORS: https://edu.ismart.org/catalog/beceb9-okruzhayuschii-mir-slabovidyaschie-uchaschiesya/01-chelovek-i-obshchestvo-shkola-i-shkolnaya-jizn_oJApbt?view=tasks&categoryCode=741ad9-okruzhayuschii-1-kl&auth=eyJhbGciOiJIUzI1NiIsInR5cCI6IkpXVCJ9.eyJpZCI6IjY1YzM0MWIyYjkyYzdhNWZiYWZlYjYwNyIsImlzQWN0aXZlIjp0cnVlLCJpc0d1ZXN0IjpmYWxzZSwiaXNSZWdpc3RyYXRpb25Db21wbGV0ZSI6dHJ1ZSwiaXNDb25maXJtRW1haWwiOmZhbHNlLCJzdHVkZW50cyI6W10sInV0Y09mZnNldCI6MTgwLCJyb2xlIjoic2Nob29sLXRlYWNoZXIiLCJsYXN0TmFtZSI6IiIsImZpcnN0TmFtZSI6ItCf0YDQvtGE0LXRgdGB0LjQvtC90LDQu9GM0L3Ri9C5IiwicGhvbmVOdW1iZXIiOiIiLCJsb2dpbiI6InRlYWNoZXJfZnVsbEBpc21hcnQub3JnIiwiZW1haWwiOiJ0ZWFjaGVyX2Z1bGxAaXNtYXJ0Lm9yZyIsImNvbnRyYWN0VHlwZSI6InByaXZhdGUiLCJleHRlcm5hbFVzZXJTb3VyY2UiOm51bGwsImdvZE1vZGUiOnRydWUsImVkdWNvbnQiOnt9LCJfaWQiOiI2NWMzNDFiMmI5MmM3YTVmYmFmZWI2MDcifQ.g8I_2Btv7rGXWFT_jbBB9c0iAVhZshRxVIA8nbNqh0s","default","Mon Oct 05 01:06:34 UTC 2026","passed","Mon Oct 05 01:06:59 UTC 2026","Tests Eors","","",""
"","24874","579. EORS: https://edu.ismart.org/catalog/beceb9-okruzhayuschii-mir-slabovidyaschie-uchaschiesya/01-chelovek-i-obshchestvo-nasha-rodina--rossiskaya-federaciya_BZovoU?view=tasks&categoryCode=caca75-okruzhayuschii-3-kl&auth=eyJhbGciOiJIUzI1NiIsInR5cCI6IkpXVCJ9.eyJpZCI6IjY1YzM0MWIyYjkyYzdhNWZiYWZlYjYwNyIsImlzQWN0aXZlIjp0cnVlLCJpc0d1ZXN0IjpmYWxzZSwiaXNSZWdpc3RyYXRpb25Db21wbGV0ZSI6dHJ1ZSwiaXNDb25maXJtRW1haWwiOmZhbHNlLCJzdHVkZW50cyI6W10sInV0Y09mZnNldCI6MTgwLCJyb2xlIjoic2Nob29sLXRlYWNoZXIiLCJsYXN0TmFtZSI6IiIsImZpcnN0TmFtZSI6ItCf0YDQvtGE0LXRgdGB0LjQvtC90LDQu9GM0L3Ri9C5IiwicGhvbmVOdW1iZXIiOiIiLCJsb2dpbiI6InRlYWNoZXJfZnVsbEBpc21hcnQub3JnIiwiZW1haWwiOiJ0ZWFjaGVyX2Z1bGxAaXNtYXJ0Lm9yZyIsImNvbnRyYWN0VHlwZSI6InByaXZhdGUiLCJleHRlcm5hbFVzZXJTb3VyY2UiOm51bGwsImdvZE1vZGUiOnRydWUsImVkdWNvbnQiOnt9LCJfaWQiOiI2NWMzNDFiMmI5MmM3YTVmYmFmZWI2MDcifQ.g8I_2Btv7rGXWFT_jbBB9c0iAVhZshRxVIA8nbNqh0s","default","Mon Oct 05 01:39:17 UTC 2026","passed","Mon Oct 05 01:39:42 UTC 2026","Tests Eors","","",""
"","22560","Каталог заданий: Школьная программа ""Математика"" — Класс 6","default","Mon Oct 05 02:02:52 UTC 2026","passed","Mon Oct 05 02:03:14 UTC 2026","AuTestCatalogTask","","",""
"","13012","Каталог заданий: РАС ""Физика. 8.1"" — Класс 2","default","Mon Oct 05 03:57:11 UTC 2026","passed","Mon Oct 05 03:57:24 UTC 2026","AuTestCatalogTask","","",""
"","36943","Каталог заданий: Слабовидящие ""Математика. 4.1"" — Класс 5","default","Mon Oct 05 03:04:41 UTC 2026","passed","Mon Oct 05 03:05:18 UTC 2026","AuTestCatalogTask","","",""
"","20934","149. EORS: https://edu.ismart.org/catalog/33f6f0-russkii-yazik-versiya-2026-goda/501-zadanie-1?view=tasks&class=61890fee84e9f601793b0348&auth=eyJhbGciOiJIUzI1NiIsInR5cCI6IkpXVCJ9.eyJpZCI6IjY1YzM0MWIyYjkyYzdhNWZiYWZlYjYwNyIsImlzQWN0aXZlIjp0cnVlLCJpc0d1ZXN0IjpmYWxzZSwiaXNSZWdpc3RyYXRpb25Db21wbGV0ZSI6dHJ1ZSwiaXNDb25maXJtRW1haWwiOmZhbHNlLCJzdHVkZW50cyI6W10sInV0Y09mZnNldCI6MTgwLCJyb2xlIjoic2Nob29sLXRlYWNoZXIiLCJsYXN0TmFtZSI6IiIsImZpcnN0TmFtZSI6ItCf0YDQvtGE0LXRgdGB0LjQvtC90LDQu9GM0L3Ri9C5IiwicGhvbmVOdW1iZXIiOiIiLCJsb2dpbiI6InRlYWNoZXJfZnVsbEBpc21hcnQub3JnIiwiZW1haWwiOiJ0ZWFjaGVyX2Z1bGxAaXNtYXJ0Lm9yZyIsImNvbnRyYWN0VHlwZSI6InByaXZhdGUiLCJleHRlcm5hbFVzZXJTb3VyY2UiOm51bGwsImdvZE1vZGUiOnRydWUsImVkdWNvbnQiOnt9LCJfaWQiOiI2NWMzNDFiMmI5MmM3YTVmYmFmZWI2MDcifQ.g8I_2Btv7rGXWFT_jbBB9c0iAVhZshRxVIA8nbNqh0s","default","Mon Oct 05 00:42:13 UTC 2026","passed","Mon Oct 05 00:42:34 UTC 2026","Tests Eors","","",""
"","28662","460. EORS: https://edu.ismart.org/catalog/c3aa52-angliiskii-yazik-6-1/1-povsednevnaya-jizn-semi-mejlichnostnye-otnosheniya-v-seme-s-druzyami-i-znakomymi-konfliktnye-situacii-ih-preduprejdenie-i-razreshenie_I5LEkL_YEy67T?view=tasks&categoryCode=a3293e-11-kl&auth=eyJhbGciOiJIUzI1NiIsInR5cCI6IkpXVCJ9.eyJpZCI6IjY1YzM0MWIyYjkyYzdhNWZiYWZlYjYwNyIsImlzQWN0aXZlIjp0cnVlLCJpc0d1ZXN0IjpmYWxzZSwiaXNSZWdpc3RyYXRpb25Db21wbGV0ZSI6dHJ1ZSwiaXNDb25maXJtRW1haWwiOmZhbHNlLCJzdHVkZW50cyI6W10sInV0Y09mZnNldCI6MTgwLCJyb2xlIjoic2Nob29sLXRlYWNoZXIiLCJsYXN0TmFtZSI6IiIsImZpcnN0TmFtZSI6ItCf0YDQvtGE0LXRgdGB0LjQvtC90LDQu9GM0L3Ri9C5IiwicGhvbmVOdW1iZXIiOiIiLCJsb2dpbiI6InRlYWNoZXJfZnVsbEBpc21hcnQub3JnIiwiZW1haWwiOiJ0ZWFjaGVyX2Z1bGxAaXNtYXJ0Lm9yZyIsImNvbnRyYWN0VHlwZSI6InByaXZhdGUiLCJleHRlcm5hbFVzZXJTb3VyY2UiOm51bGwsImdvZE1vZGUiOnRydWUsImVkdWNvbnQiOnt9LCJfaWQiOiI2NWMzNDFiMmI5MmM3YTVmYmFmZWI2MDcifQ.g8I_2Btv7rGXWFT_jbBB9c0iAVhZshRxVIA8nbNqh0s","default","Mon Oct 05 01:22:28 UTC 2026","passed","Mon Oct 05 01:22:57 UTC 2026","Tests Eors","","",""
"","29277","Каталог заданий: Нарушение слуха ""Литература. 1.1"" — Класс 6","default","Mon Oct 05 03:16:19 UTC 2026","passed","Mon Oct 05 03:16:48 UTC 2026","AuTestCatalogTask","","",""
"","21650","31. EORS: https://edu.ismart.org/catalog/0a4292-russkii-yazik/501-zadanie-1?view=tasks&class=61a71c551b0ad63754c198e9&auth=eyJhbGciOiJIUzI1NiIsInR5cCI6IkpXVCJ9.eyJpZCI6IjY1YzM0MWIyYjkyYzdhNWZiYWZlYjYwNyIsImlzQWN0aXZlIjp0cnVlLCJpc0d1ZXN0IjpmYWxzZSwiaXNSZWdpc3RyYXRpb25Db21wbGV0ZSI6dHJ1ZSwiaXNDb25maXJtRW1haWwiOmZhbHNlLCJzdHVkZW50cyI6W10sInV0Y09mZnNldCI6MTgwLCJyb2xlIjoic2Nob29sLXRlYWNoZXIiLCJsYXN0TmFtZSI6IiIsImZpcnN0TmFtZSI6ItCf0YDQvtGE0LXRgdGB0LjQvtC90LDQu9GM0L3Ri9C5IiwicGhvbmVOdW1iZXIiOiIiLCJsb2dpbiI6InRlYWNoZXJfZnVsbEBpc21hcnQub3JnIiwiZW1haWwiOiJ0ZWFjaGVyX2Z1bGxAaXNtYXJ0Lm9yZyIsImNvbnRyYWN0VHlwZSI6InByaXZhdGUiLCJleHRlcm5hbFVzZXJTb3VyY2UiOm51bGwsImdvZE1vZGUiOnRydWUsImVkdWNvbnQiOnt9LCJfaWQiOiI2NWMzNDFiMmI5MmM3YTVmYmFmZWI2MDcifQ.g8I_2Btv7rGXWFT_jbBB9c0iAVhZshRxVIA8nbNqh0s","default","Mon Oct 05 00:26:34 UTC 2026","passed","Mon Oct 05 00:26:56 UTC 2026","Tests Eors","","",""
"","27860","Каталог заданий: НОДА ""Информатика. 6.1"" — Класс 1","default","Mon Oct 05 03:49:10 UTC 2026","passed","Mon Oct 05 03:49:38 UTC 2026","AuTestCatalogTask","","",""
"","17252","Каталог заданий: Школьная программа ""Обществознание"" — Класс 5","default","Mon Oct 05 02:10:06 UTC 2026","passed","Mon Oct 05 02:10:24 UTC 2026","AuTestCatalogTask","","",""
"","26139","Каталог заданий: ЗПР ""Алгебра и начала мат. анализа. 7.1"" — Класс 2","default","Mon Oct 05 03:32:21 UTC 2026","passed","Mon Oct 05 03:32:48 UTC 2026","AuTestCatalogTask","","",""
"","15297","Каталог заданий: ЗПР ""Английский язык. 7.1"" — Класс 2","default","Mon Oct 05 03:38:10 UTC 2026","passed","Mon Oct 05 03:38:25 UTC 2026","AuTestCatalogTask","","",""
"","25371","194. EORS: https://edu.ismart.org/catalog/3b2eed-istoriya-2-1/1-novoe-vremya_65A0d3_TO8cWY?view=tasks&categoryCode=469b43-7-kl&auth=eyJhbGciOiJIUzI1NiIsInR5cCI6IkpXVCJ9.eyJpZCI6IjY1YzM0MWIyYjkyYzdhNWZiYWZlYjYwNyIsImlzQWN0aXZlIjp0cnVlLCJpc0d1ZXN0IjpmYWxzZSwiaXNSZWdpc3RyYXRpb25Db21wbGV0ZSI6dHJ1ZSwiaXNDb25maXJtRW1haWwiOmZhbHNlLCJzdHVkZW50cyI6W10sInV0Y09mZnNldCI6MTgwLCJyb2xlIjoic2Nob29sLXRlYWNoZXIiLCJsYXN0TmFtZSI6IiIsImZpcnN0TmFtZSI6ItCf0YDQvtGE0LXRgdGB0LjQvtC90LDQu9GM0L3Ri9C5IiwicGhvbmVOdW1iZXIiOiIiLCJsb2dpbiI6InRlYWNoZXJfZnVsbEBpc21hcnQub3JnIiwiZW1haWwiOiJ0ZWFjaGVyX2Z1bGxAaXNtYXJ0Lm9yZyIsImNvbnRyYWN0VHlwZSI6InByaXZhdGUiLCJleHRlcm5hbFVzZXJTb3VyY2UiOm51bGwsImdvZE1vZGUiOnRydWUsImVkdWNvbnQiOnt9LCJfaWQiOiI2NWMzNDFiMmI5MmM3YTVmYmFmZWI2MDcifQ.g8I_2Btv7rGXWFT_jbBB9c0iAVhZshRxVIA8nbNqh0s","default","Mon Oct 05 00:47:28 UTC 2026","passed","Mon Oct 05 00:47:53 UTC 2026","Tests Eors","","",""
"","46918","190. EORS: https://edu.ismart.org/catalog/d863c5-fizika-tnr/1-fizika-i-metody-nauchnogo-poznaniya_1FBUst?view=tasks&categoryCode=45488c-10-klass&auth=eyJhbGciOiJIUzI1NiIsInR5cCI6IkpXVCJ9.eyJpZCI6IjY1YzM0MWIyYjkyYzdhNWZiYWZlYjYwNyIsImlzQWN0aXZlIjp0cnVlLCJpc0d1ZXN0IjpmYWxzZSwiaXNSZWdpc3RyYXRpb25Db21wbGV0ZSI6dHJ1ZSwiaXNDb25maXJtRW1haWwiOmZhbHNlLCJzdHVkZW50cyI6W10sInV0Y09mZnNldCI6MTgwLCJyb2xlIjoic2Nob29sLXRlYWNoZXIiLCJsYXN0TmFtZSI6IiIsImZpcnN0TmFtZSI6ItCf0YDQvtGE0LXRgdGB0LjQvtC90LDQu9GM0L3Ri9C5IiwicGhvbmVOdW1iZXIiOiIiLCJsb2dpbiI6InRlYWNoZXJfZnVsbEBpc21hcnQub3JnIiwiZW1haWwiOiJ0ZWFjaGVyX2Z1bGxAaXNtYXJ0Lm9yZyIsImNvbnRyYWN0VHlwZSI6InByaXZhdGUiLCJleHRlcm5hbFVzZXJTb3VyY2UiOm51bGwsImdvZE1vZGUiOnRydWUsImVkdWNvbnQiOnt9LCJfaWQiOiI2NWMzNDFiMmI5MmM3YTVmYmFmZWI2MDcifQ.g8I_2Btv7rGXWFT_jbBB9c0iAVhZshRxVIA8nbNqh0s","default","Mon Oct 05 00:46:58 UTC 2026","failed","Mon Oct 05 00:47:45 UTC 2026","Tests Eors","","",""
"","28760","723. EORS: https://edu.ismart.org/catalog/f846e1-angliiskii-yazik/1-vzaimootnosheniya-v-seme-i-s-druzyami?view=tasks&class=5f3fa2c7f00eca001c8bd3f9&auth=eyJhbGciOiJIUzI1NiIsInR5cCI6IkpXVCJ9.eyJpZCI6IjY1YzM0MWIyYjkyYzdhNWZiYWZlYjYwNyIsImlzQWN0aXZlIjp0cnVlLCJpc0d1ZXN0IjpmYWxzZSwiaXNSZWdpc3RyYXRpb25Db21wbGV0ZSI6dHJ1ZSwiaXNDb25maXJtRW1haWwiOmZhbHNlLCJzdHVkZW50cyI6W10sInV0Y09mZnNldCI6MTgwLCJyb2xlIjoic2Nob29sLXRlYWNoZXIiLCJsYXN0TmFtZSI6IiIsImZpcnN0TmFtZSI6ItCf0YDQvtGE0LXRgdGB0LjQvtC90LDQu9GM0L3Ri9C5IiwicGhvbmVOdW1iZXIiOiIiLCJsb2dpbiI6InRlYWNoZXJfZnVsbEBpc21hcnQub3JnIiwiZW1haWwiOiJ0ZWFjaGVyX2Z1bGxAaXNtYXJ0Lm9yZyIsImNvbnRyYWN0VHlwZSI6InByaXZhdGUiLCJleHRlcm5hbFVzZXJTb3VyY2UiOm51bGwsImdvZE1vZGUiOnRydWUsImVkdWNvbnQiOnt9LCJfaWQiOiI2NWMzNDFiMmI5MmM3YTVmYmFmZWI2MDcifQ.g8I_2Btv7rGXWFT_jbBB9c0iAVhZshRxVIA8nbNqh0s","default","Mon Oct 05 01:59:51 UTC 2026","passed","Mon Oct 05 02:00:20 UTC 2026","Tests Eors","","",""
"","23974","121. EORS: https://edu.ismart.org/catalog/b943c7-fizika-8-1/1-teplovye-yavleniya-_WIcPBf_5V4mSn?view=tasks&categoryCode=29abfa-8-kl&auth=eyJhbGciOiJIUzI1NiIsInR5cCI6IkpXVCJ9.eyJpZCI6IjY1YzM0MWIyYjkyYzdhNWZiYWZlYjYwNyIsImlzQWN0aXZlIjp0cnVlLCJpc0d1ZXN0IjpmYWxzZSwiaXNSZWdpc3RyYXRpb25Db21wbGV0ZSI6dHJ1ZSwiaXNDb25maXJtRW1haWwiOmZhbHNlLCJzdHVkZW50cyI6W10sInV0Y09mZnNldCI6MTgwLCJyb2xlIjoic2Nob29sLXRlYWNoZXIiLCJsYXN0TmFtZSI6IiIsImZpcnN0TmFtZSI6ItCf0YDQvtGE0LXRgdGB0LjQvtC90LDQu9GM0L3Ri9C5IiwicGhvbmVOdW1iZXIiOiIiLCJsb2dpbiI6InRlYWNoZXJfZnVsbEBpc21hcnQub3JnIiwiZW1haWwiOiJ0ZWFjaGVyX2Z1bGxAaXNtYXJ0Lm9yZyIsImNvbnRyYWN0VHlwZSI6InByaXZhdGUiLCJleHRlcm5hbFVzZXJTb3VyY2UiOm51bGwsImdvZE1vZGUiOnRydWUsImVkdWNvbnQiOnt9LCJfaWQiOiI2NWMzNDFiMmI5MmM3YTVmYmFmZWI2MDcifQ.g8I_2Btv7rGXWFT_jbBB9c0iAVhZshRxVIA8nbNqh0s","default","Mon Oct 05 00:38:28 UTC 2026","passed","Mon Oct 05 00:38:52 UTC 2026","Tests Eors","","",""
"","13456","Каталог заданий: РАС ""Обществознание. 8.1"" — Класс 1","default","Mon Oct 05 03:54:56 UTC 2026","passed","Mon Oct 05 03:55:09 UTC 2026","AuTestCatalogTask","","",""
"","29010","Каталог заданий: Слабослышащие ""Литература. 2.1"" — Класс 6","default","Mon Oct 05 03:25:46 UTC 2026","passed","Mon Oct 05 03:26:15 UTC 2026","AuTestCatalogTask","","",""
"","14477","Каталог заданий: Слабослышащие ""Вероятность и статистика. 2.1"" — Класс 3","default","Mon Oct 05 03:29:45 UTC 2026","passed","Mon Oct 05 03:29:59 UTC 2026","AuTestCatalogTask","","",""
"","24383","Каталог заданий: Повторение пройденного материала ""История"" — Класс 2","default","Mon Oct 05 02:34:31 UTC 2026","passed","Mon Oct 05 02:34:55 UTC 2026","AuTestCatalogTask","","",""
"","20059","Каталог заданий: Подготовка к контрольным работам ""Математика"" — Класс 3","default","Mon Oct 05 02:25:08 UTC 2026","passed","Mon Oct 05 02:25:28 UTC 2026","AuTestCatalogTask","","",""
"","27669","335. EORS: https://edu.ismart.org/catalog/736a20-rekomenduemie-raboti-dlya-1-klassa?view=tasks&auth=eyJhbGciOiJIUzI1NiIsInR5cCI6IkpXVCJ9.eyJpZCI6IjY1YzM0MWIyYjkyYzdhNWZiYWZlYjYwNyIsImlzQWN0aXZlIjp0cnVlLCJpc0d1ZXN0IjpmYWxzZSwiaXNSZWdpc3RyYXRpb25Db21wbGV0ZSI6dHJ1ZSwiaXNDb25maXJtRW1haWwiOmZhbHNlLCJzdHVkZW50cyI6W10sInV0Y09mZnNldCI6MTgwLCJyb2xlIjoic2Nob29sLXRlYWNoZXIiLCJsYXN0TmFtZSI6IiIsImZpcnN0TmFtZSI6ItCf0YDQvtGE0LXRgdGB0LjQvtC90LDQu9GM0L3Ri9C5IiwicGhvbmVOdW1iZXIiOiIiLCJsb2dpbiI6InRlYWNoZXJfZnVsbEBpc21hcnQub3JnIiwiZW1haWwiOiJ0ZWFjaGVyX2Z1bGxAaXNtYXJ0Lm9yZyIsImNvbnRyYWN0VHlwZSI6InByaXZhdGUiLCJleHRlcm5hbFVzZXJTb3VyY2UiOm51bGwsImdvZE1vZGUiOnRydWUsImVkdWNvbnQiOnt9LCJfaWQiOiI2NWMzNDFiMmI5MmM3YTVmYmFmZWI2MDcifQ.g8I_2Btv7rGXWFT_jbBB9c0iAVhZshRxVIA8nbNqh0s3","default","Mon Oct 05 01:06:30 UTC 2026","passed","Mon Oct 05 01:06:58 UTC 2026","Tests Eors","","",""
"","12129","Каталог заданий: Сложные темы ""Русский язык"" — Класс 1","default","Mon Oct 05 02:44:44 UTC 2026","passed","Mon Oct 05 02:44:56 UTC 2026","AuTestCatalogTask","","",""
"","47529","343. EORS: https://edu.ismart.org/catalog/f0648d-obschestvoznanie-8-1/01-chelovek-v-ekonomicheskih-otnosheniyah_nab9Wr_L7XPV9?view=tasks&categoryCode=7646a0-8-kl&auth=eyJhbGciOiJIUzI1NiIsInR5cCI6IkpXVCJ9.eyJpZCI6IjY1YzM0MWIyYjkyYzdhNWZiYWZlYjYwNyIsImlzQWN0aXZlIjp0cnVlLCJpc0d1ZXN0IjpmYWxzZSwiaXNSZWdpc3RyYXRpb25Db21wbGV0ZSI6dHJ1ZSwiaXNDb25maXJtRW1haWwiOmZhbHNlLCJzdHVkZW50cyI6W10sInV0Y09mZnNldCI6MTgwLCJyb2xlIjoic2Nob29sLXRlYWNoZXIiLCJsYXN0TmFtZSI6IiIsImZpcnN0TmFtZSI6ItCf0YDQvtGE0LXRgdGB0LjQvtC90LDQu9GM0L3Ri9C5IiwicGhvbmVOdW1iZXIiOiIiLCJsb2dpbiI6InRlYWNoZXJfZnVsbEBpc21hcnQub3JnIiwiZW1haWwiOiJ0ZWFjaGVyX2Z1bGxAaXNtYXJ0Lm9yZyIsImNvbnRyYWN0VHlwZSI6InByaXZhdGUiLCJleHRlcm5hbFVzZXJTb3VyY2UiOm51bGwsImdvZE1vZGUiOnRydWUsImVkdWNvbnQiOnt9LCJfaWQiOiI2NWMzNDFiMmI5MmM3YTVmYmFmZWI2MDcifQ.g8I_2Btv7rGXWFT_jbBB9c0iAVhZshRxVIA8nbNqh0s","default","Mon Oct 05 01:07:47 UTC 2026","failed","Mon Oct 05 01:08:34 UTC 2026","Tests Eors","","",""
"","26519","730. EORS: https://edu.ismart.org/catalog/efddae-veroyatnost-i-statistika-2-1/10-elementy-kombinatoriki-veroyatnost-i-statistika_xRd8ot_h6ofrD?view=tasks&categoryCode=fa50cc-9-kl&auth=eyJhbGciOiJIUzI1NiIsInR5cCI6IkpXVCJ9.eyJpZCI6IjY1YzM0MWIyYjkyYzdhNWZiYWZlYjYwNyIsImlzQWN0aXZlIjp0cnVlLCJpc0d1ZXN0IjpmYWxzZSwiaXNSZWdpc3RyYXRpb25Db21wbGV0ZSI6dHJ1ZSwiaXNDb25maXJtRW1haWwiOmZhbHNlLCJzdHVkZW50cyI6W10sInV0Y09mZnNldCI6MTgwLCJyb2xlIjoic2Nob29sLXRlYWNoZXIiLCJsYXN0TmFtZSI6IiIsImZpcnN0TmFtZSI6ItCf0YDQvtGE0LXRgdGB0LjQvtC90LDQu9GM0L3Ri9C5IiwicGhvbmVOdW1iZXIiOiIiLCJsb2dpbiI6InRlYWNoZXJfZnVsbEBpc21hcnQub3JnIiwiZW1haWwiOiJ0ZWFjaGVyX2Z1bGxAaXNtYXJ0Lm9yZyIsImNvbnRyYWN0VHlwZSI6InByaXZhdGUiLCJleHRlcm5hbFVzZXJTb3VyY2UiOm51bGwsImdvZE1vZGUiOnRydWUsImVkdWNvbnQiOnt9LCJfaWQiOiI2NWMzNDFiMmI5MmM3YTVmYmFmZWI2MDcifQ.g8I_2Btv7rGXWFT_jbBB9c0iAVhZshRxVIA8nbNqh0s","default","Mon Oct 05 02:00:48 UTC 2026","passed","Mon Oct 05 02:01:15 UTC 2026","Tests Eors","","",""
"","51362","Каталог заданий: Слабослышащие ""История. 2.1"" — Класс 4","default","Mon Oct 05 03:26:53 UTC 2026","passed","Mon Oct 05 03:27:44 UTC 2026","AuTestCatalogTask","","",""
"","19771","134. EORS: https://edu.ismart.org/catalog/2ec694-angliiskii-yazik/1-audirovanie?view=tasks&class=64bfa63cd00b08794c3f8b29&auth=eyJhbGciOiJIUzI1NiIsInR5cCI6IkpXVCJ9.eyJpZCI6IjY1YzM0MWIyYjkyYzdhNWZiYWZlYjYwNyIsImlzQWN0aXZlIjp0cnVlLCJpc0d1ZXN0IjpmYWxzZSwiaXNSZWdpc3RyYXRpb25Db21wbGV0ZSI6dHJ1ZSwiaXNDb25maXJtRW1haWwiOmZhbHNlLCJzdHVkZW50cyI6W10sInV0Y09mZnNldCI6MTgwLCJyb2xlIjoic2Nob29sLXRlYWNoZXIiLCJsYXN0TmFtZSI6IiIsImZpcnN0TmFtZSI6ItCf0YDQvtGE0LXRgdGB0LjQvtC90LDQu9GM0L3Ri9C5IiwicGhvbmVOdW1iZXIiOiIiLCJsb2dpbiI6InRlYWNoZXJfZnVsbEBpc21hcnQub3JnIiwiZW1haWwiOiJ0ZWFjaGVyX2Z1bGxAaXNtYXJ0Lm9yZyIsImNvbnRyYWN0VHlwZSI6InByaXZhdGUiLCJleHRlcm5hbFVzZXJTb3VyY2UiOm51bGwsImdvZE1vZGUiOnRydWUsImVkdWNvbnQiOnt9LCJfaWQiOiI2NWMzNDFiMmI5MmM3YTVmYmFmZWI2MDcifQ.g8I_2Btv7rGXWFT_jbBB9c0iAVhZshRxVIA8nbNqh0s","default","Mon Oct 05 00:39:57 UTC 2026","passed","Mon Oct 05 00:40:17 UTC 2026","Tests Eors","","",""
"","35138","364. EORS: https://edu.ismart.org/catalog/7b3bfd-biologiya/101-kontrolnaya-rabota-1-po-teme-rastitelny-organizm?view=tasks&class=5f197003b96284001b29733d&auth=eyJhbGciOiJIUzI1NiIsInR5cCI6IkpXVCJ9.eyJpZCI6IjY1YzM0MWIyYjkyYzdhNWZiYWZlYjYwNyIsImlzQWN0aXZlIjp0cnVlLCJpc0d1ZXN0IjpmYWxzZSwiaXNSZWdpc3RyYXRpb25Db21wbGV0ZSI6dHJ1ZSwiaXNDb25maXJtRW1haWwiOmZhbHNlLCJzdHVkZW50cyI6W10sInV0Y09mZnNldCI6MTgwLCJyb2xlIjoic2Nob29sLXRlYWNoZXIiLCJsYXN0TmFtZSI6IiIsImZpcnN0TmFtZSI6ItCf0YDQvtGE0LXRgdGB0LjQvtC90LDQu9GM0L3Ri9C5IiwicGhvbmVOdW1iZXIiOiIiLCJsb2dpbiI6InRlYWNoZXJfZnVsbEBpc21hcnQub3JnIiwiZW1haWwiOiJ0ZWFjaGVyX2Z1bGxAaXNtYXJ0Lm9yZyIsImNvbnRyYWN0VHlwZSI6InByaXZhdGUiLCJleHRlcm5hbFVzZXJTb3VyY2UiOm51bGwsImdvZE1vZGUiOnRydWUsImVkdWNvbnQiOnt9LCJfaWQiOiI2NWMzNDFiMmI5MmM3YTVmYmFmZWI2MDcifQ.g8I_2Btv7rGXWFT_jbBB9c0iAVhZshRxVIA8nbNqh0s","default","Mon Oct 05 01:10:19 UTC 2026","passed","Mon Oct 05 01:10:55 UTC 2026","Tests Eors","","",""
"","27837","Каталог заданий: Слабослышащие ""Биология. 2.1"" — Класс 5","default","Mon Oct 05 03:24:35 UTC 2026","passed","Mon Oct 05 03:25:03 UTC 2026","AuTestCatalogTask","","",""
"","20157","226. EORS: https://edu.ismart.org/catalog/4d3b04-veroyatnost-i-statistika/101-kontrolnaya-rabota--1?view=tasks&class=64bfa63cd00b08794c3f8b29&auth=eyJhbGciOiJIUzI1NiIsInR5cCI6IkpXVCJ9.eyJpZCI6IjY1YzM0MWIyYjkyYzdhNWZiYWZlYjYwNyIsImlzQWN0aXZlIjp0cnVlLCJpc0d1ZXN0IjpmYWxzZSwiaXNSZWdpc3RyYXRpb25Db21wbGV0ZSI6dHJ1ZSwiaXNDb25maXJtRW1haWwiOmZhbHNlLCJzdHVkZW50cyI6W10sInV0Y09mZnNldCI6MTgwLCJyb2xlIjoic2Nob29sLXRlYWNoZXIiLCJsYXN0TmFtZSI6IiIsImZpcnN0TmFtZSI6ItCf0YDQvtGE0LXRgdGB0LjQvtC90LDQu9GM0L3Ri9C5IiwicGhvbmVOdW1iZXIiOiIiLCJsb2dpbiI6InRlYWNoZXJfZnVsbEBpc21hcnQub3JnIiwiZW1haWwiOiJ0ZWFjaGVyX2Z1bGxAaXNtYXJ0Lm9yZyIsImNvbnRyYWN0VHlwZSI6InByaXZhdGUiLCJleHRlcm5hbFVzZXJTb3VyY2UiOm51bGwsImdvZE1vZGUiOnRydWUsImVkdWNvbnQiOnt9LCJfaWQiOiI2NWMzNDFiMmI5MmM3YTVmYmFmZWI2MDcifQ.g8I_2Btv7rGXWFT_jbBB9c0iAVhZshRxVIA8nbNqh0s","default","Mon Oct 05 00:52:04 UTC 2026","passed","Mon Oct 05 00:52:25 UTC 2026","Tests Eors","","",""
"","51394","Каталог заданий: НОДА ""Биология. 6.1"" — Класс 4","default","Mon Oct 05 03:45:51 UTC 2026","passed","Mon Oct 05 03:46:42 UTC 2026","AuTestCatalogTask","","",""
"","23298","130. EORS: https://edu.ismart.org/catalog/2ec694-angliiskii-yazik/2-chtenie?view=tasks&class=5ef1b652250d56001b4f771b&auth=eyJhbGciOiJIUzI1NiIsInR5cCI6IkpXVCJ9.eyJpZCI6IjY1YzM0MWIyYjkyYzdhNWZiYWZlYjYwNyIsImlzQWN0aXZlIjp0cnVlLCJpc0d1ZXN0IjpmYWxzZSwiaXNSZWdpc3RyYXRpb25Db21wbGV0ZSI6dHJ1ZSwiaXNDb25maXJtRW1haWwiOmZhbHNlLCJzdHVkZW50cyI6W10sInV0Y09mZnNldCI6MTgwLCJyb2xlIjoic2Nob29sLXRlYWNoZXIiLCJsYXN0TmFtZSI6IiIsImZpcnN0TmFtZSI6ItCf0YDQvtGE0LXRgdGB0LjQvtC90LDQu9GM0L3Ri9C5IiwicGhvbmVOdW1iZXIiOiIiLCJsb2dpbiI6InRlYWNoZXJfZnVsbEBpc21hcnQub3JnIiwiZW1haWwiOiJ0ZWFjaGVyX2Z1bGxAaXNtYXJ0Lm9yZyIsImNvbnRyYWN0VHlwZSI6InByaXZhdGUiLCJleHRlcm5hbFVzZXJTb3VyY2UiOm51bGwsImdvZE1vZGUiOnRydWUsImVkdWNvbnQiOnt9LCJfaWQiOiI2NWMzNDFiMmI5MmM3YTVmYmFmZWI2MDcifQ.g8I_2Btv7rGXWFT_jbBB9c0iAVhZshRxVIA8nbNqh0s","default","Mon Oct 05 00:39:34 UTC 2026","passed","Mon Oct 05 00:39:57 UTC 2026","Tests Eors","","",""
"","50927","574. EORS: https://edu.ismart.org/catalog/ca2044-geometriya/5-chetyrehugolniki-geometriya?view=tasks&class=5f63090daee1af001b415303&auth=eyJhbGciOiJIUzI1NiIsInR5cCI6IkpXVCJ9.eyJpZCI6IjY1YzM0MWIyYjkyYzdhNWZiYWZlYjYwNyIsImlzQWN0aXZlIjp0cnVlLCJpc0d1ZXN0IjpmYWxzZSwiaXNSZWdpc3RyYXRpb25Db21wbGV0ZSI6dHJ1ZSwiaXNDb25maXJtRW1haWwiOmZhbHNlLCJzdHVkZW50cyI6W10sInV0Y09mZnNldCI6MTgwLCJyb2xlIjoic2Nob29sLXRlYWNoZXIiLCJsYXN0TmFtZSI6IiIsImZpcnN0TmFtZSI6ItCf0YDQvtGE0LXRgdGB0LjQvtC90LDQu9GM0L3Ri9C5IiwicGhvbmVOdW1iZXIiOiIiLCJsb2dpbiI6InRlYWNoZXJfZnVsbEBpc21hcnQub3JnIiwiZW1haWwiOiJ0ZWFjaGVyX2Z1bGxAaXNtYXJ0Lm9yZyIsImNvbnRyYWN0VHlwZSI6InByaXZhdGUiLCJleHRlcm5hbFVzZXJTb3VyY2UiOm51bGwsImdvZE1vZGUiOnRydWUsImVkdWNvbnQiOnt9LCJfaWQiOiI2NWMzNDFiMmI5MmM3YTVmYmFmZWI2MDcifQ.g8I_2Btv7rGXWFT_jbBB9c0iAVhZshRxVIA8nbNqh0s","default","Mon Oct 05 01:38:28 UTC 2026","failed","Mon Oct 05 01:39:19 UTC 2026","Tests Eors","","",""
"","22307","90. EORS: https://edu.ismart.org/catalog/95d37e-biologiya-1-1/1-zoologiya--nauka-o-jivotnyh_ntm9oC_EzUS9e?view=tasks&categoryCode=1ef9f3-8-klass&auth=eyJhbGciOiJIUzI1NiIsInR5cCI6IkpXVCJ9.eyJpZCI6IjY1YzM0MWIyYjkyYzdhNWZiYWZlYjYwNyIsImlzQWN0aXZlIjp0cnVlLCJpc0d1ZXN0IjpmYWxzZSwiaXNSZWdpc3RyYXRpb25Db21wbGV0ZSI6dHJ1ZSwiaXNDb25maXJtRW1haWwiOmZhbHNlLCJzdHVkZW50cyI6W10sInV0Y09mZnNldCI6MTgwLCJyb2xlIjoic2Nob29sLXRlYWNoZXIiLCJsYXN0TmFtZSI6IiIsImZpcnN0TmFtZSI6ItCf0YDQvtGE0LXRgdGB0LjQvtC90LDQu9GM0L3Ri9C5IiwicGhvbmVOdW1iZXIiOiIiLCJsb2dpbiI6InRlYWNoZXJfZnVsbEBpc21hcnQub3JnIiwiZW1haWwiOiJ0ZWFjaGVyX2Z1bGxAaXNtYXJ0Lm9yZyIsImNvbnRyYWN0VHlwZSI6InByaXZhdGUiLCJleHRlcm5hbFVzZXJTb3VyY2UiOm51bGwsImdvZE1vZGUiOnRydWUsImVkdWNvbnQiOnt9LCJfaWQiOiI2NWMzNDFiMmI5MmM3YTVmYmFmZWI2MDcifQ.g8I_2Btv7rGXWFT_jbBB9c0iAVhZshRxVIA8nbNqh0s","default","Mon Oct 05 00:34:27 UTC 2026","passed","Mon Oct 05 00:34:49 UTC 2026","Tests Eors","","",""
"","23977","Каталог заданий: Повторение пройденного материала ""Математика"" — Класс 4","default","Mon Oct 05 02:31:37 UTC 2026","passed","Mon Oct 05 02:32:01 UTC 2026","AuTestCatalogTask","","",""
"","30297","635. EORS: https://edu.ismart.org/catalog/f78aab-russkii-yazik-slabovidyaschie-uchaschiesya/fonetika-grafika-orfoepiya_63jFq8?view=tasks&categoryCode=db885e-russkii-yazik-9-kl&auth=eyJhbGciOiJIUzI1NiIsInR5cCI6IkpXVCJ9.eyJpZCI6IjY1YzM0MWIyYjkyYzdhNWZiYWZlYjYwNyIsImlzQWN0aXZlIjp0cnVlLCJpc0d1ZXN0IjpmYWxzZSwiaXNSZWdpc3RyYXRpb25Db21wbGV0ZSI6dHJ1ZSwiaXNDb25maXJtRW1haWwiOmZhbHNlLCJzdHVkZW50cyI6W10sInV0Y09mZnNldCI6MTgwLCJyb2xlIjoic2Nob29sLXRlYWNoZXIiLCJsYXN0TmFtZSI6IiIsImZpcnN0TmFtZSI6ItCf0YDQvtGE0LXRgdGB0LjQvtC90LDQu9GM0L3Ri9C5IiwicGhvbmVOdW1iZXIiOiIiLCJsb2dpbiI6InRlYWNoZXJfZnVsbEBpc21hcnQub3JnIiwiZW1haWwiOiJ0ZWFjaGVyX2Z1bGxAaXNtYXJ0Lm9yZyIsImNvbnRyYWN0VHlwZSI6InByaXZhdGUiLCJleHRlcm5hbFVzZXJTb3VyY2UiOm51bGwsImdvZE1vZGUiOnRydWUsImVkdWNvbnQiOnt9LCJfaWQiOiI2NWMzNDFiMmI5MmM3YTVmYmFmZWI2MDcifQ.g8I_2Btv7rGXWFT_jbBB9c0iAVhZshRxVIA8nbNqh0s","default","Mon Oct 05 01:48:40 UTC 2026","passed","Mon Oct 05 01:49:10 UTC 2026","Tests Eors","","",""
"","26070","Каталог заданий: Слабослышащие ""Английский язык. 2.1"" — Класс 8","default","Mon Oct 05 03:29:17 UTC 2026","passed","Mon Oct 05 03:29:43 UTC 2026","AuTestCatalogTask","","",""
"","21290","Каталог заданий: Слабовидящие ""Русский язык. 4.1"" — Класс 10","default","Mon Oct 05 03:04:03 UTC 2026","passed","Mon Oct 05 03:04:24 UTC 2026","AuTestCatalogTask","","",""
"","24568","Каталог заданий: Повторение пройденного материала ""Окружающий мир"" — Класс 1","default","Mon Oct 05 02:33:06 UTC 2026","passed","Mon Oct 05 02:33:31 UTC 2026","AuTestCatalogTask","","",""
"","19538","418. EORS: https://edu.ismart.org/catalog/6c2d52-informatika-8-1/1--komputer-apparatnoe-i-programmnoe-obespechenie-falovaya-sistema_hxYijF_cNqNBm?view=tasks&categoryCode=92a02f-10-kl&auth=eyJhbGciOiJIUzI1NiIsInR5cCI6IkpXVCJ9.eyJpZCI6IjY1YzM0MWIyYjkyYzdhNWZiYWZlYjYwNyIsImlzQWN0aXZlIjp0cnVlLCJpc0d1ZXN0IjpmYWxzZSwiaXNSZWdpc3RyYXRpb25Db21wbGV0ZSI6dHJ1ZSwiaXNDb25maXJtRW1haWwiOmZhbHNlLCJzdHVkZW50cyI6W10sInV0Y09mZnNldCI6MTgwLCJyb2xlIjoic2Nob29sLXRlYWNoZXIiLCJsYXN0TmFtZSI6IiIsImZpcnN0TmFtZSI6ItCf0YDQvtGE0LXRgdGB0LjQvtC90LDQu9GM0L3Ri9C5IiwicGhvbmVOdW1iZXIiOiIiLCJsb2dpbiI6InRlYWNoZXJfZnVsbEBpc21hcnQub3JnIiwiZW1haWwiOiJ0ZWFjaGVyX2Z1bGxAaXNtYXJ0Lm9yZyIsImNvbnRyYWN0VHlwZSI6InByaXZhdGUiLCJleHRlcm5hbFVzZXJTb3VyY2UiOm51bGwsImdvZE1vZGUiOnRydWUsImVkdWNvbnQiOnt9LCJfaWQiOiI2NWMzNDFiMmI5MmM3YTVmYmFmZWI2MDcifQ.g8I_2Btv7rGXWFT_jbBB9c0iAVhZshRxVIA8nbNqh0s","default","Mon Oct 05 01:16:46 UTC 2026","passed","Mon Oct 05 01:17:05 UTC 2026","Tests Eors","","",""
"","24745","Каталог заданий: Повторение пройденного материала ""Окружающий мир"" — Класс 3","default","Mon Oct 05 02:33:15 UTC 2026","passed","Mon Oct 05 02:33:40 UTC 2026","AuTestCatalogTask","","",""
"","24020","Каталог заданий: РАС ""Математика. 8.1"" — Класс 3","default","Mon Oct 05 03:50:57 UTC 2026","passed","Mon Oct 05 03:51:21 UTC 2026","AuTestCatalogTask","","",""
"","23770","446. EORS: https://edu.ismart.org/catalog/3560fe-veroyatnost-i-statistika-1-1/13-matematicheskoe-ojidanie-sluchano-velichiny-veroyatnost-i-statistika_B70xF8_XgbPp1?view=tasks&categoryCode=9c997b-11-kl&auth=eyJhbGciOiJIUzI1NiIsInR5cCI6IkpXVCJ9.eyJpZCI6IjY1YzM0MWIyYjkyYzdhNWZiYWZlYjYwNyIsImlzQWN0aXZlIjp0cnVlLCJpc0d1ZXN0IjpmYWxzZSwiaXNSZWdpc3RyYXRpb25Db21wbGV0ZSI6dHJ1ZSwiaXNDb25maXJtRW1haWwiOmZhbHNlLCJzdHVkZW50cyI6W10sInV0Y09mZnNldCI6MTgwLCJyb2xlIjoic2Nob29sLXRlYWNoZXIiLCJsYXN0TmFtZSI6IiIsImZpcnN0TmFtZSI6ItCf0YDQvtGE0LXRgdGB0LjQvtC90LDQu9GM0L3Ri9C5IiwicGhvbmVOdW1iZXIiOiIiLCJsb2dpbiI6InRlYWNoZXJfZnVsbEBpc21hcnQub3JnIiwiZW1haWwiOiJ0ZWFjaGVyX2Z1bGxAaXNtYXJ0Lm9yZyIsImNvbnRyYWN0VHlwZSI6InByaXZhdGUiLCJleHRlcm5hbFVzZXJTb3VyY2UiOm51bGwsImdvZE1vZGUiOnRydWUsImVkdWNvbnQiOnt9LCJfaWQiOiI2NWMzNDFiMmI5MmM3YTVmYmFmZWI2MDcifQ.g8I_2Btv7rGXWFT_jbBB9c0iAVhZshRxVIA8nbNqh0s","default","Mon Oct 05 01:20:25 UTC 2026","passed","Mon Oct 05 01:20:49 UTC 2026","Tests Eors","","",""
"","32137","Каталог заданий: ЗПР ""Литература. 7.1"" — Класс 4","default","Mon Oct 05 03:33:36 UTC 2026","passed","Mon Oct 05 03:34:08 UTC 2026","AuTestCatalogTask","","",""
"","24417","Каталог заданий: Слабовидящие ""Английский язык. 4.1"" — Класс 10","default","Mon Oct 05 03:09:03 UTC 2026","passed","Mon Oct 05 03:09:27 UTC 2026","AuTestCatalogTask","","",""
"","30276","Каталог заданий: Слепые ""Математика. 3.1"" — Класс 2","default","Mon Oct 05 02:54:56 UTC 2026","passed","Mon Oct 05 02:55:27 UTC 2026","AuTestCatalogTask","","",""
"","25473","Каталог заданий: Повторение пройденного материала ""История"" — Класс 5","default","Mon Oct 05 02:34:55 UTC 2026","passed","Mon Oct 05 02:35:20 UTC 2026","AuTestCatalogTask","","",""
"","46214","733. EORS: https://edu.ismart.org/catalog/0ac4a2-geometriya/10-tela-vrashcheniya?view=tasks&categoryCode=fc09b0-geometriya-11-klass&auth=eyJhbGciOiJIUzI1NiIsInR5cCI6IkpXVCJ9.eyJpZCI6IjY1YzM0MWIyYjkyYzdhNWZiYWZlYjYwNyIsImlzQWN0aXZlIjp0cnVlLCJpc0d1ZXN0IjpmYWxzZSwiaXNSZWdpc3RyYXRpb25Db21wbGV0ZSI6dHJ1ZSwiaXNDb25maXJtRW1haWwiOmZhbHNlLCJzdHVkZW50cyI6W10sInV0Y09mZnNldCI6MTgwLCJyb2xlIjoic2Nob29sLXRlYWNoZXIiLCJsYXN0TmFtZSI6IiIsImZpcnN0TmFtZSI6ItCf0YDQvtGE0LXRgdGB0LjQvtC90LDQu9GM0L3Ri9C5IiwicGhvbmVOdW1iZXIiOiIiLCJsb2dpbiI6InRlYWNoZXJfZnVsbEBpc21hcnQub3JnIiwiZW1haWwiOiJ0ZWFjaGVyX2Z1bGxAaXNtYXJ0Lm9yZyIsImNvbnRyYWN0VHlwZSI6InByaXZhdGUiLCJleHRlcm5hbFVzZXJTb3VyY2UiOm51bGwsImdvZE1vZGUiOnRydWUsImVkdWNvbnQiOnt9LCJfaWQiOiI2NWMzNDFiMmI5MmM3YTVmYmFmZWI2MDcifQ.g8I_2Btv7rGXWFT_jbBB9c0iAVhZshRxVIA8nbNqh0s","default","Mon Oct 05 02:01:13 UTC 2026","failed","Mon Oct 05 02:02:00 UTC 2026","Tests Eors","","",""
"","8774","Каталог заданий: Специальные курсы ""Финансовая грамотность""","default","Mon Oct 05 02:42:14 UTC 2026","passed","Mon Oct 05 02:42:22 UTC 2026","AuTestCatalogTask","","",""
"","46023","181. EORS: https://edu.ismart.org/catalog/40ca0c-chto-nuzhno-znat-o-normah-yazika-dlya-10-11-klassov/200-chto-nujno-znat-o-normah-yazyka?view=tasks&class=61890fee84e9f601793b0348&auth=eyJhbGciOiJIUzI1NiIsInR5cCI6IkpXVCJ9.eyJpZCI6IjY1YzM0MWIyYjkyYzdhNWZiYWZlYjYwNyIsImlzQWN0aXZlIjp0cnVlLCJpc0d1ZXN0IjpmYWxzZSwiaXNSZWdpc3RyYXRpb25Db21wbGV0ZSI6dHJ1ZSwiaXNDb25maXJtRW1haWwiOmZhbHNlLCJzdHVkZW50cyI6W10sInV0Y09mZnNldCI6MTgwLCJyb2xlIjoic2Nob29sLXRlYWNoZXIiLCJsYXN0TmFtZSI6IiIsImZpcnN0TmFtZSI6ItCf0YDQvtGE0LXRgdGB0LjQvtC90LDQu9GM0L3Ri9C5IiwicGhvbmVOdW1iZXIiOiIiLCJsb2dpbiI6InRlYWNoZXJfZnVsbEBpc21hcnQub3JnIiwiZW1haWwiOiJ0ZWFjaGVyX2Z1bGxAaXNtYXJ0Lm9yZyIsImNvbnRyYWN0VHlwZSI6InByaXZhdGUiLCJleHRlcm5hbFVzZXJTb3VyY2UiOm51bGwsImdvZE1vZGUiOnRydWUsImVkdWNvbnQiOnt9LCJfaWQiOiI2NWMzNDFiMmI5MmM3YTVmYmFmZWI2MDcifQ.g8I_2Btv7rGXWFT_jbBB9c0iAVhZshRxVIA8nbNqh0s","default","Mon Oct 05 00:45:29 UTC 2026","failed","Mon Oct 05 00:46:16 UTC 2026","Tests Eors","","",""
"","23720","702. EORS: https://edu.ismart.org/catalog/54a563-geometriya-2-1/6-vektory_q7slmf_xJOzTH?view=tasks&categoryCode=f1582a-9-kl&auth=eyJhbGciOiJIUzI1NiIsInR5cCI6IkpXVCJ9.eyJpZCI6IjY1YzM0MWIyYjkyYzdhNWZiYWZlYjYwNyIsImlzQWN0aXZlIjp0cnVlLCJpc0d1ZXN0IjpmYWxzZSwiaXNSZWdpc3RyYXRpb25Db21wbGV0ZSI6dHJ1ZSwiaXNDb25maXJtRW1haWwiOmZhbHNlLCJzdHVkZW50cyI6W10sInV0Y09mZnNldCI6MTgwLCJyb2xlIjoic2Nob29sLXRlYWNoZXIiLCJsYXN0TmFtZSI6IiIsImZpcnN0TmFtZSI6ItCf0YDQvtGE0LXRgdGB0LjQvtC90LDQu9GM0L3Ri9C5IiwicGhvbmVOdW1iZXIiOiIiLCJsb2dpbiI6InRlYWNoZXJfZnVsbEBpc21hcnQub3JnIiwiZW1haWwiOiJ0ZWFjaGVyX2Z1bGxAaXNtYXJ0Lm9yZyIsImNvbnRyYWN0VHlwZSI6InByaXZhdGUiLCJleHRlcm5hbFVzZXJTb3VyY2UiOm51bGwsImdvZE1vZGUiOnRydWUsImVkdWNvbnQiOnt9LCJfaWQiOiI2NWMzNDFiMmI5MmM3YTVmYmFmZWI2MDcifQ.g8I_2Btv7rGXWFT_jbBB9c0iAVhZshRxVIA8nbNqh0s","default","Mon Oct 05 01:57:38 UTC 2026","passed","Mon Oct 05 01:58:01 UTC 2026","Tests Eors","","",""
"","45036","Каталог заданий: Слабовидящие ""Биология. 4.1"" — Класс 1","default","Mon Oct 05 03:09:42 UTC 2026","passed","Mon Oct 05 03:10:27 UTC 2026","AuTestCatalogTask","","",""
"","31760","Каталог заданий: Слабослышащие ""Литература. 2.1"" — Класс 3","default","Mon Oct 05 03:25:31 UTC 2026","passed","Mon Oct 05 03:26:02 UTC 2026","AuTestCatalogTask","","",""
"","23986","131. EORS: https://edu.ismart.org/catalog/2ec694-angliiskii-yazik/2-chtenie?view=tasks&class=5f197003b96284001b29733d&auth=eyJhbGciOiJIUzI1NiIsInR5cCI6IkpXVCJ9.eyJpZCI6IjY1YzM0MWIyYjkyYzdhNWZiYWZlYjYwNyIsImlzQWN0aXZlIjp0cnVlLCJpc0d1ZXN0IjpmYWxzZSwiaXNSZWdpc3RyYXRpb25Db21wbGV0ZSI6dHJ1ZSwiaXNDb25maXJtRW1haWwiOmZhbHNlLCJzdHVkZW50cyI6W10sInV0Y09mZnNldCI6MTgwLCJyb2xlIjoic2Nob29sLXRlYWNoZXIiLCJsYXN0TmFtZSI6IiIsImZpcnN0TmFtZSI6ItCf0YDQvtGE0LXRgdGB0LjQvtC90LDQu9GM0L3Ri9C5IiwicGhvbmVOdW1iZXIiOiIiLCJsb2dpbiI6InRlYWNoZXJfZnVsbEBpc21hcnQub3JnIiwiZW1haWwiOiJ0ZWFjaGVyX2Z1bGxAaXNtYXJ0Lm9yZyIsImNvbnRyYWN0VHlwZSI6InByaXZhdGUiLCJleHRlcm5hbFVzZXJTb3VyY2UiOm51bGwsImdvZE1vZGUiOnRydWUsImVkdWNvbnQiOnt9LCJfaWQiOiI2NWMzNDFiMmI5MmM3YTVmYmFmZWI2MDcifQ.g8I_2Btv7rGXWFT_jbBB9c0iAVhZshRxVIA8nbNqh0s","default","Mon Oct 05 00:39:41 UTC 2026","passed","Mon Oct 05 00:40:05 UTC 2026","Tests Eors","","",""
"","33120","Каталог заданий: НОДА ""Химия. 6.1"" — Класс 2","default","Mon Oct 05 03:46:51 UTC 2026","passed","Mon Oct 05 03:47:24 UTC 2026","AuTestCatalogTask","","",""
"","23822","Каталог заданий: Повторение пройденного материала ""Математика"" — Класс 3","default","Mon Oct 05 02:31:29 UTC 2026","passed","Mon Oct 05 02:31:53 UTC 2026","AuTestCatalogTask","","",""
"","37887","Каталог заданий: НОДА ""Русский язык. 6.1"" — Класс 2","default","Mon Oct 05 03:39:45 UTC 2026","passed","Mon Oct 05 03:40:23 UTC 2026","AuTestCatalogTask","","",""
"","14900","Каталог заданий: Подготовка к ВПР ""Английский язык"" — Класс 2","default","Mon Oct 05 02:22:45 UTC 2026","passed","Mon Oct 05 02:23:00 UTC 2026","AuTestCatalogTask","","",""
"","21531","3. EORS: https://edu.ismart.org/catalog/f48fcc-geometriya-slabovidyaschie-uchaschiesya/1-nachalnye-ponyatiya-geometrii_3SsoZ7?view=tasks&categoryCode=03967d-geometriya-7-kl&auth=eyJhbGciOiJIUzI1NiIsInR5cCI6IkpXVCJ9.eyJpZCI6IjY1YzM0MWIyYjkyYzdhNWZiYWZlYjYwNyIsImlzQWN0aXZlIjp0cnVlLCJpc0d1ZXN0IjpmYWxzZSwiaXNSZWdpc3RyYXRpb25Db21wbGV0ZSI6dHJ1ZSwiaXNDb25maXJtRW1haWwiOmZhbHNlLCJzdHVkZW50cyI6W10sInV0Y09mZnNldCI6MTgwLCJyb2xlIjoic2Nob29sLXRlYWNoZXIiLCJsYXN0TmFtZSI6IiIsImZpcnN0TmFtZSI6ItCf0YDQvtGE0LXRgdGB0LjQvtC90LDQu9GM0L3Ri9C5IiwicGhvbmVOdW1iZXIiOiIiLCJsb2dpbiI6InRlYWNoZXJfZnVsbEBpc21hcnQub3JnIiwiZW1haWwiOiJ0ZWFjaGVyX2Z1bGxAaXNtYXJ0Lm9yZyIsImNvbnRyYWN0VHlwZSI6InByaXZhdGUiLCJleHRlcm5hbFVzZXJTb3VyY2UiOm51bGwsImdvZE1vZGUiOnRydWUsImVkdWNvbnQiOnt9LCJfaWQiOiI2NWMzNDFiMmI5MmM3YTVmYmFmZWI2MDcifQ.g8I_2Btv7rGXWFT_jbBB9c0iAVhZshRxVIA8nbNqh0s","default","Mon Oct 05 00:22:16 UTC 2026","passed","Mon Oct 05 00:22:37 UTC 2026","Tests Eors","","",""
"","24976","Каталог заданий: Повторение пройденного материала ""Информатика"" — Класс 4","default","Mon Oct 05 02:40:04 UTC 2026","passed","Mon Oct 05 02:40:29 UTC 2026","AuTestCatalogTask","","",""
"","11930","Каталог заданий: Нарушение слуха ""Обществознание. 1.1"" — Класс 3","default","Mon Oct 05 03:17:59 UTC 2026","passed","Mon Oct 05 03:18:10 UTC 2026","AuTestCatalogTask","","",""
"","19365","Каталог заданий: Нарушение слуха ""Русский язык. 1.1"" — Класс 2","default","Mon Oct 05 03:12:40 UTC 2026","passed","Mon Oct 05 03:12:59 UTC 2026","AuTestCatalogTask","","",""
"","23235","692. EORS: https://edu.ismart.org/catalog/edd3ff-geometriya/61-1-nedelya-parallelogramm?view=tasks&class=5f63090daee1af001b415303&auth=eyJhbGciOiJIUzI1NiIsInR5cCI6IkpXVCJ9.eyJpZCI6IjY1YzM0MWIyYjkyYzdhNWZiYWZlYjYwNyIsImlzQWN0aXZlIjp0cnVlLCJpc0d1ZXN0IjpmYWxzZSwiaXNSZWdpc3RyYXRpb25Db21wbGV0ZSI6dHJ1ZSwiaXNDb25maXJtRW1haWwiOmZhbHNlLCJzdHVkZW50cyI6W10sInV0Y09mZnNldCI6MTgwLCJyb2xlIjoic2Nob29sLXRlYWNoZXIiLCJsYXN0TmFtZSI6IiIsImZpcnN0TmFtZSI6ItCf0YDQvtGE0LXRgdGB0LjQvtC90LDQu9GM0L3Ri9C5IiwicGhvbmVOdW1iZXIiOiIiLCJsb2dpbiI6InRlYWNoZXJfZnVsbEBpc21hcnQub3JnIiwiZW1haWwiOiJ0ZWFjaGVyX2Z1bGxAaXNtYXJ0Lm9yZyIsImNvbnRyYWN0VHlwZSI6InByaXZhdGUiLCJleHRlcm5hbFVzZXJTb3VyY2UiOm51bGwsImdvZE1vZGUiOnRydWUsImVkdWNvbnQiOnt9LCJfaWQiOiI2NWMzNDFiMmI5MmM3YTVmYmFmZWI2MDcifQ.g8I_2Btv7rGXWFT_jbBB9c0iAVhZshRxVIA8nbNqh0s","default","Mon Oct 05 01:56:17 UTC 2026","passed","Mon Oct 05 01:56:41 UTC 2026","Tests Eors","","",""
"","56234","315. EORS: https://edu.ismart.org/catalog/208f8d-russkii-yazik-zpr/1-chto-mi-znaem-o-zvukah-i-bukvah_pVwtNF?view=tasks&categoryCode=6ac214-russkii-yazik-2-kl&auth=eyJhbGciOiJIUzI1NiIsInR5cCI6IkpXVCJ9.eyJpZCI6IjY1YzM0MWIyYjkyYzdhNWZiYWZlYjYwNyIsImlzQWN0aXZlIjp0cnVlLCJpc0d1ZXN0IjpmYWxzZSwiaXNSZWdpc3RyYXRpb25Db21wbGV0ZSI6dHJ1ZSwiaXNDb25maXJtRW1haWwiOmZhbHNlLCJzdHVkZW50cyI6W10sInV0Y09mZnNldCI6MTgwLCJyb2xlIjoic2Nob29sLXRlYWNoZXIiLCJsYXN0TmFtZSI6IiIsImZpcnN0TmFtZSI6ItCf0YDQvtGE0LXRgdGB0LjQvtC90LDQu9GM0L3Ri9C5IiwicGhvbmVOdW1iZXIiOiIiLCJsb2dpbiI6InRlYWNoZXJfZnVsbEBpc21hcnQub3JnIiwiZW1haWwiOiJ0ZWFjaGVyX2Z1bGxAaXNtYXJ0Lm9yZyIsImNvbnRyYWN0VHlwZSI6InByaXZhdGUiLCJleHRlcm5hbFVzZXJTb3VyY2UiOm51bGwsImdvZE1vZGUiOnRydWUsImVkdWNvbnQiOnt9LCJfaWQiOiI2NWMzNDFiMmI5MmM3YTVmYmFmZWI2MDcifQ.g8I_2Btv7rGXWFT_jbBB9c0iAVhZshRxVIA8nbNqh0s","default","Mon Oct 05 01:03:12 UTC 2026","failed","Mon Oct 05 01:04:08 UTC 2026","Tests Eors","","",""
"","36652","533. EORS: https://edu.ismart.org/catalog/bd0a08-informatika/124-1-nedelya-vvedenie-v-informacionnye-tehnologii?view=tasks&class=5f3fa2c7f00eca001c8bd3f9&auth=eyJhbGciOiJIUzI1NiIsInR5cCI6IkpXVCJ9.eyJpZCI6IjY1YzM0MWIyYjkyYzdhNWZiYWZlYjYwNyIsImlzQWN0aXZlIjp0cnVlLCJpc0d1ZXN0IjpmYWxzZSwiaXNSZWdpc3RyYXRpb25Db21wbGV0ZSI6dHJ1ZSwiaXNDb25maXJtRW1haWwiOmZhbHNlLCJzdHVkZW50cyI6W10sInV0Y09mZnNldCI6MTgwLCJyb2xlIjoic2Nob29sLXRlYWNoZXIiLCJsYXN0TmFtZSI6IiIsImZpcnN0TmFtZSI6ItCf0YDQvtGE0LXRgdGB0LjQvtC90LDQu9GM0L3Ri9C5IiwicGhvbmVOdW1iZXIiOiIiLCJsb2dpbiI6InRlYWNoZXJfZnVsbEBpc21hcnQub3JnIiwiZW1haWwiOiJ0ZWFjaGVyX2Z1bGxAaXNtYXJ0Lm9yZyIsImNvbnRyYWN0VHlwZSI6InByaXZhdGUiLCJleHRlcm5hbFVzZXJTb3VyY2UiOm51bGwsImdvZE1vZGUiOnRydWUsImVkdWNvbnQiOnt9LCJfaWQiOiI2NWMzNDFiMmI5MmM3YTVmYmFmZWI2MDcifQ.g8I_2Btv7rGXWFT_jbBB9c0iAVhZshRxVIA8nbNqh0s","default","Mon Oct 05 01:33:00 UTC 2026","passed","Mon Oct 05 01:33:37 UTC 2026","Tests Eors","","",""
"","24953","Каталог заданий: Повторение пройденного материала ""Химия"" — Класс 3","default","Mon Oct 05 02:38:13 UTC 2026","passed","Mon Oct 05 02:38:38 UTC 2026","AuTestCatalogTask","","",""
"","56187","596. EORS: https://edu.ismart.org/catalog/cat-prepare-test-work-ru-lang/101-kontrolnaya-rabota-glagol?view=tasks&class=5ef1b652250d56001b4f771b&auth=eyJhbGciOiJIUzI1NiIsInR5cCI6IkpXVCJ9.eyJpZCI6IjY1YzM0MWIyYjkyYzdhNWZiYWZlYjYwNyIsImlzQWN0aXZlIjp0cnVlLCJpc0d1ZXN0IjpmYWxzZSwiaXNSZWdpc3RyYXRpb25Db21wbGV0ZSI6dHJ1ZSwiaXNDb25maXJtRW1haWwiOmZhbHNlLCJzdHVkZW50cyI6W10sInV0Y09mZnNldCI6MTgwLCJyb2xlIjoic2Nob29sLXRlYWNoZXIiLCJsYXN0TmFtZSI6IiIsImZpcnN0TmFtZSI6ItCf0YDQvtGE0LXRgdGB0LjQvtC90LDQu9GM0L3Ri9C5IiwicGhvbmVOdW1iZXIiOiIiLCJsb2dpbiI6InRlYWNoZXJfZnVsbEBpc21hcnQub3JnIiwiZW1haWwiOiJ0ZWFjaGVyX2Z1bGxAaXNtYXJ0Lm9yZyIsImNvbnRyYWN0VHlwZSI6InByaXZhdGUiLCJleHRlcm5hbFVzZXJTb3VyY2UiOm51bGwsImdvZE1vZGUiOnRydWUsImVkdWNvbnQiOnt9LCJfaWQiOiI2NWMzNDFiMmI5MmM3YTVmYmFmZWI2MDcifQ.g8I_2Btv7rGXWFT_jbBB9c0iAVhZshRxVIA8nbNqh0s","default","Mon Oct 05 01:42:15 UTC 2026","failed","Mon Oct 05 01:43:11 UTC 2026","Tests Eors","","",""
"","45836","192. EORS: https://edu.ismart.org/catalog/d398ca-algebra-i-nachala-matematicheskogo-analiza-ras/1-stepen-s-racionalnym-pokazatelem_VX6ySz?view=tasks&categoryCode=457fc2-algebra-i-nachala-matem-analiza-11-kl&auth=eyJhbGciOiJIUzI1NiIsInR5cCI6IkpXVCJ9.eyJpZCI6IjY1YzM0MWIyYjkyYzdhNWZiYWZlYjYwNyIsImlzQWN0aXZlIjp0cnVlLCJpc0d1ZXN0IjpmYWxzZSwiaXNSZWdpc3RyYXRpb25Db21wbGV0ZSI6dHJ1ZSwiaXNDb25maXJtRW1haWwiOmZhbHNlLCJzdHVkZW50cyI6W10sInV0Y09mZnNldCI6MTgwLCJyb2xlIjoic2Nob29sLXRlYWNoZXIiLCJsYXN0TmFtZSI6IiIsImZpcnN0TmFtZSI6ItCf0YDQvtGE0LXRgdGB0LjQvtC90LDQu9GM0L3Ri9C5IiwicGhvbmVOdW1iZXIiOiIiLCJsb2dpbiI6InRlYWNoZXJfZnVsbEBpc21hcnQub3JnIiwiZW1haWwiOiJ0ZWFjaGVyX2Z1bGxAaXNtYXJ0Lm9yZyIsImNvbnRyYWN0VHlwZSI6InByaXZhdGUiLCJleHRlcm5hbFVzZXJTb3VyY2UiOm51bGwsImdvZE1vZGUiOnRydWUsImVkdWNvbnQiOnt9LCJfaWQiOiI2NWMzNDFiMmI5MmM3YTVmYmFmZWI2MDcifQ.g8I_2Btv7rGXWFT_jbBB9c0iAVhZshRxVIA8nbNqh0s","default","Mon Oct 05 00:47:25 UTC 2026","failed","Mon Oct 05 00:48:11 UTC 2026","Tests Eors","","",""
"","17091","Каталог заданий: Подготовка к ВПР ""Литература"" — Класс 2","default","Mon Oct 05 02:22:22 UTC 2026","passed","Mon Oct 05 02:22:39 UTC 2026","AuTestCatalogTask","","",""
"","24645","62. EORS: https://edu.ismart.org/catalog/196815-russkii-yazik-1-klass/45-1-nedelya-vspominaem-zvuki-i-bukvy?view=tasks&class=5a3cef238409440019b57b38&auth=eyJhbGciOiJIUzI1NiIsInR5cCI6IkpXVCJ9.eyJpZCI6IjY1YzM0MWIyYjkyYzdhNWZiYWZlYjYwNyIsImlzQWN0aXZlIjp0cnVlLCJpc0d1ZXN0IjpmYWxzZSwiaXNSZWdpc3RyYXRpb25Db21wbGV0ZSI6dHJ1ZSwiaXNDb25maXJtRW1haWwiOmZhbHNlLCJzdHVkZW50cyI6W10sInV0Y09mZnNldCI6MTgwLCJyb2xlIjoic2Nob29sLXRlYWNoZXIiLCJsYXN0TmFtZSI6IiIsImZpcnN0TmFtZSI6ItCf0YDQvtGE0LXRgdGB0LjQvtC90LDQu9GM0L3Ri9C5IiwicGhvbmVOdW1iZXIiOiIiLCJsb2dpbiI6InRlYWNoZXJfZnVsbEBpc21hcnQub3JnIiwiZW1haWwiOiJ0ZWFjaGVyX2Z1bGxAaXNtYXJ0Lm9yZyIsImNvbnRyYWN0VHlwZSI6InByaXZhdGUiLCJleHRlcm5hbFVzZXJTb3VyY2UiOm51bGwsImdvZE1vZGUiOnRydWUsImVkdWNvbnQiOnt9LCJfaWQiOiI2NWMzNDFiMmI5MmM3YTVmYmFmZWI2MDcifQ.g8I_2Btv7rGXWFT_jbBB9c0iAVhZshRxVIA8nbNqh0s","default","Mon Oct 05 00:30:18 UTC 2026","passed","Mon Oct 05 00:30:42 UTC 2026","Tests Eors","","",""
"","11045","Каталог заданий: Русский язык пакеты ""Важные вопросы орфографии (10-11 кл.)"" — Класс 2","default","Mon Oct 05 02:43:52 UTC 2026","passed","Mon Oct 05 02:44:03 UTC 2026","AuTestCatalogTask","","",""
"","13942","Каталог заданий: РАС ""Геометрия. 8.1"" — Класс 5","default","Mon Oct 05 03:52:14 UTC 2026","passed","Mon Oct 05 03:52:28 UTC 2026","AuTestCatalogTask","","",""
"","22599","369. EORS: https://edu.ismart.org/catalog/7b3bfd-biologiya/101-kontrolnaya-rabota-1-po-teme-?view=tasks&class=64bfa63cd00b08794c3f8b29&auth=eyJhbGciOiJIUzI1NiIsInR5cCI6IkpXVCJ9.eyJpZCI6IjY1YzM0MWIyYjkyYzdhNWZiYWZlYjYwNyIsImlzQWN0aXZlIjp0cnVlLCJpc0d1ZXN0IjpmYWxzZSwiaXNSZWdpc3RyYXRpb25Db21wbGV0ZSI6dHJ1ZSwiaXNDb25maXJtRW1haWwiOmZhbHNlLCJzdHVkZW50cyI6W10sInV0Y09mZnNldCI6MTgwLCJyb2xlIjoic2Nob29sLXRlYWNoZXIiLCJsYXN0TmFtZSI6IiIsImZpcnN0TmFtZSI6ItCf0YDQvtGE0LXRgdGB0LjQvtC90LDQu9GM0L3Ri9C5IiwicGhvbmVOdW1iZXIiOiIiLCJsb2dpbiI6InRlYWNoZXJfZnVsbEBpc21hcnQub3JnIiwiZW1haWwiOiJ0ZWFjaGVyX2Z1bGxAaXNtYXJ0Lm9yZyIsImNvbnRyYWN0VHlwZSI6InByaXZhdGUiLCJleHRlcm5hbFVzZXJTb3VyY2UiOm51bGwsImdvZE1vZGUiOnRydWUsImVkdWNvbnQiOnt9LCJfaWQiOiI2NWMzNDFiMmI5MmM3YTVmYmFmZWI2MDcifQ.g8I_2Btv7rGXWFT_jbBB9c0iAVhZshRxVIA8nbNqh0s","default","Mon Oct 05 01:10:54 UTC 2026","passed","Mon Oct 05 01:11:17 UTC 2026","Tests Eors","","",""
"","24235","380. EORS: https://edu.ismart.org/catalog/14a93a-istoriya-8-1/1-vvedenie-_mnvJh9_LDOjja?view=tasks&categoryCode=8075ce-11-kl&auth=eyJhbGciOiJIUzI1NiIsInR5cCI6IkpXVCJ9.eyJpZCI6IjY1YzM0MWIyYjkyYzdhNWZiYWZlYjYwNyIsImlzQWN0aXZlIjp0cnVlLCJpc0d1ZXN0IjpmYWxzZSwiaXNSZWdpc3RyYXRpb25Db21wbGV0ZSI6dHJ1ZSwiaXNDb25maXJtRW1haWwiOmZhbHNlLCJzdHVkZW50cyI6W10sInV0Y09mZnNldCI6MTgwLCJyb2xlIjoic2Nob29sLXRlYWNoZXIiLCJsYXN0TmFtZSI6IiIsImZpcnN0TmFtZSI6ItCf0YDQvtGE0LXRgdGB0LjQvtC90LDQu9GM0L3Ri9C5IiwicGhvbmVOdW1iZXIiOiIiLCJsb2dpbiI6InRlYWNoZXJfZnVsbEBpc21hcnQub3JnIiwiZW1haWwiOiJ0ZWFjaGVyX2Z1bGxAaXNtYXJ0Lm9yZyIsImNvbnRyYWN0VHlwZSI6InByaXZhdGUiLCJleHRlcm5hbFVzZXJTb3VyY2UiOm51bGwsImdvZE1vZGUiOnRydWUsImVkdWNvbnQiOnt9LCJfaWQiOiI2NWMzNDFiMmI5MmM3YTVmYmFmZWI2MDcifQ.g8I_2Btv7rGXWFT_jbBB9c0iAVhZshRxVIA8nbNqh0s","default","Mon Oct 05 01:12:10 UTC 2026","passed","Mon Oct 05 01:12:34 UTC 2026","Tests Eors","","",""
"","15826","Каталог заданий: Дополнительное образование ""Вероятность и статистика"" — Класс 2","default","Mon Oct 05 02:16:58 UTC 2026","passed","Mon Oct 05 02:17:14 UTC 2026","AuTestCatalogTask","","",""
"","25268","583. EORS: https://edu.ismart.org/catalog/cat-hard-math/slojenie?view=tasks&class=5a3cef308409440019b57b39&auth=eyJhbGciOiJIUzI1NiIsInR5cCI6IkpXVCJ9.eyJpZCI6IjY1YzM0MWIyYjkyYzdhNWZiYWZlYjYwNyIsImlzQWN0aXZlIjp0cnVlLCJpc0d1ZXN0IjpmYWxzZSwiaXNSZWdpc3RyYXRpb25Db21wbGV0ZSI6dHJ1ZSwiaXNDb25maXJtRW1haWwiOmZhbHNlLCJzdHVkZW50cyI6W10sInV0Y09mZnNldCI6MTgwLCJyb2xlIjoic2Nob29sLXRlYWNoZXIiLCJsYXN0TmFtZSI6IiIsImZpcnN0TmFtZSI6ItCf0YDQvtGE0LXRgdGB0LjQvtC90LDQu9GM0L3Ri9C5IiwicGhvbmVOdW1iZXIiOiIiLCJsb2dpbiI6InRlYWNoZXJfZnVsbEBpc21hcnQub3JnIiwiZW1haWwiOiJ0ZWFjaGVyX2Z1bGxAaXNtYXJ0Lm9yZyIsImNvbnRyYWN0VHlwZSI6InByaXZhdGUiLCJleHRlcm5hbFVzZXJTb3VyY2UiOm51bGwsImdvZE1vZGUiOnRydWUsImVkdWNvbnQiOnt9LCJfaWQiOiI2NWMzNDFiMmI5MmM3YTVmYmFmZWI2MDcifQ.g8I_2Btv7rGXWFT_jbBB9c0iAVhZshRxVIA8nbNqh0s","default","Mon Oct 05 01:39:45 UTC 2026","passed","Mon Oct 05 01:40:10 UTC 2026","Tests Eors","","",""
"","19361","Каталог заданий: Сложные темы ""Математика"" — Класс 4","default","Mon Oct 05 02:44:39 UTC 2026","passed","Mon Oct 05 02:44:59 UTC 2026","AuTestCatalogTask","","",""
"","30293","Каталог заданий: Дополнительное образование ""Практикум по английскому языку"" — Класс 4","default","Mon Oct 05 02:17:20 UTC 2026","passed","Mon Oct 05 02:17:50 UTC 2026","AuTestCatalogTask","","",""
"","61426","64. EORS: https://edu.ismart.org/catalog/196815-russkii-yazik-1-klass/50-1-nedelya-rech-zvuki-i-bukvy-iz-chego-sostoit-nash-yazyk?view=tasks&class=5ef1b652250d56001b4f771b&auth=eyJhbGciOiJIUzI1NiIsInR5cCI6IkpXVCJ9.eyJpZCI6IjY1YzM0MWIyYjkyYzdhNWZiYWZlYjYwNyIsImlzQWN0aXZlIjp0cnVlLCJpc0d1ZXN0IjpmYWxzZSwiaXNSZWdpc3RyYXRpb25Db21wbGV0ZSI6dHJ1ZSwiaXNDb25maXJtRW1haWwiOmZhbHNlLCJzdHVkZW50cyI6W10sInV0Y09mZnNldCI6MTgwLCJyb2xlIjoic2Nob29sLXRlYWNoZXIiLCJsYXN0TmFtZSI6IiIsImZpcnN0TmFtZSI6ItCf0YDQvtGE0LXRgdGB0LjQvtC90LDQu9GM0L3Ri9C5IiwicGhvbmVOdW1iZXIiOiIiLCJsb2dpbiI6InRlYWNoZXJfZnVsbEBpc21hcnQub3JnIiwiZW1haWwiOiJ0ZWFjaGVyX2Z1bGxAaXNtYXJ0Lm9yZyIsImNvbnRyYWN0VHlwZSI6InByaXZhdGUiLCJleHRlcm5hbFVzZXJTb3VyY2UiOm51bGwsImdvZE1vZGUiOnRydWUsImVkdWNvbnQiOnt9LCJfaWQiOiI2NWMzNDFiMmI5MmM3YTVmYmFmZWI2MDcifQ.g8I_2Btv7rGXWFT_jbBB9c0iAVhZshRxVIA8nbNqh0s","default","Mon Oct 05 00:30:39 UTC 2026","failed","Mon Oct 05 00:31:41 UTC 2026","Tests Eors","","",""
"","33055","209. EORS: https://edu.ismart.org/catalog/4af9a3-veroyatnost-istatistika/8-predstavlenie-dannyh-veroyatnost-i-statistika?view=tasks&class=5f3fa2c7f00eca001c8bd3f9&auth=eyJhbGciOiJIUzI1NiIsInR5cCI6IkpXVCJ9.eyJpZCI6IjY1YzM0MWIyYjkyYzdhNWZiYWZlYjYwNyIsImlzQWN0aXZlIjp0cnVlLCJpc0d1ZXN0IjpmYWxzZSwiaXNSZWdpc3RyYXRpb25Db21wbGV0ZSI6dHJ1ZSwiaXNDb25maXJtRW1haWwiOmZhbHNlLCJzdHVkZW50cyI6W10sInV0Y09mZnNldCI6MTgwLCJyb2xlIjoic2Nob29sLXRlYWNoZXIiLCJsYXN0TmFtZSI6IiIsImZpcnN0TmFtZSI6ItCf0YDQvtGE0LXRgdGB0LjQvtC90LDQu9GM0L3Ri9C5IiwicGhvbmVOdW1iZXIiOiIiLCJsb2dpbiI6InRlYWNoZXJfZnVsbEBpc21hcnQub3JnIiwiZW1haWwiOiJ0ZWFjaGVyX2Z1bGxAaXNtYXJ0Lm9yZyIsImNvbnRyYWN0VHlwZSI6InByaXZhdGUiLCJleHRlcm5hbFVzZXJTb3VyY2UiOm51bGwsImdvZE1vZGUiOnRydWUsImVkdWNvbnQiOnt9LCJfaWQiOiI2NWMzNDFiMmI5MmM3YTVmYmFmZWI2MDcifQ.g8I_2Btv7rGXWFT_jbBB9c0iAVhZshRxVIA8nbNqh0s","default","Mon Oct 05 00:49:36 UTC 2026","passed","Mon Oct 05 00:50:09 UTC 2026","Tests Eors","","",""
"","39451","Каталог заданий: Слабослышащие ""Литература. 2.1"" — Класс 1","default","Mon Oct 05 03:25:00 UTC 2026","passed","Mon Oct 05 03:25:39 UTC 2026","AuTestCatalogTask","","",""
"","22492","708. EORS: https://edu.ismart.org/catalog/b845ac-veroyatnost-i-statistika-tnr/13-matematicheskoe-ojidanie-sluchano-velichiny-veroyatnost-i-statistika_B70xF8?view=tasks&categoryCode=f2ddbc-11-klass&auth=eyJhbGciOiJIUzI1NiIsInR5cCI6IkpXVCJ9.eyJpZCI6IjY1YzM0MWIyYjkyYzdhNWZiYWZlYjYwNyIsImlzQWN0aXZlIjp0cnVlLCJpc0d1ZXN0IjpmYWxzZSwiaXNSZWdpc3RyYXRpb25Db21wbGV0ZSI6dHJ1ZSwiaXNDb25maXJtRW1haWwiOmZhbHNlLCJzdHVkZW50cyI6W10sInV0Y09mZnNldCI6MTgwLCJyb2xlIjoic2Nob29sLXRlYWNoZXIiLCJsYXN0TmFtZSI6IiIsImZpcnN0TmFtZSI6ItCf0YDQvtGE0LXRgdGB0LjQvtC90LDQu9GM0L3Ri9C5IiwicGhvbmVOdW1iZXIiOiIiLCJsb2dpbiI6InRlYWNoZXJfZnVsbEBpc21hcnQub3JnIiwiZW1haWwiOiJ0ZWFjaGVyX2Z1bGxAaXNtYXJ0Lm9yZyIsImNvbnRyYWN0VHlwZSI6InByaXZhdGUiLCJleHRlcm5hbFVzZXJTb3VyY2UiOm51bGwsImdvZE1vZGUiOnRydWUsImVkdWNvbnQiOnt9LCJfaWQiOiI2NWMzNDFiMmI5MmM3YTVmYmFmZWI2MDcifQ.g8I_2Btv7rGXWFT_jbBB9c0iAVhZshRxVIA8nbNqh0s","default","Mon Oct 05 01:58:06 UTC 2026","passed","Mon Oct 05 01:58:28 UTC 2026","Tests Eors","","",""
"","15499","Каталог заданий: ТНР ""Вероятность и статистика. 5.1"" — Класс 5","default","Mon Oct 05 02:51:55 UTC 2026","passed","Mon Oct 05 02:52:10 UTC 2026","AuTestCatalogTask","","",""
"","37303","Каталог заданий: Нарушение слуха ""Окружающий мир. 1.1"" — Класс 4","default","Mon Oct 05 03:15:14 UTC 2026","passed","Mon Oct 05 03:15:51 UTC 2026","AuTestCatalogTask","","",""
"","48422","373. EORS: https://edu.ismart.org/catalog/0cc805-literatura/1-osnovnye-etapy-russkogo-literaturnogo-processa-s-drevnerussko-literatury-do-xix-veka_PNycqO_W4KOca?view=tasks&categoryCode=7d9ca0-10-kl&auth=eyJhbGciOiJIUzI1NiIsInR5cCI6IkpXVCJ9.eyJpZCI6IjY1YzM0MWIyYjkyYzdhNWZiYWZlYjYwNyIsImlzQWN0aXZlIjp0cnVlLCJpc0d1ZXN0IjpmYWxzZSwiaXNSZWdpc3RyYXRpb25Db21wbGV0ZSI6dHJ1ZSwiaXNDb25maXJtRW1haWwiOmZhbHNlLCJzdHVkZW50cyI6W10sInV0Y09mZnNldCI6MTgwLCJyb2xlIjoic2Nob29sLXRlYWNoZXIiLCJsYXN0TmFtZSI6IiIsImZpcnN0TmFtZSI6ItCf0YDQvtGE0LXRgdGB0LjQvtC90LDQu9GM0L3Ri9C5IiwicGhvbmVOdW1iZXIiOiIiLCJsb2dpbiI6InRlYWNoZXJfZnVsbEBpc21hcnQub3JnIiwiZW1haWwiOiJ0ZWFjaGVyX2Z1bGxAaXNtYXJ0Lm9yZyIsImNvbnRyYWN0VHlwZSI6InByaXZhdGUiLCJleHRlcm5hbFVzZXJTb3VyY2UiOm51bGwsImdvZE1vZGUiOnRydWUsImVkdWNvbnQiOnt9LCJfaWQiOiI2NWMzNDFiMmI5MmM3YTVmYmFmZWI2MDcifQ.g8I_2Btv7rGXWFT_jbBB9c0iAVhZshRxVIA8nbNqh0s","default","Mon Oct 05 01:11:17 UTC 2026","failed","Mon Oct 05 01:12:05 UTC 2026","Tests Eors","","",""
"","23844","Каталог заданий: Слабослышащие ""Английский язык. 2.1"" — Класс 10","default","Mon Oct 05 03:29:26 UTC 2026","passed","Mon Oct 05 03:29:50 UTC 2026","AuTestCatalogTask","","",""
"","27162","Каталог заданий: НОДА ""Литература. 6.1"" — Класс 5","default","Mon Oct 05 03:43:38 UTC 2026","passed","Mon Oct 05 03:44:05 UTC 2026","AuTestCatalogTask","","",""
"","16459","Каталог заданий: Школьная программа ""Алгебра и начала мат. анализа"" — Класс 1","default","Mon Oct 05 02:10:43 UTC 2026","passed","Mon Oct 05 02:10:59 UTC 2026","AuTestCatalogTask","","",""
"","17604","Каталог заданий: Нарушение слуха ""Русский язык. 1.1"" — Класс 5","default","Mon Oct 05 03:12:53 UTC 2026","passed","Mon Oct 05 03:13:11 UTC 2026","AuTestCatalogTask","","",""
"","24405","Каталог заданий: Повторение пройденного материала ""Химия"" — Класс 2","default","Mon Oct 05 02:38:05 UTC 2026","passed","Mon Oct 05 02:38:30 UTC 2026","AuTestCatalogTask","","",""
"","38749","Каталог заданий: ТНР ""Литература. 5.1"" — Класс 1","default","Mon Oct 05 02:48:52 UTC 2026","passed","Mon Oct 05 02:49:31 UTC 2026","AuTestCatalogTask","","",""
"","30277","Каталог заданий: Нарушение слуха ""Химия. 1.1"" — Класс 3","default","Mon Oct 05 03:20:42 UTC 2026","passed","Mon Oct 05 03:21:13 UTC 2026","AuTestCatalogTask","","",""
"","17434","Каталог заданий: РАС ""Информатика. 8.1"" — Класс 4","default","Mon Oct 05 03:59:04 UTC 2026","passed","Mon Oct 05 03:59:21 UTC 2026","AuTestCatalogTask","","",""
"","15373","Каталог заданий: Нарушение слуха ""Физика. 1.1"" — Класс 1","default","Mon Oct 05 03:20:55 UTC 2026","passed","Mon Oct 05 03:21:11 UTC 2026","AuTestCatalogTask","","",""
"","24644","Каталог заданий: ЗПР ""Русский язык. 7.1"" — Класс 3","default","Mon Oct 05 03:30:28 UTC 2026","passed","Mon Oct 05 03:30:53 UTC 2026","AuTestCatalogTask","","",""
"","30968","Каталог заданий: Подготовка к ЕГЭ ""Физика""","default","Mon Oct 05 02:19:35 UTC 2026","passed","Mon Oct 05 02:20:06 UTC 2026","AuTestCatalogTask","","",""
"","35403","Каталог заданий: ТНР ""История. 5.1"" — Класс 5","default","Mon Oct 05 02:50:55 UTC 2026","passed","Mon Oct 05 02:51:30 UTC 2026","AuTestCatalogTask","","",""
"","26863","Каталог заданий: Нарушение слуха ""Английский язык. 1.1"" — Класс 4","default","Mon Oct 05 03:18:23 UTC 2026","passed","Mon Oct 05 03:18:50 UTC 2026","AuTestCatalogTask","","",""
"","50468","Каталог заданий: Слабослышащие ""Биология. 2.1"" — Класс 4","default","Mon Oct 05 03:24:09 UTC 2026","passed","Mon Oct 05 03:25:00 UTC 2026","AuTestCatalogTask","","",""
"","27358","Каталог заданий: ТНР ""Литература. 5.1"" — Класс 5","default","Mon Oct 05 02:49:31 UTC 2026","passed","Mon Oct 05 02:49:58 UTC 2026","AuTestCatalogTask","","",""
"","52486","Каталог заданий: ЗПР ""Биология. 7.1"" — Класс 2","default","Mon Oct 05 03:35:54 UTC 2026","passed","Mon Oct 05 03:36:47 UTC 2026","AuTestCatalogTask","","",""
"","33049","Каталог заданий: Слабовидящие ""Литература. 4.1"" — Класс 4","default","Mon Oct 05 03:06:23 UTC 2026","passed","Mon Oct 05 03:06:56 UTC 2026","AuTestCatalogTask","","",""
"","19687","Каталог заданий: Подготовка к контрольным работам ""Русский язык"" — Класс 5","default","Mon Oct 05 02:25:40 UTC 2026","passed","Mon Oct 05 02:26:00 UTC 2026","AuTestCatalogTask","","",""
"","30935","262. EORS: https://edu.ismart.org/catalog/d863c5-fizika-tnr/1-osnovy-elektrodinamiki-_4rVVkw?view=tasks&categoryCode=57691f-11-klass&auth=eyJhbGciOiJIUzI1NiIsInR5cCI6IkpXVCJ9.eyJpZCI6IjY1YzM0MWIyYjkyYzdhNWZiYWZlYjYwNyIsImlzQWN0aXZlIjp0cnVlLCJpc0d1ZXN0IjpmYWxzZSwiaXNSZWdpc3RyYXRpb25Db21wbGV0ZSI6dHJ1ZSwiaXNDb25maXJtRW1haWwiOmZhbHNlLCJzdHVkZW50cyI6W10sInV0Y09mZnNldCI6MTgwLCJyb2xlIjoic2Nob29sLXRlYWNoZXIiLCJsYXN0TmFtZSI6IiIsImZpcnN0TmFtZSI6ItCf0YDQvtGE0LXRgdGB0LjQvtC90LDQu9GM0L3Ri9C5IiwicGhvbmVOdW1iZXIiOiIiLCJsb2dpbiI6InRlYWNoZXJfZnVsbEBpc21hcnQub3JnIiwiZW1haWwiOiJ0ZWFjaGVyX2Z1bGxAaXNtYXJ0Lm9yZyIsImNvbnRyYWN0VHlwZSI6InByaXZhdGUiLCJleHRlcm5hbFVzZXJTb3VyY2UiOm51bGwsImdvZE1vZGUiOnRydWUsImVkdWNvbnQiOnt9LCJfaWQiOiI2NWMzNDFiMmI5MmM3YTVmYmFmZWI2MDcifQ.g8I_2Btv7rGXWFT_jbBB9c0iAVhZshRxVIA8nbNqh0s","default","Mon Oct 05 00:56:51 UTC 2026","passed","Mon Oct 05 00:57:22 UTC 2026","Tests Eors","","",""
"","31447","543. EORS: https://edu.ismart.org/catalog/9462b8-matematika-noda/100-1-chisla-i-velichiny-chisla-v-predelah-1000_vScNrG?view=tasks&categoryCode=bfc68f-matematika-3-kl&auth=eyJhbGciOiJIUzI1NiIsInR5cCI6IkpXVCJ9.eyJpZCI6IjY1YzM0MWIyYjkyYzdhNWZiYWZlYjYwNyIsImlzQWN0aXZlIjp0cnVlLCJpc0d1ZXN0IjpmYWxzZSwiaXNSZWdpc3RyYXRpb25Db21wbGV0ZSI6dHJ1ZSwiaXNDb25maXJtRW1haWwiOmZhbHNlLCJzdHVkZW50cyI6W10sInV0Y09mZnNldCI6MTgwLCJyb2xlIjoic2Nob29sLXRlYWNoZXIiLCJsYXN0TmFtZSI6IiIsImZpcnN0TmFtZSI6ItCf0YDQvtGE0LXRgdGB0LjQvtC90LDQu9GM0L3Ri9C5IiwicGhvbmVOdW1iZXIiOiIiLCJsb2dpbiI6InRlYWNoZXJfZnVsbEBpc21hcnQub3JnIiwiZW1haWwiOiJ0ZWFjaGVyX2Z1bGxAaXNtYXJ0Lm9yZyIsImNvbnRyYWN0VHlwZSI6InByaXZhdGUiLCJleHRlcm5hbFVzZXJTb3VyY2UiOm51bGwsImdvZE1vZGUiOnRydWUsImVkdWNvbnQiOnt9LCJfaWQiOiI2NWMzNDFiMmI5MmM3YTVmYmFmZWI2MDcifQ.g8I_2Btv7rGXWFT_jbBB9c0iAVhZshRxVIA8nbNqh0s","default","Mon Oct 05 01:34:07 UTC 2026","passed","Mon Oct 05 01:34:39 UTC 2026","Tests Eors","","",""
"","25988","Каталог заданий: Слепые ""Окружающий мир. 3.1"" — Класс 4","default","Mon Oct 05 02:56:38 UTC 2026","passed","Mon Oct 05 02:57:04 UTC 2026","AuTestCatalogTask","","",""
"","20328","361. EORS: https://edu.ismart.org/catalog/7b14ff-istoriya/1-zadanie-1-rabota-s-hronologie?view=tasks&class=5f63090daee1af001b415303&auth=eyJhbGciOiJIUzI1NiIsInR5cCI6IkpXVCJ9.eyJpZCI6IjY1YzM0MWIyYjkyYzdhNWZiYWZlYjYwNyIsImlzQWN0aXZlIjp0cnVlLCJpc0d1ZXN0IjpmYWxzZSwiaXNSZWdpc3RyYXRpb25Db21wbGV0ZSI6dHJ1ZSwiaXNDb25maXJtRW1haWwiOmZhbHNlLCJzdHVkZW50cyI6W10sInV0Y09mZnNldCI6MTgwLCJyb2xlIjoic2Nob29sLXRlYWNoZXIiLCJsYXN0TmFtZSI6IiIsImZpcnN0TmFtZSI6ItCf0YDQvtGE0LXRgdGB0LjQvtC90LDQu9GM0L3Ri9C5IiwicGhvbmVOdW1iZXIiOiIiLCJsb2dpbiI6InRlYWNoZXJfZnVsbEBpc21hcnQub3JnIiwiZW1haWwiOiJ0ZWFjaGVyX2Z1bGxAaXNtYXJ0Lm9yZyIsImNvbnRyYWN0VHlwZSI6InByaXZhdGUiLCJleHRlcm5hbFVzZXJTb3VyY2UiOm51bGwsImdvZE1vZGUiOnRydWUsImVkdWNvbnQiOnt9LCJfaWQiOiI2NWMzNDFiMmI5MmM3YTVmYmFmZWI2MDcifQ.g8I_2Btv7rGXWFT_jbBB9c0iAVhZshRxVIA8nbNqh0s","default","Mon Oct 05 01:10:03 UTC 2026","passed","Mon Oct 05 01:10:23 UTC 2026","Tests Eors","","",""
"","24943","Каталог заданий: Подготовка к ВПР ""Математика"" — Класс 1","default","Mon Oct 05 02:20:58 UTC 2026","passed","Mon Oct 05 02:21:23 UTC 2026","AuTestCatalogTask","","",""
"","24820","Каталог заданий: Повторение пройденного материала ""Математика"" — Класс 1","default","Mon Oct 05 02:31:25 UTC 2026","passed","Mon Oct 05 02:31:50 UTC 2026","AuTestCatalogTask","","",""
"","67412","Каталог заданий: ЗПР ""Биология. 7.1"" — Класс 6","default","Mon Oct 05 03:36:45 UTC 2026","passed","Mon Oct 05 03:37:52 UTC 2026","AuTestCatalogTask","","",""
"","11786","Каталог заданий: Русский язык пакеты ""Пунктуационная грамотность (5-9 кл.)"" — Класс 5","default","Mon Oct 05 02:43:35 UTC 2026","passed","Mon Oct 05 02:43:47 UTC 2026","AuTestCatalogTask","","",""
"","46235","91. EORS: https://edu.ismart.org/catalog/efddae-veroyatnost-i-statistika-2-1/13-matematicheskoe-ojidanie-sluchano-velichiny-veroyatnost-i-statistika_B70xF8_cRjJCC?view=tasks&categoryCode=1f68ae-11-kl&auth=eyJhbGciOiJIUzI1NiIsInR5cCI6IkpXVCJ9.eyJpZCI6IjY1YzM0MWIyYjkyYzdhNWZiYWZlYjYwNyIsImlzQWN0aXZlIjp0cnVlLCJpc0d1ZXN0IjpmYWxzZSwiaXNSZWdpc3RyYXRpb25Db21wbGV0ZSI6dHJ1ZSwiaXNDb25maXJtRW1haWwiOmZhbHNlLCJzdHVkZW50cyI6W10sInV0Y09mZnNldCI6MTgwLCJyb2xlIjoic2Nob29sLXRlYWNoZXIiLCJsYXN0TmFtZSI6IiIsImZpcnN0TmFtZSI6ItCf0YDQvtGE0LXRgdGB0LjQvtC90LDQu9GM0L3Ri9C5IiwicGhvbmVOdW1iZXIiOiIiLCJsb2dpbiI6InRlYWNoZXJfZnVsbEBpc21hcnQub3JnIiwiZW1haWwiOiJ0ZWFjaGVyX2Z1bGxAaXNtYXJ0Lm9yZyIsImNvbnRyYWN0VHlwZSI6InByaXZhdGUiLCJleHRlcm5hbFVzZXJTb3VyY2UiOm51bGwsImdvZE1vZGUiOnRydWUsImVkdWNvbnQiOnt9LCJfaWQiOiI2NWMzNDFiMmI5MmM3YTVmYmFmZWI2MDcifQ.g8I_2Btv7rGXWFT_jbBB9c0iAVhZshRxVIA8nbNqh0s","default","Mon Oct 05 00:34:42 UTC 2026","failed","Mon Oct 05 00:35:29 UTC 2026","Tests Eors","","",""
"","51247","Каталог заданий: РАС ""Литература. 8.1"" — Класс 7","default","Mon Oct 05 03:53:28 UTC 2026","passed","Mon Oct 05 03:54:19 UTC 2026","AuTestCatalogTask","","",""
"","25653","678. EORS: https://edu.ismart.org/catalog/eb65ff-diagnostika-dlya-5-klassa/kes-1?view=tasks&class=5ef1b652250d56001b4f771b&auth=eyJhbGciOiJIUzI1NiIsInR5cCI6IkpXVCJ9.eyJpZCI6IjY1YzM0MWIyYjkyYzdhNWZiYWZlYjYwNyIsImlzQWN0aXZlIjp0cnVlLCJpc0d1ZXN0IjpmYWxzZSwiaXNSZWdpc3RyYXRpb25Db21wbGV0ZSI6dHJ1ZSwiaXNDb25maXJtRW1haWwiOmZhbHNlLCJzdHVkZW50cyI6W10sInV0Y09mZnNldCI6MTgwLCJyb2xlIjoic2Nob29sLXRlYWNoZXIiLCJsYXN0TmFtZSI6IiIsImZpcnN0TmFtZSI6ItCf0YDQvtGE0LXRgdGB0LjQvtC90LDQu9GM0L3Ri9C5IiwicGhvbmVOdW1iZXIiOiIiLCJsb2dpbiI6InRlYWNoZXJfZnVsbEBpc21hcnQub3JnIiwiZW1haWwiOiJ0ZWFjaGVyX2Z1bGxAaXNtYXJ0Lm9yZyIsImNvbnRyYWN0VHlwZSI6InByaXZhdGUiLCJleHRlcm5hbFVzZXJTb3VyY2UiOm51bGwsImdvZE1vZGUiOnRydWUsImVkdWNvbnQiOnt9LCJfaWQiOiI2NWMzNDFiMmI5MmM3YTVmYmFmZWI2MDcifQ.g8I_2Btv7rGXWFT_jbBB9c0iAVhZshRxVIA8nbNqh0s","default","Mon Oct 05 01:54:38 UTC 2026","passed","Mon Oct 05 01:55:04 UTC 2026","Tests Eors","","",""
"","56068","Каталог заданий: Слепые ""История. 3.1"" — Класс 6","default","Mon Oct 05 02:58:29 UTC 2026","passed","Mon Oct 05 02:59:25 UTC 2026","AuTestCatalogTask","","",""
"","16310","Каталог заданий: ТНР ""Геометрия. 5.1"" — Класс 4","default","Mon Oct 05 02:47:18 UTC 2026","passed","Mon Oct 05 02:47:35 UTC 2026","AuTestCatalogTask","","",""
"","24425","221. EORS: https://edu.ismart.org/catalog/f48fcc-geometriya-slabovidyaschie-uchaschiesya/9-vvedenie-v-stereometriu_jI6lM1?view=tasks&categoryCode=4d1abe-geometriya-10-kl&auth=eyJhbGciOiJIUzI1NiIsInR5cCI6IkpXVCJ9.eyJpZCI6IjY1YzM0MWIyYjkyYzdhNWZiYWZlYjYwNyIsImlzQWN0aXZlIjp0cnVlLCJpc0d1ZXN0IjpmYWxzZSwiaXNSZWdpc3RyYXRpb25Db21wbGV0ZSI6dHJ1ZSwiaXNDb25maXJtRW1haWwiOmZhbHNlLCJzdHVkZW50cyI6W10sInV0Y09mZnNldCI6MTgwLCJyb2xlIjoic2Nob29sLXRlYWNoZXIiLCJsYXN0TmFtZSI6IiIsImZpcnN0TmFtZSI6ItCf0YDQvtGE0LXRgdGB0LjQvtC90LDQu9GM0L3Ri9C5IiwicGhvbmVOdW1iZXIiOiIiLCJsb2dpbiI6InRlYWNoZXJfZnVsbEBpc21hcnQub3JnIiwiZW1haWwiOiJ0ZWFjaGVyX2Z1bGxAaXNtYXJ0Lm9yZyIsImNvbnRyYWN0VHlwZSI6InByaXZhdGUiLCJleHRlcm5hbFVzZXJTb3VyY2UiOm51bGwsImdvZE1vZGUiOnRydWUsImVkdWNvbnQiOnt9LCJfaWQiOiI2NWMzNDFiMmI5MmM3YTVmYmFmZWI2MDcifQ.g8I_2Btv7rGXWFT_jbBB9c0iAVhZshRxVIA8nbNqh0s","default","Mon Oct 05 00:51:26 UTC 2026","passed","Mon Oct 05 00:51:50 UTC 2026","Tests Eors","","",""
"","39022","697. EORS: https://edu.ismart.org/catalog/d9cdcf-veroyatnost-i-statistika-7-1/11-rasseivanie-dannyh-veroyatnost-i-statistika_AbuGS7_QYlCMw?view=tasks&categoryCode=ef671d-8-kl&auth=eyJhbGciOiJIUzI1NiIsInR5cCI6IkpXVCJ9.eyJpZCI6IjY1YzM0MWIyYjkyYzdhNWZiYWZlYjYwNyIsImlzQWN0aXZlIjp0cnVlLCJpc0d1ZXN0IjpmYWxzZSwiaXNSZWdpc3RyYXRpb25Db21wbGV0ZSI6dHJ1ZSwiaXNDb25maXJtRW1haWwiOmZhbHNlLCJzdHVkZW50cyI6W10sInV0Y09mZnNldCI6MTgwLCJyb2xlIjoic2Nob29sLXRlYWNoZXIiLCJsYXN0TmFtZSI6IiIsImZpcnN0TmFtZSI6ItCf0YDQvtGE0LXRgdGB0LjQvtC90LDQu9GM0L3Ri9C5IiwicGhvbmVOdW1iZXIiOiIiLCJsb2dpbiI6InRlYWNoZXJfZnVsbEBpc21hcnQub3JnIiwiZW1haWwiOiJ0ZWFjaGVyX2Z1bGxAaXNtYXJ0Lm9yZyIsImNvbnRyYWN0VHlwZSI6InByaXZhdGUiLCJleHRlcm5hbFVzZXJTb3VyY2UiOm51bGwsImdvZE1vZGUiOnRydWUsImVkdWNvbnQiOnt9LCJfaWQiOiI2NWMzNDFiMmI5MmM3YTVmYmFmZWI2MDcifQ.g8I_2Btv7rGXWFT_jbBB9c0iAVhZshRxVIA8nbNqh0s","default","Mon Oct 05 01:56:44 UTC 2026","passed","Mon Oct 05 01:57:23 UTC 2026","Tests Eors","","",""
"","34313","477. EORS: https://edu.ismart.org/catalog/a95870-matematika-1-klass/13-1-nedelya-chtenie-i-zapis-naturalnyh-chisel?view=tasks&class=5ef1b652250d56001b4f771b&auth=eyJhbGciOiJIUzI1NiIsInR5cCI6IkpXVCJ9.eyJpZCI6IjY1YzM0MWIyYjkyYzdhNWZiYWZlYjYwNyIsImlzQWN0aXZlIjp0cnVlLCJpc0d1ZXN0IjpmYWxzZSwiaXNSZWdpc3RyYXRpb25Db21wbGV0ZSI6dHJ1ZSwiaXNDb25maXJtRW1haWwiOmZhbHNlLCJzdHVkZW50cyI6W10sInV0Y09mZnNldCI6MTgwLCJyb2xlIjoic2Nob29sLXRlYWNoZXIiLCJsYXN0TmFtZSI6IiIsImZpcnN0TmFtZSI6ItCf0YDQvtGE0LXRgdGB0LjQvtC90LDQu9GM0L3Ri9C5IiwicGhvbmVOdW1iZXIiOiIiLCJsb2dpbiI6InRlYWNoZXJfZnVsbEBpc21hcnQub3JnIiwiZW1haWwiOiJ0ZWFjaGVyX2Z1bGxAaXNtYXJ0Lm9yZyIsImNvbnRyYWN0VHlwZSI6InByaXZhdGUiLCJleHRlcm5hbFVzZXJTb3VyY2UiOm51bGwsImdvZE1vZGUiOnRydWUsImVkdWNvbnQiOnt9LCJfaWQiOiI2NWMzNDFiMmI5MmM3YTVmYmFmZWI2MDcifQ.g8I_2Btv7rGXWFT_jbBB9c0iAVhZshRxVIA8nbNqh0s","default","Mon Oct 05 01:24:41 UTC 2026","passed","Mon Oct 05 01:25:15 UTC 2026","Tests Eors","","",""
"","22893","Каталог заданий: Подготовка к ВПР ""История"" — Класс 3","default","Mon Oct 05 02:24:03 UTC 2026","passed","Mon Oct 05 02:24:26 UTC 2026","AuTestCatalogTask","","",""
"","60380","141. EORS: https://edu.ismart.org/catalog/2a5e18-russkii-yazik-1-ntr/13-kakoi-bivaet-nasha-rech_aFr6Zc?view=tasks&categoryCode=30e518-russkii-yazik-4-klass&auth=eyJhbGciOiJIUzI1NiIsInR5cCI6IkpXVCJ9.eyJpZCI6IjY1YzM0MWIyYjkyYzdhNWZiYWZlYjYwNyIsImlzQWN0aXZlIjp0cnVlLCJpc0d1ZXN0IjpmYWxzZSwiaXNSZWdpc3RyYXRpb25Db21wbGV0ZSI6dHJ1ZSwiaXNDb25maXJtRW1haWwiOmZhbHNlLCJzdHVkZW50cyI6W10sInV0Y09mZnNldCI6MTgwLCJyb2xlIjoic2Nob29sLXRlYWNoZXIiLCJsYXN0TmFtZSI6IiIsImZpcnN0TmFtZSI6ItCf0YDQvtGE0LXRgdGB0LjQvtC90LDQu9GM0L3Ri9C5IiwicGhvbmVOdW1iZXIiOiIiLCJsb2dpbiI6InRlYWNoZXJfZnVsbEBpc21hcnQub3JnIiwiZW1haWwiOiJ0ZWFjaGVyX2Z1bGxAaXNtYXJ0Lm9yZyIsImNvbnRyYWN0VHlwZSI6InByaXZhdGUiLCJleHRlcm5hbFVzZXJTb3VyY2UiOm51bGwsImdvZE1vZGUiOnRydWUsImVkdWNvbnQiOnt9LCJfaWQiOiI2NWMzNDFiMmI5MmM3YTVmYmFmZWI2MDcifQ.g8I_2Btv7rGXWFT_jbBB9c0iAVhZshRxVIA8nbNqh0s","default","Mon Oct 05 00:41:01 UTC 2026","failed","Mon Oct 05 00:42:01 UTC 2026","Tests Eors","","",""
"","45940","577. EORS: https://edu.ismart.org/catalog/ca2044-geometriya/9-vvedenie-v-stereometriu?view=tasks&class=64bfa63cd00b08794c3f8b29&auth=eyJhbGciOiJIUzI1NiIsInR5cCI6IkpXVCJ9.eyJpZCI6IjY1YzM0MWIyYjkyYzdhNWZiYWZlYjYwNyIsImlzQWN0aXZlIjp0cnVlLCJpc0d1ZXN0IjpmYWxzZSwiaXNSZWdpc3RyYXRpb25Db21wbGV0ZSI6dHJ1ZSwiaXNDb25maXJtRW1haWwiOmZhbHNlLCJzdHVkZW50cyI6W10sInV0Y09mZnNldCI6MTgwLCJyb2xlIjoic2Nob29sLXRlYWNoZXIiLCJsYXN0TmFtZSI6IiIsImZpcnN0TmFtZSI6ItCf0YDQvtGE0LXRgdGB0LjQvtC90LDQu9GM0L3Ri9C5IiwicGhvbmVOdW1iZXIiOiIiLCJsb2dpbiI6InRlYWNoZXJfZnVsbEBpc21hcnQub3JnIiwiZW1haWwiOiJ0ZWFjaGVyX2Z1bGxAaXNtYXJ0Lm9yZyIsImNvbnRyYWN0VHlwZSI6InByaXZhdGUiLCJleHRlcm5hbFVzZXJTb3VyY2UiOm51bGwsImdvZE1vZGUiOnRydWUsImVkdWNvbnQiOnt9LCJfaWQiOiI2NWMzNDFiMmI5MmM3YTVmYmFmZWI2MDcifQ.g8I_2Btv7rGXWFT_jbBB9c0iAVhZshRxVIA8nbNqh0s","default","Mon Oct 05 01:39:04 UTC 2026","failed","Mon Oct 05 01:39:49 UTC 2026","Tests Eors","","",""
"","19577","Каталог заданий: РАС ""Русский язык. 8.1"" — Класс 10","default","Mon Oct 05 03:50:37 UTC 2026","passed","Mon Oct 05 03:50:57 UTC 2026","AuTestCatalogTask","","",""
"","29164","688. EORS: https://edu.ismart.org/catalog/acb475-angliiskii-yazik-8-1/1-vzaimootnosheniya-v-seme-i-s-druzyami-semenye-prazdniki_6wmfhB_oghLKY?view=tasks&categoryCode=ed735d-6-kl&auth=eyJhbGciOiJIUzI1NiIsInR5cCI6IkpXVCJ9.eyJpZCI6IjY1YzM0MWIyYjkyYzdhNWZiYWZlYjYwNyIsImlzQWN0aXZlIjp0cnVlLCJpc0d1ZXN0IjpmYWxzZSwiaXNSZWdpc3RyYXRpb25Db21wbGV0ZSI6dHJ1ZSwiaXNDb25maXJtRW1haWwiOmZhbHNlLCJzdHVkZW50cyI6W10sInV0Y09mZnNldCI6MTgwLCJyb2xlIjoic2Nob29sLXRlYWNoZXIiLCJsYXN0TmFtZSI6IiIsImZpcnN0TmFtZSI6ItCf0YDQvtGE0LXRgdGB0LjQvtC90LDQu9GM0L3Ri9C5IiwicGhvbmVOdW1iZXIiOiIiLCJsb2dpbiI6InRlYWNoZXJfZnVsbEBpc21hcnQub3JnIiwiZW1haWwiOiJ0ZWFjaGVyX2Z1bGxAaXNtYXJ0Lm9yZyIsImNvbnRyYWN0VHlwZSI6InByaXZhdGUiLCJleHRlcm5hbFVzZXJTb3VyY2UiOm51bGwsImdvZE1vZGUiOnRydWUsImVkdWNvbnQiOnt9LCJfaWQiOiI2NWMzNDFiMmI5MmM3YTVmYmFmZWI2MDcifQ.g8I_2Btv7rGXWFT_jbBB9c0iAVhZshRxVIA8nbNqh0s","default","Mon Oct 05 01:55:51 UTC 2026","passed","Mon Oct 05 01:56:20 UTC 2026","Tests Eors","","",""
"","33932","Каталог заданий: ЗПР ""История. 7.1"" — Класс 1","default","Mon Oct 05 03:34:08 UTC 2026","passed","Mon Oct 05 03:34:42 UTC 2026","AuTestCatalogTask","","",""
"","24080","330. EORS: https://edu.ismart.org/catalog/9efff0-veroyatnost-i-statistika-4-1/15-opisatelnaya-statistika-veroyatnost-i-statistika_1pykOy_faBsHu?view=tasks&categoryCode=71e231-10-kl&auth=eyJhbGciOiJIUzI1NiIsInR5cCI6IkpXVCJ9.eyJpZCI6IjY1YzM0MWIyYjkyYzdhNWZiYWZlYjYwNyIsImlzQWN0aXZlIjp0cnVlLCJpc0d1ZXN0IjpmYWxzZSwiaXNSZWdpc3RyYXRpb25Db21wbGV0ZSI6dHJ1ZSwiaXNDb25maXJtRW1haWwiOmZhbHNlLCJzdHVkZW50cyI6W10sInV0Y09mZnNldCI6MTgwLCJyb2xlIjoic2Nob29sLXRlYWNoZXIiLCJsYXN0TmFtZSI6IiIsImZpcnN0TmFtZSI6ItCf0YDQvtGE0LXRgdGB0LjQvtC90LDQu9GM0L3Ri9C5IiwicGhvbmVOdW1iZXIiOiIiLCJsb2dpbiI6InRlYWNoZXJfZnVsbEBpc21hcnQub3JnIiwiZW1haWwiOiJ0ZWFjaGVyX2Z1bGxAaXNtYXJ0Lm9yZyIsImNvbnRyYWN0VHlwZSI6InByaXZhdGUiLCJleHRlcm5hbFVzZXJTb3VyY2UiOm51bGwsImdvZE1vZGUiOnRydWUsImVkdWNvbnQiOnt9LCJfaWQiOiI2NWMzNDFiMmI5MmM3YTVmYmFmZWI2MDcifQ.g8I_2Btv7rGXWFT_jbBB9c0iAVhZshRxVIA8nbNqh0s","default","Mon Oct 05 01:05:52 UTC 2026","passed","Mon Oct 05 01:06:16 UTC 2026","Tests Eors","","",""
"","30388","Каталог заданий: Подготовка к контрольным работам ""Окружающий мир"" — Класс 3","default","Mon Oct 05 02:27:30 UTC 2026","passed","Mon Oct 05 02:28:01 UTC 2026","AuTestCatalogTask","","",""
"","16017","Каталог заданий: Слабослышащие ""Информатика. 2.1"" — Класс 2","default","Mon Oct 05 03:29:59 UTC 2026","passed","Mon Oct 05 03:30:15 UTC 2026","AuTestCatalogTask","","",""
"","24257","310. EORS: https://edu.ismart.org/catalog/d398ca-algebra-i-nachala-matematicheskogo-analiza-ras/1-mnojestva-racionalnyh-i-destvitelnyh-chisel_jnwN2n?view=tasks&categoryCode=68e4c3-algebra-i-nachala-matem-analiza-10-kl&auth=eyJhbGciOiJIUzI1NiIsInR5cCI6IkpXVCJ9.eyJpZCI6IjY1YzM0MWIyYjkyYzdhNWZiYWZlYjYwNyIsImlzQWN0aXZlIjp0cnVlLCJpc0d1ZXN0IjpmYWxzZSwiaXNSZWdpc3RyYXRpb25Db21wbGV0ZSI6dHJ1ZSwiaXNDb25maXJtRW1haWwiOmZhbHNlLCJzdHVkZW50cyI6W10sInV0Y09mZnNldCI6MTgwLCJyb2xlIjoic2Nob29sLXRlYWNoZXIiLCJsYXN0TmFtZSI6IiIsImZpcnN0TmFtZSI6ItCf0YDQvtGE0LXRgdGB0LjQvtC90LDQu9GM0L3Ri9C5IiwicGhvbmVOdW1iZXIiOiIiLCJsb2dpbiI6InRlYWNoZXJfZnVsbEBpc21hcnQub3JnIiwiZW1haWwiOiJ0ZWFjaGVyX2Z1bGxAaXNtYXJ0Lm9yZyIsImNvbnRyYWN0VHlwZSI6InByaXZhdGUiLCJleHRlcm5hbFVzZXJTb3VyY2UiOm51bGwsImdvZE1vZGUiOnRydWUsImVkdWNvbnQiOnt9LCJfaWQiOiI2NWMzNDFiMmI5MmM3YTVmYmFmZWI2MDcifQ.g8I_2Btv7rGXWFT_jbBB9c0iAVhZshRxVIA8nbNqh0s","default","Mon Oct 05 01:02:36 UTC 2026","passed","Mon Oct 05 01:03:00 UTC 2026","Tests Eors","","",""
"","52600","86. EORS: https://edu.ismart.org/catalog/8f3705-russkii-yazik-noda/1-obshchie-svedeniya-o-yazyke_9YpaIm?view=tasks&categoryCode=1e834d-russkii-yazik-11-kl&auth=eyJhbGciOiJIUzI1NiIsInR5cCI6IkpXVCJ9.eyJpZCI6IjY1YzM0MWIyYjkyYzdhNWZiYWZlYjYwNyIsImlzQWN0aXZlIjp0cnVlLCJpc0d1ZXN0IjpmYWxzZSwiaXNSZWdpc3RyYXRpb25Db21wbGV0ZSI6dHJ1ZSwiaXNDb25maXJtRW1haWwiOmZhbHNlLCJzdHVkZW50cyI6W10sInV0Y09mZnNldCI6MTgwLCJyb2xlIjoic2Nob29sLXRlYWNoZXIiLCJsYXN0TmFtZSI6IiIsImZpcnN0TmFtZSI6ItCf0YDQvtGE0LXRgdGB0LjQvtC90LDQu9GM0L3Ri9C5IiwicGhvbmVOdW1iZXIiOiIiLCJsb2dpbiI6InRlYWNoZXJfZnVsbEBpc21hcnQub3JnIiwiZW1haWwiOiJ0ZWFjaGVyX2Z1bGxAaXNtYXJ0Lm9yZyIsImNvbnRyYWN0VHlwZSI6InByaXZhdGUiLCJleHRlcm5hbFVzZXJTb3VyY2UiOm51bGwsImdvZE1vZGUiOnRydWUsImVkdWNvbnQiOnt9LCJfaWQiOiI2NWMzNDFiMmI5MmM3YTVmYmFmZWI2MDcifQ.g8I_2Btv7rGXWFT_jbBB9c0iAVhZshRxVIA8nbNqh0s","default","Mon Oct 05 00:33:52 UTC 2026","failed","Mon Oct 05 00:34:44 UTC 2026","Tests Eors","","",""
"","23207","Каталог заданий: ТНР ""Английский язык. 5.1"" — Класс 6","default","Mon Oct 05 02:53:24 UTC 2026","passed","Mon Oct 05 02:53:48 UTC 2026","AuTestCatalogTask","","",""
"","28490","Каталог заданий: Школьная программа ""Литература"" — Класс 5","default","Mon Oct 05 02:08:42 UTC 2026","passed","Mon Oct 05 02:09:10 UTC 2026","AuTestCatalogTask","","",""
"","14882","Каталог заданий: ЗПР ""Информатика. 7.1"" — Класс 2","default","Mon Oct 05 03:39:28 UTC 2026","passed","Mon Oct 05 03:39:43 UTC 2026","AuTestCatalogTask","","",""
"","23407","257. EORS: https://edu.ismart.org/catalog/574f8c-geometriya/101-podgotovka-k-kontrolno-rabote-1-po-teme-treugolniki?view=tasks&class=5f3fa2c7f00eca001c8bd3f9&auth=eyJhbGciOiJIUzI1NiIsInR5cCI6IkpXVCJ9.eyJpZCI6IjY1YzM0MWIyYjkyYzdhNWZiYWZlYjYwNyIsImlzQWN0aXZlIjp0cnVlLCJpc0d1ZXN0IjpmYWxzZSwiaXNSZWdpc3RyYXRpb25Db21wbGV0ZSI6dHJ1ZSwiaXNDb25maXJtRW1haWwiOmZhbHNlLCJzdHVkZW50cyI6W10sInV0Y09mZnNldCI6MTgwLCJyb2xlIjoic2Nob29sLXRlYWNoZXIiLCJsYXN0TmFtZSI6IiIsImZpcnN0TmFtZSI6ItCf0YDQvtGE0LXRgdGB0LjQvtC90LDQu9GM0L3Ri9C5IiwicGhvbmVOdW1iZXIiOiIiLCJsb2dpbiI6InRlYWNoZXJfZnVsbEBpc21hcnQub3JnIiwiZW1haWwiOiJ0ZWFjaGVyX2Z1bGxAaXNtYXJ0Lm9yZyIsImNvbnRyYWN0VHlwZSI6InByaXZhdGUiLCJleHRlcm5hbFVzZXJTb3VyY2UiOm51bGwsImdvZE1vZGUiOnRydWUsImVkdWNvbnQiOnt9LCJfaWQiOiI2NWMzNDFiMmI5MmM3YTVmYmFmZWI2MDcifQ.g8I_2Btv7rGXWFT_jbBB9c0iAVhZshRxVIA8nbNqh0s","default","Mon Oct 05 00:56:02 UTC 2026","passed","Mon Oct 05 00:56:25 UTC 2026","Tests Eors","","",""
"","15892","Каталог заданий: Подготовка к ВПР ""Русский язык"" — Класс 2","default","Mon Oct 05 02:21:54 UTC 2026","passed","Mon Oct 05 02:22:10 UTC 2026","AuTestCatalogTask","","",""
"","27176","Каталог заданий: ТНР ""Математика. 5.1"" — Класс 2","default","Mon Oct 05 02:45:59 UTC 2026","passed","Mon Oct 05 02:46:26 UTC 2026","AuTestCatalogTask","","",""
"","30739","Каталог заданий: ЗПР ""История. 7.1"" — Класс 2","default","Mon Oct 05 03:34:20 UTC 2026","passed","Mon Oct 05 03:34:50 UTC 2026","AuTestCatalogTask","","",""
"","15113","Каталог заданий: ЗПР ""Информатика. 7.1"" — Класс 5","default","Mon Oct 05 03:39:43 UTC 2026","passed","Mon Oct 05 03:39:58 UTC 2026","AuTestCatalogTask","","",""
"","22701","160. EORS: https://edu.ismart.org/catalog/3c34cd-algebra-i-nachala-matematicheskogo-analiza-noda/1-mnojestva-racionalnyh-i-destvitelnyh-chisel_nWJPUL?view=tasks&categoryCode=38af1d-algebra-i-nachala-matem-analiza-10-kl&auth=eyJhbGciOiJIUzI1NiIsInR5cCI6IkpXVCJ9.eyJpZCI6IjY1YzM0MWIyYjkyYzdhNWZiYWZlYjYwNyIsImlzQWN0aXZlIjp0cnVlLCJpc0d1ZXN0IjpmYWxzZSwiaXNSZWdpc3RyYXRpb25Db21wbGV0ZSI6dHJ1ZSwiaXNDb25maXJtRW1haWwiOmZhbHNlLCJzdHVkZW50cyI6W10sInV0Y09mZnNldCI6MTgwLCJyb2xlIjoic2Nob29sLXRlYWNoZXIiLCJsYXN0TmFtZSI6IiIsImZpcnN0TmFtZSI6ItCf0YDQvtGE0LXRgdGB0LjQvtC90LDQu9GM0L3Ri9C5IiwicGhvbmVOdW1iZXIiOiIiLCJsb2dpbiI6InRlYWNoZXJfZnVsbEBpc21hcnQub3JnIiwiZW1haWwiOiJ0ZWFjaGVyX2Z1bGxAaXNtYXJ0Lm9yZyIsImNvbnRyYWN0VHlwZSI6InByaXZhdGUiLCJleHRlcm5hbFVzZXJTb3VyY2UiOm51bGwsImdvZE1vZGUiOnRydWUsImVkdWNvbnQiOnt9LCJfaWQiOiI2NWMzNDFiMmI5MmM3YTVmYmFmZWI2MDcifQ.g8I_2Btv7rGXWFT_jbBB9c0iAVhZshRxVIA8nbNqh0s","default","Mon Oct 05 00:43:26 UTC 2026","passed","Mon Oct 05 00:43:49 UTC 2026","Tests Eors","","",""
"","31110","487. EORS: https://edu.ismart.org/catalog/7f3b68-geometriya-narushenie-sluha/10-tela-vrashcheniya_LbCPGv?view=tasks&categoryCode=ab8c76-geometriya-11-kl&auth=eyJhbGciOiJIUzI1NiIsInR5cCI6IkpXVCJ9.eyJpZCI6IjY1YzM0MWIyYjkyYzdhNWZiYWZlYjYwNyIsImlzQWN0aXZlIjp0cnVlLCJpc0d1ZXN0IjpmYWxzZSwiaXNSZWdpc3RyYXRpb25Db21wbGV0ZSI6dHJ1ZSwiaXNDb25maXJtRW1haWwiOmZhbHNlLCJzdHVkZW50cyI6W10sInV0Y09mZnNldCI6MTgwLCJyb2xlIjoic2Nob29sLXRlYWNoZXIiLCJsYXN0TmFtZSI6IiIsImZpcnN0TmFtZSI6ItCf0YDQvtGE0LXRgdGB0LjQvtC90LDQu9GM0L3Ri9C5IiwicGhvbmVOdW1iZXIiOiIiLCJsb2dpbiI6InRlYWNoZXJfZnVsbEBpc21hcnQub3JnIiwiZW1haWwiOiJ0ZWFjaGVyX2Z1bGxAaXNtYXJ0Lm9yZyIsImNvbnRyYWN0VHlwZSI6InByaXZhdGUiLCJleHRlcm5hbFVzZXJTb3VyY2UiOm51bGwsImdvZE1vZGUiOnRydWUsImVkdWNvbnQiOnt9LCJfaWQiOiI2NWMzNDFiMmI5MmM3YTVmYmFmZWI2MDcifQ.g8I_2Btv7rGXWFT_jbBB9c0iAVhZshRxVIA8nbNqh0s","default","Mon Oct 05 01:26:10 UTC 2026","passed","Mon Oct 05 01:26:41 UTC 2026","Tests Eors","","",""
"","52301","200. EORS: https://edu.ismart.org/catalog/0d7d9c-algebra-i-nachala-matematicheskogo-analiza-slabovidyaschie-uchaschiesya/1-mnojestva-racionalnyh-i-destvitelnyh-chisel_3S2TFH?view=tasks&categoryCode=47ac85-algebra-i-nachala-matem-analiza-10-kl&auth=eyJhbGciOiJIUzI1NiIsInR5cCI6IkpXVCJ9.eyJpZCI6IjY1YzM0MWIyYjkyYzdhNWZiYWZlYjYwNyIsImlzQWN0aXZlIjp0cnVlLCJpc0d1ZXN0IjpmYWxzZSwiaXNSZWdpc3RyYXRpb25Db21wbGV0ZSI6dHJ1ZSwiaXNDb25maXJtRW1haWwiOmZhbHNlLCJzdHVkZW50cyI6W10sInV0Y09mZnNldCI6MTgwLCJyb2xlIjoic2Nob29sLXRlYWNoZXIiLCJsYXN0TmFtZSI6IiIsImZpcnN0TmFtZSI6ItCf0YDQvtGE0LXRgdGB0LjQvtC90LDQu9GM0L3Ri9C5IiwicGhvbmVOdW1iZXIiOiIiLCJsb2dpbiI6InRlYWNoZXJfZnVsbEBpc21hcnQub3JnIiwiZW1haWwiOiJ0ZWFjaGVyX2Z1bGxAaXNtYXJ0Lm9yZyIsImNvbnRyYWN0VHlwZSI6InByaXZhdGUiLCJleHRlcm5hbFVzZXJTb3VyY2UiOm51bGwsImdvZE1vZGUiOnRydWUsImVkdWNvbnQiOnt9LCJfaWQiOiI2NWMzNDFiMmI5MmM3YTVmYmFmZWI2MDcifQ.g8I_2Btv7rGXWFT_jbBB9c0iAVhZshRxVIA8nbNqh0s","default","Mon Oct 05 00:48:19 UTC 2026","failed","Mon Oct 05 00:49:11 UTC 2026","Tests Eors","","",""
"","15254","Каталог заданий: Слабовидящие ""Русский язык. 4.1"" — Класс 11","default","Mon Oct 05 03:04:06 UTC 2026","passed","Mon Oct 05 03:04:21 UTC 2026","AuTestCatalogTask","","",""
"","22589","734. EORS: https://edu.ismart.org/catalog/fc2545-matematika/1-prosteshie-tekstovye-zadachi?view=tasks&class=61890fee84e9f601793b0348&auth=eyJhbGciOiJIUzI1NiIsInR5cCI6IkpXVCJ9.eyJpZCI6IjY1YzM0MWIyYjkyYzdhNWZiYWZlYjYwNyIsImlzQWN0aXZlIjp0cnVlLCJpc0d1ZXN0IjpmYWxzZSwiaXNSZWdpc3RyYXRpb25Db21wbGV0ZSI6dHJ1ZSwiaXNDb25maXJtRW1haWwiOmZhbHNlLCJzdHVkZW50cyI6W10sInV0Y09mZnNldCI6MTgwLCJyb2xlIjoic2Nob29sLXRlYWNoZXIiLCJsYXN0TmFtZSI6IiIsImZpcnN0TmFtZSI6ItCf0YDQvtGE0LXRgdGB0LjQvtC90LDQu9GM0L3Ri9C5IiwicGhvbmVOdW1iZXIiOiIiLCJsb2dpbiI6InRlYWNoZXJfZnVsbEBpc21hcnQub3JnIiwiZW1haWwiOiJ0ZWFjaGVyX2Z1bGxAaXNtYXJ0Lm9yZyIsImNvbnRyYWN0VHlwZSI6InByaXZhdGUiLCJleHRlcm5hbFVzZXJTb3VyY2UiOm51bGwsImdvZE1vZGUiOnRydWUsImVkdWNvbnQiOnt9LCJfaWQiOiI2NWMzNDFiMmI5MmM3YTVmYmFmZWI2MDcifQ.g8I_2Btv7rGXWFT_jbBB9c0iAVhZshRxVIA8nbNqh0s","default","Mon Oct 05 02:01:15 UTC 2026","passed","Mon Oct 05 02:01:37 UTC 2026","Tests Eors","","",""
"","19051","Каталог заданий: ТНР ""Математика. 5.1"" — Класс 3","default","Mon Oct 05 02:46:05 UTC 2026","passed","Mon Oct 05 02:46:24 UTC 2026","AuTestCatalogTask","","",""
"","61235","601. EORS: https://edu.ismart.org/catalog/cat-prepare-test-work-ru-lang/100-povtorenie-izuchennogo-v-8-klasse?view=tasks&class=61a71c551b0ad63754c198e9&auth=eyJhbGciOiJIUzI1NiIsInR5cCI6IkpXVCJ9.eyJpZCI6IjY1YzM0MWIyYjkyYzdhNWZiYWZlYjYwNyIsImlzQWN0aXZlIjp0cnVlLCJpc0d1ZXN0IjpmYWxzZSwiaXNSZWdpc3RyYXRpb25Db21wbGV0ZSI6dHJ1ZSwiaXNDb25maXJtRW1haWwiOmZhbHNlLCJzdHVkZW50cyI6W10sInV0Y09mZnNldCI6MTgwLCJyb2xlIjoic2Nob29sLXRlYWNoZXIiLCJsYXN0TmFtZSI6IiIsImZpcnN0TmFtZSI6ItCf0YDQvtGE0LXRgdGB0LjQvtC90LDQu9GM0L3Ri9C5IiwicGhvbmVOdW1iZXIiOiIiLCJsb2dpbiI6InRlYWNoZXJfZnVsbEBpc21hcnQub3JnIiwiZW1haWwiOiJ0ZWFjaGVyX2Z1bGxAaXNtYXJ0Lm9yZyIsImNvbnRyYWN0VHlwZSI6InByaXZhdGUiLCJleHRlcm5hbFVzZXJTb3VyY2UiOm51bGwsImdvZE1vZGUiOnRydWUsImVkdWNvbnQiOnt9LCJfaWQiOiI2NWMzNDFiMmI5MmM3YTVmYmFmZWI2MDcifQ.g8I_2Btv7rGXWFT_jbBB9c0iAVhZshRxVIA8nbNqh0s","default","Mon Oct 05 01:43:40 UTC 2026","failed","Mon Oct 05 01:44:41 UTC 2026","Tests Eors","","",""
"","25698","Каталог заданий: Дополнительное образование ""Английский язык"" — Класс 6","default","Mon Oct 05 02:13:51 UTC 2026","passed","Mon Oct 05 02:14:17 UTC 2026","AuTestCatalogTask","","",""
"","22981","170. EORS: https://edu.ismart.org/catalog/815602-informatika-1-1/1-cifrovaya-gramotnost_NZqNKD_ZDUlPe?view=tasks&categoryCode=3a184c-7-kl&auth=eyJhbGciOiJIUzI1NiIsInR5cCI6IkpXVCJ9.eyJpZCI6IjY1YzM0MWIyYjkyYzdhNWZiYWZlYjYwNyIsImlzQWN0aXZlIjp0cnVlLCJpc0d1ZXN0IjpmYWxzZSwiaXNSZWdpc3RyYXRpb25Db21wbGV0ZSI6dHJ1ZSwiaXNDb25maXJtRW1haWwiOmZhbHNlLCJzdHVkZW50cyI6W10sInV0Y09mZnNldCI6MTgwLCJyb2xlIjoic2Nob29sLXRlYWNoZXIiLCJsYXN0TmFtZSI6IiIsImZpcnN0TmFtZSI6ItCf0YDQvtGE0LXRgdGB0LjQvtC90LDQu9GM0L3Ri9C5IiwicGhvbmVOdW1iZXIiOiIiLCJsb2dpbiI6InRlYWNoZXJfZnVsbEBpc21hcnQub3JnIiwiZW1haWwiOiJ0ZWFjaGVyX2Z1bGxAaXNtYXJ0Lm9yZyIsImNvbnRyYWN0VHlwZSI6InByaXZhdGUiLCJleHRlcm5hbFVzZXJTb3VyY2UiOm51bGwsImdvZE1vZGUiOnRydWUsImVkdWNvbnQiOnt9LCJfaWQiOiI2NWMzNDFiMmI5MmM3YTVmYmFmZWI2MDcifQ.g8I_2Btv7rGXWFT_jbBB9c0iAVhZshRxVIA8nbNqh0s","default","Mon Oct 05 00:44:16 UTC 2026","passed","Mon Oct 05 00:44:39 UTC 2026","Tests Eors","","",""
"","27648","374. EORS: https://edu.ismart.org/catalog/74ac56-algebra-ras/1-chisla-i-vychisleniya_xi9yuC?view=tasks&categoryCode=7e6408-algebra-8-kl&auth=eyJhbGciOiJIUzI1NiIsInR5cCI6IkpXVCJ9.eyJpZCI6IjY1YzM0MWIyYjkyYzdhNWZiYWZlYjYwNyIsImlzQWN0aXZlIjp0cnVlLCJpc0d1ZXN0IjpmYWxzZSwiaXNSZWdpc3RyYXRpb25Db21wbGV0ZSI6dHJ1ZSwiaXNDb25maXJtRW1haWwiOmZhbHNlLCJzdHVkZW50cyI6W10sInV0Y09mZnNldCI6MTgwLCJyb2xlIjoic2Nob29sLXRlYWNoZXIiLCJsYXN0TmFtZSI6IiIsImZpcnN0TmFtZSI6ItCf0YDQvtGE0LXRgdGB0LjQvtC90LDQu9GM0L3Ri9C5IiwicGhvbmVOdW1iZXIiOiIiLCJsb2dpbiI6InRlYWNoZXJfZnVsbEBpc21hcnQub3JnIiwiZW1haWwiOiJ0ZWFjaGVyX2Z1bGxAaXNtYXJ0Lm9yZyIsImNvbnRyYWN0VHlwZSI6InByaXZhdGUiLCJleHRlcm5hbFVzZXJTb3VyY2UiOm51bGwsImdvZE1vZGUiOnRydWUsImVkdWNvbnQiOnt9LCJfaWQiOiI2NWMzNDFiMmI5MmM3YTVmYmFmZWI2MDcifQ.g8I_2Btv7rGXWFT_jbBB9c0iAVhZshRxVIA8nbNqh0s","default","Mon Oct 05 01:11:17 UTC 2026","passed","Mon Oct 05 01:11:45 UTC 2026","Tests Eors","","",""
"","29097","Каталог заданий: Подготовка к ВПР ""Математика"" — Класс 4","default","Mon Oct 05 02:21:13 UTC 2026","passed","Mon Oct 05 02:21:42 UTC 2026","AuTestCatalogTask","","",""
"","44401","616. EORS: https://edu.ismart.org/catalog/d07a03-chto-nuzhno-znat-o-pravopisanii-slov-dlya-5-9-klassov/300--chto-nujno-znat-o-pravopisanii-slov?view=tasks&class=5f3fa2c7f00eca001c8bd3f9&auth=eyJhbGciOiJIUzI1NiIsInR5cCI6IkpXVCJ9.eyJpZCI6IjY1YzM0MWIyYjkyYzdhNWZiYWZlYjYwNyIsImlzQWN0aXZlIjp0cnVlLCJpc0d1ZXN0IjpmYWxzZSwiaXNSZWdpc3RyYXRpb25Db21wbGV0ZSI6dHJ1ZSwiaXNDb25maXJtRW1haWwiOmZhbHNlLCJzdHVkZW50cyI6W10sInV0Y09mZnNldCI6MTgwLCJyb2xlIjoic2Nob29sLXRlYWNoZXIiLCJsYXN0TmFtZSI6IiIsImZpcnN0TmFtZSI6ItCf0YDQvtGE0LXRgdGB0LjQvtC90LDQu9GM0L3Ri9C5IiwicGhvbmVOdW1iZXIiOiIiLCJsb2dpbiI6InRlYWNoZXJfZnVsbEBpc21hcnQub3JnIiwiZW1haWwiOiJ0ZWFjaGVyX2Z1bGxAaXNtYXJ0Lm9yZyIsImNvbnRyYWN0VHlwZSI6InByaXZhdGUiLCJleHRlcm5hbFVzZXJTb3VyY2UiOm51bGwsImdvZE1vZGUiOnRydWUsImVkdWNvbnQiOnt9LCJfaWQiOiI2NWMzNDFiMmI5MmM3YTVmYmFmZWI2MDcifQ.g8I_2Btv7rGXWFT_jbBB9c0iAVhZshRxVIA8nbNqh0s","default","Mon Oct 05 01:45:51 UTC 2026","failed","Mon Oct 05 01:46:36 UTC 2026","Tests Eors","","",""
"","21127","166. EORS: https://edu.ismart.org/catalog/3a0a1f-russkii-yazik/1-20252026-vpr-po-russkomu-yazyku?view=tasks&class=5f197003b96284001b29733d&auth=eyJhbGciOiJIUzI1NiIsInR5cCI6IkpXVCJ9.eyJpZCI6IjY1YzM0MWIyYjkyYzdhNWZiYWZlYjYwNyIsImlzQWN0aXZlIjp0cnVlLCJpc0d1ZXN0IjpmYWxzZSwiaXNSZWdpc3RyYXRpb25Db21wbGV0ZSI6dHJ1ZSwiaXNDb25maXJtRW1haWwiOmZhbHNlLCJzdHVkZW50cyI6W10sInV0Y09mZnNldCI6MTgwLCJyb2xlIjoic2Nob29sLXRlYWNoZXIiLCJsYXN0TmFtZSI6IiIsImZpcnN0TmFtZSI6ItCf0YDQvtGE0LXRgdGB0LjQvtC90LDQu9GM0L3Ri9C5IiwicGhvbmVOdW1iZXIiOiIiLCJsb2dpbiI6InRlYWNoZXJfZnVsbEBpc21hcnQub3JnIiwiZW1haWwiOiJ0ZWFjaGVyX2Z1bGxAaXNtYXJ0Lm9yZyIsImNvbnRyYWN0VHlwZSI6InByaXZhdGUiLCJleHRlcm5hbFVzZXJTb3VyY2UiOm51bGwsImdvZE1vZGUiOnRydWUsImVkdWNvbnQiOnt9LCJfaWQiOiI2NWMzNDFiMmI5MmM3YTVmYmFmZWI2MDcifQ.g8I_2Btv7rGXWFT_jbBB9c0iAVhZshRxVIA8nbNqh0s","default","Mon Oct 05 00:43:55 UTC 2026","passed","Mon Oct 05 00:44:16 UTC 2026","Tests Eors","","",""
"","14215","Каталог заданий: Слабослышащие ""Обществознание. 2.1"" — Класс 2","default","Mon Oct 05 03:28:19 UTC 2026","passed","Mon Oct 05 03:28:33 UTC 2026","AuTestCatalogTask","","",""
"","29499","Каталог заданий: Слабовидящие ""Химия. 4.1"" — Класс 1","default","Mon Oct 05 03:10:45 UTC 2026","passed","Mon Oct 05 03:11:14 UTC 2026","AuTestCatalogTask","","",""
"","25593","685. EORS: https://edu.ismart.org/catalog/ecfd1c-angliiskii-yazik/112-1--nedelya-vzaimootnosheniya-v-seme-i-s-druzyami?view=tasks&class=5f3fa2c7f00eca001c8bd3f9&auth=eyJhbGciOiJIUzI1NiIsInR5cCI6IkpXVCJ9.eyJpZCI6IjY1YzM0MWIyYjkyYzdhNWZiYWZlYjYwNyIsImlzQWN0aXZlIjp0cnVlLCJpc0d1ZXN0IjpmYWxzZSwiaXNSZWdpc3RyYXRpb25Db21wbGV0ZSI6dHJ1ZSwiaXNDb25maXJtRW1haWwiOmZhbHNlLCJzdHVkZW50cyI6W10sInV0Y09mZnNldCI6MTgwLCJyb2xlIjoic2Nob29sLXRlYWNoZXIiLCJsYXN0TmFtZSI6IiIsImZpcnN0TmFtZSI6ItCf0YDQvtGE0LXRgdGB0LjQvtC90LDQu9GM0L3Ri9C5IiwicGhvbmVOdW1iZXIiOiIiLCJsb2dpbiI6InRlYWNoZXJfZnVsbEBpc21hcnQub3JnIiwiZW1haWwiOiJ0ZWFjaGVyX2Z1bGxAaXNtYXJ0Lm9yZyIsImNvbnRyYWN0VHlwZSI6InByaXZhdGUiLCJleHRlcm5hbFVzZXJTb3VyY2UiOm51bGwsImdvZE1vZGUiOnRydWUsImVkdWNvbnQiOnt9LCJfaWQiOiI2NWMzNDFiMmI5MmM3YTVmYmFmZWI2MDcifQ.g8I_2Btv7rGXWFT_jbBB9c0iAVhZshRxVIA8nbNqh0s","default","Mon Oct 05 01:55:29 UTC 2026","passed","Mon Oct 05 01:55:55 UTC 2026","Tests Eors","","",""
"","31087","555. EORS: https://edu.ismart.org/catalog/6e7c59-algebra-i-nachala-matematicheskogo-analiza-zpr/1-mnojestva-racionalnyh-i-destvitelnyh-chisel_dTG2Au?view=tasks&categoryCode=c4b676-algebra-i-nachala-matem-analiza-10-kl&auth=eyJhbGciOiJIUzI1NiIsInR5cCI6IkpXVCJ9.eyJpZCI6IjY1YzM0MWIyYjkyYzdhNWZiYWZlYjYwNyIsImlzQWN0aXZlIjp0cnVlLCJpc0d1ZXN0IjpmYWxzZSwiaXNSZWdpc3RyYXRpb25Db21wbGV0ZSI6dHJ1ZSwiaXNDb25maXJtRW1haWwiOmZhbHNlLCJzdHVkZW50cyI6W10sInV0Y09mZnNldCI6MTgwLCJyb2xlIjoic2Nob29sLXRlYWNoZXIiLCJsYXN0TmFtZSI6IiIsImZpcnN0TmFtZSI6ItCf0YDQvtGE0LXRgdGB0LjQvtC90LDQu9GM0L3Ri9C5IiwicGhvbmVOdW1iZXIiOiIiLCJsb2dpbiI6InRlYWNoZXJfZnVsbEBpc21hcnQub3JnIiwiZW1haWwiOiJ0ZWFjaGVyX2Z1bGxAaXNtYXJ0Lm9yZyIsImNvbnRyYWN0VHlwZSI6InByaXZhdGUiLCJleHRlcm5hbFVzZXJTb3VyY2UiOm51bGwsImdvZE1vZGUiOnRydWUsImVkdWNvbnQiOnt9LCJfaWQiOiI2NWMzNDFiMmI5MmM3YTVmYmFmZWI2MDcifQ.g8I_2Btv7rGXWFT_jbBB9c0iAVhZshRxVIA8nbNqh0s","default","Mon Oct 05 01:35:55 UTC 2026","passed","Mon Oct 05 01:36:26 UTC 2026","Tests Eors","","",""
"","24318","28. EORS: https://edu.ismart.org/catalog/a60457-okruzhayuschii-mir-ras/01-chelovek-i-obshchestvo-nasha-rodina--rossiskaya-federaciya-_5FtMDP?view=tasks&categoryCode=07ea06-okruzhayuschii-4-kl&auth=eyJhbGciOiJIUzI1NiIsInR5cCI6IkpXVCJ9.eyJpZCI6IjY1YzM0MWIyYjkyYzdhNWZiYWZlYjYwNyIsImlzQWN0aXZlIjp0cnVlLCJpc0d1ZXN0IjpmYWxzZSwiaXNSZWdpc3RyYXRpb25Db21wbGV0ZSI6dHJ1ZSwiaXNDb25maXJtRW1haWwiOmZhbHNlLCJzdHVkZW50cyI6W10sInV0Y09mZnNldCI6MTgwLCJyb2xlIjoic2Nob29sLXRlYWNoZXIiLCJsYXN0TmFtZSI6IiIsImZpcnN0TmFtZSI6ItCf0YDQvtGE0LXRgdGB0LjQvtC90LDQu9GM0L3Ri9C5IiwicGhvbmVOdW1iZXIiOiIiLCJsb2dpbiI6InRlYWNoZXJfZnVsbEBpc21hcnQub3JnIiwiZW1haWwiOiJ0ZWFjaGVyX2Z1bGxAaXNtYXJ0Lm9yZyIsImNvbnRyYWN0VHlwZSI6InByaXZhdGUiLCJleHRlcm5hbFVzZXJTb3VyY2UiOm51bGwsImdvZE1vZGUiOnRydWUsImVkdWNvbnQiOnt9LCJfaWQiOiI2NWMzNDFiMmI5MmM3YTVmYmFmZWI2MDcifQ.g8I_2Btv7rGXWFT_jbBB9c0iAVhZshRxVIA8nbNqh0s","default","Mon Oct 05 00:26:09 UTC 2026","passed","Mon Oct 05 00:26:34 UTC 2026","Tests Eors","","",""
"","55073","23. EORS: https://edu.ismart.org/catalog/math-full/1-naturalnye-chisla?categoryCode=06d085-matematika-6-klass&auth=eyJhbGciOiJIUzI1NiIsInR5cCI6IkpXVCJ9.eyJpZCI6IjY1YzM0MWIyYjkyYzdhNWZiYWZlYjYwNyIsImlzQWN0aXZlIjp0cnVlLCJpc0d1ZXN0IjpmYWxzZSwiaXNSZWdpc3RyYXRpb25Db21wbGV0ZSI6dHJ1ZSwiaXNDb25maXJtRW1haWwiOmZhbHNlLCJzdHVkZW50cyI6W10sInV0Y09mZnNldCI6MTgwLCJyb2xlIjoic2Nob29sLXRlYWNoZXIiLCJsYXN0TmFtZSI6IiIsImZpcnN0TmFtZSI6ItCf0YDQvtGE0LXRgdGB0LjQvtC90LDQu9GM0L3Ri9C5IiwicGhvbmVOdW1iZXIiOiIiLCJsb2dpbiI6InRlYWNoZXJfZnVsbEBpc21hcnQub3JnIiwiZW1haWwiOiJ0ZWFjaGVyX2Z1bGxAaXNtYXJ0Lm9yZyIsImNvbnRyYWN0VHlwZSI6InByaXZhdGUiLCJleHRlcm5hbFVzZXJTb3VyY2UiOm51bGwsImdvZE1vZGUiOnRydWUsImVkdWNvbnQiOnt9LCJfaWQiOiI2NWMzNDFiMmI5MmM3YTVmYmFmZWI2MDcifQ.g8I_2Btv7rGXWFT_jbBB9c0iAVhZshRxVIA8nbNqh0s&view=tasks","default","Mon Oct 05 00:25:13 UTC 2026","failed","Mon Oct 05 00:26:08 UTC 2026","Tests Eors","","",""
"","27099","499. EORS: https://edu.ismart.org/catalog/c350f7-istoriya-1-1/1-novoe-vremya_65A0d3_1pB6Ii?view=tasks&categoryCode=af90ea-7-klass&auth=eyJhbGciOiJIUzI1NiIsInR5cCI6IkpXVCJ9.eyJpZCI6IjY1YzM0MWIyYjkyYzdhNWZiYWZlYjYwNyIsImlzQWN0aXZlIjp0cnVlLCJpc0d1ZXN0IjpmYWxzZSwiaXNSZWdpc3RyYXRpb25Db21wbGV0ZSI6dHJ1ZSwiaXNDb25maXJtRW1haWwiOmZhbHNlLCJzdHVkZW50cyI6W10sInV0Y09mZnNldCI6MTgwLCJyb2xlIjoic2Nob29sLXRlYWNoZXIiLCJsYXN0TmFtZSI6IiIsImZpcnN0TmFtZSI6ItCf0YDQvtGE0LXRgdGB0LjQvtC90LDQu9GM0L3Ri9C5IiwicGhvbmVOdW1iZXIiOiIiLCJsb2dpbiI6InRlYWNoZXJfZnVsbEBpc21hcnQub3JnIiwiZW1haWwiOiJ0ZWFjaGVyX2Z1bGxAaXNtYXJ0Lm9yZyIsImNvbnRyYWN0VHlwZSI6InByaXZhdGUiLCJleHRlcm5hbFVzZXJTb3VyY2UiOm51bGwsImdvZE1vZGUiOnRydWUsImVkdWNvbnQiOnt9LCJfaWQiOiI2NWMzNDFiMmI5MmM3YTVmYmFmZWI2MDcifQ.g8I_2Btv7rGXWFT_jbBB9c0iAVhZshRxVIA8nbNqh0s","default","Mon Oct 05 01:27:54 UTC 2026","passed","Mon Oct 05 01:28:21 UTC 2026","Tests Eors","","",""
"","21620","184. EORS: https://edu.ismart.org/catalog/53cf43-himiya-1-1/1-teoreticheskie-osnovy-organichesko-himii-_SvX2Mh_Pye0Mh?view=tasks&categoryCode=40dd38-10-klass&auth=eyJhbGciOiJIUzI1NiIsInR5cCI6IkpXVCJ9.eyJpZCI6IjY1YzM0MWIyYjkyYzdhNWZiYWZlYjYwNyIsImlzQWN0aXZlIjp0cnVlLCJpc0d1ZXN0IjpmYWxzZSwiaXNSZWdpc3RyYXRpb25Db21wbGV0ZSI6dHJ1ZSwiaXNDb25maXJtRW1haWwiOmZhbHNlLCJzdHVkZW50cyI6W10sInV0Y09mZnNldCI6MTgwLCJyb2xlIjoic2Nob29sLXRlYWNoZXIiLCJsYXN0TmFtZSI6IiIsImZpcnN0TmFtZSI6ItCf0YDQvtGE0LXRgdGB0LjQvtC90LDQu9GM0L3Ri9C5IiwicGhvbmVOdW1iZXIiOiIiLCJsb2dpbiI6InRlYWNoZXJfZnVsbEBpc21hcnQub3JnIiwiZW1haWwiOiJ0ZWFjaGVyX2Z1bGxAaXNtYXJ0Lm9yZyIsImNvbnRyYWN0VHlwZSI6InByaXZhdGUiLCJleHRlcm5hbFVzZXJTb3VyY2UiOm51bGwsImdvZE1vZGUiOnRydWUsImVkdWNvbnQiOnt9LCJfaWQiOiI2NWMzNDFiMmI5MmM3YTVmYmFmZWI2MDcifQ.g8I_2Btv7rGXWFT_jbBB9c0iAVhZshRxVIA8nbNqh0s","default","Mon Oct 05 00:46:13 UTC 2026","passed","Mon Oct 05 00:46:35 UTC 2026","Tests Eors","","",""
"","13405","Каталог заданий: Слепые ""Обществознание. 3.1"" — Класс 3","default","Mon Oct 05 02:59:17 UTC 2026","passed","Mon Oct 05 02:59:31 UTC 2026","AuTestCatalogTask","","",""
"","50539","Каталог заданий: ТНР ""История. 5.1"" — Класс 4","default","Mon Oct 05 02:50:49 UTC 2026","passed","Mon Oct 05 02:51:40 UTC 2026","AuTestCatalogTask","","",""
"","29675","Каталог заданий: Слепые ""Литература. 3.1"" — Класс 6","default","Mon Oct 05 02:57:35 UTC 2026","passed","Mon Oct 05 02:58:05 UTC 2026","AuTestCatalogTask","","",""
"","24090","Каталог заданий: НОДА ""Информатика. 6.1"" — Класс 2","default","Mon Oct 05 03:49:13 UTC 2026","passed","Mon Oct 05 03:49:37 UTC 2026","AuTestCatalogTask","","",""
"","27929","Каталог заданий: ЗПР ""Биология. 7.1"" — Класс 5","default","Mon Oct 05 03:36:37 UTC 2026","passed","Mon Oct 05 03:37:05 UTC 2026","AuTestCatalogTask","","",""
"","21471","Каталог заданий: Слабослышащие ""Математика. 2.1"" — Класс 1","default","Mon Oct 05 03:22:57 UTC 2026","passed","Mon Oct 05 03:23:18 UTC 2026","AuTestCatalogTask","","",""
"","18403","Каталог заданий: Школьная программа ""Математика"" — Класс 5","default","Mon Oct 05 02:02:51 UTC 2026","passed","Mon Oct 05 02:03:09 UTC 2026","AuTestCatalogTask","","",""
"","24035","288. EORS: https://edu.ismart.org/catalog/625397-fizika/1-zadanie-1-vpr?view=tasks&class=5f63090daee1af001b415303&auth=eyJhbGciOiJIUzI1NiIsInR5cCI6IkpXVCJ9.eyJpZCI6IjY1YzM0MWIyYjkyYzdhNWZiYWZlYjYwNyIsImlzQWN0aXZlIjp0cnVlLCJpc0d1ZXN0IjpmYWxzZSwiaXNSZWdpc3RyYXRpb25Db21wbGV0ZSI6dHJ1ZSwiaXNDb25maXJtRW1haWwiOmZhbHNlLCJzdHVkZW50cyI6W10sInV0Y09mZnNldCI6MTgwLCJyb2xlIjoic2Nob29sLXRlYWNoZXIiLCJsYXN0TmFtZSI6IiIsImZpcnN0TmFtZSI6ItCf0YDQvtGE0LXRgdGB0LjQvtC90LDQu9GM0L3Ri9C5IiwicGhvbmVOdW1iZXIiOiIiLCJsb2dpbiI6InRlYWNoZXJfZnVsbEBpc21hcnQub3JnIiwiZW1haWwiOiJ0ZWFjaGVyX2Z1bGxAaXNtYXJ0Lm9yZyIsImNvbnRyYWN0VHlwZSI6InByaXZhdGUiLCJleHRlcm5hbFVzZXJTb3VyY2UiOm51bGwsImdvZE1vZGUiOnRydWUsImVkdWNvbnQiOnt9LCJfaWQiOiI2NWMzNDFiMmI5MmM3YTVmYmFmZWI2MDcifQ.g8I_2Btv7rGXWFT_jbBB9c0iAVhZshRxVIA8nbNqh0s","default","Mon Oct 05 01:00:15 UTC 2026","passed","Mon Oct 05 01:00:39 UTC 2026","Tests Eors","","",""
"","24323","Каталог заданий: Слабослышащие ""Русский язык. 2.1"" — Класс 6","default","Mon Oct 05 03:22:32 UTC 2026","passed","Mon Oct 05 03:22:57 UTC 2026","AuTestCatalogTask","","",""
"","23127","104. EORS: https://edu.ismart.org/catalog/4c5ed4-literatura-8-1/1-drevnerusskaya-literatura-pouchenie-vladimira-monomaha_irtp6q_BH7c1d?view=tasks&categoryCode=2334ae-7-kl&auth=eyJhbGciOiJIUzI1NiIsInR5cCI6IkpXVCJ9.eyJpZCI6IjY1YzM0MWIyYjkyYzdhNWZiYWZlYjYwNyIsImlzQWN0aXZlIjp0cnVlLCJpc0d1ZXN0IjpmYWxzZSwiaXNSZWdpc3RyYXRpb25Db21wbGV0ZSI6dHJ1ZSwiaXNDb25maXJtRW1haWwiOmZhbHNlLCJzdHVkZW50cyI6W10sInV0Y09mZnNldCI6MTgwLCJyb2xlIjoic2Nob29sLXRlYWNoZXIiLCJsYXN0TmFtZSI6IiIsImZpcnN0TmFtZSI6ItCf0YDQvtGE0LXRgdGB0LjQvtC90LDQu9GM0L3Ri9C5IiwicGhvbmVOdW1iZXIiOiIiLCJsb2dpbiI6InRlYWNoZXJfZnVsbEBpc21hcnQub3JnIiwiZW1haWwiOiJ0ZWFjaGVyX2Z1bGxAaXNtYXJ0Lm9yZyIsImNvbnRyYWN0VHlwZSI6InByaXZhdGUiLCJleHRlcm5hbFVzZXJTb3VyY2UiOm51bGwsImdvZE1vZGUiOnRydWUsImVkdWNvbnQiOnt9LCJfaWQiOiI2NWMzNDFiMmI5MmM3YTVmYmFmZWI2MDcifQ.g8I_2Btv7rGXWFT_jbBB9c0iAVhZshRxVIA8nbNqh0s","default","Mon Oct 05 00:36:13 UTC 2026","passed","Mon Oct 05 00:36:36 UTC 2026","Tests Eors","","",""
"","34977","Каталог заданий: Слепые ""Литература. 3.1"" — Класс 2","default","Mon Oct 05 02:57:02 UTC 2026","passed","Mon Oct 05 02:57:37 UTC 2026","AuTestCatalogTask","","",""
"","20335","Каталог заданий: Русский язык пакеты ""Сочинение"" — Класс 4","default","Mon Oct 05 02:44:09 UTC 2026","passed","Mon Oct 05 02:44:29 UTC 2026","AuTestCatalogTask","","",""
"","48083","488. EORS: https://edu.ismart.org/catalog/95bf0a-algebra-slabovidyaschie-uchaschiesya/1-chisla-i-vychisleniya_6tXzKE?view=tasks&categoryCode=ac6e16-algebra-7-kl&auth=eyJhbGciOiJIUzI1NiIsInR5cCI6IkpXVCJ9.eyJpZCI6IjY1YzM0MWIyYjkyYzdhNWZiYWZlYjYwNyIsImlzQWN0aXZlIjp0cnVlLCJpc0d1ZXN0IjpmYWxzZSwiaXNSZWdpc3RyYXRpb25Db21wbGV0ZSI6dHJ1ZSwiaXNDb25maXJtRW1haWwiOmZhbHNlLCJzdHVkZW50cyI6W10sInV0Y09mZnNldCI6MTgwLCJyb2xlIjoic2Nob29sLXRlYWNoZXIiLCJsYXN0TmFtZSI6IiIsImZpcnN0TmFtZSI6ItCf0YDQvtGE0LXRgdGB0LjQvtC90LDQu9GM0L3Ri9C5IiwicGhvbmVOdW1iZXIiOiIiLCJsb2dpbiI6InRlYWNoZXJfZnVsbEBpc21hcnQub3JnIiwiZW1haWwiOiJ0ZWFjaGVyX2Z1bGxAaXNtYXJ0Lm9yZyIsImNvbnRyYWN0VHlwZSI6InByaXZhdGUiLCJleHRlcm5hbFVzZXJTb3VyY2UiOm51bGwsImdvZE1vZGUiOnRydWUsImVkdWNvbnQiOnt9LCJfaWQiOiI2NWMzNDFiMmI5MmM3YTVmYmFmZWI2MDcifQ.g8I_2Btv7rGXWFT_jbBB9c0iAVhZshRxVIA8nbNqh0s","default","Mon Oct 05 01:26:10 UTC 2026","failed","Mon Oct 05 01:26:58 UTC 2026","Tests Eors","","",""
"","30597","Каталог заданий: Школьная программа ""Математика"" — Класс 2","default","Mon Oct 05 02:02:24 UTC 2026","passed","Mon Oct 05 02:02:54 UTC 2026","AuTestCatalogTask","","",""
"","32306","651. EORS: https://edu.ismart.org/catalog/dff6dd-angliiskii-yazik/1101-leksicheskaya-storona-rechi?view=tasks&class=5f63090daee1af001b415303&auth=eyJhbGciOiJIUzI1NiIsInR5cCI6IkpXVCJ9.eyJpZCI6IjY1YzM0MWIyYjkyYzdhNWZiYWZlYjYwNyIsImlzQWN0aXZlIjp0cnVlLCJpc0d1ZXN0IjpmYWxzZSwiaXNSZWdpc3RyYXRpb25Db21wbGV0ZSI6dHJ1ZSwiaXNDb25maXJtRW1haWwiOmZhbHNlLCJzdHVkZW50cyI6W10sInV0Y09mZnNldCI6MTgwLCJyb2xlIjoic2Nob29sLXRlYWNoZXIiLCJsYXN0TmFtZSI6IiIsImZpcnN0TmFtZSI6ItCf0YDQvtGE0LXRgdGB0LjQvtC90LDQu9GM0L3Ri9C5IiwicGhvbmVOdW1iZXIiOiIiLCJsb2dpbiI6InRlYWNoZXJfZnVsbEBpc21hcnQub3JnIiwiZW1haWwiOiJ0ZWFjaGVyX2Z1bGxAaXNtYXJ0Lm9yZyIsImNvbnRyYWN0VHlwZSI6InByaXZhdGUiLCJleHRlcm5hbFVzZXJTb3VyY2UiOm51bGwsImdvZE1vZGUiOnRydWUsImVkdWNvbnQiOnt9LCJfaWQiOiI2NWMzNDFiMmI5MmM3YTVmYmFmZWI2MDcifQ.g8I_2Btv7rGXWFT_jbBB9c0iAVhZshRxVIA8nbNqh0s","default","Mon Oct 05 01:50:40 UTC 2026","passed","Mon Oct 05 01:51:12 UTC 2026","Tests Eors","","",""
"","32346","Каталог заданий: Подготовка к ОГЭ ""Математика""","default","Mon Oct 05 02:17:38 UTC 2026","passed","Mon Oct 05 02:18:11 UTC 2026","AuTestCatalogTask","","",""
"","23178","Каталог заданий: Дополнительное образование ""Алгебра и начала мат. анализа"" — Класс 2","default","Mon Oct 05 02:16:21 UTC 2026","passed","Mon Oct 05 02:16:44 UTC 2026","AuTestCatalogTask","","",""
"","46932","188. EORS: https://edu.ismart.org/catalog/44ba7f-chto-nuzhno-znat-o-pravopisanii-slov-i-predlozhenii-dlya-10-11-klassov/201-chto-nujno-znat-o-pravopisanii-slov-i-predlojeni?view=tasks&class=61890fee84e9f601793b0348&auth=eyJhbGciOiJIUzI1NiIsInR5cCI6IkpXVCJ9.eyJpZCI6IjY1YzM0MWIyYjkyYzdhNWZiYWZlYjYwNyIsImlzQWN0aXZlIjp0cnVlLCJpc0d1ZXN0IjpmYWxzZSwiaXNSZWdpc3RyYXRpb25Db21wbGV0ZSI6dHJ1ZSwiaXNDb25maXJtRW1haWwiOmZhbHNlLCJzdHVkZW50cyI6W10sInV0Y09mZnNldCI6MTgwLCJyb2xlIjoic2Nob29sLXRlYWNoZXIiLCJsYXN0TmFtZSI6IiIsImZpcnN0TmFtZSI6ItCf0YDQvtGE0LXRgdGB0LjQvtC90LDQu9GM0L3Ri9C5IiwicGhvbmVOdW1iZXIiOiIiLCJsb2dpbiI6InRlYWNoZXJfZnVsbEBpc21hcnQub3JnIiwiZW1haWwiOiJ0ZWFjaGVyX2Z1bGxAaXNtYXJ0Lm9yZyIsImNvbnRyYWN0VHlwZSI6InByaXZhdGUiLCJleHRlcm5hbFVzZXJTb3VyY2UiOm51bGwsImdvZE1vZGUiOnRydWUsImVkdWNvbnQiOnt9LCJfaWQiOiI2NWMzNDFiMmI5MmM3YTVmYmFmZWI2MDcifQ.g8I_2Btv7rGXWFT_jbBB9c0iAVhZshRxVIA8nbNqh0s","default","Mon Oct 05 00:46:37 UTC 2026","failed","Mon Oct 05 00:47:24 UTC 2026","Tests Eors","","",""
"","27851","526. EORS: https://edu.ismart.org/catalog/8f3705-russkii-yazik-noda/yazyk-i-rech-tekst_43HVTk?view=tasks&categoryCode=ba5f3c-russkii-yazik-7-kl&auth=eyJhbGciOiJIUzI1NiIsInR5cCI6IkpXVCJ9.eyJpZCI6IjY1YzM0MWIyYjkyYzdhNWZiYWZlYjYwNyIsImlzQWN0aXZlIjp0cnVlLCJpc0d1ZXN0IjpmYWxzZSwiaXNSZWdpc3RyYXRpb25Db21wbGV0ZSI6dHJ1ZSwiaXNDb25maXJtRW1haWwiOmZhbHNlLCJzdHVkZW50cyI6W10sInV0Y09mZnNldCI6MTgwLCJyb2xlIjoic2Nob29sLXRlYWNoZXIiLCJsYXN0TmFtZSI6IiIsImZpcnN0TmFtZSI6ItCf0YDQvtGE0LXRgdGB0LjQvtC90LDQu9GM0L3Ri9C5IiwicGhvbmVOdW1iZXIiOiIiLCJsb2dpbiI6InRlYWNoZXJfZnVsbEBpc21hcnQub3JnIiwiZW1haWwiOiJ0ZWFjaGVyX2Z1bGxAaXNtYXJ0Lm9yZyIsImNvbnRyYWN0VHlwZSI6InByaXZhdGUiLCJleHRlcm5hbFVzZXJTb3VyY2UiOm51bGwsImdvZE1vZGUiOnRydWUsImVkdWNvbnQiOnt9LCJfaWQiOiI2NWMzNDFiMmI5MmM3YTVmYmFmZWI2MDcifQ.g8I_2Btv7rGXWFT_jbBB9c0iAVhZshRxVIA8nbNqh0s","default","Mon Oct 05 01:31:56 UTC 2026","passed","Mon Oct 05 01:32:24 UTC 2026","Tests Eors","","",""
"","17504","Каталог заданий: Слабовидящие ""Русский язык. 4.1"" — Класс 7","default","Mon Oct 05 03:03:48 UTC 2026","passed","Mon Oct 05 03:04:06 UTC 2026","AuTestCatalogTask","","",""
"","45540","Каталог заданий: НОДА ""Русский язык. 6.1"" — Класс 4","default","Mon Oct 05 03:40:00 UTC 2026","passed","Mon Oct 05 03:40:45 UTC 2026","AuTestCatalogTask","","",""
"","44972","Каталог заданий: Слабослышащие ""Биология. 2.1"" — Класс 1","default","Mon Oct 05 03:23:50 UTC 2026","passed","Mon Oct 05 03:24:35 UTC 2026","AuTestCatalogTask","","",""
"","23526","456. EORS: https://edu.ismart.org/catalog/acb475-angliiskii-yazik-8-1/1-v-gostyah-welcome-home_a4kT3V_s34aLp?view=tasks&categoryCode=a1f37d-10-kl&auth=eyJhbGciOiJIUzI1NiIsInR5cCI6IkpXVCJ9.eyJpZCI6IjY1YzM0MWIyYjkyYzdhNWZiYWZlYjYwNyIsImlzQWN0aXZlIjp0cnVlLCJpc0d1ZXN0IjpmYWxzZSwiaXNSZWdpc3RyYXRpb25Db21wbGV0ZSI6dHJ1ZSwiaXNDb25maXJtRW1haWwiOmZhbHNlLCJzdHVkZW50cyI6W10sInV0Y09mZnNldCI6MTgwLCJyb2xlIjoic2Nob29sLXRlYWNoZXIiLCJsYXN0TmFtZSI6IiIsImZpcnN0TmFtZSI6ItCf0YDQvtGE0LXRgdGB0LjQvtC90LDQu9GM0L3Ri9C5IiwicGhvbmVOdW1iZXIiOiIiLCJsb2dpbiI6InRlYWNoZXJfZnVsbEBpc21hcnQub3JnIiwiZW1haWwiOiJ0ZWFjaGVyX2Z1bGxAaXNtYXJ0Lm9yZyIsImNvbnRyYWN0VHlwZSI6InByaXZhdGUiLCJleHRlcm5hbFVzZXJTb3VyY2UiOm51bGwsImdvZE1vZGUiOnRydWUsImVkdWNvbnQiOnt9LCJfaWQiOiI2NWMzNDFiMmI5MmM3YTVmYmFmZWI2MDcifQ.g8I_2Btv7rGXWFT_jbBB9c0iAVhZshRxVIA8nbNqh0s","default","Mon Oct 05 01:22:04 UTC 2026","passed","Mon Oct 05 01:22:28 UTC 2026","Tests Eors","","",""
"","28827","375. EORS: https://edu.ismart.org/catalog/acb475-angliiskii-yazik-8-1/1-mir-moego-ya_2nb46Z_QQbhxp?view=tasks&categoryCode=7eac56-3-kl&auth=eyJhbGciOiJIUzI1NiIsInR5cCI6IkpXVCJ9.eyJpZCI6IjY1YzM0MWIyYjkyYzdhNWZiYWZlYjYwNyIsImlzQWN0aXZlIjp0cnVlLCJpc0d1ZXN0IjpmYWxzZSwiaXNSZWdpc3RyYXRpb25Db21wbGV0ZSI6dHJ1ZSwiaXNDb25maXJtRW1haWwiOmZhbHNlLCJzdHVkZW50cyI6W10sInV0Y09mZnNldCI6MTgwLCJyb2xlIjoic2Nob29sLXRlYWNoZXIiLCJsYXN0TmFtZSI6IiIsImZpcnN0TmFtZSI6ItCf0YDQvtGE0LXRgdGB0LjQvtC90LDQu9GM0L3Ri9C5IiwicGhvbmVOdW1iZXIiOiIiLCJsb2dpbiI6InRlYWNoZXJfZnVsbEBpc21hcnQub3JnIiwiZW1haWwiOiJ0ZWFjaGVyX2Z1bGxAaXNtYXJ0Lm9yZyIsImNvbnRyYWN0VHlwZSI6InByaXZhdGUiLCJleHRlcm5hbFVzZXJTb3VyY2UiOm51bGwsImdvZE1vZGUiOnRydWUsImVkdWNvbnQiOnt9LCJfaWQiOiI2NWMzNDFiMmI5MmM3YTVmYmFmZWI2MDcifQ.g8I_2Btv7rGXWFT_jbBB9c0iAVhZshRxVIA8nbNqh0s","default","Mon Oct 05 01:11:41 UTC 2026","passed","Mon Oct 05 01:12:10 UTC 2026","Tests Eors","","",""
"","19686","Каталог заданий: Подготовка к контрольным работам ""Русский язык"" — Класс 6","default","Mon Oct 05 02:25:49 UTC 2026","passed","Mon Oct 05 02:26:08 UTC 2026","AuTestCatalogTask","","",""
"","26233","550. EORS: https://edu.ismart.org/catalog/274db5-himiya-7-1/1-vvedenie-v-himiu_QCHMy0_spmY0u?view=tasks&categoryCode=c1cc7d-8-kl&auth=eyJhbGciOiJIUzI1NiIsInR5cCI6IkpXVCJ9.eyJpZCI6IjY1YzM0MWIyYjkyYzdhNWZiYWZlYjYwNyIsImlzQWN0aXZlIjp0cnVlLCJpc0d1ZXN0IjpmYWxzZSwiaXNSZWdpc3RyYXRpb25Db21wbGV0ZSI6dHJ1ZSwiaXNDb25maXJtRW1haWwiOmZhbHNlLCJzdHVkZW50cyI6W10sInV0Y09mZnNldCI6MTgwLCJyb2xlIjoic2Nob29sLXRlYWNoZXIiLCJsYXN0TmFtZSI6IiIsImZpcnN0TmFtZSI6ItCf0YDQvtGE0LXRgdGB0LjQvtC90LDQu9GM0L3Ri9C5IiwicGhvbmVOdW1iZXIiOiIiLCJsb2dpbiI6InRlYWNoZXJfZnVsbEBpc21hcnQub3JnIiwiZW1haWwiOiJ0ZWFjaGVyX2Z1bGxAaXNtYXJ0Lm9yZyIsImNvbnRyYWN0VHlwZSI6InByaXZhdGUiLCJleHRlcm5hbFVzZXJTb3VyY2UiOm51bGwsImdvZE1vZGUiOnRydWUsImVkdWNvbnQiOnt9LCJfaWQiOiI2NWMzNDFiMmI5MmM3YTVmYmFmZWI2MDcifQ.g8I_2Btv7rGXWFT_jbBB9c0iAVhZshRxVIA8nbNqh0s","default","Mon Oct 05 01:35:17 UTC 2026","passed","Mon Oct 05 01:35:43 UTC 2026","Tests Eors","","",""
"","34107","Каталог заданий: РАС ""Химия. 8.1"" — Класс 2","default","Mon Oct 05 03:56:34 UTC 2026","passed","Mon Oct 05 03:57:08 UTC 2026","AuTestCatalogTask","","",""
"","24969","634. EORS: https://edu.ismart.org/catalog/4c5ed4-literatura-8-1/1-slovo-o-polku-igoreve_zb7NxL_ZK2h3V?view=tasks&categoryCode=da9478-9-kl&auth=eyJhbGciOiJIUzI1NiIsInR5cCI6IkpXVCJ9.eyJpZCI6IjY1YzM0MWIyYjkyYzdhNWZiYWZlYjYwNyIsImlzQWN0aXZlIjp0cnVlLCJpc0d1ZXN0IjpmYWxzZSwiaXNSZWdpc3RyYXRpb25Db21wbGV0ZSI6dHJ1ZSwiaXNDb25maXJtRW1haWwiOmZhbHNlLCJzdHVkZW50cyI6W10sInV0Y09mZnNldCI6MTgwLCJyb2xlIjoic2Nob29sLXRlYWNoZXIiLCJsYXN0TmFtZSI6IiIsImZpcnN0TmFtZSI6ItCf0YDQvtGE0LXRgdGB0LjQvtC90LDQu9GM0L3Ri9C5IiwicGhvbmVOdW1iZXIiOiIiLCJsb2dpbiI6InRlYWNoZXJfZnVsbEBpc21hcnQub3JnIiwiZW1haWwiOiJ0ZWFjaGVyX2Z1bGxAaXNtYXJ0Lm9yZyIsImNvbnRyYWN0VHlwZSI6InByaXZhdGUiLCJleHRlcm5hbFVzZXJTb3VyY2UiOm51bGwsImdvZE1vZGUiOnRydWUsImVkdWNvbnQiOnt9LCJfaWQiOiI2NWMzNDFiMmI5MmM3YTVmYmFmZWI2MDcifQ.g8I_2Btv7rGXWFT_jbBB9c0iAVhZshRxVIA8nbNqh0s","default","Mon Oct 05 01:48:38 UTC 2026","passed","Mon Oct 05 01:49:03 UTC 2026","Tests Eors","","",""
"","13515","Каталог заданий: НОДА ""Физика. 6.1"" — Класс 2","default","Mon Oct 05 03:47:30 UTC 2026","passed","Mon Oct 05 03:47:43 UTC 2026","AuTestCatalogTask","","",""
"","26794","426. EORS: https://edu.ismart.org/catalog/53cf43-himiya-1-1/1-stroenie-atoma-i-ego-svyaz-so-svostvami-elementa_9sjbiO_y154SG?view=tasks&categoryCode=942ad3-9-klass&auth=eyJhbGciOiJIUzI1NiIsInR5cCI6IkpXVCJ9.eyJpZCI6IjY1YzM0MWIyYjkyYzdhNWZiYWZlYjYwNyIsImlzQWN0aXZlIjp0cnVlLCJpc0d1ZXN0IjpmYWxzZSwiaXNSZWdpc3RyYXRpb25Db21wbGV0ZSI6dHJ1ZSwiaXNDb25maXJtRW1haWwiOmZhbHNlLCJzdHVkZW50cyI6W10sInV0Y09mZnNldCI6MTgwLCJyb2xlIjoic2Nob29sLXRlYWNoZXIiLCJsYXN0TmFtZSI6IiIsImZpcnN0TmFtZSI6ItCf0YDQvtGE0LXRgdGB0LjQvtC90LDQu9GM0L3Ri9C5IiwicGhvbmVOdW1iZXIiOiIiLCJsb2dpbiI6InRlYWNoZXJfZnVsbEBpc21hcnQub3JnIiwiZW1haWwiOiJ0ZWFjaGVyX2Z1bGxAaXNtYXJ0Lm9yZyIsImNvbnRyYWN0VHlwZSI6InByaXZhdGUiLCJleHRlcm5hbFVzZXJTb3VyY2UiOm51bGwsImdvZE1vZGUiOnRydWUsImVkdWNvbnQiOnt9LCJfaWQiOiI2NWMzNDFiMmI5MmM3YTVmYmFmZWI2MDcifQ.g8I_2Btv7rGXWFT_jbBB9c0iAVhZshRxVIA8nbNqh0s","default","Mon Oct 05 01:17:30 UTC 2026","passed","Mon Oct 05 01:17:56 UTC 2026","Tests Eors","","",""
"","43550","Каталог заданий: Слабовидящие ""Биология. 4.1"" — Класс 3","default","Mon Oct 05 03:09:52 UTC 2026","passed","Mon Oct 05 03:10:35 UTC 2026","AuTestCatalogTask","","",""
"","20261","Каталог заданий: Русский язык пакеты ""Сочинение"" — Класс 2","default","Mon Oct 05 02:43:58 UTC 2026","passed","Mon Oct 05 02:44:18 UTC 2026","AuTestCatalogTask","","",""
"","22241","Каталог заданий: ТНР ""Английский язык. 5.1"" — Класс 5","default","Mon Oct 05 02:53:23 UTC 2026","passed","Mon Oct 05 02:53:45 UTC 2026","AuTestCatalogTask","","",""
"","17931","Каталог заданий: Нарушение слуха ""Алгебра. 1.1"" — Класс 2","default","Mon Oct 05 03:14:13 UTC 2026","passed","Mon Oct 05 03:14:31 UTC 2026","AuTestCatalogTask","","",""
"","18964","Каталог заданий: Школьная программа ""Окружающий мир (2)"" — Класс 2","default","Mon Oct 05 02:11:40 UTC 2026","passed","Mon Oct 05 02:11:59 UTC 2026","AuTestCatalogTask","","",""
"","38604","Каталог заданий: Дополнительное образование ""Биология"" — Класс 2","default","Mon Oct 05 02:14:46 UTC 2026","passed","Mon Oct 05 02:15:24 UTC 2026","AuTestCatalogTask","","",""
"","27883","Каталог заданий: Дополнительное образование ""Английский язык"" — Класс 2","default","Mon Oct 05 02:13:20 UTC 2026","passed","Mon Oct 05 02:13:48 UTC 2026","AuTestCatalogTask","","",""
"","34893","Каталог заданий: Нарушение слуха ""Литература. 1.1"" — Класс 2","default","Mon Oct 05 03:15:44 UTC 2026","passed","Mon Oct 05 03:16:19 UTC 2026","AuTestCatalogTask","","",""
"","22109","621. EORS: https://edu.ismart.org/catalog/74ac56-algebra-ras/1-chisla-i-vychisleniya_pwIK2c?view=tasks&categoryCode=d228b5-algebra-9-kl&auth=eyJhbGciOiJIUzI1NiIsInR5cCI6IkpXVCJ9.eyJpZCI6IjY1YzM0MWIyYjkyYzdhNWZiYWZlYjYwNyIsImlzQWN0aXZlIjp0cnVlLCJpc0d1ZXN0IjpmYWxzZSwiaXNSZWdpc3RyYXRpb25Db21wbGV0ZSI6dHJ1ZSwiaXNDb25maXJtRW1haWwiOmZhbHNlLCJzdHVkZW50cyI6W10sInV0Y09mZnNldCI6MTgwLCJyb2xlIjoic2Nob29sLXRlYWNoZXIiLCJsYXN0TmFtZSI6IiIsImZpcnN0TmFtZSI6ItCf0YDQvtGE0LXRgdGB0LjQvtC90LDQu9GM0L3Ri9C5IiwicGhvbmVOdW1iZXIiOiIiLCJsb2dpbiI6InRlYWNoZXJfZnVsbEBpc21hcnQub3JnIiwiZW1haWwiOiJ0ZWFjaGVyX2Z1bGxAaXNtYXJ0Lm9yZyIsImNvbnRyYWN0VHlwZSI6InByaXZhdGUiLCJleHRlcm5hbFVzZXJTb3VyY2UiOm51bGwsImdvZE1vZGUiOnRydWUsImVkdWNvbnQiOnt9LCJfaWQiOiI2NWMzNDFiMmI5MmM3YTVmYmFmZWI2MDcifQ.g8I_2Btv7rGXWFT_jbBB9c0iAVhZshRxVIA8nbNqh0s","default","Mon Oct 05 01:46:49 UTC 2026","passed","Mon Oct 05 01:47:11 UTC 2026","Tests Eors","","",""
"","32658","Каталог заданий: ЗПР ""Литература. 7.1"" — Класс 3","default","Mon Oct 05 03:33:23 UTC 2026","passed","Mon Oct 05 03:33:55 UTC 2026","AuTestCatalogTask","","",""
"","15781","Каталог заданий: Школьная программа ""Геометрия"" — Класс 1","default","Mon Oct 05 02:02:55 UTC 2026","passed","Mon Oct 05 02:03:10 UTC 2026","AuTestCatalogTask","","",""
"","24603","Каталог заданий: Повторение пройденного материала ""Литература"" — Класс 4","default","Mon Oct 05 02:35:36 UTC 2026","passed","Mon Oct 05 02:36:00 UTC 2026","AuTestCatalogTask","","",""
"","17031","Каталог заданий: Слабослышащие ""Английский язык. 2.1"" — Класс 1","default","Mon Oct 05 03:28:37 UTC 2026","passed","Mon Oct 05 03:28:54 UTC 2026","AuTestCatalogTask","","",""
"","17857","Каталог заданий: РАС ""Русский язык. 8.1"" — Класс 5","default","Mon Oct 05 03:49:58 UTC 2026","passed","Mon Oct 05 03:50:16 UTC 2026","AuTestCatalogTask","","",""
"","36871","Каталог заданий: РАС ""Математика. 8.1"" — Класс 5","default","Mon Oct 05 03:51:21 UTC 2026","passed","Mon Oct 05 03:51:58 UTC 2026","AuTestCatalogTask","","",""
"","20075","Каталог заданий: ЗПР ""Русский язык. 7.1"" — Класс 10","default","Mon Oct 05 03:31:08 UTC 2026","passed","Mon Oct 05 03:31:28 UTC 2026","AuTestCatalogTask","","",""
"","27846","324. EORS: https://edu.ismart.org/catalog/8039e6-geometriya-zpr/5-chetyrehugolniki-geometriya_rVkfFu?view=tasks&categoryCode=6ffaa2-geometriya-8-kl&auth=eyJhbGciOiJIUzI1NiIsInR5cCI6IkpXVCJ9.eyJpZCI6IjY1YzM0MWIyYjkyYzdhNWZiYWZlYjYwNyIsImlzQWN0aXZlIjp0cnVlLCJpc0d1ZXN0IjpmYWxzZSwiaXNSZWdpc3RyYXRpb25Db21wbGV0ZSI6dHJ1ZSwiaXNDb25maXJtRW1haWwiOmZhbHNlLCJzdHVkZW50cyI6W10sInV0Y09mZnNldCI6MTgwLCJyb2xlIjoic2Nob29sLXRlYWNoZXIiLCJsYXN0TmFtZSI6IiIsImZpcnN0TmFtZSI6ItCf0YDQvtGE0LXRgdGB0LjQvtC90LDQu9GM0L3Ri9C5IiwicGhvbmVOdW1iZXIiOiIiLCJsb2dpbiI6InRlYWNoZXJfZnVsbEBpc21hcnQub3JnIiwiZW1haWwiOiJ0ZWFjaGVyX2Z1bGxAaXNtYXJ0Lm9yZyIsImNvbnRyYWN0VHlwZSI6InByaXZhdGUiLCJleHRlcm5hbFVzZXJTb3VyY2UiOm51bGwsImdvZE1vZGUiOnRydWUsImVkdWNvbnQiOnt9LCJfaWQiOiI2NWMzNDFiMmI5MmM3YTVmYmFmZWI2MDcifQ.g8I_2Btv7rGXWFT_jbBB9c0iAVhZshRxVIA8nbNqh0s","default","Mon Oct 05 01:04:56 UTC 2026","passed","Mon Oct 05 01:05:24 UTC 2026","Tests Eors","","",""
"","31490","568. EORS: https://edu.ismart.org/catalog/ee319e-fizika-7-1/1-vvedenie-v-predmet-fizika_62KvSu_abLTR8?view=tasks&categoryCode=c84a3e-7-kl&auth=eyJhbGciOiJIUzI1NiIsInR5cCI6IkpXVCJ9.eyJpZCI6IjY1YzM0MWIyYjkyYzdhNWZiYWZlYjYwNyIsImlzQWN0aXZlIjp0cnVlLCJpc0d1ZXN0IjpmYWxzZSwiaXNSZWdpc3RyYXRpb25Db21wbGV0ZSI6dHJ1ZSwiaXNDb25maXJtRW1haWwiOmZhbHNlLCJzdHVkZW50cyI6W10sInV0Y09mZnNldCI6MTgwLCJyb2xlIjoic2Nob29sLXRlYWNoZXIiLCJsYXN0TmFtZSI6IiIsImZpcnN0TmFtZSI6ItCf0YDQvtGE0LXRgdGB0LjQvtC90LDQu9GM0L3Ri9C5IiwicGhvbmVOdW1iZXIiOiIiLCJsb2dpbiI6InRlYWNoZXJfZnVsbEBpc21hcnQub3JnIiwiZW1haWwiOiJ0ZWFjaGVyX2Z1bGxAaXNtYXJ0Lm9yZyIsImNvbnRyYWN0VHlwZSI6InByaXZhdGUiLCJleHRlcm5hbFVzZXJTb3VyY2UiOm51bGwsImdvZE1vZGUiOnRydWUsImVkdWNvbnQiOnt9LCJfaWQiOiI2NWMzNDFiMmI5MmM3YTVmYmFmZWI2MDcifQ.g8I_2Btv7rGXWFT_jbBB9c0iAVhZshRxVIA8nbNqh0s","default","Mon Oct 05 01:37:41 UTC 2026","passed","Mon Oct 05 01:38:12 UTC 2026","Tests Eors","","",""
"","18418","Каталог заданий: Подготовка к контрольным работам ""История"" — Класс 3","default","Mon Oct 05 02:29:30 UTC 2026","passed","Mon Oct 05 02:29:49 UTC 2026","AuTestCatalogTask","","",""
"","20791","27. EORS: https://edu.ismart.org/catalog/07e63f-okruzhayuschii-mir/01-zadanie-1?view=tasks&class=5a3cef308409440019b57b39&auth=eyJhbGciOiJIUzI1NiIsInR5cCI6IkpXVCJ9.eyJpZCI6IjY1YzM0MWIyYjkyYzdhNWZiYWZlYjYwNyIsImlzQWN0aXZlIjp0cnVlLCJpc0d1ZXN0IjpmYWxzZSwiaXNSZWdpc3RyYXRpb25Db21wbGV0ZSI6dHJ1ZSwiaXNDb25maXJtRW1haWwiOmZhbHNlLCJzdHVkZW50cyI6W10sInV0Y09mZnNldCI6MTgwLCJyb2xlIjoic2Nob29sLXRlYWNoZXIiLCJsYXN0TmFtZSI6IiIsImZpcnN0TmFtZSI6ItCf0YDQvtGE0LXRgdGB0LjQvtC90LDQu9GM0L3Ri9C5IiwicGhvbmVOdW1iZXIiOiIiLCJsb2dpbiI6InRlYWNoZXJfZnVsbEBpc21hcnQub3JnIiwiZW1haWwiOiJ0ZWFjaGVyX2Z1bGxAaXNtYXJ0Lm9yZyIsImNvbnRyYWN0VHlwZSI6InByaXZhdGUiLCJleHRlcm5hbFVzZXJTb3VyY2UiOm51bGwsImdvZE1vZGUiOnRydWUsImVkdWNvbnQiOnt9LCJfaWQiOiI2NWMzNDFiMmI5MmM3YTVmYmFmZWI2MDcifQ.g8I_2Btv7rGXWFT_jbBB9c0iAVhZshRxVIA8nbNqh0s","default","Mon Oct 05 00:25:57 UTC 2026","passed","Mon Oct 05 00:26:18 UTC 2026","Tests Eors","","",""
"","20892","Каталог заданий: Школьная программа ""Физика"" — Класс 5","default","Mon Oct 05 02:09:46 UTC 2026","passed","Mon Oct 05 02:10:07 UTC 2026","AuTestCatalogTask","","",""
"","15370","Каталог заданий: Подготовка к контрольным работам ""Информатика"" — Класс 5","default","Mon Oct 05 02:31:00 UTC 2026","passed","Mon Oct 05 02:31:15 UTC 2026","AuTestCatalogTask","","",""
"","16140","Каталог заданий: Школьная программа ""Физика"" — Класс 1","default","Mon Oct 05 02:09:30 UTC 2026","passed","Mon Oct 05 02:09:46 UTC 2026","AuTestCatalogTask","","",""
"","46021","151. EORS: https://edu.ismart.org/catalog/ee319e-fizika-7-1/1-fizika-i-metody-nauchnogo-poznaniya_1FBUst_k8GNxE?view=tasks&categoryCode=348b35-10-kl&auth=eyJhbGciOiJIUzI1NiIsInR5cCI6IkpXVCJ9.eyJpZCI6IjY1YzM0MWIyYjkyYzdhNWZiYWZlYjYwNyIsImlzQWN0aXZlIjp0cnVlLCJpc0d1ZXN0IjpmYWxzZSwiaXNSZWdpc3RyYXRpb25Db21wbGV0ZSI6dHJ1ZSwiaXNDb25maXJtRW1haWwiOmZhbHNlLCJzdHVkZW50cyI6W10sInV0Y09mZnNldCI6MTgwLCJyb2xlIjoic2Nob29sLXRlYWNoZXIiLCJsYXN0TmFtZSI6IiIsImZpcnN0TmFtZSI6ItCf0YDQvtGE0LXRgdGB0LjQvtC90LDQu9GM0L3Ri9C5IiwicGhvbmVOdW1iZXIiOiIiLCJsb2dpbiI6InRlYWNoZXJfZnVsbEBpc21hcnQub3JnIiwiZW1haWwiOiJ0ZWFjaGVyX2Z1bGxAaXNtYXJ0Lm9yZyIsImNvbnRyYWN0VHlwZSI6InByaXZhdGUiLCJleHRlcm5hbFVzZXJTb3VyY2UiOm51bGwsImdvZE1vZGUiOnRydWUsImVkdWNvbnQiOnt9LCJfaWQiOiI2NWMzNDFiMmI5MmM3YTVmYmFmZWI2MDcifQ.g8I_2Btv7rGXWFT_jbBB9c0iAVhZshRxVIA8nbNqh0s","default","Mon Oct 05 00:42:25 UTC 2026","failed","Mon Oct 05 00:43:11 UTC 2026","Tests Eors","","",""
"","25935","683. EORS: https://edu.ismart.org/catalog/ecfd1c-angliiskii-yazik/0-1-nedelya-mir-moego-ya?view=tasks&class=5ef1b652250d56001b4f771b&auth=eyJhbGciOiJIUzI1NiIsInR5cCI6IkpXVCJ9.eyJpZCI6IjY1YzM0MWIyYjkyYzdhNWZiYWZlYjYwNyIsImlzQWN0aXZlIjp0cnVlLCJpc0d1ZXN0IjpmYWxzZSwiaXNSZWdpc3RyYXRpb25Db21wbGV0ZSI6dHJ1ZSwiaXNDb25maXJtRW1haWwiOmZhbHNlLCJzdHVkZW50cyI6W10sInV0Y09mZnNldCI6MTgwLCJyb2xlIjoic2Nob29sLXRlYWNoZXIiLCJsYXN0TmFtZSI6IiIsImZpcnN0TmFtZSI6ItCf0YDQvtGE0LXRgdGB0LjQvtC90LDQu9GM0L3Ri9C5IiwicGhvbmVOdW1iZXIiOiIiLCJsb2dpbiI6InRlYWNoZXJfZnVsbEBpc21hcnQub3JnIiwiZW1haWwiOiJ0ZWFjaGVyX2Z1bGxAaXNtYXJ0Lm9yZyIsImNvbnRyYWN0VHlwZSI6InByaXZhdGUiLCJleHRlcm5hbFVzZXJTb3VyY2UiOm51bGwsImdvZE1vZGUiOnRydWUsImVkdWNvbnQiOnt9LCJfaWQiOiI2NWMzNDFiMmI5MmM3YTVmYmFmZWI2MDcifQ.g8I_2Btv7rGXWFT_jbBB9c0iAVhZshRxVIA8nbNqh0s","default","Mon Oct 05 01:55:14 UTC 2026","passed","Mon Oct 05 01:55:40 UTC 2026","Tests Eors","","",""
"","16478","Каталог заданий: Слабовидящие ""Русский язык. 4.1"" — Класс 1","default","Mon Oct 05 03:03:14 UTC 2026","passed","Mon Oct 05 03:03:31 UTC 2026","AuTestCatalogTask","","",""
"","20756","Каталог заданий: ЗПР ""Алгебра и начала мат. анализа. 7.1"" — Класс 1","default","Mon Oct 05 03:32:15 UTC 2026","passed","Mon Oct 05 03:32:35 UTC 2026","AuTestCatalogTask","","",""
"","18377","Каталог заданий: Слабослышащие ""Обществознание. 2.1"" — Класс 5","default","Mon Oct 05 03:28:33 UTC 2026","passed","Mon Oct 05 03:28:52 UTC 2026","AuTestCatalogTask","","",""
"","15871","Каталог заданий: РАС ""Вероятность и статистика. 8.1"" — Класс 2","default","Mon Oct 05 03:58:43 UTC 2026","passed","Mon Oct 05 03:58:58 UTC 2026","AuTestCatalogTask","","",""
"","27815","648. EORS: https://edu.ismart.org/catalog/dff6dd-angliiskii-yazik/01101-leksika?view=tasks&class=5ef1b652250d56001b4f771b&auth=eyJhbGciOiJIUzI1NiIsInR5cCI6IkpXVCJ9.eyJpZCI6IjY1YzM0MWIyYjkyYzdhNWZiYWZlYjYwNyIsImlzQWN0aXZlIjp0cnVlLCJpc0d1ZXN0IjpmYWxzZSwiaXNSZWdpc3RyYXRpb25Db21wbGV0ZSI6dHJ1ZSwiaXNDb25maXJtRW1haWwiOmZhbHNlLCJzdHVkZW50cyI6W10sInV0Y09mZnNldCI6MTgwLCJyb2xlIjoic2Nob29sLXRlYWNoZXIiLCJsYXN0TmFtZSI6IiIsImZpcnN0TmFtZSI6ItCf0YDQvtGE0LXRgdGB0LjQvtC90LDQu9GM0L3Ri9C5IiwicGhvbmVOdW1iZXIiOiIiLCJsb2dpbiI6InRlYWNoZXJfZnVsbEBpc21hcnQub3JnIiwiZW1haWwiOiJ0ZWFjaGVyX2Z1bGxAaXNtYXJ0Lm9yZyIsImNvbnRyYWN0VHlwZSI6InByaXZhdGUiLCJleHRlcm5hbFVzZXJTb3VyY2UiOm51bGwsImdvZE1vZGUiOnRydWUsImVkdWNvbnQiOnt9LCJfaWQiOiI2NWMzNDFiMmI5MmM3YTVmYmFmZWI2MDcifQ.g8I_2Btv7rGXWFT_jbBB9c0iAVhZshRxVIA8nbNqh0s","default","Mon Oct 05 01:50:12 UTC 2026","passed","Mon Oct 05 01:50:39 UTC 2026","Tests Eors","","",""
"","34784","331. EORS: https://edu.ismart.org/catalog/3478fa-russkii-yazik-slepie-uchaschiesya/1-chto-mi-znaem-o-zvukah-i-bukvah_Ri3SAZ?view=tasks&categoryCode=729f56-russkii-yazik-4-kl&auth=eyJhbGciOiJIUzI1NiIsInR5cCI6IkpXVCJ9.eyJpZCI6IjY1YzM0MWIyYjkyYzdhNWZiYWZlYjYwNyIsImlzQWN0aXZlIjp0cnVlLCJpc0d1ZXN0IjpmYWxzZSwiaXNSZWdpc3RyYXRpb25Db21wbGV0ZSI6dHJ1ZSwiaXNDb25maXJtRW1haWwiOmZhbHNlLCJzdHVkZW50cyI6W10sInV0Y09mZnNldCI6MTgwLCJyb2xlIjoic2Nob29sLXRlYWNoZXIiLCJsYXN0TmFtZSI6IiIsImZpcnN0TmFtZSI6ItCf0YDQvtGE0LXRgdGB0LjQvtC90LDQu9GM0L3Ri9C5IiwicGhvbmVOdW1iZXIiOiIiLCJsb2dpbiI6InRlYWNoZXJfZnVsbEBpc21hcnQub3JnIiwiZW1haWwiOiJ0ZWFjaGVyX2Z1bGxAaXNtYXJ0Lm9yZyIsImNvbnRyYWN0VHlwZSI6InByaXZhdGUiLCJleHRlcm5hbFVzZXJTb3VyY2UiOm51bGwsImdvZE1vZGUiOnRydWUsImVkdWNvbnQiOnt9LCJfaWQiOiI2NWMzNDFiMmI5MmM3YTVmYmFmZWI2MDcifQ.g8I_2Btv7rGXWFT_jbBB9c0iAVhZshRxVIA8nbNqh0s","default","Mon Oct 05 01:05:59 UTC 2026","passed","Mon Oct 05 01:06:34 UTC 2026","Tests Eors","","",""
"","20329","Каталог заданий: Подготовка к контрольным работам ""История"" — Класс 4","default","Mon Oct 05 02:29:41 UTC 2026","passed","Mon Oct 05 02:30:02 UTC 2026","AuTestCatalogTask","","",""
"","25214","704. EORS: https://edu.ismart.org/catalog/d3287c-matematika-slepie-uchaschiesya/1-naturalnye-chisla-i-nul_zAmrb1?view=tasks&categoryCode=f1a5d7-matematika-5-kl&auth=eyJhbGciOiJIUzI1NiIsInR5cCI6IkpXVCJ9.eyJpZCI6IjY1YzM0MWIyYjkyYzdhNWZiYWZlYjYwNyIsImlzQWN0aXZlIjp0cnVlLCJpc0d1ZXN0IjpmYWxzZSwiaXNSZWdpc3RyYXRpb25Db21wbGV0ZSI6dHJ1ZSwiaXNDb25maXJtRW1haWwiOmZhbHNlLCJzdHVkZW50cyI6W10sInV0Y09mZnNldCI6MTgwLCJyb2xlIjoic2Nob29sLXRlYWNoZXIiLCJsYXN0TmFtZSI6IiIsImZpcnN0TmFtZSI6ItCf0YDQvtGE0LXRgdGB0LjQvtC90LDQu9GM0L3Ri9C5IiwicGhvbmVOdW1iZXIiOiIiLCJsb2dpbiI6InRlYWNoZXJfZnVsbEBpc21hcnQub3JnIiwiZW1haWwiOiJ0ZWFjaGVyX2Z1bGxAaXNtYXJ0Lm9yZyIsImNvbnRyYWN0VHlwZSI6InByaXZhdGUiLCJleHRlcm5hbFVzZXJTb3VyY2UiOm51bGwsImdvZE1vZGUiOnRydWUsImVkdWNvbnQiOnt9LCJfaWQiOiI2NWMzNDFiMmI5MmM3YTVmYmFmZWI2MDcifQ.g8I_2Btv7rGXWFT_jbBB9c0iAVhZshRxVIA8nbNqh0s","default","Mon Oct 05 01:57:40 UTC 2026","passed","Mon Oct 05 01:58:05 UTC 2026","Tests Eors","","",""
"","21570","466. EORS: https://edu.ismart.org/catalog/1168f5-literaturura-1-1/1-ai-kuprin-rasskazy--i-povesti_uvJFQX_8lFDb5?view=tasks&categoryCode=a41ed6-11-klass&auth=eyJhbGciOiJIUzI1NiIsInR5cCI6IkpXVCJ9.eyJpZCI6IjY1YzM0MWIyYjkyYzdhNWZiYWZlYjYwNyIsImlzQWN0aXZlIjp0cnVlLCJpc0d1ZXN0IjpmYWxzZSwiaXNSZWdpc3RyYXRpb25Db21wbGV0ZSI6dHJ1ZSwiaXNDb25maXJtRW1haWwiOmZhbHNlLCJzdHVkZW50cyI6W10sInV0Y09mZnNldCI6MTgwLCJyb2xlIjoic2Nob29sLXRlYWNoZXIiLCJsYXN0TmFtZSI6IiIsImZpcnN0TmFtZSI6ItCf0YDQvtGE0LXRgdGB0LjQvtC90LDQu9GM0L3Ri9C5IiwicGhvbmVOdW1iZXIiOiIiLCJsb2dpbiI6InRlYWNoZXJfZnVsbEBpc21hcnQub3JnIiwiZW1haWwiOiJ0ZWFjaGVyX2Z1bGxAaXNtYXJ0Lm9yZyIsImNvbnRyYWN0VHlwZSI6InByaXZhdGUiLCJleHRlcm5hbFVzZXJTb3VyY2UiOm51bGwsImdvZE1vZGUiOnRydWUsImVkdWNvbnQiOnt9LCJfaWQiOiI2NWMzNDFiMmI5MmM3YTVmYmFmZWI2MDcifQ.g8I_2Btv7rGXWFT_jbBB9c0iAVhZshRxVIA8nbNqh0s","default","Mon Oct 05 01:23:07 UTC 2026","passed","Mon Oct 05 01:23:28 UTC 2026","Tests Eors","","",""
"","23794","Каталог заданий: Нарушение слуха ""Английский язык. 1.1"" — Класс 10","default","Mon Oct 05 03:18:56 UTC 2026","passed","Mon Oct 05 03:19:19 UTC 2026","AuTestCatalogTask","","",""
"","23325","624. EORS: https://edu.ismart.org/catalog/d8cefd-himiya-8-1/1-stroenie-atoma-periodicheski-zakon-i-periodicheskaya-sistema_nsG4YF_1nFZdo?view=tasks&categoryCode=d3ffb4-11-kl&auth=eyJhbGciOiJIUzI1NiIsInR5cCI6IkpXVCJ9.eyJpZCI6IjY1YzM0MWIyYjkyYzdhNWZiYWZlYjYwNyIsImlzQWN0aXZlIjp0cnVlLCJpc0d1ZXN0IjpmYWxzZSwiaXNSZWdpc3RyYXRpb25Db21wbGV0ZSI6dHJ1ZSwiaXNDb25maXJtRW1haWwiOmZhbHNlLCJzdHVkZW50cyI6W10sInV0Y09mZnNldCI6MTgwLCJyb2xlIjoic2Nob29sLXRlYWNoZXIiLCJsYXN0TmFtZSI6IiIsImZpcnN0TmFtZSI6ItCf0YDQvtGE0LXRgdGB0LjQvtC90LDQu9GM0L3Ri9C5IiwicGhvbmVOdW1iZXIiOiIiLCJsb2dpbiI6InRlYWNoZXJfZnVsbEBpc21hcnQub3JnIiwiZW1haWwiOiJ0ZWFjaGVyX2Z1bGxAaXNtYXJ0Lm9yZyIsImNvbnRyYWN0VHlwZSI6InByaXZhdGUiLCJleHRlcm5hbFVzZXJTb3VyY2UiOm51bGwsImdvZE1vZGUiOnRydWUsImVkdWNvbnQiOnt9LCJfaWQiOiI2NWMzNDFiMmI5MmM3YTVmYmFmZWI2MDcifQ.g8I_2Btv7rGXWFT_jbBB9c0iAVhZshRxVIA8nbNqh0s","default","Mon Oct 05 01:47:12 UTC 2026","passed","Mon Oct 05 01:47:35 UTC 2026","Tests Eors","","",""
"","15087","Каталог заданий: Слепые ""Английский язык. 3.1"" — Класс 1","default","Mon Oct 05 02:59:31 UTC 2026","passed","Mon Oct 05 02:59:46 UTC 2026","AuTestCatalogTask","","",""
"","28738","Каталог заданий: Слепые ""Математика. 3.1"" — Класс 4","default","Mon Oct 05 02:55:09 UTC 2026","passed","Mon Oct 05 02:55:37 UTC 2026","AuTestCatalogTask","","",""
"","25198","Каталог заданий: Повторение пройденного материала ""Русский язык"" — Класс 5","default","Mon Oct 05 02:32:18 UTC 2026","passed","Mon Oct 05 02:32:43 UTC 2026","AuTestCatalogTask","","",""
"","24068","422. EORS: https://edu.ismart.org/catalog/f7d221-informatika-7-1/1-cifrovaya-gramotnost_NZqNKD_ZyX8Ge?view=tasks&categoryCode=93223b-7-kl&auth=eyJhbGciOiJIUzI1NiIsInR5cCI6IkpXVCJ9.eyJpZCI6IjY1YzM0MWIyYjkyYzdhNWZiYWZlYjYwNyIsImlzQWN0aXZlIjp0cnVlLCJpc0d1ZXN0IjpmYWxzZSwiaXNSZWdpc3RyYXRpb25Db21wbGV0ZSI6dHJ1ZSwiaXNDb25maXJtRW1haWwiOmZhbHNlLCJzdHVkZW50cyI6W10sInV0Y09mZnNldCI6MTgwLCJyb2xlIjoic2Nob29sLXRlYWNoZXIiLCJsYXN0TmFtZSI6IiIsImZpcnN0TmFtZSI6ItCf0YDQvtGE0LXRgdGB0LjQvtC90LDQu9GM0L3Ri9C5IiwicGhvbmVOdW1iZXIiOiIiLCJsb2dpbiI6InRlYWNoZXJfZnVsbEBpc21hcnQub3JnIiwiZW1haWwiOiJ0ZWFjaGVyX2Z1bGxAaXNtYXJ0Lm9yZyIsImNvbnRyYWN0VHlwZSI6InByaXZhdGUiLCJleHRlcm5hbFVzZXJTb3VyY2UiOm51bGwsImdvZE1vZGUiOnRydWUsImVkdWNvbnQiOnt9LCJfaWQiOiI2NWMzNDFiMmI5MmM3YTVmYmFmZWI2MDcifQ.g8I_2Btv7rGXWFT_jbBB9c0iAVhZshRxVIA8nbNqh0s","default","Mon Oct 05 01:17:06 UTC 2026","passed","Mon Oct 05 01:17:30 UTC 2026","Tests Eors","","",""
"","52675","319. EORS: https://edu.ismart.org/catalog/6e3c17-algebra-i-nachala-matematicheskogo-analiza/49-1-nedelya-naturalnye-i-celye-chisla-stepen-s-racionalnym-pokazatelem-pokazatelnaya-funkciyaa?view=tasks&class=61890fee84e9f601793b0348&auth=eyJhbGciOiJIUzI1NiIsInR5cCI6IkpXVCJ9.eyJpZCI6IjY1YzM0MWIyYjkyYzdhNWZiYWZlYjYwNyIsImlzQWN0aXZlIjp0cnVlLCJpc0d1ZXN0IjpmYWxzZSwiaXNSZWdpc3RyYXRpb25Db21wbGV0ZSI6dHJ1ZSwiaXNDb25maXJtRW1haWwiOmZhbHNlLCJzdHVkZW50cyI6W10sInV0Y09mZnNldCI6MTgwLCJyb2xlIjoic2Nob29sLXRlYWNoZXIiLCJsYXN0TmFtZSI6IiIsImZpcnN0TmFtZSI6ItCf0YDQvtGE0LXRgdGB0LjQvtC90LDQu9GM0L3Ri9C5IiwicGhvbmVOdW1iZXIiOiIiLCJsb2dpbiI6InRlYWNoZXJfZnVsbEBpc21hcnQub3JnIiwiZW1haWwiOiJ0ZWFjaGVyX2Z1bGxAaXNtYXJ0Lm9yZyIsImNvbnRyYWN0VHlwZSI6InByaXZhdGUiLCJleHRlcm5hbFVzZXJTb3VyY2UiOm51bGwsImdvZE1vZGUiOnRydWUsImVkdWNvbnQiOnt9LCJfaWQiOiI2NWMzNDFiMmI5MmM3YTVmYmFmZWI2MDcifQ.g8I_2Btv7rGXWFT_jbBB9c0iAVhZshRxVIA8nbNqh0s","default","Mon Oct 05 01:03:52 UTC 2026","failed","Mon Oct 05 01:04:45 UTC 2026","Tests Eors","","",""
"","37468","Каталог заданий: Слабовидящие ""Математика. 4.1"" — Класс 1","default","Mon Oct 05 03:04:06 UTC 2026","passed","Mon Oct 05 03:04:43 UTC 2026","AuTestCatalogTask","","",""
"","52843","251. EORS: https://edu.ismart.org/catalog/976d47-matematika-slabovidyaschie-uchaschiesya/100-1-chisla-i-velichiny-chisla-v-predelah-1000_bf2CDx?view=tasks&categoryCode=5431d4-matematika-3-kl&auth=eyJhbGciOiJIUzI1NiIsInR5cCI6IkpXVCJ9.eyJpZCI6IjY1YzM0MWIyYjkyYzdhNWZiYWZlYjYwNyIsImlzQWN0aXZlIjp0cnVlLCJpc0d1ZXN0IjpmYWxzZSwiaXNSZWdpc3RyYXRpb25Db21wbGV0ZSI6dHJ1ZSwiaXNDb25maXJtRW1haWwiOmZhbHNlLCJzdHVkZW50cyI6W10sInV0Y09mZnNldCI6MTgwLCJyb2xlIjoic2Nob29sLXRlYWNoZXIiLCJsYXN0TmFtZSI6IiIsImZpcnN0TmFtZSI6ItCf0YDQvtGE0LXRgdGB0LjQvtC90LDQu9GM0L3Ri9C5IiwicGhvbmVOdW1iZXIiOiIiLCJsb2dpbiI6InRlYWNoZXJfZnVsbEBpc21hcnQub3JnIiwiZW1haWwiOiJ0ZWFjaGVyX2Z1bGxAaXNtYXJ0Lm9yZyIsImNvbnRyYWN0VHlwZSI6InByaXZhdGUiLCJleHRlcm5hbFVzZXJTb3VyY2UiOm51bGwsImdvZE1vZGUiOnRydWUsImVkdWNvbnQiOnt9LCJfaWQiOiI2NWMzNDFiMmI5MmM3YTVmYmFmZWI2MDcifQ.g8I_2Btv7rGXWFT_jbBB9c0iAVhZshRxVIA8nbNqh0s","default","Mon Oct 05 00:55:04 UTC 2026","failed","Mon Oct 05 00:55:57 UTC 2026","Tests Eors","","",""
"","32546","186. EORS: https://edu.ismart.org/catalog/208f8d-russkii-yazik-zpr/1-chto-mi-znaem-o-zvukah-i-bukvah_Z7wDAg?view=tasks&categoryCode=421735-russkii-yazik-3-kl&auth=eyJhbGciOiJIUzI1NiIsInR5cCI6IkpXVCJ9.eyJpZCI6IjY1YzM0MWIyYjkyYzdhNWZiYWZlYjYwNyIsImlzQWN0aXZlIjp0cnVlLCJpc0d1ZXN0IjpmYWxzZSwiaXNSZWdpc3RyYXRpb25Db21wbGV0ZSI6dHJ1ZSwiaXNDb25maXJtRW1haWwiOmZhbHNlLCJzdHVkZW50cyI6W10sInV0Y09mZnNldCI6MTgwLCJyb2xlIjoic2Nob29sLXRlYWNoZXIiLCJsYXN0TmFtZSI6IiIsImZpcnN0TmFtZSI6ItCf0YDQvtGE0LXRgdGB0LjQvtC90LDQu9GM0L3Ri9C5IiwicGhvbmVOdW1iZXIiOiIiLCJsb2dpbiI6InRlYWNoZXJfZnVsbEBpc21hcnQub3JnIiwiZW1haWwiOiJ0ZWFjaGVyX2Z1bGxAaXNtYXJ0Lm9yZyIsImNvbnRyYWN0VHlwZSI6InByaXZhdGUiLCJleHRlcm5hbFVzZXJTb3VyY2UiOm51bGwsImdvZE1vZGUiOnRydWUsImVkdWNvbnQiOnt9LCJfaWQiOiI2NWMzNDFiMmI5MmM3YTVmYmFmZWI2MDcifQ.g8I_2Btv7rGXWFT_jbBB9c0iAVhZshRxVIA8nbNqh0s","default","Mon Oct 05 00:46:28 UTC 2026","passed","Mon Oct 05 00:47:00 UTC 2026","Tests Eors","","",""
"","15738","Каталог заданий: Слепые ""Информатика. 3.1"" — Класс 1","default","Mon Oct 05 03:02:56 UTC 2026","passed","Mon Oct 05 03:03:12 UTC 2026","AuTestCatalogTask","","",""
"","21722","126. EORS: https://edu.ismart.org/catalog/756e5d-rodnoi-yazik-russkii-yazik/1-yazyk-i-kultura?view=tasks&categoryCode=2bcdaa-10-klass&auth=eyJhbGciOiJIUzI1NiIsInR5cCI6IkpXVCJ9.eyJpZCI6IjY1YzM0MWIyYjkyYzdhNWZiYWZlYjYwNyIsImlzQWN0aXZlIjp0cnVlLCJpc0d1ZXN0IjpmYWxzZSwiaXNSZWdpc3RyYXRpb25Db21wbGV0ZSI6dHJ1ZSwiaXNDb25maXJtRW1haWwiOmZhbHNlLCJzdHVkZW50cyI6W10sInV0Y09mZnNldCI6MTgwLCJyb2xlIjoic2Nob29sLXRlYWNoZXIiLCJsYXN0TmFtZSI6IiIsImZpcnN0TmFtZSI6ItCf0YDQvtGE0LXRgdGB0LjQvtC90LDQu9GM0L3Ri9C5IiwicGhvbmVOdW1iZXIiOiIiLCJsb2dpbiI6InRlYWNoZXJfZnVsbEBpc21hcnQub3JnIiwiZW1haWwiOiJ0ZWFjaGVyX2Z1bGxAaXNtYXJ0Lm9yZyIsImNvbnRyYWN0VHlwZSI6InByaXZhdGUiLCJleHRlcm5hbFVzZXJTb3VyY2UiOm51bGwsImdvZE1vZGUiOnRydWUsImVkdWNvbnQiOnt9LCJfaWQiOiI2NWMzNDFiMmI5MmM3YTVmYmFmZWI2MDcifQ.g8I_2Btv7rGXWFT_jbBB9c0iAVhZshRxVIA8nbNqh0s","default","Mon Oct 05 00:38:56 UTC 2026","passed","Mon Oct 05 00:39:18 UTC 2026","Tests Eors","","",""
"","8650","Каталог заданий: Цифровой марафон ""Память в цифре""","default","Mon Oct 05 02:44:18 UTC 2026","passed","Mon Oct 05 02:44:27 UTC 2026","AuTestCatalogTask","","",""
"","49859","598. EORS: https://edu.ismart.org/catalog/cat-prepare-test-work-ru-lang/104-kontrolnaya-rabota-povtorenie-izuchennogo-v-6-klasse?view=tasks&class=5f3fa2c7f00eca001c8bd3f9&auth=eyJhbGciOiJIUzI1NiIsInR5cCI6IkpXVCJ9.eyJpZCI6IjY1YzM0MWIyYjkyYzdhNWZiYWZlYjYwNyIsImlzQWN0aXZlIjp0cnVlLCJpc0d1ZXN0IjpmYWxzZSwiaXNSZWdpc3RyYXRpb25Db21wbGV0ZSI6dHJ1ZSwiaXNDb25maXJtRW1haWwiOmZhbHNlLCJzdHVkZW50cyI6W10sInV0Y09mZnNldCI6MTgwLCJyb2xlIjoic2Nob29sLXRlYWNoZXIiLCJsYXN0TmFtZSI6IiIsImZpcnN0TmFtZSI6ItCf0YDQvtGE0LXRgdGB0LjQvtC90LDQu9GM0L3Ri9C5IiwicGhvbmVOdW1iZXIiOiIiLCJsb2dpbiI6InRlYWNoZXJfZnVsbEBpc21hcnQub3JnIiwiZW1haWwiOiJ0ZWFjaGVyX2Z1bGxAaXNtYXJ0Lm9yZyIsImNvbnRyYWN0VHlwZSI6InByaXZhdGUiLCJleHRlcm5hbFVzZXJTb3VyY2UiOm51bGwsImdvZE1vZGUiOnRydWUsImVkdWNvbnQiOnt9LCJfaWQiOiI2NWMzNDFiMmI5MmM3YTVmYmFmZWI2MDcifQ.g8I_2Btv7rGXWFT_jbBB9c0iAVhZshRxVIA8nbNqh0s","default","Mon Oct 05 01:42:53 UTC 2026","failed","Mon Oct 05 01:43:43 UTC 2026","Tests Eors","","",""
"","23861","227. EORS: https://edu.ismart.org/catalog/4d9a3c-fizika/25-1ya-nedelya-fizika-i-ee-rol-v-poznanii-okrujaushchego-mira?view=tasks&class=5f3fa2c7f00eca001c8bd3f9&auth=eyJhbGciOiJIUzI1NiIsInR5cCI6IkpXVCJ9.eyJpZCI6IjY1YzM0MWIyYjkyYzdhNWZiYWZlYjYwNyIsImlzQWN0aXZlIjp0cnVlLCJpc0d1ZXN0IjpmYWxzZSwiaXNSZWdpc3RyYXRpb25Db21wbGV0ZSI6dHJ1ZSwiaXNDb25maXJtRW1haWwiOmZhbHNlLCJzdHVkZW50cyI6W10sInV0Y09mZnNldCI6MTgwLCJyb2xlIjoic2Nob29sLXRlYWNoZXIiLCJsYXN0TmFtZSI6IiIsImZpcnN0TmFtZSI6ItCf0YDQvtGE0LXRgdGB0LjQvtC90LDQu9GM0L3Ri9C5IiwicGhvbmVOdW1iZXIiOiIiLCJsb2dpbiI6InRlYWNoZXJfZnVsbEBpc21hcnQub3JnIiwiZW1haWwiOiJ0ZWFjaGVyX2Z1bGxAaXNtYXJ0Lm9yZyIsImNvbnRyYWN0VHlwZSI6InByaXZhdGUiLCJleHRlcm5hbFVzZXJTb3VyY2UiOm51bGwsImdvZE1vZGUiOnRydWUsImVkdWNvbnQiOnt9LCJfaWQiOiI2NWMzNDFiMmI5MmM3YTVmYmFmZWI2MDcifQ.g8I_2Btv7rGXWFT_jbBB9c0iAVhZshRxVIA8nbNqh0s","default","Mon Oct 05 00:52:11 UTC 2026","passed","Mon Oct 05 00:52:35 UTC 2026","Tests Eors","","",""
"","14785","Каталог заданий: Подготовка к контрольным работам ""Вероятность и статистика"" — Класс 2","default","Mon Oct 05 02:31:10 UTC 2026","passed","Mon Oct 05 02:31:25 UTC 2026","AuTestCatalogTask","","",""
"","26132","Каталог заданий: Слепые ""Английский язык. 3.1"" — Класс 8","default","Mon Oct 05 03:00:05 UTC 2026","passed","Mon Oct 05 03:00:32 UTC 2026","AuTestCatalogTask","","",""
"","29078","Каталог заданий: Подготовка к ОГЭ ""История""","default","Mon Oct 05 02:18:20 UTC 2026","passed","Mon Oct 05 02:18:49 UTC 2026","AuTestCatalogTask","","",""
"","24233","Каталог заданий: Подготовка к контрольным работам ""Английский язык"" — Класс 4","default","Mon Oct 05 02:26:25 UTC 2026","passed","Mon Oct 05 02:26:50 UTC 2026","AuTestCatalogTask","","",""
"","25438","345. EORS: https://edu.ismart.org/catalog/d9cdcf-veroyatnost-i-statistika-7-1/10-elementy-kombinatoriki-veroyatnost-i-statistika_xRd8ot_spG3AD?view=tasks&categoryCode=76cacc-9-kl&auth=eyJhbGciOiJIUzI1NiIsInR5cCI6IkpXVCJ9.eyJpZCI6IjY1YzM0MWIyYjkyYzdhNWZiYWZlYjYwNyIsImlzQWN0aXZlIjp0cnVlLCJpc0d1ZXN0IjpmYWxzZSwiaXNSZWdpc3RyYXRpb25Db21wbGV0ZSI6dHJ1ZSwiaXNDb25maXJtRW1haWwiOmZhbHNlLCJzdHVkZW50cyI6W10sInV0Y09mZnNldCI6MTgwLCJyb2xlIjoic2Nob29sLXRlYWNoZXIiLCJsYXN0TmFtZSI6IiIsImZpcnN0TmFtZSI6ItCf0YDQvtGE0LXRgdGB0LjQvtC90LDQu9GM0L3Ri9C5IiwicGhvbmVOdW1iZXIiOiIiLCJsb2dpbiI6InRlYWNoZXJfZnVsbEBpc21hcnQub3JnIiwiZW1haWwiOiJ0ZWFjaGVyX2Z1bGxAaXNtYXJ0Lm9yZyIsImNvbnRyYWN0VHlwZSI6InByaXZhdGUiLCJleHRlcm5hbFVzZXJTb3VyY2UiOm51bGwsImdvZE1vZGUiOnRydWUsImVkdWNvbnQiOnt9LCJfaWQiOiI2NWMzNDFiMmI5MmM3YTVmYmFmZWI2MDcifQ.g8I_2Btv7rGXWFT_jbBB9c0iAVhZshRxVIA8nbNqh0s","default","Mon Oct 05 01:08:07 UTC 2026","passed","Mon Oct 05 01:08:33 UTC 2026","Tests Eors","","",""
"","15842","Каталог заданий: Слабослышащие ""Информатика. 2.1"" — Класс 1","default","Mon Oct 05 03:29:59 UTC 2026","passed","Mon Oct 05 03:30:14 UTC 2026","AuTestCatalogTask","","",""
"","13737","Каталог заданий: ЗПР ""Геометрия. 7.1"" — Класс 5","default","Mon Oct 05 03:32:42 UTC 2026","passed","Mon Oct 05 03:32:55 UTC 2026","AuTestCatalogTask","","",""
"","29510","Каталог заданий: ТНР ""Алгебра и начала мат. анализа. 5.1"" — Класс 1","default","Mon Oct 05 02:46:53 UTC 2026","passed","Mon Oct 05 02:47:23 UTC 2026","AuTestCatalogTask","","",""
"","20823","165. EORS: https://edu.ismart.org/catalog/3a0a1f-russkii-yazik/1-20252026-vpr-po-russkomu-yazyku?view=tasks&class=5ef1b652250d56001b4f771b&auth=eyJhbGciOiJIUzI1NiIsInR5cCI6IkpXVCJ9.eyJpZCI6IjY1YzM0MWIyYjkyYzdhNWZiYWZlYjYwNyIsImlzQWN0aXZlIjp0cnVlLCJpc0d1ZXN0IjpmYWxzZSwiaXNSZWdpc3RyYXRpb25Db21wbGV0ZSI6dHJ1ZSwiaXNDb25maXJtRW1haWwiOmZhbHNlLCJzdHVkZW50cyI6W10sInV0Y09mZnNldCI6MTgwLCJyb2xlIjoic2Nob29sLXRlYWNoZXIiLCJsYXN0TmFtZSI6IiIsImZpcnN0TmFtZSI6ItCf0YDQvtGE0LXRgdGB0LjQvtC90LDQu9GM0L3Ri9C5IiwicGhvbmVOdW1iZXIiOiIiLCJsb2dpbiI6InRlYWNoZXJfZnVsbEBpc21hcnQub3JnIiwiZW1haWwiOiJ0ZWFjaGVyX2Z1bGxAaXNtYXJ0Lm9yZyIsImNvbnRyYWN0VHlwZSI6InByaXZhdGUiLCJleHRlcm5hbFVzZXJTb3VyY2UiOm51bGwsImdvZE1vZGUiOnRydWUsImVkdWNvbnQiOnt9LCJfaWQiOiI2NWMzNDFiMmI5MmM3YTVmYmFmZWI2MDcifQ.g8I_2Btv7rGXWFT_jbBB9c0iAVhZshRxVIA8nbNqh0s","default","Mon Oct 05 00:43:49 UTC 2026","passed","Mon Oct 05 00:44:10 UTC 2026","Tests Eors","","",""
"","52397","737. EORS: https://edu.ismart.org/catalog/a58645-biologiya-8-1/1-biologiya-v-sisteme-nauk_v12iJp_b5MrIy?view=tasks&categoryCode=fe4a2c-10-kl&auth=eyJhbGciOiJIUzI1NiIsInR5cCI6IkpXVCJ9.eyJpZCI6IjY1YzM0MWIyYjkyYzdhNWZiYWZlYjYwNyIsImlzQWN0aXZlIjp0cnVlLCJpc0d1ZXN0IjpmYWxzZSwiaXNSZWdpc3RyYXRpb25Db21wbGV0ZSI6dHJ1ZSwiaXNDb25maXJtRW1haWwiOmZhbHNlLCJzdHVkZW50cyI6W10sInV0Y09mZnNldCI6MTgwLCJyb2xlIjoic2Nob29sLXRlYWNoZXIiLCJsYXN0TmFtZSI6IiIsImZpcnN0TmFtZSI6ItCf0YDQvtGE0LXRgdGB0LjQvtC90LDQu9GM0L3Ri9C5IiwicGhvbmVOdW1iZXIiOiIiLCJsb2dpbiI6InRlYWNoZXJfZnVsbEBpc21hcnQub3JnIiwiZW1haWwiOiJ0ZWFjaGVyX2Z1bGxAaXNtYXJ0Lm9yZyIsImNvbnRyYWN0VHlwZSI6InByaXZhdGUiLCJleHRlcm5hbFVzZXJTb3VyY2UiOm51bGwsImdvZE1vZGUiOnRydWUsImVkdWNvbnQiOnt9LCJfaWQiOiI2NWMzNDFiMmI5MmM3YTVmYmFmZWI2MDcifQ.g8I_2Btv7rGXWFT_jbBB9c0iAVhZshRxVIA8nbNqh0s","default","Mon Oct 05 02:01:38 UTC 2026","failed","Mon Oct 05 02:02:30 UTC 2026","Tests Eors","","",""
"","24101","Каталог заданий: Подготовка к контрольным работам ""Английский язык"" — Класс 10","default","Mon Oct 05 02:26:59 UTC 2026","passed","Mon Oct 05 02:27:23 UTC 2026","AuTestCatalogTask","","",""
"","26944","Каталог заданий: Дополнительное образование ""Химия"" — Класс 4","default","Mon Oct 05 02:15:53 UTC 2026","passed","Mon Oct 05 02:16:20 UTC 2026","AuTestCatalogTask","","",""
"","12167","Каталог заданий: Школьная программа ""Обществознание"" — Класс 3","default","Mon Oct 05 02:09:57 UTC 2026","passed","Mon Oct 05 02:10:09 UTC 2026","AuTestCatalogTask","","",""
"","17027","Каталог заданий: НОДА ""Английский язык. 6.1"" — Класс 1","default","Mon Oct 05 03:47:43 UTC 2026","passed","Mon Oct 05 03:48:00 UTC 2026","AuTestCatalogTask","","",""
"","27696","84. EORS: https://edu.ismart.org/catalog/2e0c72-informatika-6-1/1-cifrovaya-gramotnost_j2UT1T_yOq999?view=tasks&categoryCode=1e0487-11-kl&auth=eyJhbGciOiJIUzI1NiIsInR5cCI6IkpXVCJ9.eyJpZCI6IjY1YzM0MWIyYjkyYzdhNWZiYWZlYjYwNyIsImlzQWN0aXZlIjp0cnVlLCJpc0d1ZXN0IjpmYWxzZSwiaXNSZWdpc3RyYXRpb25Db21wbGV0ZSI6dHJ1ZSwiaXNDb25maXJtRW1haWwiOmZhbHNlLCJzdHVkZW50cyI6W10sInV0Y09mZnNldCI6MTgwLCJyb2xlIjoic2Nob29sLXRlYWNoZXIiLCJsYXN0TmFtZSI6IiIsImZpcnN0TmFtZSI6ItCf0YDQvtGE0LXRgdGB0LjQvtC90LDQu9GM0L3Ri9C5IiwicGhvbmVOdW1iZXIiOiIiLCJsb2dpbiI6InRlYWNoZXJfZnVsbEBpc21hcnQub3JnIiwiZW1haWwiOiJ0ZWFjaGVyX2Z1bGxAaXNtYXJ0Lm9yZyIsImNvbnRyYWN0VHlwZSI6InByaXZhdGUiLCJleHRlcm5hbFVzZXJTb3VyY2UiOm51bGwsImdvZE1vZGUiOnRydWUsImVkdWNvbnQiOnt9LCJfaWQiOiI2NWMzNDFiMmI5MmM3YTVmYmFmZWI2MDcifQ.g8I_2Btv7rGXWFT_jbBB9c0iAVhZshRxVIA8nbNqh0s","default","Mon Oct 05 00:33:29 UTC 2026","passed","Mon Oct 05 00:33:56 UTC 2026","Tests Eors","","",""
"","48369","699. EORS: https://edu.ismart.org/catalog/d3c7d3-geometriya-ras/10-tela-vrashcheniya_f1Gi1G?view=tasks&categoryCode=f0f3c8-geometriya-11-kl&auth=eyJhbGciOiJIUzI1NiIsInR5cCI6IkpXVCJ9.eyJpZCI6IjY1YzM0MWIyYjkyYzdhNWZiYWZlYjYwNyIsImlzQWN0aXZlIjp0cnVlLCJpc0d1ZXN0IjpmYWxzZSwiaXNSZWdpc3RyYXRpb25Db21wbGV0ZSI6dHJ1ZSwiaXNDb25maXJtRW1haWwiOmZhbHNlLCJzdHVkZW50cyI6W10sInV0Y09mZnNldCI6MTgwLCJyb2xlIjoic2Nob29sLXRlYWNoZXIiLCJsYXN0TmFtZSI6IiIsImZpcnN0TmFtZSI6ItCf0YDQvtGE0LXRgdGB0LjQvtC90LDQu9GM0L3Ri9C5IiwicGhvbmVOdW1iZXIiOiIiLCJsb2dpbiI6InRlYWNoZXJfZnVsbEBpc21hcnQub3JnIiwiZW1haWwiOiJ0ZWFjaGVyX2Z1bGxAaXNtYXJ0Lm9yZyIsImNvbnRyYWN0VHlwZSI6InByaXZhdGUiLCJleHRlcm5hbFVzZXJTb3VyY2UiOm51bGwsImdvZE1vZGUiOnRydWUsImVkdWNvbnQiOnt9LCJfaWQiOiI2NWMzNDFiMmI5MmM3YTVmYmFmZWI2MDcifQ.g8I_2Btv7rGXWFT_jbBB9c0iAVhZshRxVIA8nbNqh0s","default","Mon Oct 05 01:56:48 UTC 2026","failed","Mon Oct 05 01:57:37 UTC 2026","Tests Eors","","",""
"","54036","595. EORS: https://edu.ismart.org/catalog/cat-prepare-test-work-ru-lang/podgotovka-k-kontrolno-1-chetvert?view=tasks&class=5a3cef308409440019b57b39&auth=eyJhbGciOiJIUzI1NiIsInR5cCI6IkpXVCJ9.eyJpZCI6IjY1YzM0MWIyYjkyYzdhNWZiYWZlYjYwNyIsImlzQWN0aXZlIjp0cnVlLCJpc0d1ZXN0IjpmYWxzZSwiaXNSZWdpc3RyYXRpb25Db21wbGV0ZSI6dHJ1ZSwiaXNDb25maXJtRW1haWwiOmZhbHNlLCJzdHVkZW50cyI6W10sInV0Y09mZnNldCI6MTgwLCJyb2xlIjoic2Nob29sLXRlYWNoZXIiLCJsYXN0TmFtZSI6IiIsImZpcnN0TmFtZSI6ItCf0YDQvtGE0LXRgdGB0LjQvtC90LDQu9GM0L3Ri9C5IiwicGhvbmVOdW1iZXIiOiIiLCJsb2dpbiI6InRlYWNoZXJfZnVsbEBpc21hcnQub3JnIiwiZW1haWwiOiJ0ZWFjaGVyX2Z1bGxAaXNtYXJ0Lm9yZyIsImNvbnRyYWN0VHlwZSI6InByaXZhdGUiLCJleHRlcm5hbFVzZXJTb3VyY2UiOm51bGwsImdvZE1vZGUiOnRydWUsImVkdWNvbnQiOnt9LCJfaWQiOiI2NWMzNDFiMmI5MmM3YTVmYmFmZWI2MDcifQ.g8I_2Btv7rGXWFT_jbBB9c0iAVhZshRxVIA8nbNqh0s","default","Mon Oct 05 01:42:00 UTC 2026","failed","Mon Oct 05 01:42:54 UTC 2026","Tests Eors","","",""
"","43295","439. EORS: https://edu.ismart.org/catalog/d863c5-fizika-tnr/1-mehanika_xOqlNV?view=tasks&categoryCode=986512-9-klass&auth=eyJhbGciOiJIUzI1NiIsInR5cCI6IkpXVCJ9.eyJpZCI6IjY1YzM0MWIyYjkyYzdhNWZiYWZlYjYwNyIsImlzQWN0aXZlIjp0cnVlLCJpc0d1ZXN0IjpmYWxzZSwiaXNSZWdpc3RyYXRpb25Db21wbGV0ZSI6dHJ1ZSwiaXNDb25maXJtRW1haWwiOmZhbHNlLCJzdHVkZW50cyI6W10sInV0Y09mZnNldCI6MTgwLCJyb2xlIjoic2Nob29sLXRlYWNoZXIiLCJsYXN0TmFtZSI6IiIsImZpcnN0TmFtZSI6ItCf0YDQvtGE0LXRgdGB0LjQvtC90LDQu9GM0L3Ri9C5IiwicGhvbmVOdW1iZXIiOiIiLCJsb2dpbiI6InRlYWNoZXJfZnVsbEBpc21hcnQub3JnIiwiZW1haWwiOiJ0ZWFjaGVyX2Z1bGxAaXNtYXJ0Lm9yZyIsImNvbnRyYWN0VHlwZSI6InByaXZhdGUiLCJleHRlcm5hbFVzZXJTb3VyY2UiOm51bGwsImdvZE1vZGUiOnRydWUsImVkdWNvbnQiOnt9LCJfaWQiOiI2NWMzNDFiMmI5MmM3YTVmYmFmZWI2MDcifQ.g8I_2Btv7rGXWFT_jbBB9c0iAVhZshRxVIA8nbNqh0s","default","Mon Oct 05 01:19:20 UTC 2026","failed","Mon Oct 05 01:20:03 UTC 2026","Tests Eors","","",""
"","31313","523. EORS: https://edu.ismart.org/catalog/3b2eed-istoriya-2-1/01-vvedenie_X6R7oi_iYCMhN?view=tasks&categoryCode=b7e5d3-9-kl&auth=eyJhbGciOiJIUzI1NiIsInR5cCI6IkpXVCJ9.eyJpZCI6IjY1YzM0MWIyYjkyYzdhNWZiYWZlYjYwNyIsImlzQWN0aXZlIjp0cnVlLCJpc0d1ZXN0IjpmYWxzZSwiaXNSZWdpc3RyYXRpb25Db21wbGV0ZSI6dHJ1ZSwiaXNDb25maXJtRW1haWwiOmZhbHNlLCJzdHVkZW50cyI6W10sInV0Y09mZnNldCI6MTgwLCJyb2xlIjoic2Nob29sLXRlYWNoZXIiLCJsYXN0TmFtZSI6IiIsImZpcnN0TmFtZSI6ItCf0YDQvtGE0LXRgdGB0LjQvtC90LDQu9GM0L3Ri9C5IiwicGhvbmVOdW1iZXIiOiIiLCJsb2dpbiI6InRlYWNoZXJfZnVsbEBpc21hcnQub3JnIiwiZW1haWwiOiJ0ZWFjaGVyX2Z1bGxAaXNtYXJ0Lm9yZyIsImNvbnRyYWN0VHlwZSI6InByaXZhdGUiLCJleHRlcm5hbFVzZXJTb3VyY2UiOm51bGwsImdvZE1vZGUiOnRydWUsImVkdWNvbnQiOnt9LCJfaWQiOiI2NWMzNDFiMmI5MmM3YTVmYmFmZWI2MDcifQ.g8I_2Btv7rGXWFT_jbBB9c0iAVhZshRxVIA8nbNqh0s","default","Mon Oct 05 01:31:39 UTC 2026","passed","Mon Oct 05 01:32:10 UTC 2026","Tests Eors","","",""
"","25081","Каталог заданий: Повторение пройденного материала ""Математика"" — Класс 5","default","Mon Oct 05 02:31:50 UTC 2026","passed","Mon Oct 05 02:32:15 UTC 2026","AuTestCatalogTask","","",""
"","22287","535. EORS: https://edu.ismart.org/catalog/bd0a08-informatika/0121-1-nedelya-informacionnaya-sreda-i-bezopasnost?view=tasks&class=61890fee84e9f601793b0348&auth=eyJhbGciOiJIUzI1NiIsInR5cCI6IkpXVCJ9.eyJpZCI6IjY1YzM0MWIyYjkyYzdhNWZiYWZlYjYwNyIsImlzQWN0aXZlIjp0cnVlLCJpc0d1ZXN0IjpmYWxzZSwiaXNSZWdpc3RyYXRpb25Db21wbGV0ZSI6dHJ1ZSwiaXNDb25maXJtRW1haWwiOmZhbHNlLCJzdHVkZW50cyI6W10sInV0Y09mZnNldCI6MTgwLCJyb2xlIjoic2Nob29sLXRlYWNoZXIiLCJsYXN0TmFtZSI6IiIsImZpcnN0TmFtZSI6ItCf0YDQvtGE0LXRgdGB0LjQvtC90LDQu9GM0L3Ri9C5IiwicGhvbmVOdW1iZXIiOiIiLCJsb2dpbiI6InRlYWNoZXJfZnVsbEBpc21hcnQub3JnIiwiZW1haWwiOiJ0ZWFjaGVyX2Z1bGxAaXNtYXJ0Lm9yZyIsImNvbnRyYWN0VHlwZSI6InByaXZhdGUiLCJleHRlcm5hbFVzZXJTb3VyY2UiOm51bGwsImdvZE1vZGUiOnRydWUsImVkdWNvbnQiOnt9LCJfaWQiOiI2NWMzNDFiMmI5MmM3YTVmYmFmZWI2MDcifQ.g8I_2Btv7rGXWFT_jbBB9c0iAVhZshRxVIA8nbNqh0s","default","Mon Oct 05 01:33:11 UTC 2026","passed","Mon Oct 05 01:33:34 UTC 2026","Tests Eors","","",""
"","20750","351. EORS: https://edu.ismart.org/catalog/77a70c-uchimsya-pisat-sochinenie/400-osnovnye-tipy-i-stili-rechi?view=tasks&class=61a71c551b0ad63754c198e9&auth=eyJhbGciOiJIUzI1NiIsInR5cCI6IkpXVCJ9.eyJpZCI6IjY1YzM0MWIyYjkyYzdhNWZiYWZlYjYwNyIsImlzQWN0aXZlIjp0cnVlLCJpc0d1ZXN0IjpmYWxzZSwiaXNSZWdpc3RyYXRpb25Db21wbGV0ZSI6dHJ1ZSwiaXNDb25maXJtRW1haWwiOmZhbHNlLCJzdHVkZW50cyI6W10sInV0Y09mZnNldCI6MTgwLCJyb2xlIjoic2Nob29sLXRlYWNoZXIiLCJsYXN0TmFtZSI6IiIsImZpcnN0TmFtZSI6ItCf0YDQvtGE0LXRgdGB0LjQvtC90LDQu9GM0L3Ri9C5IiwicGhvbmVOdW1iZXIiOiIiLCJsb2dpbiI6InRlYWNoZXJfZnVsbEBpc21hcnQub3JnIiwiZW1haWwiOiJ0ZWFjaGVyX2Z1bGxAaXNtYXJ0Lm9yZyIsImNvbnRyYWN0VHlwZSI6InByaXZhdGUiLCJleHRlcm5hbFVzZXJTb3VyY2UiOm51bGwsImdvZE1vZGUiOnRydWUsImVkdWNvbnQiOnt9LCJfaWQiOiI2NWMzNDFiMmI5MmM3YTVmYmFmZWI2MDcifQ.g8I_2Btv7rGXWFT_jbBB9c0iAVhZshRxVIA8nbNqh0s","default","Mon Oct 05 01:08:57 UTC 2026","passed","Mon Oct 05 01:09:18 UTC 2026","Tests Eors","","",""
"","26776","Каталог заданий: Подготовка к ВПР ""История"" — Класс 5","default","Mon Oct 05 02:24:03 UTC 2026","passed","Mon Oct 05 02:24:30 UTC 2026","AuTestCatalogTask","","",""
"","22379","Каталог заданий: Слепые ""Русский язык. 3.1"" — Класс 2","default","Mon Oct 05 02:54:11 UTC 2026","passed","Mon Oct 05 02:54:33 UTC 2026","AuTestCatalogTask","","",""
"","29227","Каталог заданий: Дополнительное образование ""Окружающий мир"" — Класс 2","default","Mon Oct 05 02:14:17 UTC 2026","passed","Mon Oct 05 02:14:46 UTC 2026","AuTestCatalogTask","","",""
"","16533","Каталог заданий: Слабовидящие ""Вероятность и статистика. 4.1"" — Класс 2","default","Mon Oct 05 03:12:00 UTC 2026","passed","Mon Oct 05 03:12:16 UTC 2026","AuTestCatalogTask","","",""
"","25097","10. EORS: https://edu.ismart.org/catalog/04e661-angliiskii-yazik/100-kontrolnaya-rabota-po-teme-moya-semya?view=tasks&class=5a3cef238409440019b57b38&auth=eyJhbGciOiJIUzI1NiIsInR5cCI6IkpXVCJ9.eyJpZCI6IjY1YzM0MWIyYjkyYzdhNWZiYWZlYjYwNyIsImlzQWN0aXZlIjp0cnVlLCJpc0d1ZXN0IjpmYWxzZSwiaXNSZWdpc3RyYXRpb25Db21wbGV0ZSI6dHJ1ZSwiaXNDb25maXJtRW1haWwiOmZhbHNlLCJzdHVkZW50cyI6W10sInV0Y09mZnNldCI6MTgwLCJyb2xlIjoic2Nob29sLXRlYWNoZXIiLCJsYXN0TmFtZSI6IiIsImZpcnN0TmFtZSI6ItCf0YDQvtGE0LXRgdGB0LjQvtC90LDQu9GM0L3Ri9C5IiwicGhvbmVOdW1iZXIiOiIiLCJsb2dpbiI6InRlYWNoZXJfZnVsbEBpc21hcnQub3JnIiwiZW1haWwiOiJ0ZWFjaGVyX2Z1bGxAaXNtYXJ0Lm9yZyIsImNvbnRyYWN0VHlwZSI6InByaXZhdGUiLCJleHRlcm5hbFVzZXJTb3VyY2UiOm51bGwsImdvZE1vZGUiOnRydWUsImVkdWNvbnQiOnt9LCJfaWQiOiI2NWMzNDFiMmI5MmM3YTVmYmFmZWI2MDcifQ.g8I_2Btv7rGXWFT_jbBB9c0iAVhZshRxVIA8nbNqh0s","default","Mon Oct 05 00:23:23 UTC 2026","passed","Mon Oct 05 00:23:49 UTC 2026","Tests Eors","","",""
"","23350","Каталог заданий: Школьная программа ""Английский язык"" — Класс 9","default","Mon Oct 05 02:07:43 UTC 2026","passed","Mon Oct 05 02:08:06 UTC 2026","AuTestCatalogTask","","",""
"","25268","Каталог заданий: НОДА ""Английский язык. 6.1"" — Класс 9","default","Mon Oct 05 03:48:31 UTC 2026","passed","Mon Oct 05 03:48:56 UTC 2026","AuTestCatalogTask","","",""
"","12723","Каталог заданий: НОДА ""Обществознание. 6.1"" — Класс 3","default","Mon Oct 05 03:45:27 UTC 2026","passed","Mon Oct 05 03:45:40 UTC 2026","AuTestCatalogTask","","",""
"","30113","Каталог заданий: Дополнительное образование ""Математика"" — Класс 2","default","Mon Oct 05 02:12:16 UTC 2026","passed","Mon Oct 05 02:12:46 UTC 2026","AuTestCatalogTask","","",""
"","25417","275. EORS: https://edu.ismart.org/catalog/eac093-biologiya/1-botanika--nauka-o-rasteniyah?view=tasks&categoryCode=5bd612-6-klass&auth=eyJhbGciOiJIUzI1NiIsInR5cCI6IkpXVCJ9.eyJpZCI6IjY1YzM0MWIyYjkyYzdhNWZiYWZlYjYwNyIsImlzQWN0aXZlIjp0cnVlLCJpc0d1ZXN0IjpmYWxzZSwiaXNSZWdpc3RyYXRpb25Db21wbGV0ZSI6dHJ1ZSwiaXNDb25maXJtRW1haWwiOmZhbHNlLCJzdHVkZW50cyI6W10sInV0Y09mZnNldCI6MTgwLCJyb2xlIjoic2Nob29sLXRlYWNoZXIiLCJsYXN0TmFtZSI6IiIsImZpcnN0TmFtZSI6ItCf0YDQvtGE0LXRgdGB0LjQvtC90LDQu9GM0L3Ri9C5IiwicGhvbmVOdW1iZXIiOiIiLCJsb2dpbiI6InRlYWNoZXJfZnVsbEBpc21hcnQub3JnIiwiZW1haWwiOiJ0ZWFjaGVyX2Z1bGxAaXNtYXJ0Lm9yZyIsImNvbnRyYWN0VHlwZSI6InByaXZhdGUiLCJleHRlcm5hbFVzZXJTb3VyY2UiOm51bGwsImdvZE1vZGUiOnRydWUsImVkdWNvbnQiOnt9LCJfaWQiOiI2NWMzNDFiMmI5MmM3YTVmYmFmZWI2MDcifQ.g8I_2Btv7rGXWFT_jbBB9c0iAVhZshRxVIA8nbNqh0s","default","Mon Oct 05 00:58:41 UTC 2026","passed","Mon Oct 05 00:59:06 UTC 2026","Tests Eors","","",""
"","16240","Каталог заданий: ТНР ""Физика. 5.1"" — Класс 1","default","Mon Oct 05 02:50:00 UTC 2026","passed","Mon Oct 05 02:50:16 UTC 2026","AuTestCatalogTask","","",""
"","14318","Каталог заданий: Нарушение слуха ""Информатика. 1.1"" — Класс 5","default","Mon Oct 05 03:21:58 UTC 2026","passed","Mon Oct 05 03:22:13 UTC 2026","AuTestCatalogTask","","",""
"","17484","Каталог заданий: Школьная программа ""Геометрия"" — Класс 4","default","Mon Oct 05 02:03:10 UTC 2026","passed","Mon Oct 05 02:03:28 UTC 2026","AuTestCatalogTask","","",""
"","25109","6. EORS: https://edu.ismart.org/catalog/3b2eed-istoriya-2-1/1-crednie-veka-hronologicheskie-ramki_I0Hujt_i5lhNR?view=tasks&categoryCode=043f8e-6-kl&auth=eyJhbGciOiJIUzI1NiIsInR5cCI6IkpXVCJ9.eyJpZCI6IjY1YzM0MWIyYjkyYzdhNWZiYWZlYjYwNyIsImlzQWN0aXZlIjp0cnVlLCJpc0d1ZXN0IjpmYWxzZSwiaXNSZWdpc3RyYXRpb25Db21wbGV0ZSI6dHJ1ZSwiaXNDb25maXJtRW1haWwiOmZhbHNlLCJzdHVkZW50cyI6W10sInV0Y09mZnNldCI6MTgwLCJyb2xlIjoic2Nob29sLXRlYWNoZXIiLCJsYXN0TmFtZSI6IiIsImZpcnN0TmFtZSI6ItCf0YDQvtGE0LXRgdGB0LjQvtC90LDQu9GM0L3Ri9C5IiwicGhvbmVOdW1iZXIiOiIiLCJsb2dpbiI6InRlYWNoZXJfZnVsbEBpc21hcnQub3JnIiwiZW1haWwiOiJ0ZWFjaGVyX2Z1bGxAaXNtYXJ0Lm9yZyIsImNvbnRyYWN0VHlwZSI6InByaXZhdGUiLCJleHRlcm5hbFVzZXJTb3VyY2UiOm51bGwsImdvZE1vZGUiOnRydWUsImVkdWNvbnQiOnt9LCJfaWQiOiI2NWMzNDFiMmI5MmM3YTVmYmFmZWI2MDcifQ.g8I_2Btv7rGXWFT_jbBB9c0iAVhZshRxVIA8nbNqh0s","default","Mon Oct 05 00:22:37 UTC 2026","passed","Mon Oct 05 00:23:02 UTC 2026","Tests Eors","","",""
"","22003","Каталог заданий: Слепые ""Английский язык. 3.1"" — Класс 3","default","Mon Oct 05 02:59:37 UTC 2026","passed","Mon Oct 05 02:59:59 UTC 2026","AuTestCatalogTask","","",""
"","54401","735. EORS: https://edu.ismart.org/catalog/df7ab7-russkii-yazik-ras/1-chto-mi-znaem-o-zvukah-i-bukvah_HF8Gz2?view=tasks&categoryCode=fc4200-russkii-yazik-2-kl&auth=eyJhbGciOiJIUzI1NiIsInR5cCI6IkpXVCJ9.eyJpZCI6IjY1YzM0MWIyYjkyYzdhNWZiYWZlYjYwNyIsImlzQWN0aXZlIjp0cnVlLCJpc0d1ZXN0IjpmYWxzZSwiaXNSZWdpc3RyYXRpb25Db21wbGV0ZSI6dHJ1ZSwiaXNDb25maXJtRW1haWwiOmZhbHNlLCJzdHVkZW50cyI6W10sInV0Y09mZnNldCI6MTgwLCJyb2xlIjoic2Nob29sLXRlYWNoZXIiLCJsYXN0TmFtZSI6IiIsImZpcnN0TmFtZSI6ItCf0YDQvtGE0LXRgdGB0LjQvtC90LDQu9GM0L3Ri9C5IiwicGhvbmVOdW1iZXIiOiIiLCJsb2dpbiI6InRlYWNoZXJfZnVsbEBpc21hcnQub3JnIiwiZW1haWwiOiJ0ZWFjaGVyX2Z1bGxAaXNtYXJ0Lm9yZyIsImNvbnRyYWN0VHlwZSI6InByaXZhdGUiLCJleHRlcm5hbFVzZXJTb3VyY2UiOm51bGwsImdvZE1vZGUiOnRydWUsImVkdWNvbnQiOnt9LCJfaWQiOiI2NWMzNDFiMmI5MmM3YTVmYmFmZWI2MDcifQ.g8I_2Btv7rGXWFT_jbBB9c0iAVhZshRxVIA8nbNqh0s","default","Mon Oct 05 02:01:29 UTC 2026","failed","Mon Oct 05 02:02:23 UTC 2026","Tests Eors","","",""
"","19766","Каталог заданий: Специальные курсы ""Скоросчёт"" — Класс 3","default","Mon Oct 05 02:41:34 UTC 2026","passed","Mon Oct 05 02:41:54 UTC 2026","AuTestCatalogTask","","",""
"","25618","305. EORS: https://edu.ismart.org/catalog/8f3705-russkii-yazik-noda/fonetika-grafika-orfoepiya_zOi0TQ?view=tasks&categoryCode=671424-russkii-yazik-6-kl&auth=eyJhbGciOiJIUzI1NiIsInR5cCI6IkpXVCJ9.eyJpZCI6IjY1YzM0MWIyYjkyYzdhNWZiYWZlYjYwNyIsImlzQWN0aXZlIjp0cnVlLCJpc0d1ZXN0IjpmYWxzZSwiaXNSZWdpc3RyYXRpb25Db21wbGV0ZSI6dHJ1ZSwiaXNDb25maXJtRW1haWwiOmZhbHNlLCJzdHVkZW50cyI6W10sInV0Y09mZnNldCI6MTgwLCJyb2xlIjoic2Nob29sLXRlYWNoZXIiLCJsYXN0TmFtZSI6IiIsImZpcnN0TmFtZSI6ItCf0YDQvtGE0LXRgdGB0LjQvtC90LDQu9GM0L3Ri9C5IiwicGhvbmVOdW1iZXIiOiIiLCJsb2dpbiI6InRlYWNoZXJfZnVsbEBpc21hcnQub3JnIiwiZW1haWwiOiJ0ZWFjaGVyX2Z1bGxAaXNtYXJ0Lm9yZyIsImNvbnRyYWN0VHlwZSI6InByaXZhdGUiLCJleHRlcm5hbFVzZXJTb3VyY2UiOm51bGwsImdvZE1vZGUiOnRydWUsImVkdWNvbnQiOnt9LCJfaWQiOiI2NWMzNDFiMmI5MmM3YTVmYmFmZWI2MDcifQ.g8I_2Btv7rGXWFT_jbBB9c0iAVhZshRxVIA8nbNqh0s","default","Mon Oct 05 01:02:01 UTC 2026","passed","Mon Oct 05 01:02:26 UTC 2026","Tests Eors","","",""
"","18288","Каталог заданий: СПО ""Английский язык. 72 ч.""","default","Mon Oct 05 02:40:43 UTC 2026","passed","Mon Oct 05 02:41:01 UTC 2026","AuTestCatalogTask","","",""
"","11300","Каталог заданий: Подготовка к ОГЭ ""Информатика. Варианты КИМ""","default","Mon Oct 05 02:19:09 UTC 2026","passed","Mon Oct 05 02:19:20 UTC 2026","AuTestCatalogTask","","",""
"","24677","388. EORS: https://edu.ismart.org/catalog/83866e-istoriya/1080-znakomimsya-s-ege?view=tasks&class=61890fee84e9f601793b0348&auth=eyJhbGciOiJIUzI1NiIsInR5cCI6IkpXVCJ9.eyJpZCI6IjY1YzM0MWIyYjkyYzdhNWZiYWZlYjYwNyIsImlzQWN0aXZlIjp0cnVlLCJpc0d1ZXN0IjpmYWxzZSwiaXNSZWdpc3RyYXRpb25Db21wbGV0ZSI6dHJ1ZSwiaXNDb25maXJtRW1haWwiOmZhbHNlLCJzdHVkZW50cyI6W10sInV0Y09mZnNldCI6MTgwLCJyb2xlIjoic2Nob29sLXRlYWNoZXIiLCJsYXN0TmFtZSI6IiIsImZpcnN0TmFtZSI6ItCf0YDQvtGE0LXRgdGB0LjQvtC90LDQu9GM0L3Ri9C5IiwicGhvbmVOdW1iZXIiOiIiLCJsb2dpbiI6InRlYWNoZXJfZnVsbEBpc21hcnQub3JnIiwiZW1haWwiOiJ0ZWFjaGVyX2Z1bGxAaXNtYXJ0Lm9yZyIsImNvbnRyYWN0VHlwZSI6InByaXZhdGUiLCJleHRlcm5hbFVzZXJTb3VyY2UiOm51bGwsImdvZE1vZGUiOnRydWUsImVkdWNvbnQiOnt9LCJfaWQiOiI2NWMzNDFiMmI5MmM3YTVmYmFmZWI2MDcifQ.g8I_2Btv7rGXWFT_jbBB9c0iAVhZshRxVIA8nbNqh0s","default","Mon Oct 05 01:13:18 UTC 2026","passed","Mon Oct 05 01:13:43 UTC 2026","Tests Eors","","",""
"","20966","224. EORS: https://edu.ismart.org/catalog/4d3b04-veroyatnost-i-statistika/101-kontrolnaya-rabota--1?view=tasks&class=61890fee84e9f601793b0348&auth=eyJhbGciOiJIUzI1NiIsInR5cCI6IkpXVCJ9.eyJpZCI6IjY1YzM0MWIyYjkyYzdhNWZiYWZlYjYwNyIsImlzQWN0aXZlIjp0cnVlLCJpc0d1ZXN0IjpmYWxzZSwiaXNSZWdpc3RyYXRpb25Db21wbGV0ZSI6dHJ1ZSwiaXNDb25maXJtRW1haWwiOmZhbHNlLCJzdHVkZW50cyI6W10sInV0Y09mZnNldCI6MTgwLCJyb2xlIjoic2Nob29sLXRlYWNoZXIiLCJsYXN0TmFtZSI6IiIsImZpcnN0TmFtZSI6ItCf0YDQvtGE0LXRgdGB0LjQvtC90LDQu9GM0L3Ri9C5IiwicGhvbmVOdW1iZXIiOiIiLCJsb2dpbiI6InRlYWNoZXJfZnVsbEBpc21hcnQub3JnIiwiZW1haWwiOiJ0ZWFjaGVyX2Z1bGxAaXNtYXJ0Lm9yZyIsImNvbnRyYWN0VHlwZSI6InByaXZhdGUiLCJleHRlcm5hbFVzZXJTb3VyY2UiOm51bGwsImdvZE1vZGUiOnRydWUsImVkdWNvbnQiOnt9LCJfaWQiOiI2NWMzNDFiMmI5MmM3YTVmYmFmZWI2MDcifQ.g8I_2Btv7rGXWFT_jbBB9c0iAVhZshRxVIA8nbNqh0s","default","Mon Oct 05 00:51:50 UTC 2026","passed","Mon Oct 05 00:52:11 UTC 2026","Tests Eors","","",""
"","22950","519. EORS: https://edu.ismart.org/catalog/b5408b-literatura/25-1-nedelya--literatura-pervo-poloviny-xix-veka-drevnerusskaya-literatura--jitinaya-literatura?view=tasks&class=5f63090daee1af001b415303&auth=eyJhbGciOiJIUzI1NiIsInR5cCI6IkpXVCJ9.eyJpZCI6IjY1YzM0MWIyYjkyYzdhNWZiYWZlYjYwNyIsImlzQWN0aXZlIjp0cnVlLCJpc0d1ZXN0IjpmYWxzZSwiaXNSZWdpc3RyYXRpb25Db21wbGV0ZSI6dHJ1ZSwiaXNDb25maXJtRW1haWwiOmZhbHNlLCJzdHVkZW50cyI6W10sInV0Y09mZnNldCI6MTgwLCJyb2xlIjoic2Nob29sLXRlYWNoZXIiLCJsYXN0TmFtZSI6IiIsImZpcnN0TmFtZSI6ItCf0YDQvtGE0LXRgdGB0LjQvtC90LDQu9GM0L3Ri9C5IiwicGhvbmVOdW1iZXIiOiIiLCJsb2dpbiI6InRlYWNoZXJfZnVsbEBpc21hcnQub3JnIiwiZW1haWwiOiJ0ZWFjaGVyX2Z1bGxAaXNtYXJ0Lm9yZyIsImNvbnRyYWN0VHlwZSI6InByaXZhdGUiLCJleHRlcm5hbFVzZXJTb3VyY2UiOm51bGwsImdvZE1vZGUiOnRydWUsImVkdWNvbnQiOnt9LCJfaWQiOiI2NWMzNDFiMmI5MmM3YTVmYmFmZWI2MDcifQ.g8I_2Btv7rGXWFT_jbBB9c0iAVhZshRxVIA8nbNqh0s","default","Mon Oct 05 01:31:16 UTC 2026","passed","Mon Oct 05 01:31:39 UTC 2026","Tests Eors","","",""
"","17461","Каталог заданий: Слабослышащие ""Вероятность и статистика. 2.1"" — Класс 4","default","Mon Oct 05 03:29:50 UTC 2026","passed","Mon Oct 05 03:30:08 UTC 2026","AuTestCatalogTask","","",""
"","18183","Каталог заданий: ЗПР ""Алгебра. 7.1"" — Класс 2","default","Mon Oct 05 03:31:57 UTC 2026","passed","Mon Oct 05 03:32:15 UTC 2026","AuTestCatalogTask","","",""
"","23886","334. EORS: https://edu.ismart.org/catalog/72e7b6-ege-po-angliiskomu-yaziku/100-ege-chtenie?view=tasks&class=61890fee84e9f601793b0348&auth=eyJhbGciOiJIUzI1NiIsInR5cCI6IkpXVCJ9.eyJpZCI6IjY1YzM0MWIyYjkyYzdhNWZiYWZlYjYwNyIsImlzQWN0aXZlIjp0cnVlLCJpc0d1ZXN0IjpmYWxzZSwiaXNSZWdpc3RyYXRpb25Db21wbGV0ZSI6dHJ1ZSwiaXNDb25maXJtRW1haWwiOmZhbHNlLCJzdHVkZW50cyI6W10sInV0Y09mZnNldCI6MTgwLCJyb2xlIjoic2Nob29sLXRlYWNoZXIiLCJsYXN0TmFtZSI6IiIsImZpcnN0TmFtZSI6ItCf0YDQvtGE0LXRgdGB0LjQvtC90LDQu9GM0L3Ri9C5IiwicGhvbmVOdW1iZXIiOiIiLCJsb2dpbiI6InRlYWNoZXJfZnVsbEBpc21hcnQub3JnIiwiZW1haWwiOiJ0ZWFjaGVyX2Z1bGxAaXNtYXJ0Lm9yZyIsImNvbnRyYWN0VHlwZSI6InByaXZhdGUiLCJleHRlcm5hbFVzZXJTb3VyY2UiOm51bGwsImdvZE1vZGUiOnRydWUsImVkdWNvbnQiOnt9LCJfaWQiOiI2NWMzNDFiMmI5MmM3YTVmYmFmZWI2MDcifQ.g8I_2Btv7rGXWFT_jbBB9c0iAVhZshRxVIA8nbNqh0s","default","Mon Oct 05 01:06:19 UTC 2026","passed","Mon Oct 05 01:06:43 UTC 2026","Tests Eors","","",""
"","27903","Каталог заданий: ЗПР ""Литература. 7.1"" — Класс 5","default","Mon Oct 05 03:33:52 UTC 2026","passed","Mon Oct 05 03:34:20 UTC 2026","AuTestCatalogTask","","",""
"","23848","538. EORS: https://edu.ismart.org/catalog/beceb9-okruzhayuschii-mir-slabovidyaschie-uchaschiesya/01-chelovek-i-obshchestvo-nasha-rodina--rossiya_c11vJc?view=tasks&categoryCode=bdbeaa-okruzhayuschii-2-kl&auth=eyJhbGciOiJIUzI1NiIsInR5cCI6IkpXVCJ9.eyJpZCI6IjY1YzM0MWIyYjkyYzdhNWZiYWZlYjYwNyIsImlzQWN0aXZlIjp0cnVlLCJpc0d1ZXN0IjpmYWxzZSwiaXNSZWdpc3RyYXRpb25Db21wbGV0ZSI6dHJ1ZSwiaXNDb25maXJtRW1haWwiOmZhbHNlLCJzdHVkZW50cyI6W10sInV0Y09mZnNldCI6MTgwLCJyb2xlIjoic2Nob29sLXRlYWNoZXIiLCJsYXN0TmFtZSI6IiIsImZpcnN0TmFtZSI6ItCf0YDQvtGE0LXRgdGB0LjQvtC90LDQu9GM0L3Ri9C5IiwicGhvbmVOdW1iZXIiOiIiLCJsb2dpbiI6InRlYWNoZXJfZnVsbEBpc21hcnQub3JnIiwiZW1haWwiOiJ0ZWFjaGVyX2Z1bGxAaXNtYXJ0Lm9yZyIsImNvbnRyYWN0VHlwZSI6InByaXZhdGUiLCJleHRlcm5hbFVzZXJTb3VyY2UiOm51bGwsImdvZE1vZGUiOnRydWUsImVkdWNvbnQiOnt9LCJfaWQiOiI2NWMzNDFiMmI5MmM3YTVmYmFmZWI2MDcifQ.g8I_2Btv7rGXWFT_jbBB9c0iAVhZshRxVIA8nbNqh0s","default","Mon Oct 05 01:33:34 UTC 2026","passed","Mon Oct 05 01:33:58 UTC 2026","Tests Eors","","",""
"","36564","333. EORS: https://edu.ismart.org/catalog/3941ec-fizika-6-1/1-teplovye-yavleniya-_WIcPBf_57sNtH?view=tasks&categoryCode=72da04-8-kl&auth=eyJhbGciOiJIUzI1NiIsInR5cCI6IkpXVCJ9.eyJpZCI6IjY1YzM0MWIyYjkyYzdhNWZiYWZlYjYwNyIsImlzQWN0aXZlIjp0cnVlLCJpc0d1ZXN0IjpmYWxzZSwiaXNSZWdpc3RyYXRpb25Db21wbGV0ZSI6dHJ1ZSwiaXNDb25maXJtRW1haWwiOmZhbHNlLCJzdHVkZW50cyI6W10sInV0Y09mZnNldCI6MTgwLCJyb2xlIjoic2Nob29sLXRlYWNoZXIiLCJsYXN0TmFtZSI6IiIsImZpcnN0TmFtZSI6ItCf0YDQvtGE0LXRgdGB0LjQvtC90LDQu9GM0L3Ri9C5IiwicGhvbmVOdW1iZXIiOiIiLCJsb2dpbiI6InRlYWNoZXJfZnVsbEBpc21hcnQub3JnIiwiZW1haWwiOiJ0ZWFjaGVyX2Z1bGxAaXNtYXJ0Lm9yZyIsImNvbnRyYWN0VHlwZSI6InByaXZhdGUiLCJleHRlcm5hbFVzZXJTb3VyY2UiOm51bGwsImdvZE1vZGUiOnRydWUsImVkdWNvbnQiOnt9LCJfaWQiOiI2NWMzNDFiMmI5MmM3YTVmYmFmZWI2MDcifQ.g8I_2Btv7rGXWFT_jbBB9c0iAVhZshRxVIA8nbNqh0s","default","Mon Oct 05 01:06:16 UTC 2026","passed","Mon Oct 05 01:06:52 UTC 2026","Tests Eors","","",""
"","28765","Каталог заданий: НОДА ""Химия. 6.1"" — Класс 1","default","Mon Oct 05 03:46:42 UTC 2026","passed","Mon Oct 05 03:47:11 UTC 2026","AuTestCatalogTask","","",""
"","24613","Каталог заданий: Повторение пройденного материала ""История"" — Класс 3","default","Mon Oct 05 02:34:47 UTC 2026","passed","Mon Oct 05 02:35:11 UTC 2026","AuTestCatalogTask","","",""
"","16728","Каталог заданий: РАС ""Русский язык. 8.1"" — Класс 8","default","Mon Oct 05 03:50:20 UTC 2026","passed","Mon Oct 05 03:50:37 UTC 2026","AuTestCatalogTask","","",""
"","25590","Каталог заданий: Повторение пройденного материала ""Биология"" — Класс 1","default","Mon Oct 05 02:38:26 UTC 2026","passed","Mon Oct 05 02:38:52 UTC 2026","AuTestCatalogTask","","",""
"","50811","483. EORS: https://edu.ismart.org/catalog/245c28-informatika-tnr/1-sistemy-schisleniya_Fc0UiS?view=tasks&categoryCode=aacd30-8-klass&auth=eyJhbGciOiJIUzI1NiIsInR5cCI6IkpXVCJ9.eyJpZCI6IjY1YzM0MWIyYjkyYzdhNWZiYWZlYjYwNyIsImlzQWN0aXZlIjp0cnVlLCJpc0d1ZXN0IjpmYWxzZSwiaXNSZWdpc3RyYXRpb25Db21wbGV0ZSI6dHJ1ZSwiaXNDb25maXJtRW1haWwiOmZhbHNlLCJzdHVkZW50cyI6W10sInV0Y09mZnNldCI6MTgwLCJyb2xlIjoic2Nob29sLXRlYWNoZXIiLCJsYXN0TmFtZSI6IiIsImZpcnN0TmFtZSI6ItCf0YDQvtGE0LXRgdGB0LjQvtC90LDQu9GM0L3Ri9C5IiwicGhvbmVOdW1iZXIiOiIiLCJsb2dpbiI6InRlYWNoZXJfZnVsbEBpc21hcnQub3JnIiwiZW1haWwiOiJ0ZWFjaGVyX2Z1bGxAaXNtYXJ0Lm9yZyIsImNvbnRyYWN0VHlwZSI6InByaXZhdGUiLCJleHRlcm5hbFVzZXJTb3VyY2UiOm51bGwsImdvZE1vZGUiOnRydWUsImVkdWNvbnQiOnt9LCJfaWQiOiI2NWMzNDFiMmI5MmM3YTVmYmFmZWI2MDcifQ.g8I_2Btv7rGXWFT_jbBB9c0iAVhZshRxVIA8nbNqh0s","default","Mon Oct 05 01:25:43 UTC 2026","failed","Mon Oct 05 01:26:34 UTC 2026","Tests Eors","","",""
"","14306","Каталог заданий: Подготовка к ВПР ""Английский язык"" — Класс 1","default","Mon Oct 05 02:22:39 UTC 2026","passed","Mon Oct 05 02:22:53 UTC 2026","AuTestCatalogTask","","",""
"","19134","233. EORS: https://edu.ismart.org/catalog/60ea13-geometriya-noda/9-vvedenie-v-stereometriu_Ded3Pa?view=tasks&categoryCode=4e2b7c-geometriya-10-kl&auth=eyJhbGciOiJIUzI1NiIsInR5cCI6IkpXVCJ9.eyJpZCI6IjY1YzM0MWIyYjkyYzdhNWZiYWZlYjYwNyIsImlzQWN0aXZlIjp0cnVlLCJpc0d1ZXN0IjpmYWxzZSwiaXNSZWdpc3RyYXRpb25Db21wbGV0ZSI6dHJ1ZSwiaXNDb25maXJtRW1haWwiOmZhbHNlLCJzdHVkZW50cyI6W10sInV0Y09mZnNldCI6MTgwLCJyb2xlIjoic2Nob29sLXRlYWNoZXIiLCJsYXN0TmFtZSI6IiIsImZpcnN0TmFtZSI6ItCf0YDQvtGE0LXRgdGB0LjQvtC90LDQu9GM0L3Ri9C5IiwicGhvbmVOdW1iZXIiOiIiLCJsb2dpbiI6InRlYWNoZXJfZnVsbEBpc21hcnQub3JnIiwiZW1haWwiOiJ0ZWFjaGVyX2Z1bGxAaXNtYXJ0Lm9yZyIsImNvbnRyYWN0VHlwZSI6InByaXZhdGUiLCJleHRlcm5hbFVzZXJTb3VyY2UiOm51bGwsImdvZE1vZGUiOnRydWUsImVkdWNvbnQiOnt9LCJfaWQiOiI2NWMzNDFiMmI5MmM3YTVmYmFmZWI2MDcifQ.g8I_2Btv7rGXWFT_jbBB9c0iAVhZshRxVIA8nbNqh0s","default","Mon Oct 05 00:52:50 UTC 2026","passed","Mon Oct 05 00:53:09 UTC 2026","Tests Eors","","",""
"","18342","Каталог заданий: Подготовка к ВПР ""Русский язык"" — Класс 4","default","Mon Oct 05 02:22:03 UTC 2026","passed","Mon Oct 05 02:22:22 UTC 2026","AuTestCatalogTask","","",""
"","31344","Каталог заданий: Слабовидящие ""Литература. 4.1"" — Класс 3","default","Mon Oct 05 03:06:20 UTC 2026","passed","Mon Oct 05 03:06:52 UTC 2026","AuTestCatalogTask","","",""
"","18761","Каталог заданий: Нарушение слуха ""Геометрия. 1.1"" — Класс 3","default","Mon Oct 05 03:14:52 UTC 2026","passed","Mon Oct 05 03:15:11 UTC 2026","AuTestCatalogTask","","",""
"","15080","Каталог заданий: Нарушение слуха ""Информатика. 1.1"" — Класс 2","default","Mon Oct 05 03:21:47 UTC 2026","passed","Mon Oct 05 03:22:02 UTC 2026","AuTestCatalogTask","","",""
"","33312","Каталог заданий: РАС ""Литература. 8.1"" — Класс 4","default","Mon Oct 05 03:52:59 UTC 2026","passed","Mon Oct 05 03:53:33 UTC 2026","AuTestCatalogTask","","",""
"","18416","Каталог заданий: Школьная программа ""Алгебра"" — Класс 3","default","Mon Oct 05 02:10:22 UTC 2026","passed","Mon Oct 05 02:10:40 UTC 2026","AuTestCatalogTask","","",""
"","50651","Каталог заданий: Слабослышащие ""Литература. 2.1"" — Класс 7","default","Mon Oct 05 03:26:02 UTC 2026","passed","Mon Oct 05 03:26:53 UTC 2026","AuTestCatalogTask","","",""
"","24438","Каталог заданий: Повторение пройденного материала ""Математика"" — Класс 2","default","Mon Oct 05 02:31:27 UTC 2026","passed","Mon Oct 05 02:31:52 UTC 2026","AuTestCatalogTask","","",""
"","44636","Каталог заданий: Слабовидящие ""История. 4.1"" — Класс 7","default","Mon Oct 05 03:07:53 UTC 2026","passed","Mon Oct 05 03:08:38 UTC 2026","AuTestCatalogTask","","",""
"","14316","Каталог заданий: ЗПР ""Обществознание. 7.1"" — Класс 2","default","Mon Oct 05 03:35:31 UTC 2026","passed","Mon Oct 05 03:35:45 UTC 2026","AuTestCatalogTask","","",""
"","23790","206. EORS: https://edu.ismart.org/catalog/f78aab-russkii-yazik-slabovidyaschie-uchaschiesya/orfografiya_p4yqjF?view=tasks&categoryCode=497081-russkii-yazik-8-kl&auth=eyJhbGciOiJIUzI1NiIsInR5cCI6IkpXVCJ9.eyJpZCI6IjY1YzM0MWIyYjkyYzdhNWZiYWZlYjYwNyIsImlzQWN0aXZlIjp0cnVlLCJpc0d1ZXN0IjpmYWxzZSwiaXNSZWdpc3RyYXRpb25Db21wbGV0ZSI6dHJ1ZSwiaXNDb25maXJtRW1haWwiOmZhbHNlLCJzdHVkZW50cyI6W10sInV0Y09mZnNldCI6MTgwLCJyb2xlIjoic2Nob29sLXRlYWNoZXIiLCJsYXN0TmFtZSI6IiIsImZpcnN0TmFtZSI6ItCf0YDQvtGE0LXRgdGB0LjQvtC90LDQu9GM0L3Ri9C5IiwicGhvbmVOdW1iZXIiOiIiLCJsb2dpbiI6InRlYWNoZXJfZnVsbEBpc21hcnQub3JnIiwiZW1haWwiOiJ0ZWFjaGVyX2Z1bGxAaXNtYXJ0Lm9yZyIsImNvbnRyYWN0VHlwZSI6InByaXZhdGUiLCJleHRlcm5hbFVzZXJTb3VyY2UiOm51bGwsImdvZE1vZGUiOnRydWUsImVkdWNvbnQiOnt9LCJfaWQiOiI2NWMzNDFiMmI5MmM3YTVmYmFmZWI2MDcifQ.g8I_2Btv7rGXWFT_jbBB9c0iAVhZshRxVIA8nbNqh0s","default","Mon Oct 05 00:49:12 UTC 2026","passed","Mon Oct 05 00:49:36 UTC 2026","Tests Eors","","",""
"","36852","65. EORS: https://edu.ismart.org/catalog/196815-russkii-yazik-1-klass/72-nedelya-1-foneticheski-intensiv?view=tasks&class=5f197003b96284001b29733d&auth=eyJhbGciOiJIUzI1NiIsInR5cCI6IkpXVCJ9.eyJpZCI6IjY1YzM0MWIyYjkyYzdhNWZiYWZlYjYwNyIsImlzQWN0aXZlIjp0cnVlLCJpc0d1ZXN0IjpmYWxzZSwiaXNSZWdpc3RyYXRpb25Db21wbGV0ZSI6dHJ1ZSwiaXNDb25maXJtRW1haWwiOmZhbHNlLCJzdHVkZW50cyI6W10sInV0Y09mZnNldCI6MTgwLCJyb2xlIjoic2Nob29sLXRlYWNoZXIiLCJsYXN0TmFtZSI6IiIsImZpcnN0TmFtZSI6ItCf0YDQvtGE0LXRgdGB0LjQvtC90LDQu9GM0L3Ri9C5IiwicGhvbmVOdW1iZXIiOiIiLCJsb2dpbiI6InRlYWNoZXJfZnVsbEBpc21hcnQub3JnIiwiZW1haWwiOiJ0ZWFjaGVyX2Z1bGxAaXNtYXJ0Lm9yZyIsImNvbnRyYWN0VHlwZSI6InByaXZhdGUiLCJleHRlcm5hbFVzZXJTb3VyY2UiOm51bGwsImdvZE1vZGUiOnRydWUsImVkdWNvbnQiOnt9LCJfaWQiOiI2NWMzNDFiMmI5MmM3YTVmYmFmZWI2MDcifQ.g8I_2Btv7rGXWFT_jbBB9c0iAVhZshRxVIA8nbNqh0s","default","Mon Oct 05 00:30:42 UTC 2026","passed","Mon Oct 05 00:31:19 UTC 2026","Tests Eors","","",""
"","25314","Каталог заданий: Слепые ""Русский язык. 3.1"" — Класс 3","default","Mon Oct 05 02:54:11 UTC 2026","passed","Mon Oct 05 02:54:37 UTC 2026","AuTestCatalogTask","","",""
"","16788","Каталог заданий: Слабослышащие ""Геометрия. 2.1"" — Класс 1","default","Mon Oct 05 03:23:11 UTC 2026","passed","Mon Oct 05 03:23:28 UTC 2026","AuTestCatalogTask","","",""
"","28429","48. EORS: https://edu.ismart.org/catalog/6e7c59-algebra-i-nachala-matematicheskogo-analiza-zpr/1-stepen-s-racionalnym-pokazatelem_IEYoih?view=tasks&categoryCode=13bcc7-algebra-i-nachala-matem-analiza-11-kl&auth=eyJhbGciOiJIUzI1NiIsInR5cCI6IkpXVCJ9.eyJpZCI6IjY1YzM0MWIyYjkyYzdhNWZiYWZlYjYwNyIsImlzQWN0aXZlIjp0cnVlLCJpc0d1ZXN0IjpmYWxzZSwiaXNSZWdpc3RyYXRpb25Db21wbGV0ZSI6dHJ1ZSwiaXNDb25maXJtRW1haWwiOmZhbHNlLCJzdHVkZW50cyI6W10sInV0Y09mZnNldCI6MTgwLCJyb2xlIjoic2Nob29sLXRlYWNoZXIiLCJsYXN0TmFtZSI6IiIsImZpcnN0TmFtZSI6ItCf0YDQvtGE0LXRgdGB0LjQvtC90LDQu9GM0L3Ri9C5IiwicGhvbmVOdW1iZXIiOiIiLCJsb2dpbiI6InRlYWNoZXJfZnVsbEBpc21hcnQub3JnIiwiZW1haWwiOiJ0ZWFjaGVyX2Z1bGxAaXNtYXJ0Lm9yZyIsImNvbnRyYWN0VHlwZSI6InByaXZhdGUiLCJleHRlcm5hbFVzZXJTb3VyY2UiOm51bGwsImdvZE1vZGUiOnRydWUsImVkdWNvbnQiOnt9LCJfaWQiOiI2NWMzNDFiMmI5MmM3YTVmYmFmZWI2MDcifQ.g8I_2Btv7rGXWFT_jbBB9c0iAVhZshRxVIA8nbNqh0s","default","Mon Oct 05 00:28:48 UTC 2026","passed","Mon Oct 05 00:29:17 UTC 2026","Tests Eors","","",""
"","32909","584. EORS: https://edu.ismart.org/catalog/cat-hard-ru-lang/slovo-i-predlojenie?view=tasks&class=5a3cef0b8409440019b57b36&auth=eyJhbGciOiJIUzI1NiIsInR5cCI6IkpXVCJ9.eyJpZCI6IjY1YzM0MWIyYjkyYzdhNWZiYWZlYjYwNyIsImlzQWN0aXZlIjp0cnVlLCJpc0d1ZXN0IjpmYWxzZSwiaXNSZWdpc3RyYXRpb25Db21wbGV0ZSI6dHJ1ZSwiaXNDb25maXJtRW1haWwiOmZhbHNlLCJzdHVkZW50cyI6W10sInV0Y09mZnNldCI6MTgwLCJyb2xlIjoic2Nob29sLXRlYWNoZXIiLCJsYXN0TmFtZSI6IiIsImZpcnN0TmFtZSI6ItCf0YDQvtGE0LXRgdGB0LjQvtC90LDQu9GM0L3Ri9C5IiwicGhvbmVOdW1iZXIiOiIiLCJsb2dpbiI6InRlYWNoZXJfZnVsbEBpc21hcnQub3JnIiwiZW1haWwiOiJ0ZWFjaGVyX2Z1bGxAaXNtYXJ0Lm9yZyIsImNvbnRyYWN0VHlwZSI6InByaXZhdGUiLCJleHRlcm5hbFVzZXJTb3VyY2UiOm51bGwsImdvZE1vZGUiOnRydWUsImVkdWNvbnQiOnt9LCJfaWQiOiI2NWMzNDFiMmI5MmM3YTVmYmFmZWI2MDcifQ.g8I_2Btv7rGXWFT_jbBB9c0iAVhZshRxVIA8nbNqh0s","default","Mon Oct 05 01:39:50 UTC 2026","passed","Mon Oct 05 01:40:23 UTC 2026","Tests Eors","","",""
"","29197","Каталог заданий: ТНР ""Математика. 5.1"" — Класс 6","default","Mon Oct 05 02:46:24 UTC 2026","passed","Mon Oct 05 02:46:53 UTC 2026","AuTestCatalogTask","","",""
"","37765","Каталог заданий: ЗПР ""Литература. 7.1"" — Класс 1","default","Mon Oct 05 03:33:14 UTC 2026","passed","Mon Oct 05 03:33:52 UTC 2026","AuTestCatalogTask","","",""
"","17655","Каталог заданий: ТНР ""Окружающий мир. 5.1"" — Класс 1","default","Mon Oct 05 02:47:23 UTC 2026","passed","Mon Oct 05 02:47:41 UTC 2026","AuTestCatalogTask","","",""
"","13935","Каталог заданий: Нарушение слуха ""Обществознание. 1.1"" — Класс 2","default","Mon Oct 05 03:17:50 UTC 2026","passed","Mon Oct 05 03:18:04 UTC 2026","AuTestCatalogTask","","",""
"","20918","Каталог заданий: Дополнительное образование ""Алгебра и начала мат. анализа"" — Класс 1","default","Mon Oct 05 02:16:20 UTC 2026","passed","Mon Oct 05 02:16:41 UTC 2026","AuTestCatalogTask","","",""
"","27458","70. EORS: https://edu.ismart.org/catalog/196815-russkii-yazik-1-klass/135-1-nedelya-yazyk-i-ego-sistema-kultura-rechi?view=tasks&class=64bfa63cd00b08794c3f8b29&auth=eyJhbGciOiJIUzI1NiIsInR5cCI6IkpXVCJ9.eyJpZCI6IjY1YzM0MWIyYjkyYzdhNWZiYWZlYjYwNyIsImlzQWN0aXZlIjp0cnVlLCJpc0d1ZXN0IjpmYWxzZSwiaXNSZWdpc3RyYXRpb25Db21wbGV0ZSI6dHJ1ZSwiaXNDb25maXJtRW1haWwiOmZhbHNlLCJzdHVkZW50cyI6W10sInV0Y09mZnNldCI6MTgwLCJyb2xlIjoic2Nob29sLXRlYWNoZXIiLCJsYXN0TmFtZSI6IiIsImZpcnN0TmFtZSI6ItCf0YDQvtGE0LXRgdGB0LjQvtC90LDQu9GM0L3Ri9C5IiwicGhvbmVOdW1iZXIiOiIiLCJsb2dpbiI6InRlYWNoZXJfZnVsbEBpc21hcnQub3JnIiwiZW1haWwiOiJ0ZWFjaGVyX2Z1bGxAaXNtYXJ0Lm9yZyIsImNvbnRyYWN0VHlwZSI6InByaXZhdGUiLCJleHRlcm5hbFVzZXJTb3VyY2UiOm51bGwsImdvZE1vZGUiOnRydWUsImVkdWNvbnQiOnt9LCJfaWQiOiI2NWMzNDFiMmI5MmM3YTVmYmFmZWI2MDcifQ.g8I_2Btv7rGXWFT_jbBB9c0iAVhZshRxVIA8nbNqh0s","default","Mon Oct 05 00:31:42 UTC 2026","passed","Mon Oct 05 00:32:09 UTC 2026","Tests Eors","","",""
"","15087","Каталог заданий: ЗПР ""Алгебра. 7.1"" — Класс 1","default","Mon Oct 05 03:31:51 UTC 2026","passed","Mon Oct 05 03:32:06 UTC 2026","AuTestCatalogTask","","",""
"","20747","169. EORS: https://edu.ismart.org/catalog/3a0a1f-russkii-yazik/1-zadanie-1?view=tasks&class=64bfa63cd00b08794c3f8b29&auth=eyJhbGciOiJIUzI1NiIsInR5cCI6IkpXVCJ9.eyJpZCI6IjY1YzM0MWIyYjkyYzdhNWZiYWZlYjYwNyIsImlzQWN0aXZlIjp0cnVlLCJpc0d1ZXN0IjpmYWxzZSwiaXNSZWdpc3RyYXRpb25Db21wbGV0ZSI6dHJ1ZSwiaXNDb25maXJtRW1haWwiOmZhbHNlLCJzdHVkZW50cyI6W10sInV0Y09mZnNldCI6MTgwLCJyb2xlIjoic2Nob29sLXRlYWNoZXIiLCJsYXN0TmFtZSI6IiIsImZpcnN0TmFtZSI6ItCf0YDQvtGE0LXRgdGB0LjQvtC90LDQu9GM0L3Ri9C5IiwicGhvbmVOdW1iZXIiOiIiLCJsb2dpbiI6InRlYWNoZXJfZnVsbEBpc21hcnQub3JnIiwiZW1haWwiOiJ0ZWFjaGVyX2Z1bGxAaXNtYXJ0Lm9yZyIsImNvbnRyYWN0VHlwZSI6InByaXZhdGUiLCJleHRlcm5hbFVzZXJTb3VyY2UiOm51bGwsImdvZE1vZGUiOnRydWUsImVkdWNvbnQiOnt9LCJfaWQiOiI2NWMzNDFiMmI5MmM3YTVmYmFmZWI2MDcifQ.g8I_2Btv7rGXWFT_jbBB9c0iAVhZshRxVIA8nbNqh0s","default","Mon Oct 05 00:44:10 UTC 2026","passed","Mon Oct 05 00:44:31 UTC 2026","Tests Eors","","",""
"","49651","507. EORS: https://edu.ismart.org/catalog/b32e37-chto-nuzhno-znat-o-pravopisanii-slov-dlya-5-9-klassov/201-paket-2-chto-nujno-znat-o-predlojenii?view=tasks&class=5ef1b652250d56001b4f771b&auth=eyJhbGciOiJIUzI1NiIsInR5cCI6IkpXVCJ9.eyJpZCI6IjY1YzM0MWIyYjkyYzdhNWZiYWZlYjYwNyIsImlzQWN0aXZlIjp0cnVlLCJpc0d1ZXN0IjpmYWxzZSwiaXNSZWdpc3RyYXRpb25Db21wbGV0ZSI6dHJ1ZSwiaXNDb25maXJtRW1haWwiOmZhbHNlLCJzdHVkZW50cyI6W10sInV0Y09mZnNldCI6MTgwLCJyb2xlIjoic2Nob29sLXRlYWNoZXIiLCJsYXN0TmFtZSI6IiIsImZpcnN0TmFtZSI6ItCf0YDQvtGE0LXRgdGB0LjQvtC90LDQu9GM0L3Ri9C5IiwicGhvbmVOdW1iZXIiOiIiLCJsb2dpbiI6InRlYWNoZXJfZnVsbEBpc21hcnQub3JnIiwiZW1haWwiOiJ0ZWFjaGVyX2Z1bGxAaXNtYXJ0Lm9yZyIsImNvbnRyYWN0VHlwZSI6InByaXZhdGUiLCJleHRlcm5hbFVzZXJTb3VyY2UiOm51bGwsImdvZE1vZGUiOnRydWUsImVkdWNvbnQiOnt9LCJfaWQiOiI2NWMzNDFiMmI5MmM3YTVmYmFmZWI2MDcifQ.g8I_2Btv7rGXWFT_jbBB9c0iAVhZshRxVIA8nbNqh0s","default","Mon Oct 05 01:28:58 UTC 2026","failed","Mon Oct 05 01:29:48 UTC 2026","Tests Eors","","",""
"","45279","Каталог заданий: ЗПР ""Биология. 7.1"" — Класс 1","default","Mon Oct 05 03:35:52 UTC 2026","passed","Mon Oct 05 03:36:37 UTC 2026","AuTestCatalogTask","","",""
"","14516","Каталог заданий: НОДА ""Информатика. 6.1"" — Класс 3","default","Mon Oct 05 03:49:17 UTC 2026","passed","Mon Oct 05 03:49:32 UTC 2026","AuTestCatalogTask","","",""
"","14681","Каталог заданий: Нарушение слуха ""Английский язык. 1.1"" — Класс 2","default","Mon Oct 05 03:18:17 UTC 2026","passed","Mon Oct 05 03:18:31 UTC 2026","AuTestCatalogTask","","",""
"","25283","681. EORS: https://edu.ismart.org/catalog/ecfd1c-angliiskii-yazik/8-1--nedelya-mir-moego-ya?view=tasks&class=5a3cef238409440019b57b38&auth=eyJhbGciOiJIUzI1NiIsInR5cCI6IkpXVCJ9.eyJpZCI6IjY1YzM0MWIyYjkyYzdhNWZiYWZlYjYwNyIsImlzQWN0aXZlIjp0cnVlLCJpc0d1ZXN0IjpmYWxzZSwiaXNSZWdpc3RyYXRpb25Db21wbGV0ZSI6dHJ1ZSwiaXNDb25maXJtRW1haWwiOmZhbHNlLCJzdHVkZW50cyI6W10sInV0Y09mZnNldCI6MTgwLCJyb2xlIjoic2Nob29sLXRlYWNoZXIiLCJsYXN0TmFtZSI6IiIsImZpcnN0TmFtZSI6ItCf0YDQvtGE0LXRgdGB0LjQvtC90LDQu9GM0L3Ri9C5IiwicGhvbmVOdW1iZXIiOiIiLCJsb2dpbiI6InRlYWNoZXJfZnVsbEBpc21hcnQub3JnIiwiZW1haWwiOiJ0ZWFjaGVyX2Z1bGxAaXNtYXJ0Lm9yZyIsImNvbnRyYWN0VHlwZSI6InByaXZhdGUiLCJleHRlcm5hbFVzZXJTb3VyY2UiOm51bGwsImdvZE1vZGUiOnRydWUsImVkdWNvbnQiOnt9LCJfaWQiOiI2NWMzNDFiMmI5MmM3YTVmYmFmZWI2MDcifQ.g8I_2Btv7rGXWFT_jbBB9c0iAVhZshRxVIA8nbNqh0s","default","Mon Oct 05 01:55:04 UTC 2026","passed","Mon Oct 05 01:55:29 UTC 2026","Tests Eors","","",""
"","14479","Каталог заданий: Слабослышащие ""Обществознание. 2.1"" — Класс 6","default","Mon Oct 05 03:28:37 UTC 2026","passed","Mon Oct 05 03:28:52 UTC 2026","AuTestCatalogTask","","",""
"","30143","Каталог заданий: Подготовка к ВПР ""Математика"" — Класс 6","default","Mon Oct 05 02:21:33 UTC 2026","passed","Mon Oct 05 02:22:03 UTC 2026","AuTestCatalogTask","","",""
"","35785","Каталог заданий: ЗПР ""Литература. 7.1"" — Класс 2","default","Mon Oct 05 03:33:22 UTC 2026","passed","Mon Oct 05 03:33:58 UTC 2026","AuTestCatalogTask","","",""
"","18914","Каталог заданий: Слабовидящие ""Русский язык. 4.1"" — Класс 2","default","Mon Oct 05 03:03:22 UTC 2026","passed","Mon Oct 05 03:03:41 UTC 2026","AuTestCatalogTask","","",""
"","14961","Каталог заданий: Сложные темы ""Русский язык"" — Класс 3","default","Mon Oct 05 02:44:49 UTC 2026","passed","Mon Oct 05 02:45:04 UTC 2026","AuTestCatalogTask","","",""
"","20894","442. EORS: https://edu.ismart.org/catalog/d3287c-matematika-slepie-uchaschiesya/1-naturalnye-chisla_8ICETY?view=tasks&categoryCode=9974a3-matematika-6-kl&auth=eyJhbGciOiJIUzI1NiIsInR5cCI6IkpXVCJ9.eyJpZCI6IjY1YzM0MWIyYjkyYzdhNWZiYWZlYjYwNyIsImlzQWN0aXZlIjp0cnVlLCJpc0d1ZXN0IjpmYWxzZSwiaXNSZWdpc3RyYXRpb25Db21wbGV0ZSI6dHJ1ZSwiaXNDb25maXJtRW1haWwiOmZhbHNlLCJzdHVkZW50cyI6W10sInV0Y09mZnNldCI6MTgwLCJyb2xlIjoic2Nob29sLXRlYWNoZXIiLCJsYXN0TmFtZSI6IiIsImZpcnN0TmFtZSI6ItCf0YDQvtGE0LXRgdGB0LjQvtC90LDQu9GM0L3Ri9C5IiwicGhvbmVOdW1iZXIiOiIiLCJsb2dpbiI6InRlYWNoZXJfZnVsbEBpc21hcnQub3JnIiwiZW1haWwiOiJ0ZWFjaGVyX2Z1bGxAaXNtYXJ0Lm9yZyIsImNvbnRyYWN0VHlwZSI6InByaXZhdGUiLCJleHRlcm5hbFVzZXJTb3VyY2UiOm51bGwsImdvZE1vZGUiOnRydWUsImVkdWNvbnQiOnt9LCJfaWQiOiI2NWMzNDFiMmI5MmM3YTVmYmFmZWI2MDcifQ.g8I_2Btv7rGXWFT_jbBB9c0iAVhZshRxVIA8nbNqh0s","default","Mon Oct 05 01:19:54 UTC 2026","passed","Mon Oct 05 01:20:15 UTC 2026","Tests Eors","","",""
"","23161","152. EORS: https://edu.ismart.org/catalog/e1a3dc-biologiya-7-1/1-botanika--nauka-o-rasteniyah_5dmWy5_WqTjWB?view=tasks&categoryCode=35c149-6-kl&auth=eyJhbGciOiJIUzI1NiIsInR5cCI6IkpXVCJ9.eyJpZCI6IjY1YzM0MWIyYjkyYzdhNWZiYWZlYjYwNyIsImlzQWN0aXZlIjp0cnVlLCJpc0d1ZXN0IjpmYWxzZSwiaXNSZWdpc3RyYXRpb25Db21wbGV0ZSI6dHJ1ZSwiaXNDb25maXJtRW1haWwiOmZhbHNlLCJzdHVkZW50cyI6W10sInV0Y09mZnNldCI6MTgwLCJyb2xlIjoic2Nob29sLXRlYWNoZXIiLCJsYXN0TmFtZSI6IiIsImZpcnN0TmFtZSI6ItCf0YDQvtGE0LXRgdGB0LjQvtC90LDQu9GM0L3Ri9C5IiwicGhvbmVOdW1iZXIiOiIiLCJsb2dpbiI6InRlYWNoZXJfZnVsbEBpc21hcnQub3JnIiwiZW1haWwiOiJ0ZWFjaGVyX2Z1bGxAaXNtYXJ0Lm9yZyIsImNvbnRyYWN0VHlwZSI6InByaXZhdGUiLCJleHRlcm5hbFVzZXJTb3VyY2UiOm51bGwsImdvZE1vZGUiOnRydWUsImVkdWNvbnQiOnt9LCJfaWQiOiI2NWMzNDFiMmI5MmM3YTVmYmFmZWI2MDcifQ.g8I_2Btv7rGXWFT_jbBB9c0iAVhZshRxVIA8nbNqh0s","default","Mon Oct 05 00:42:25 UTC 2026","passed","Mon Oct 05 00:42:48 UTC 2026","Tests Eors","","",""
"","49627","Каталог заданий: Слабовидящие ""История. 4.1"" — Класс 4","default","Mon Oct 05 03:07:30 UTC 2026","passed","Mon Oct 05 03:08:20 UTC 2026","AuTestCatalogTask","","",""
"","19939","362. EORS: https://edu.ismart.org/catalog/7b14ff-istoriya/1-zadanie-1-rabota-s-fakticheskim-materialom?view=tasks&class=64bfa63cd00b08794c3f8b29&auth=eyJhbGciOiJIUzI1NiIsInR5cCI6IkpXVCJ9.eyJpZCI6IjY1YzM0MWIyYjkyYzdhNWZiYWZlYjYwNyIsImlzQWN0aXZlIjp0cnVlLCJpc0d1ZXN0IjpmYWxzZSwiaXNSZWdpc3RyYXRpb25Db21wbGV0ZSI6dHJ1ZSwiaXNDb25maXJtRW1haWwiOmZhbHNlLCJzdHVkZW50cyI6W10sInV0Y09mZnNldCI6MTgwLCJyb2xlIjoic2Nob29sLXRlYWNoZXIiLCJsYXN0TmFtZSI6IiIsImZpcnN0TmFtZSI6ItCf0YDQvtGE0LXRgdGB0LjQvtC90LDQu9GM0L3Ri9C5IiwicGhvbmVOdW1iZXIiOiIiLCJsb2dpbiI6InRlYWNoZXJfZnVsbEBpc21hcnQub3JnIiwiZW1haWwiOiJ0ZWFjaGVyX2Z1bGxAaXNtYXJ0Lm9yZyIsImNvbnRyYWN0VHlwZSI6InByaXZhdGUiLCJleHRlcm5hbFVzZXJTb3VyY2UiOm51bGwsImdvZE1vZGUiOnRydWUsImVkdWNvbnQiOnt9LCJfaWQiOiI2NWMzNDFiMmI5MmM3YTVmYmFmZWI2MDcifQ.g8I_2Btv7rGXWFT_jbBB9c0iAVhZshRxVIA8nbNqh0s","default","Mon Oct 05 01:10:05 UTC 2026","passed","Mon Oct 05 01:10:25 UTC 2026","Tests Eors","","",""
"","23572","207. EORS: https://edu.ismart.org/catalog/3b2eed-istoriya-2-1/1-vvedenie_W6WVrS_qWIUnG?view=tasks&categoryCode=49d97c-8-kl&auth=eyJhbGciOiJIUzI1NiIsInR5cCI6IkpXVCJ9.eyJpZCI6IjY1YzM0MWIyYjkyYzdhNWZiYWZlYjYwNyIsImlzQWN0aXZlIjp0cnVlLCJpc0d1ZXN0IjpmYWxzZSwiaXNSZWdpc3RyYXRpb25Db21wbGV0ZSI6dHJ1ZSwiaXNDb25maXJtRW1haWwiOmZhbHNlLCJzdHVkZW50cyI6W10sInV0Y09mZnNldCI6MTgwLCJyb2xlIjoic2Nob29sLXRlYWNoZXIiLCJsYXN0TmFtZSI6IiIsImZpcnN0TmFtZSI6ItCf0YDQvtGE0LXRgdGB0LjQvtC90LDQu9GM0L3Ri9C5IiwicGhvbmVOdW1iZXIiOiIiLCJsb2dpbiI6InRlYWNoZXJfZnVsbEBpc21hcnQub3JnIiwiZW1haWwiOiJ0ZWFjaGVyX2Z1bGxAaXNtYXJ0Lm9yZyIsImNvbnRyYWN0VHlwZSI6InByaXZhdGUiLCJleHRlcm5hbFVzZXJTb3VyY2UiOm51bGwsImdvZE1vZGUiOnRydWUsImVkdWNvbnQiOnt9LCJfaWQiOiI2NWMzNDFiMmI5MmM3YTVmYmFmZWI2MDcifQ.g8I_2Btv7rGXWFT_jbBB9c0iAVhZshRxVIA8nbNqh0s","default","Mon Oct 05 00:49:15 UTC 2026","passed","Mon Oct 05 00:49:39 UTC 2026","Tests Eors","","",""
"","19375","Каталог заданий: ЗПР ""Физика. 7.1"" — Класс 5","default","Mon Oct 05 03:37:58 UTC 2026","passed","Mon Oct 05 03:38:17 UTC 2026","AuTestCatalogTask","","",""
"","24910","Каталог заданий: Повторение пройденного материала ""Русский язык"" — Класс 1","default","Mon Oct 05 02:31:53 UTC 2026","passed","Mon Oct 05 02:32:18 UTC 2026","AuTestCatalogTask","","",""
"","21660","Каталог заданий: НОДА ""Русский язык. 6.1"" — Класс 1","default","Mon Oct 05 03:39:44 UTC 2026","passed","Mon Oct 05 03:40:05 UTC 2026","AuTestCatalogTask","","",""
"","29767","Каталог заданий: РАС ""Химия. 8.1"" — Класс 3","default","Mon Oct 05 03:56:51 UTC 2026","passed","Mon Oct 05 03:57:21 UTC 2026","AuTestCatalogTask","","",""
"","42695","Каталог заданий: Нарушение слуха ""Биология. 1.1"" — Класс 2","default","Mon Oct 05 03:19:16 UTC 2026","passed","Mon Oct 05 03:19:59 UTC 2026","AuTestCatalogTask","","",""
"","24127","213. EORS: https://edu.ismart.org/catalog/4af9a3-veroyatnost-istatistika/15-opisatelnaya-statistika-veroyatnost-i-statistika?view=tasks&class=64bfa63cd00b08794c3f8b29&auth=eyJhbGciOiJIUzI1NiIsInR5cCI6IkpXVCJ9.eyJpZCI6IjY1YzM0MWIyYjkyYzdhNWZiYWZlYjYwNyIsImlzQWN0aXZlIjp0cnVlLCJpc0d1ZXN0IjpmYWxzZSwiaXNSZWdpc3RyYXRpb25Db21wbGV0ZSI6dHJ1ZSwiaXNDb25maXJtRW1haWwiOmZhbHNlLCJzdHVkZW50cyI6W10sInV0Y09mZnNldCI6MTgwLCJyb2xlIjoic2Nob29sLXRlYWNoZXIiLCJsYXN0TmFtZSI6IiIsImZpcnN0TmFtZSI6ItCf0YDQvtGE0LXRgdGB0LjQvtC90LDQu9GM0L3Ri9C5IiwicGhvbmVOdW1iZXIiOiIiLCJsb2dpbiI6InRlYWNoZXJfZnVsbEBpc21hcnQub3JnIiwiZW1haWwiOiJ0ZWFjaGVyX2Z1bGxAaXNtYXJ0Lm9yZyIsImNvbnRyYWN0VHlwZSI6InByaXZhdGUiLCJleHRlcm5hbFVzZXJTb3VyY2UiOm51bGwsImdvZE1vZGUiOnRydWUsImVkdWNvbnQiOnt9LCJfaWQiOiI2NWMzNDFiMmI5MmM3YTVmYmFmZWI2MDcifQ.g8I_2Btv7rGXWFT_jbBB9c0iAVhZshRxVIA8nbNqh0s","default","Mon Oct 05 00:50:05 UTC 2026","passed","Mon Oct 05 00:50:29 UTC 2026","Tests Eors","","",""
"","24111","Каталог заданий: Подготовка к ВПР ""Информатика"" — Класс 2","default","Mon Oct 05 02:23:39 UTC 2026","passed","Mon Oct 05 02:24:03 UTC 2026","AuTestCatalogTask","","",""
"","33769","247. EORS: https://edu.ismart.org/catalog/8fdb5a-obschestvoznanie/1-politika-i-socialnoe-upravlenie?view=tasks&categoryCode=5387bb-9-klass&auth=eyJhbGciOiJIUzI1NiIsInR5cCI6IkpXVCJ9.eyJpZCI6IjY1YzM0MWIyYjkyYzdhNWZiYWZlYjYwNyIsImlzQWN0aXZlIjp0cnVlLCJpc0d1ZXN0IjpmYWxzZSwiaXNSZWdpc3RyYXRpb25Db21wbGV0ZSI6dHJ1ZSwiaXNDb25maXJtRW1haWwiOmZhbHNlLCJzdHVkZW50cyI6W10sInV0Y09mZnNldCI6MTgwLCJyb2xlIjoic2Nob29sLXRlYWNoZXIiLCJsYXN0TmFtZSI6IiIsImZpcnN0TmFtZSI6ItCf0YDQvtGE0LXRgdGB0LjQvtC90LDQu9GM0L3Ri9C5IiwicGhvbmVOdW1iZXIiOiIiLCJsb2dpbiI6InRlYWNoZXJfZnVsbEBpc21hcnQub3JnIiwiZW1haWwiOiJ0ZWFjaGVyX2Z1bGxAaXNtYXJ0Lm9yZyIsImNvbnRyYWN0VHlwZSI6InByaXZhdGUiLCJleHRlcm5hbFVzZXJTb3VyY2UiOm51bGwsImdvZE1vZGUiOnRydWUsImVkdWNvbnQiOnt9LCJfaWQiOiI2NWMzNDFiMmI5MmM3YTVmYmFmZWI2MDcifQ.g8I_2Btv7rGXWFT_jbBB9c0iAVhZshRxVIA8nbNqh0s","default","Mon Oct 05 00:54:38 UTC 2026","passed","Mon Oct 05 00:55:11 UTC 2026","Tests Eors","","",""
"","28198","Каталог заданий: Школьная программа ""Биология"" — Класс 5","default","Mon Oct 05 02:05:57 UTC 2026","passed","Mon Oct 05 02:06:25 UTC 2026","AuTestCatalogTask","","",""
"","23682","Каталог заданий: Слабовидящие ""Русский язык. 4.1"" — Класс 3","default","Mon Oct 05 03:03:25 UTC 2026","passed","Mon Oct 05 03:03:48 UTC 2026","AuTestCatalogTask","","",""
"","25799","174. EORS: https://edu.ismart.org/catalog/1168f5-literaturura-1-1/1-antichnaya-literatura_5sMICH_PZ2y7v?view=tasks&categoryCode=3cfa1b-novii-razdel&auth=eyJhbGciOiJIUzI1NiIsInR5cCI6IkpXVCJ9.eyJpZCI6IjY1YzM0MWIyYjkyYzdhNWZiYWZlYjYwNyIsImlzQWN0aXZlIjp0cnVlLCJpc0d1ZXN0IjpmYWxzZSwiaXNSZWdpc3RyYXRpb25Db21wbGV0ZSI6dHJ1ZSwiaXNDb25maXJtRW1haWwiOmZhbHNlLCJzdHVkZW50cyI6W10sInV0Y09mZnNldCI6MTgwLCJyb2xlIjoic2Nob29sLXRlYWNoZXIiLCJsYXN0TmFtZSI6IiIsImZpcnN0TmFtZSI6ItCf0YDQvtGE0LXRgdGB0LjQvtC90LDQu9GM0L3Ri9C5IiwicGhvbmVOdW1iZXIiOiIiLCJsb2dpbiI6InRlYWNoZXJfZnVsbEBpc21hcnQub3JnIiwiZW1haWwiOiJ0ZWFjaGVyX2Z1bGxAaXNtYXJ0Lm9yZyIsImNvbnRyYWN0VHlwZSI6InByaXZhdGUiLCJleHRlcm5hbFVzZXJTb3VyY2UiOm51bGwsImdvZE1vZGUiOnRydWUsImVkdWNvbnQiOnt9LCJfaWQiOiI2NWMzNDFiMmI5MmM3YTVmYmFmZWI2MDcifQ.g8I_2Btv7rGXWFT_jbBB9c0iAVhZshRxVIA8nbNqh0s","default","Mon Oct 05 00:44:39 UTC 2026","passed","Mon Oct 05 00:45:05 UTC 2026","Tests Eors","","",""
"","84535","492. EORS: https://edu.ismart.org/catalog/a60457-okruzhayuschii-mir-ras/01-chelovek-i-obshchestvo-nasha-rodina--rossiskaya-federaciya_EVF4Me?view=tasks&categoryCode=adc6ce-okruzhayuschii-3-kl&auth=eyJhbGciOiJIUzI1NiIsInR5cCI6IkpXVCJ9.eyJpZCI6IjY1YzM0MWIyYjkyYzdhNWZiYWZlYjYwNyIsImlzQWN0aXZlIjp0cnVlLCJpc0d1ZXN0IjpmYWxzZSwiaXNSZWdpc3RyYXRpb25Db21wbGV0ZSI6dHJ1ZSwiaXNDb25maXJtRW1haWwiOmZhbHNlLCJzdHVkZW50cyI6W10sInV0Y09mZnNldCI6MTgwLCJyb2xlIjoic2Nob29sLXRlYWNoZXIiLCJsYXN0TmFtZSI6IiIsImZpcnN0TmFtZSI6ItCf0YDQvtGE0LXRgdGB0LjQvtC90LDQu9GM0L3Ri9C5IiwicGhvbmVOdW1iZXIiOiIiLCJsb2dpbiI6InRlYWNoZXJfZnVsbEBpc21hcnQub3JnIiwiZW1haWwiOiJ0ZWFjaGVyX2Z1bGxAaXNtYXJ0Lm9yZyIsImNvbnRyYWN0VHlwZSI6InByaXZhdGUiLCJleHRlcm5hbFVzZXJTb3VyY2UiOm51bGwsImdvZE1vZGUiOnRydWUsImVkdWNvbnQiOnt9LCJfaWQiOiI2NWMzNDFiMmI5MmM3YTVmYmFmZWI2MDcifQ.g8I_2Btv7rGXWFT_jbBB9c0iAVhZshRxVIA8nbNqh0s","default","Mon Oct 05 01:27:00 UTC 2026","failed","Mon Oct 05 01:28:24 UTC 2026","Tests Eors","","",""
"","26252","49. EORS: https://edu.ismart.org/catalog/976d47-matematika-slabovidyaschie-uchaschiesya/100-1-chisla-i-velichiny-chisla-v-predelah-1-000-000_v5g9nT?view=tasks&categoryCode=14c74b-matematika-4-kl&auth=eyJhbGciOiJIUzI1NiIsInR5cCI6IkpXVCJ9.eyJpZCI6IjY1YzM0MWIyYjkyYzdhNWZiYWZlYjYwNyIsImlzQWN0aXZlIjp0cnVlLCJpc0d1ZXN0IjpmYWxzZSwiaXNSZWdpc3RyYXRpb25Db21wbGV0ZSI6dHJ1ZSwiaXNDb25maXJtRW1haWwiOmZhbHNlLCJzdHVkZW50cyI6W10sInV0Y09mZnNldCI6MTgwLCJyb2xlIjoic2Nob29sLXRlYWNoZXIiLCJsYXN0TmFtZSI6IiIsImZpcnN0TmFtZSI6ItCf0YDQvtGE0LXRgdGB0LjQvtC90LDQu9GM0L3Ri9C5IiwicGhvbmVOdW1iZXIiOiIiLCJsb2dpbiI6InRlYWNoZXJfZnVsbEBpc21hcnQub3JnIiwiZW1haWwiOiJ0ZWFjaGVyX2Z1bGxAaXNtYXJ0Lm9yZyIsImNvbnRyYWN0VHlwZSI6InByaXZhdGUiLCJleHRlcm5hbFVzZXJTb3VyY2UiOm51bGwsImdvZE1vZGUiOnRydWUsImVkdWNvbnQiOnt9LCJfaWQiOiI2NWMzNDFiMmI5MmM3YTVmYmFmZWI2MDcifQ.g8I_2Btv7rGXWFT_jbBB9c0iAVhZshRxVIA8nbNqh0s","default","Mon Oct 05 00:28:53 UTC 2026","passed","Mon Oct 05 00:29:19 UTC 2026","Tests Eors","","",""
"","28315","557. EORS: https://edu.ismart.org/catalog/8039e6-geometriya-zpr/10-tela-vrashcheniya_x2ytZK?view=tasks&categoryCode=c5cde5-geometriya-11-kl&auth=eyJhbGciOiJIUzI1NiIsInR5cCI6IkpXVCJ9.eyJpZCI6IjY1YzM0MWIyYjkyYzdhNWZiYWZlYjYwNyIsImlzQWN0aXZlIjp0cnVlLCJpc0d1ZXN0IjpmYWxzZSwiaXNSZWdpc3RyYXRpb25Db21wbGV0ZSI6dHJ1ZSwiaXNDb25maXJtRW1haWwiOmZhbHNlLCJzdHVkZW50cyI6W10sInV0Y09mZnNldCI6MTgwLCJyb2xlIjoic2Nob29sLXRlYWNoZXIiLCJsYXN0TmFtZSI6IiIsImZpcnN0TmFtZSI6ItCf0YDQvtGE0LXRgdGB0LjQvtC90LDQu9GM0L3Ri9C5IiwicGhvbmVOdW1iZXIiOiIiLCJsb2dpbiI6InRlYWNoZXJfZnVsbEBpc21hcnQub3JnIiwiZW1haWwiOiJ0ZWFjaGVyX2Z1bGxAaXNtYXJ0Lm9yZyIsImNvbnRyYWN0VHlwZSI6InByaXZhdGUiLCJleHRlcm5hbFVzZXJTb3VyY2UiOm51bGwsImdvZE1vZGUiOnRydWUsImVkdWNvbnQiOnt9LCJfaWQiOiI2NWMzNDFiMmI5MmM3YTVmYmFmZWI2MDcifQ.g8I_2Btv7rGXWFT_jbBB9c0iAVhZshRxVIA8nbNqh0s","default","Mon Oct 05 01:36:26 UTC 2026","passed","Mon Oct 05 01:36:54 UTC 2026","Tests Eors","","",""
"","43826","Каталог заданий: Слепые ""Биология. 3.1"" — Класс 7","default","Mon Oct 05 03:01:18 UTC 2026","passed","Mon Oct 05 03:02:02 UTC 2026","AuTestCatalogTask","","",""
"","31637","Каталог заданий: ЗПР ""Математика. 7.1"" — Класс 2","default","Mon Oct 05 03:31:19 UTC 2026","passed","Mon Oct 05 03:31:51 UTC 2026","AuTestCatalogTask","","",""
"","23127","129. EORS: https://edu.ismart.org/catalog/2ec694-angliiskii-yazik/2-chtenie?view=tasks&class=5a3cef308409440019b57b39&auth=eyJhbGciOiJIUzI1NiIsInR5cCI6IkpXVCJ9.eyJpZCI6IjY1YzM0MWIyYjkyYzdhNWZiYWZlYjYwNyIsImlzQWN0aXZlIjp0cnVlLCJpc0d1ZXN0IjpmYWxzZSwiaXNSZWdpc3RyYXRpb25Db21wbGV0ZSI6dHJ1ZSwiaXNDb25maXJtRW1haWwiOmZhbHNlLCJzdHVkZW50cyI6W10sInV0Y09mZnNldCI6MTgwLCJyb2xlIjoic2Nob29sLXRlYWNoZXIiLCJsYXN0TmFtZSI6IiIsImZpcnN0TmFtZSI6ItCf0YDQvtGE0LXRgdGB0LjQvtC90LDQu9GM0L3Ri9C5IiwicGhvbmVOdW1iZXIiOiIiLCJsb2dpbiI6InRlYWNoZXJfZnVsbEBpc21hcnQub3JnIiwiZW1haWwiOiJ0ZWFjaGVyX2Z1bGxAaXNtYXJ0Lm9yZyIsImNvbnRyYWN0VHlwZSI6InByaXZhdGUiLCJleHRlcm5hbFVzZXJTb3VyY2UiOm51bGwsImdvZE1vZGUiOnRydWUsImVkdWNvbnQiOnt9LCJfaWQiOiI2NWMzNDFiMmI5MmM3YTVmYmFmZWI2MDcifQ.g8I_2Btv7rGXWFT_jbBB9c0iAVhZshRxVIA8nbNqh0s","default","Mon Oct 05 00:39:18 UTC 2026","passed","Mon Oct 05 00:39:41 UTC 2026","Tests Eors","","",""
"","22688","Каталог заданий: Нарушение слуха ""Английский язык. 1.1"" — Класс 5","default","Mon Oct 05 03:18:28 UTC 2026","passed","Mon Oct 05 03:18:51 UTC 2026","AuTestCatalogTask","","",""
"","17660","Каталог заданий: Школьная программа ""Русский язык"" — Класс 9","default","Mon Oct 05 02:05:31 UTC 2026","passed","Mon Oct 05 02:05:49 UTC 2026","AuTestCatalogTask","","",""
"","20589","Каталог заданий: НОДА ""Физика. 6.1"" — Класс 4","default","Mon Oct 05 03:47:42 UTC 2026","passed","Mon Oct 05 03:48:02 UTC 2026","AuTestCatalogTask","","",""
"","25993","536. EORS: https://edu.ismart.org/catalog/bd0a08-informatika/121-1-nedelya-internet-osnovy-i-bezopasnost?view=tasks&class=61a71c551b0ad63754c198e9&auth=eyJhbGciOiJIUzI1NiIsInR5cCI6IkpXVCJ9.eyJpZCI6IjY1YzM0MWIyYjkyYzdhNWZiYWZlYjYwNyIsImlzQWN0aXZlIjp0cnVlLCJpc0d1ZXN0IjpmYWxzZSwiaXNSZWdpc3RyYXRpb25Db21wbGV0ZSI6dHJ1ZSwiaXNDb25maXJtRW1haWwiOmZhbHNlLCJzdHVkZW50cyI6W10sInV0Y09mZnNldCI6MTgwLCJyb2xlIjoic2Nob29sLXRlYWNoZXIiLCJsYXN0TmFtZSI6IiIsImZpcnN0TmFtZSI6ItCf0YDQvtGE0LXRgdGB0LjQvtC90LDQu9GM0L3Ri9C5IiwicGhvbmVOdW1iZXIiOiIiLCJsb2dpbiI6InRlYWNoZXJfZnVsbEBpc21hcnQub3JnIiwiZW1haWwiOiJ0ZWFjaGVyX2Z1bGxAaXNtYXJ0Lm9yZyIsImNvbnRyYWN0VHlwZSI6InByaXZhdGUiLCJleHRlcm5hbFVzZXJTb3VyY2UiOm51bGwsImdvZE1vZGUiOnRydWUsImVkdWNvbnQiOnt9LCJfaWQiOiI2NWMzNDFiMmI5MmM3YTVmYmFmZWI2MDcifQ.g8I_2Btv7rGXWFT_jbBB9c0iAVhZshRxVIA8nbNqh0s","default","Mon Oct 05 01:33:30 UTC 2026","passed","Mon Oct 05 01:33:56 UTC 2026","Tests Eors","","",""
"","20299","Каталог заданий: Подготовка к контрольным работам ""Литература"" — Класс 5","default","Mon Oct 05 02:29:04 UTC 2026","passed","Mon Oct 05 02:29:24 UTC 2026","AuTestCatalogTask","","",""
"","31245","Каталог заданий: НОДА ""Математика. 6.1"" — Класс 2","default","Mon Oct 05 03:41:00 UTC 2026","passed","Mon Oct 05 03:41:31 UTC 2026","AuTestCatalogTask","","",""
"","25523","600. EORS: https://edu.ismart.org/catalog/cat-prepare-test-work-ru-lang/100-kontrolnaya-rabota-obshchie-svedeniya-ob-yazyke?view=tasks&class=61890fee84e9f601793b0348&auth=eyJhbGciOiJIUzI1NiIsInR5cCI6IkpXVCJ9.eyJpZCI6IjY1YzM0MWIyYjkyYzdhNWZiYWZlYjYwNyIsImlzQWN0aXZlIjp0cnVlLCJpc0d1ZXN0IjpmYWxzZSwiaXNSZWdpc3RyYXRpb25Db21wbGV0ZSI6dHJ1ZSwiaXNDb25maXJtRW1haWwiOmZhbHNlLCJzdHVkZW50cyI6W10sInV0Y09mZnNldCI6MTgwLCJyb2xlIjoic2Nob29sLXRlYWNoZXIiLCJsYXN0TmFtZSI6IiIsImZpcnN0TmFtZSI6ItCf0YDQvtGE0LXRgdGB0LjQvtC90LDQu9GM0L3Ri9C5IiwicGhvbmVOdW1iZXIiOiIiLCJsb2dpbiI6InRlYWNoZXJfZnVsbEBpc21hcnQub3JnIiwiZW1haWwiOiJ0ZWFjaGVyX2Z1bGxAaXNtYXJ0Lm9yZyIsImNvbnRyYWN0VHlwZSI6InByaXZhdGUiLCJleHRlcm5hbFVzZXJTb3VyY2UiOm51bGwsImdvZE1vZGUiOnRydWUsImVkdWNvbnQiOnt9LCJfaWQiOiI2NWMzNDFiMmI5MmM3YTVmYmFmZWI2MDcifQ.g8I_2Btv7rGXWFT_jbBB9c0iAVhZshRxVIA8nbNqh0s","default","Mon Oct 05 01:43:14 UTC 2026","passed","Mon Oct 05 01:43:39 UTC 2026","Tests Eors","","",""
"","17373","Каталог заданий: Слабовидящие ""Алгебра. 4.1"" — Класс 3","default","Mon Oct 05 03:05:01 UTC 2026","passed","Mon Oct 05 03:05:18 UTC 2026","AuTestCatalogTask","","",""
"","24460","279. EORS: https://edu.ismart.org/catalog/d3c7d3-geometriya-ras/1-nachalnye-ponyatiya-geometrii_yr3S50?view=tasks&categoryCode=5e6770-geometriya-7-kl&auth=eyJhbGciOiJIUzI1NiIsInR5cCI6IkpXVCJ9.eyJpZCI6IjY1YzM0MWIyYjkyYzdhNWZiYWZlYjYwNyIsImlzQWN0aXZlIjp0cnVlLCJpc0d1ZXN0IjpmYWxzZSwiaXNSZWdpc3RyYXRpb25Db21wbGV0ZSI6dHJ1ZSwiaXNDb25maXJtRW1haWwiOmZhbHNlLCJzdHVkZW50cyI6W10sInV0Y09mZnNldCI6MTgwLCJyb2xlIjoic2Nob29sLXRlYWNoZXIiLCJsYXN0TmFtZSI6IiIsImZpcnN0TmFtZSI6ItCf0YDQvtGE0LXRgdGB0LjQvtC90LDQu9GM0L3Ri9C5IiwicGhvbmVOdW1iZXIiOiIiLCJsb2dpbiI6InRlYWNoZXJfZnVsbEBpc21hcnQub3JnIiwiZW1haWwiOiJ0ZWFjaGVyX2Z1bGxAaXNtYXJ0Lm9yZyIsImNvbnRyYWN0VHlwZSI6InByaXZhdGUiLCJleHRlcm5hbFVzZXJTb3VyY2UiOm51bGwsImdvZE1vZGUiOnRydWUsImVkdWNvbnQiOnt9LCJfaWQiOiI2NWMzNDFiMmI5MmM3YTVmYmFmZWI2MDcifQ.g8I_2Btv7rGXWFT_jbBB9c0iAVhZshRxVIA8nbNqh0s","default","Mon Oct 05 00:59:06 UTC 2026","passed","Mon Oct 05 00:59:31 UTC 2026","Tests Eors","","",""
"","18004","Каталог заданий: ЗПР ""Русский язык. 7.1"" — Класс 7","default","Mon Oct 05 03:30:51 UTC 2026","passed","Mon Oct 05 03:31:09 UTC 2026","AuTestCatalogTask","","",""
"","16001","Каталог заданий: ЗПР ""Вероятность и статистика. 7.1"" — Класс 2","default","Mon Oct 05 03:39:10 UTC 2026","passed","Mon Oct 05 03:39:26 UTC 2026","AuTestCatalogTask","","",""
"","23768","250. EORS: https://edu.ismart.org/catalog/0e569f-literatura-tnr/1-osnovnye-etapy-russkogo-literaturnogo-processa-s-drevnerussko-literatury-do-xix-veka_PNycqO?view=tasks&categoryCode=54056d-literatura-tnr-10-kl&auth=eyJhbGciOiJIUzI1NiIsInR5cCI6IkpXVCJ9.eyJpZCI6IjY1YzM0MWIyYjkyYzdhNWZiYWZlYjYwNyIsImlzQWN0aXZlIjp0cnVlLCJpc0d1ZXN0IjpmYWxzZSwiaXNSZWdpc3RyYXRpb25Db21wbGV0ZSI6dHJ1ZSwiaXNDb25maXJtRW1haWwiOmZhbHNlLCJzdHVkZW50cyI6W10sInV0Y09mZnNldCI6MTgwLCJyb2xlIjoic2Nob29sLXRlYWNoZXIiLCJsYXN0TmFtZSI6IiIsImZpcnN0TmFtZSI6ItCf0YDQvtGE0LXRgdGB0LjQvtC90LDQu9GM0L3Ri9C5IiwicGhvbmVOdW1iZXIiOiIiLCJsb2dpbiI6InRlYWNoZXJfZnVsbEBpc21hcnQub3JnIiwiZW1haWwiOiJ0ZWFjaGVyX2Z1bGxAaXNtYXJ0Lm9yZyIsImNvbnRyYWN0VHlwZSI6InByaXZhdGUiLCJleHRlcm5hbFVzZXJTb3VyY2UiOm51bGwsImdvZE1vZGUiOnRydWUsImVkdWNvbnQiOnt9LCJfaWQiOiI2NWMzNDFiMmI5MmM3YTVmYmFmZWI2MDcifQ.g8I_2Btv7rGXWFT_jbBB9c0iAVhZshRxVIA8nbNqh0s","default","Mon Oct 05 00:54:44 UTC 2026","passed","Mon Oct 05 00:55:07 UTC 2026","Tests Eors","","",""
"","31802","676. EORS: https://edu.ismart.org/catalog/05cee6-russkii-yazik-2-1/1-obshchie-svedeniya-o-yazyke_tlzIvU_rf0iv8?view=tasks&categoryCode=ea686e-10-klass&auth=eyJhbGciOiJIUzI1NiIsInR5cCI6IkpXVCJ9.eyJpZCI6IjY1YzM0MWIyYjkyYzdhNWZiYWZlYjYwNyIsImlzQWN0aXZlIjp0cnVlLCJpc0d1ZXN0IjpmYWxzZSwiaXNSZWdpc3RyYXRpb25Db21wbGV0ZSI6dHJ1ZSwiaXNDb25maXJtRW1haWwiOmZhbHNlLCJzdHVkZW50cyI6W10sInV0Y09mZnNldCI6MTgwLCJyb2xlIjoic2Nob29sLXRlYWNoZXIiLCJsYXN0TmFtZSI6IiIsImZpcnN0TmFtZSI6ItCf0YDQvtGE0LXRgdGB0LjQvtC90LDQu9GM0L3Ri9C5IiwicGhvbmVOdW1iZXIiOiIiLCJsb2dpbiI6InRlYWNoZXJfZnVsbEBpc21hcnQub3JnIiwiZW1haWwiOiJ0ZWFjaGVyX2Z1bGxAaXNtYXJ0Lm9yZyIsImNvbnRyYWN0VHlwZSI6InByaXZhdGUiLCJleHRlcm5hbFVzZXJTb3VyY2UiOm51bGwsImdvZE1vZGUiOnRydWUsImVkdWNvbnQiOnt9LCJfaWQiOiI2NWMzNDFiMmI5MmM3YTVmYmFmZWI2MDcifQ.g8I_2Btv7rGXWFT_jbBB9c0iAVhZshRxVIA8nbNqh0s","default","Mon Oct 05 01:54:35 UTC 2026","passed","Mon Oct 05 01:55:07 UTC 2026","Tests Eors","","",""
"","13130","Каталог заданий: Нарушение слуха ""Обществознание. 1.1"" — Класс 4","default","Mon Oct 05 03:18:04 UTC 2026","passed","Mon Oct 05 03:18:17 UTC 2026","AuTestCatalogTask","","",""
"","25631","Каталог заданий: Подготовка к контрольным работам ""Окружающий мир"" — Класс 1","default","Mon Oct 05 02:27:23 UTC 2026","passed","Mon Oct 05 02:27:49 UTC 2026","AuTestCatalogTask","","",""
"","24354","Каталог заданий: Повторение пройденного материала ""Математика"" — Класс 6","default","Mon Oct 05 02:31:52 UTC 2026","passed","Mon Oct 05 02:32:16 UTC 2026","AuTestCatalogTask","","",""
"","38161","142. EORS: https://edu.ismart.org/catalog/4b18ed-algebra-noda/1-chisla-i-vychisleniya_hwZvbb?view=tasks&categoryCode=30ef41-algebra-8-kl&auth=eyJhbGciOiJIUzI1NiIsInR5cCI6IkpXVCJ9.eyJpZCI6IjY1YzM0MWIyYjkyYzdhNWZiYWZlYjYwNyIsImlzQWN0aXZlIjp0cnVlLCJpc0d1ZXN0IjpmYWxzZSwiaXNSZWdpc3RyYXRpb25Db21wbGV0ZSI6dHJ1ZSwiaXNDb25maXJtRW1haWwiOmZhbHNlLCJzdHVkZW50cyI6W10sInV0Y09mZnNldCI6MTgwLCJyb2xlIjoic2Nob29sLXRlYWNoZXIiLCJsYXN0TmFtZSI6IiIsImZpcnN0TmFtZSI6ItCf0YDQvtGE0LXRgdGB0LjQvtC90LDQu9GM0L3Ri9C5IiwicGhvbmVOdW1iZXIiOiIiLCJsb2dpbiI6InRlYWNoZXJfZnVsbEBpc21hcnQub3JnIiwiZW1haWwiOiJ0ZWFjaGVyX2Z1bGxAaXNtYXJ0Lm9yZyIsImNvbnRyYWN0VHlwZSI6InByaXZhdGUiLCJleHRlcm5hbFVzZXJTb3VyY2UiOm51bGwsImdvZE1vZGUiOnRydWUsImVkdWNvbnQiOnt9LCJfaWQiOiI2NWMzNDFiMmI5MmM3YTVmYmFmZWI2MDcifQ.g8I_2Btv7rGXWFT_jbBB9c0iAVhZshRxVIA8nbNqh0s","default","Mon Oct 05 00:41:03 UTC 2026","passed","Mon Oct 05 00:41:41 UTC 2026","Tests Eors","","",""
"","26145","237. EORS: https://edu.ismart.org/catalog/4f1fcc-angliiskii-yazik-7-1/1-vzaimootnosheniya-v-seme-i-s-druzyami-semenye-prazdniki_6wmfhB_hIlvzl?view=tasks&categoryCode=4e8174-6-kl&auth=eyJhbGciOiJIUzI1NiIsInR5cCI6IkpXVCJ9.eyJpZCI6IjY1YzM0MWIyYjkyYzdhNWZiYWZlYjYwNyIsImlzQWN0aXZlIjp0cnVlLCJpc0d1ZXN0IjpmYWxzZSwiaXNSZWdpc3RyYXRpb25Db21wbGV0ZSI6dHJ1ZSwiaXNDb25maXJtRW1haWwiOmZhbHNlLCJzdHVkZW50cyI6W10sInV0Y09mZnNldCI6MTgwLCJyb2xlIjoic2Nob29sLXRlYWNoZXIiLCJsYXN0TmFtZSI6IiIsImZpcnN0TmFtZSI6ItCf0YDQvtGE0LXRgdGB0LjQvtC90LDQu9GM0L3Ri9C5IiwicGhvbmVOdW1iZXIiOiIiLCJsb2dpbiI6InRlYWNoZXJfZnVsbEBpc21hcnQub3JnIiwiZW1haWwiOiJ0ZWFjaGVyX2Z1bGxAaXNtYXJ0Lm9yZyIsImNvbnRyYWN0VHlwZSI6InByaXZhdGUiLCJleHRlcm5hbFVzZXJTb3VyY2UiOm51bGwsImdvZE1vZGUiOnRydWUsImVkdWNvbnQiOnt9LCJfaWQiOiI2NWMzNDFiMmI5MmM3YTVmYmFmZWI2MDcifQ.g8I_2Btv7rGXWFT_jbBB9c0iAVhZshRxVIA8nbNqh0s","default","Mon Oct 05 00:53:09 UTC 2026","passed","Mon Oct 05 00:53:35 UTC 2026","Tests Eors","","",""
"","30269","Каталог заданий: ЗПР ""Химия. 7.1"" — Класс 3","default","Mon Oct 05 03:37:24 UTC 2026","passed","Mon Oct 05 03:37:54 UTC 2026","AuTestCatalogTask","","",""
"","49549","Каталог заданий: НОДА ""История. 6.1"" — Класс 4","default","Mon Oct 05 03:44:24 UTC 2026","passed","Mon Oct 05 03:45:13 UTC 2026","AuTestCatalogTask","","",""
"","20697","Каталог заданий: Специальные курсы ""Физика. Базовый уровень"" — Класс 4","default","Mon Oct 05 02:42:00 UTC 2026","passed","Mon Oct 05 02:42:21 UTC 2026","AuTestCatalogTask","","",""
"","24661","Каталог заданий: Слепые ""Алгебра и начала мат. анализа. 3.1"" — Класс 2","default","Mon Oct 05 02:55:58 UTC 2026","passed","Mon Oct 05 02:56:23 UTC 2026","AuTestCatalogTask","","",""
"","53078","599. EORS: https://edu.ismart.org/catalog/cat-prepare-test-work-ru-lang/100-kontrolnaya-rabota-itogovaya-kontrolnaya-rabota-za-kurs-7-klassa?view=tasks&class=5f63090daee1af001b415303&auth=eyJhbGciOiJIUzI1NiIsInR5cCI6IkpXVCJ9.eyJpZCI6IjY1YzM0MWIyYjkyYzdhNWZiYWZlYjYwNyIsImlzQWN0aXZlIjp0cnVlLCJpc0d1ZXN0IjpmYWxzZSwiaXNSZWdpc3RyYXRpb25Db21wbGV0ZSI6dHJ1ZSwiaXNDb25maXJtRW1haWwiOmZhbHNlLCJzdHVkZW50cyI6W10sInV0Y09mZnNldCI6MTgwLCJyb2xlIjoic2Nob29sLXRlYWNoZXIiLCJsYXN0TmFtZSI6IiIsImZpcnN0TmFtZSI6ItCf0YDQvtGE0LXRgdGB0LjQvtC90LDQu9GM0L3Ri9C5IiwicGhvbmVOdW1iZXIiOiIiLCJsb2dpbiI6InRlYWNoZXJfZnVsbEBpc21hcnQub3JnIiwiZW1haWwiOiJ0ZWFjaGVyX2Z1bGxAaXNtYXJ0Lm9yZyIsImNvbnRyYWN0VHlwZSI6InByaXZhdGUiLCJleHRlcm5hbFVzZXJTb3VyY2UiOm51bGwsImdvZE1vZGUiOnRydWUsImVkdWNvbnQiOnt9LCJfaWQiOiI2NWMzNDFiMmI5MmM3YTVmYmFmZWI2MDcifQ.g8I_2Btv7rGXWFT_jbBB9c0iAVhZshRxVIA8nbNqh0s","default","Mon Oct 05 01:42:55 UTC 2026","failed","Mon Oct 05 01:43:48 UTC 2026","Tests Eors","","",""
"","23829","Каталог заданий: Повторение пройденного материала ""Алгебра"" — Класс 3","default","Mon Oct 05 02:36:09 UTC 2026","passed","Mon Oct 05 02:36:33 UTC 2026","AuTestCatalogTask","","",""
"","24650","13. EORS: https://edu.ismart.org/catalog/04e661-angliiskii-yazik/100-vhodnoe-testirovanie?view=tasks&class=5f197003b96284001b29733d&auth=eyJhbGciOiJIUzI1NiIsInR5cCI6IkpXVCJ9.eyJpZCI6IjY1YzM0MWIyYjkyYzdhNWZiYWZlYjYwNyIsImlzQWN0aXZlIjp0cnVlLCJpc0d1ZXN0IjpmYWxzZSwiaXNSZWdpc3RyYXRpb25Db21wbGV0ZSI6dHJ1ZSwiaXNDb25maXJtRW1haWwiOmZhbHNlLCJzdHVkZW50cyI6W10sInV0Y09mZnNldCI6MTgwLCJyb2xlIjoic2Nob29sLXRlYWNoZXIiLCJsYXN0TmFtZSI6IiIsImZpcnN0TmFtZSI6ItCf0YDQvtGE0LXRgdGB0LjQvtC90LDQu9GM0L3Ri9C5IiwicGhvbmVOdW1iZXIiOiIiLCJsb2dpbiI6InRlYWNoZXJfZnVsbEBpc21hcnQub3JnIiwiZW1haWwiOiJ0ZWFjaGVyX2Z1bGxAaXNtYXJ0Lm9yZyIsImNvbnRyYWN0VHlwZSI6InByaXZhdGUiLCJleHRlcm5hbFVzZXJTb3VyY2UiOm51bGwsImdvZE1vZGUiOnRydWUsImVkdWNvbnQiOnt9LCJfaWQiOiI2NWMzNDFiMmI5MmM3YTVmYmFmZWI2MDcifQ.g8I_2Btv7rGXWFT_jbBB9c0iAVhZshRxVIA8nbNqh0s","default","Mon Oct 05 00:23:48 UTC 2026","passed","Mon Oct 05 00:24:12 UTC 2026","Tests Eors","","",""
"","23629","Каталог заданий: НОДА ""Английский язык. 6.1"" — Класс 6","default","Mon Oct 05 03:48:09 UTC 2026","passed","Mon Oct 05 03:48:33 UTC 2026","AuTestCatalogTask","","",""
"","18057","Каталог заданий: ЗПР ""Вероятность и статистика. 7.1"" — Класс 4","default","Mon Oct 05 03:39:12 UTC 2026","passed","Mon Oct 05 03:39:30 UTC 2026","AuTestCatalogTask","","",""
"","43866","Каталог заданий: ЗПР ""Биология. 7.1"" — Класс 3","default","Mon Oct 05 03:36:01 UTC 2026","passed","Mon Oct 05 03:36:45 UTC 2026","AuTestCatalogTask","","",""
"","15327","Каталог заданий: РАС ""Физика. 8.1"" — Класс 1","default","Mon Oct 05 03:57:08 UTC 2026","passed","Mon Oct 05 03:57:23 UTC 2026","AuTestCatalogTask","","",""
"","29453","176. EORS: https://edu.ismart.org/catalog/3478fa-russkii-yazik-slepie-uchaschiesya/1-obshchie-svedeniya-o-yazyke_TRVoG0?view=tasks&categoryCode=3e4e18-russkii-yazik-10-kl&auth=eyJhbGciOiJIUzI1NiIsInR5cCI6IkpXVCJ9.eyJpZCI6IjY1YzM0MWIyYjkyYzdhNWZiYWZlYjYwNyIsImlzQWN0aXZlIjp0cnVlLCJpc0d1ZXN0IjpmYWxzZSwiaXNSZWdpc3RyYXRpb25Db21wbGV0ZSI6dHJ1ZSwiaXNDb25maXJtRW1haWwiOmZhbHNlLCJzdHVkZW50cyI6W10sInV0Y09mZnNldCI6MTgwLCJyb2xlIjoic2Nob29sLXRlYWNoZXIiLCJsYXN0TmFtZSI6IiIsImZpcnN0TmFtZSI6ItCf0YDQvtGE0LXRgdGB0LjQvtC90LDQu9GM0L3Ri9C5IiwicGhvbmVOdW1iZXIiOiIiLCJsb2dpbiI6InRlYWNoZXJfZnVsbEBpc21hcnQub3JnIiwiZW1haWwiOiJ0ZWFjaGVyX2Z1bGxAaXNtYXJ0Lm9yZyIsImNvbnRyYWN0VHlwZSI6InByaXZhdGUiLCJleHRlcm5hbFVzZXJTb3VyY2UiOm51bGwsImdvZE1vZGUiOnRydWUsImVkdWNvbnQiOnt9LCJfaWQiOiI2NWMzNDFiMmI5MmM3YTVmYmFmZWI2MDcifQ.g8I_2Btv7rGXWFT_jbBB9c0iAVhZshRxVIA8nbNqh0s","default","Mon Oct 05 00:44:55 UTC 2026","passed","Mon Oct 05 00:45:24 UTC 2026","Tests Eors","","",""
"","20784","Каталог заданий: Школьная программа ""Окружающий мир"" — Класс 1","default","Mon Oct 05 02:11:17 UTC 2026","passed","Mon Oct 05 02:11:38 UTC 2026","AuTestCatalogTask","","",""
"","51246","89. EORS: https://edu.ismart.org/catalog/2835c0-biologiya-6-1/1-chelovek--biosocialny-vid_eQaIgY_740HIx?view=tasks&categoryCode=1ee318-9-kl&auth=eyJhbGciOiJIUzI1NiIsInR5cCI6IkpXVCJ9.eyJpZCI6IjY1YzM0MWIyYjkyYzdhNWZiYWZlYjYwNyIsImlzQWN0aXZlIjp0cnVlLCJpc0d1ZXN0IjpmYWxzZSwiaXNSZWdpc3RyYXRpb25Db21wbGV0ZSI6dHJ1ZSwiaXNDb25maXJtRW1haWwiOmZhbHNlLCJzdHVkZW50cyI6W10sInV0Y09mZnNldCI6MTgwLCJyb2xlIjoic2Nob29sLXRlYWNoZXIiLCJsYXN0TmFtZSI6IiIsImZpcnN0TmFtZSI6ItCf0YDQvtGE0LXRgdGB0LjQvtC90LDQu9GM0L3Ri9C5IiwicGhvbmVOdW1iZXIiOiIiLCJsb2dpbiI6InRlYWNoZXJfZnVsbEBpc21hcnQub3JnIiwiZW1haWwiOiJ0ZWFjaGVyX2Z1bGxAaXNtYXJ0Lm9yZyIsImNvbnRyYWN0VHlwZSI6InByaXZhdGUiLCJleHRlcm5hbFVzZXJTb3VyY2UiOm51bGwsImdvZE1vZGUiOnRydWUsImVkdWNvbnQiOnt9LCJfaWQiOiI2NWMzNDFiMmI5MmM3YTVmYmFmZWI2MDcifQ.g8I_2Btv7rGXWFT_jbBB9c0iAVhZshRxVIA8nbNqh0s","default","Mon Oct 05 00:33:58 UTC 2026","failed","Mon Oct 05 00:34:49 UTC 2026","Tests Eors","","",""
"","26685","Каталог заданий: Дополнительное образование ""Английский язык"" — Класс 4","default","Mon Oct 05 02:13:48 UTC 2026","passed","Mon Oct 05 02:14:15 UTC 2026","AuTestCatalogTask","","",""
"","35853","Каталог заданий: Слабослышащие ""Литература. 2.1"" — Класс 2","default","Mon Oct 05 03:25:03 UTC 2026","passed","Mon Oct 05 03:25:38 UTC 2026","AuTestCatalogTask","","",""
"","14166","Каталог заданий: Дополнительное образование ""Окружающий мир"" — Класс 4","default","Mon Oct 05 02:14:32 UTC 2026","passed","Mon Oct 05 02:14:46 UTC 2026","AuTestCatalogTask","","",""
"","31127","Каталог заданий: РАС ""Окружающий мир. 8.1"" — Класс 3","default","Mon Oct 05 03:52:28 UTC 2026","passed","Mon Oct 05 03:52:59 UTC 2026","AuTestCatalogTask","","",""
"","300231","Поиск подтем в EORs","default","Mon Oct 05 00:22:05 UTC 2026","broken","Mon Oct 05 00:27:05 UTC 2026","Tests Eors","","",""
"","14204","Каталог заданий: Слепые ""Обществознание. 3.1"" — Класс 1","default","Mon Oct 05 02:59:03 UTC 2026","passed","Mon Oct 05 02:59:17 UTC 2026","AuTestCatalogTask","","",""
"","24336","457. EORS: https://edu.ismart.org/catalog/efddae-veroyatnost-i-statistika-2-1/15-opisatelnaya-statistika-veroyatnost-i-statistika_1pykOy_kuGfXF?view=tasks&categoryCode=a278e0-10-kl&auth=eyJhbGciOiJIUzI1NiIsInR5cCI6IkpXVCJ9.eyJpZCI6IjY1YzM0MWIyYjkyYzdhNWZiYWZlYjYwNyIsImlzQWN0aXZlIjp0cnVlLCJpc0d1ZXN0IjpmYWxzZSwiaXNSZWdpc3RyYXRpb25Db21wbGV0ZSI6dHJ1ZSwiaXNDb25maXJtRW1haWwiOmZhbHNlLCJzdHVkZW50cyI6W10sInV0Y09mZnNldCI6MTgwLCJyb2xlIjoic2Nob29sLXRlYWNoZXIiLCJsYXN0TmFtZSI6IiIsImZpcnN0TmFtZSI6ItCf0YDQvtGE0LXRgdGB0LjQvtC90LDQu9GM0L3Ri9C5IiwicGhvbmVOdW1iZXIiOiIiLCJsb2dpbiI6InRlYWNoZXJfZnVsbEBpc21hcnQub3JnIiwiZW1haWwiOiJ0ZWFjaGVyX2Z1bGxAaXNtYXJ0Lm9yZyIsImNvbnRyYWN0VHlwZSI6InByaXZhdGUiLCJleHRlcm5hbFVzZXJTb3VyY2UiOm51bGwsImdvZE1vZGUiOnRydWUsImVkdWNvbnQiOnt9LCJfaWQiOiI2NWMzNDFiMmI5MmM3YTVmYmFmZWI2MDcifQ.g8I_2Btv7rGXWFT_jbBB9c0iAVhZshRxVIA8nbNqh0s","default","Mon Oct 05 01:22:05 UTC 2026","passed","Mon Oct 05 01:22:29 UTC 2026","Tests Eors","","",""
"","36545","Каталог заданий: Подготовка к ЕГЭ ""Биология""","default","Mon Oct 05 02:19:20 UTC 2026","passed","Mon Oct 05 02:19:56 UTC 2026","AuTestCatalogTask","","",""
"","51707","Каталог заданий: Слепые ""Литература. 3.1"" — Класс 7","default","Mon Oct 05 02:57:37 UTC 2026","passed","Mon Oct 05 02:58:29 UTC 2026","AuTestCatalogTask","","",""
"","21068","491. EORS: https://edu.ismart.org/catalog/3dd564-veroyatnost-i-statistika/15-opisatelnaya-statistika-veroyatnost-i-statistika?view=tasks&categoryCode=ad0f47-veroyatnost-i-statistika-10-klass&auth=eyJhbGciOiJIUzI1NiIsInR5cCI6IkpXVCJ9.eyJpZCI6IjY1YzM0MWIyYjkyYzdhNWZiYWZlYjYwNyIsImlzQWN0aXZlIjp0cnVlLCJpc0d1ZXN0IjpmYWxzZSwiaXNSZWdpc3RyYXRpb25Db21wbGV0ZSI6dHJ1ZSwiaXNDb25maXJtRW1haWwiOmZhbHNlLCJzdHVkZW50cyI6W10sInV0Y09mZnNldCI6MTgwLCJyb2xlIjoic2Nob29sLXRlYWNoZXIiLCJsYXN0TmFtZSI6IiIsImZpcnN0TmFtZSI6ItCf0YDQvtGE0LXRgdGB0LjQvtC90LDQu9GM0L3Ri9C5IiwicGhvbmVOdW1iZXIiOiIiLCJsb2dpbiI6InRlYWNoZXJfZnVsbEBpc21hcnQub3JnIiwiZW1haWwiOiJ0ZWFjaGVyX2Z1bGxAaXNtYXJ0Lm9yZyIsImNvbnRyYWN0VHlwZSI6InByaXZhdGUiLCJleHRlcm5hbFVzZXJTb3VyY2UiOm51bGwsImdvZE1vZGUiOnRydWUsImVkdWNvbnQiOnt9LCJfaWQiOiI2NWMzNDFiMmI5MmM3YTVmYmFmZWI2MDcifQ.g8I_2Btv7rGXWFT_jbBB9c0iAVhZshRxVIA8nbNqh0s","default","Mon Oct 05 01:26:41 UTC 2026","passed","Mon Oct 05 01:27:02 UTC 2026","Tests Eors","","",""
"","24337","Каталог заданий: Повторение пройденного материала ""Окружающий мир"" — Класс 2","default","Mon Oct 05 02:33:08 UTC 2026","passed","Mon Oct 05 02:33:32 UTC 2026","AuTestCatalogTask","","",""
"","29125","Каталог заданий: СПО ""Английский язык. 108 ч.""","default","Mon Oct 05 02:40:45 UTC 2026","passed","Mon Oct 05 02:41:14 UTC 2026","AuTestCatalogTask","","",""
"","23445","389. EORS: https://edu.ismart.org/catalog/2a5e18-russkii-yazik-1-ntr/yazyk-i-rech-tekst_8wtXnw?view=tasks&categoryCode=845922-russkii-yazik-7-klass&auth=eyJhbGciOiJIUzI1NiIsInR5cCI6IkpXVCJ9.eyJpZCI6IjY1YzM0MWIyYjkyYzdhNWZiYWZlYjYwNyIsImlzQWN0aXZlIjp0cnVlLCJpc0d1ZXN0IjpmYWxzZSwiaXNSZWdpc3RyYXRpb25Db21wbGV0ZSI6dHJ1ZSwiaXNDb25maXJtRW1haWwiOmZhbHNlLCJzdHVkZW50cyI6W10sInV0Y09mZnNldCI6MTgwLCJyb2xlIjoic2Nob29sLXRlYWNoZXIiLCJsYXN0TmFtZSI6IiIsImZpcnN0TmFtZSI6ItCf0YDQvtGE0LXRgdGB0LjQvtC90LDQu9GM0L3Ri9C5IiwicGhvbmVOdW1iZXIiOiIiLCJsb2dpbiI6InRlYWNoZXJfZnVsbEBpc21hcnQub3JnIiwiZW1haWwiOiJ0ZWFjaGVyX2Z1bGxAaXNtYXJ0Lm9yZyIsImNvbnRyYWN0VHlwZSI6InByaXZhdGUiLCJleHRlcm5hbFVzZXJTb3VyY2UiOm51bGwsImdvZE1vZGUiOnRydWUsImVkdWNvbnQiOnt9LCJfaWQiOiI2NWMzNDFiMmI5MmM3YTVmYmFmZWI2MDcifQ.g8I_2Btv7rGXWFT_jbBB9c0iAVhZshRxVIA8nbNqh0s","default","Mon Oct 05 01:13:19 UTC 2026","passed","Mon Oct 05 01:13:43 UTC 2026","Tests Eors","","",""
"","22388","713. EORS: https://edu.ismart.org/catalog/14a93a-istoriya-8-1/1-vvedenie_W6WVrS_thRr2H?view=tasks&categoryCode=f52441-8-kl&auth=eyJhbGciOiJIUzI1NiIsInR5cCI6IkpXVCJ9.eyJpZCI6IjY1YzM0MWIyYjkyYzdhNWZiYWZlYjYwNyIsImlzQWN0aXZlIjp0cnVlLCJpc0d1ZXN0IjpmYWxzZSwiaXNSZWdpc3RyYXRpb25Db21wbGV0ZSI6dHJ1ZSwiaXNDb25maXJtRW1haWwiOmZhbHNlLCJzdHVkZW50cyI6W10sInV0Y09mZnNldCI6MTgwLCJyb2xlIjoic2Nob29sLXRlYWNoZXIiLCJsYXN0TmFtZSI6IiIsImZpcnN0TmFtZSI6ItCf0YDQvtGE0LXRgdGB0LjQvtC90LDQu9GM0L3Ri9C5IiwicGhvbmVOdW1iZXIiOiIiLCJsb2dpbiI6InRlYWNoZXJfZnVsbEBpc21hcnQub3JnIiwiZW1haWwiOiJ0ZWFjaGVyX2Z1bGxAaXNtYXJ0Lm9yZyIsImNvbnRyYWN0VHlwZSI6InByaXZhdGUiLCJleHRlcm5hbFVzZXJTb3VyY2UiOm51bGwsImdvZE1vZGUiOnRydWUsImVkdWNvbnQiOnt9LCJfaWQiOiI2NWMzNDFiMmI5MmM3YTVmYmFmZWI2MDcifQ.g8I_2Btv7rGXWFT_jbBB9c0iAVhZshRxVIA8nbNqh0s","default","Mon Oct 05 01:58:31 UTC 2026","passed","Mon Oct 05 01:58:53 UTC 2026","Tests Eors","","",""
"","22624","Каталог заданий: Слепые ""Английский язык. 3.1"" — Класс 5","default","Mon Oct 05 02:59:46 UTC 2026","passed","Mon Oct 05 03:00:08 UTC 2026","AuTestCatalogTask","","",""
"","24754","548. EORS: https://edu.ismart.org/catalog/bce39d-algebra-i-nachala-matematicheskogo-analiza-tnr/1-stepen-s-racionalnym-pokazatelem_84pUau?view=tasks&categoryCode=c187d0-algebra-i-nachalo-matem-analiza-11-kl&auth=eyJhbGciOiJIUzI1NiIsInR5cCI6IkpXVCJ9.eyJpZCI6IjY1YzM0MWIyYjkyYzdhNWZiYWZlYjYwNyIsImlzQWN0aXZlIjp0cnVlLCJpc0d1ZXN0IjpmYWxzZSwiaXNSZWdpc3RyYXRpb25Db21wbGV0ZSI6dHJ1ZSwiaXNDb25maXJtRW1haWwiOmZhbHNlLCJzdHVkZW50cyI6W10sInV0Y09mZnNldCI6MTgwLCJyb2xlIjoic2Nob29sLXRlYWNoZXIiLCJsYXN0TmFtZSI6IiIsImZpcnN0TmFtZSI6ItCf0YDQvtGE0LXRgdGB0LjQvtC90LDQu9GM0L3Ri9C5IiwicGhvbmVOdW1iZXIiOiIiLCJsb2dpbiI6InRlYWNoZXJfZnVsbEBpc21hcnQub3JnIiwiZW1haWwiOiJ0ZWFjaGVyX2Z1bGxAaXNtYXJ0Lm9yZyIsImNvbnRyYWN0VHlwZSI6InByaXZhdGUiLCJleHRlcm5hbFVzZXJTb3VyY2UiOm51bGwsImdvZE1vZGUiOnRydWUsImVkdWNvbnQiOnt9LCJfaWQiOiI2NWMzNDFiMmI5MmM3YTVmYmFmZWI2MDcifQ.g8I_2Btv7rGXWFT_jbBB9c0iAVhZshRxVIA8nbNqh0s","default","Mon Oct 05 01:34:54 UTC 2026","passed","Mon Oct 05 01:35:18 UTC 2026","Tests Eors","","",""
"","29570","Каталог заданий: НОДА ""Окружающий мир. 6.1"" — Класс 2","default","Mon Oct 05 03:42:33 UTC 2026","passed","Mon Oct 05 03:43:03 UTC 2026","AuTestCatalogTask","","",""
"","9244","Каталог заданий: Подготовка к ЕГЭ ""Русский язык""","default","Mon Oct 05 02:19:11 UTC 2026","passed","Mon Oct 05 02:19:20 UTC 2026","AuTestCatalogTask","","",""
"","23011","391. EORS: https://edu.ismart.org/catalog/b33f31-himiya/1-stroenie-atoma-i-ego-svyaz-so-svostvami-elementa?categoryCode=8489da-himiya-9-klass&auth=eyJhbGciOiJIUzI1NiIsInR5cCI6IkpXVCJ9.eyJpZCI6IjY1YzM0MWIyYjkyYzdhNWZiYWZlYjYwNyIsImlzQWN0aXZlIjp0cnVlLCJpc0d1ZXN0IjpmYWxzZSwiaXNSZWdpc3RyYXRpb25Db21wbGV0ZSI6dHJ1ZSwiaXNDb25maXJtRW1haWwiOmZhbHNlLCJzdHVkZW50cyI6W10sInV0Y09mZnNldCI6MTgwLCJyb2xlIjoic2Nob29sLXRlYWNoZXIiLCJsYXN0TmFtZSI6IiIsImZpcnN0TmFtZSI6ItCf0YDQvtGE0LXRgdGB0LjQvtC90LDQu9GM0L3Ri9C5IiwicGhvbmVOdW1iZXIiOiIiLCJsb2dpbiI6InRlYWNoZXJfZnVsbEBpc21hcnQub3JnIiwiZW1haWwiOiJ0ZWFjaGVyX2Z1bGxAaXNtYXJ0Lm9yZyIsImNvbnRyYWN0VHlwZSI6InByaXZhdGUiLCJleHRlcm5hbFVzZXJTb3VyY2UiOm51bGwsImdvZE1vZGUiOnRydWUsImVkdWNvbnQiOnt9LCJfaWQiOiI2NWMzNDFiMmI5MmM3YTVmYmFmZWI2MDcifQ.g8I_2Btv7rGXWFT_jbBB9c0iAVhZshRxVIA8nbNqh0s&view=tasks","default","Mon Oct 05 01:13:31 UTC 2026","passed","Mon Oct 05 01:13:54 UTC 2026","Tests Eors","","",""
"","17186","Каталог заданий: Слабослышащие ""Геометрия. 2.1"" — Класс 4","default","Mon Oct 05 03:23:28 UTC 2026","passed","Mon Oct 05 03:23:45 UTC 2026","AuTestCatalogTask","","",""
"","23732","Каталог заданий: Слабовидящие ""Английский язык. 4.1"" — Класс 6","default","Mon Oct 05 03:08:39 UTC 2026","passed","Mon Oct 05 03:09:03 UTC 2026","AuTestCatalogTask","","",""
"","23910","Каталог заданий: РАС ""Алгебра и начала мат. анализа. 8.1"" — Класс 2","default","Mon Oct 05 03:51:53 UTC 2026","passed","Mon Oct 05 03:52:17 UTC 2026","AuTestCatalogTask","","",""
"","22838","632. EORS: https://edu.ismart.org/catalog/4c5ed4-literatura-8-1/1-antichnaya-literatura_5sMICH_rNEcIL?view=tasks&categoryCode=da10d4-6-kl&auth=eyJhbGciOiJIUzI1NiIsInR5cCI6IkpXVCJ9.eyJpZCI6IjY1YzM0MWIyYjkyYzdhNWZiYWZlYjYwNyIsImlzQWN0aXZlIjp0cnVlLCJpc0d1ZXN0IjpmYWxzZSwiaXNSZWdpc3RyYXRpb25Db21wbGV0ZSI6dHJ1ZSwiaXNDb25maXJtRW1haWwiOmZhbHNlLCJzdHVkZW50cyI6W10sInV0Y09mZnNldCI6MTgwLCJyb2xlIjoic2Nob29sLXRlYWNoZXIiLCJsYXN0TmFtZSI6IiIsImZpcnN0TmFtZSI6ItCf0YDQvtGE0LXRgdGB0LjQvtC90LDQu9GM0L3Ri9C5IiwicGhvbmVOdW1iZXIiOiIiLCJsb2dpbiI6InRlYWNoZXJfZnVsbEBpc21hcnQub3JnIiwiZW1haWwiOiJ0ZWFjaGVyX2Z1bGxAaXNtYXJ0Lm9yZyIsImNvbnRyYWN0VHlwZSI6InByaXZhdGUiLCJleHRlcm5hbFVzZXJTb3VyY2UiOm51bGwsImdvZE1vZGUiOnRydWUsImVkdWNvbnQiOnt9LCJfaWQiOiI2NWMzNDFiMmI5MmM3YTVmYmFmZWI2MDcifQ.g8I_2Btv7rGXWFT_jbBB9c0iAVhZshRxVIA8nbNqh0s","default","Mon Oct 05 01:48:31 UTC 2026","passed","Mon Oct 05 01:48:54 UTC 2026","Tests Eors","","",""
"","29413","Каталог заданий: НОДА ""Математика. 6.1"" — Класс 6","default","Mon Oct 05 03:41:32 UTC 2026","passed","Mon Oct 05 03:42:01 UTC 2026","AuTestCatalogTask","","",""
"","25735","686. EORS: https://edu.ismart.org/catalog/ecfd1c-angliiskii-yazik/109-1-nedelya-vzaimootnosheniya-v-seme-i-s-druzyami?view=tasks&class=5f63090daee1af001b415303&auth=eyJhbGciOiJIUzI1NiIsInR5cCI6IkpXVCJ9.eyJpZCI6IjY1YzM0MWIyYjkyYzdhNWZiYWZlYjYwNyIsImlzQWN0aXZlIjp0cnVlLCJpc0d1ZXN0IjpmYWxzZSwiaXNSZWdpc3RyYXRpb25Db21wbGV0ZSI6dHJ1ZSwiaXNDb25maXJtRW1haWwiOmZhbHNlLCJzdHVkZW50cyI6W10sInV0Y09mZnNldCI6MTgwLCJyb2xlIjoic2Nob29sLXRlYWNoZXIiLCJsYXN0TmFtZSI6IiIsImZpcnN0TmFtZSI6ItCf0YDQvtGE0LXRgdGB0LjQvtC90LDQu9GM0L3Ri9C5IiwicGhvbmVOdW1iZXIiOiIiLCJsb2dpbiI6InRlYWNoZXJfZnVsbEBpc21hcnQub3JnIiwiZW1haWwiOiJ0ZWFjaGVyX2Z1bGxAaXNtYXJ0Lm9yZyIsImNvbnRyYWN0VHlwZSI6InByaXZhdGUiLCJleHRlcm5hbFVzZXJTb3VyY2UiOm51bGwsImdvZE1vZGUiOnRydWUsImVkdWNvbnQiOnt9LCJfaWQiOiI2NWMzNDFiMmI5MmM3YTVmYmFmZWI2MDcifQ.g8I_2Btv7rGXWFT_jbBB9c0iAVhZshRxVIA8nbNqh0s","default","Mon Oct 05 01:55:35 UTC 2026","passed","Mon Oct 05 01:56:01 UTC 2026","Tests Eors","","",""
"","18014","Каталог заданий: Подготовка к контрольным работам ""Биология"" — Класс 6","default","Mon Oct 05 02:30:38 UTC 2026","passed","Mon Oct 05 02:30:56 UTC 2026","AuTestCatalogTask","","",""
"","26118","Каталог заданий: Нарушение слуха ""Английский язык. 1.1"" — Класс 8","default","Mon Oct 05 03:18:50 UTC 2026","passed","Mon Oct 05 03:19:16 UTC 2026","AuTestCatalogTask","","",""
"","24992","706. EORS: https://edu.ismart.org/catalog/acb475-angliiskii-yazik-8-1/01-vzaimootnosheniya-v-seme-i-s-druzyami-konflikty-i-ih-razreshenie_JGd1HZ_Q927Ej?view=tasks&categoryCode=f27a66-9-kl&auth=eyJhbGciOiJIUzI1NiIsInR5cCI6IkpXVCJ9.eyJpZCI6IjY1YzM0MWIyYjkyYzdhNWZiYWZlYjYwNyIsImlzQWN0aXZlIjp0cnVlLCJpc0d1ZXN0IjpmYWxzZSwiaXNSZWdpc3RyYXRpb25Db21wbGV0ZSI6dHJ1ZSwiaXNDb25maXJtRW1haWwiOmZhbHNlLCJzdHVkZW50cyI6W10sInV0Y09mZnNldCI6MTgwLCJyb2xlIjoic2Nob29sLXRlYWNoZXIiLCJsYXN0TmFtZSI6IiIsImZpcnN0TmFtZSI6ItCf0YDQvtGE0LXRgdGB0LjQvtC90LDQu9GM0L3Ri9C5IiwicGhvbmVOdW1iZXIiOiIiLCJsb2dpbiI6InRlYWNoZXJfZnVsbEBpc21hcnQub3JnIiwiZW1haWwiOiJ0ZWFjaGVyX2Z1bGxAaXNtYXJ0Lm9yZyIsImNvbnRyYWN0VHlwZSI6InByaXZhdGUiLCJleHRlcm5hbFVzZXJTb3VyY2UiOm51bGwsImdvZE1vZGUiOnRydWUsImVkdWNvbnQiOnt9LCJfaWQiOiI2NWMzNDFiMmI5MmM3YTVmYmFmZWI2MDcifQ.g8I_2Btv7rGXWFT_jbBB9c0iAVhZshRxVIA8nbNqh0s","default","Mon Oct 05 01:58:02 UTC 2026","passed","Mon Oct 05 01:58:27 UTC 2026","Tests Eors","","",""
"","23672","447. EORS: https://edu.ismart.org/catalog/208f8d-russkii-yazik-zpr/orfografiya_Myaead?view=tasks&categoryCode=9d220c-russkii-yazik-8-kl&auth=eyJhbGciOiJIUzI1NiIsInR5cCI6IkpXVCJ9.eyJpZCI6IjY1YzM0MWIyYjkyYzdhNWZiYWZlYjYwNyIsImlzQWN0aXZlIjp0cnVlLCJpc0d1ZXN0IjpmYWxzZSwiaXNSZWdpc3RyYXRpb25Db21wbGV0ZSI6dHJ1ZSwiaXNDb25maXJtRW1haWwiOmZhbHNlLCJzdHVkZW50cyI6W10sInV0Y09mZnNldCI6MTgwLCJyb2xlIjoic2Nob29sLXRlYWNoZXIiLCJsYXN0TmFtZSI6IiIsImZpcnN0TmFtZSI6ItCf0YDQvtGE0LXRgdGB0LjQvtC90LDQu9GM0L3Ri9C5IiwicGhvbmVOdW1iZXIiOiIiLCJsb2dpbiI6InRlYWNoZXJfZnVsbEBpc21hcnQub3JnIiwiZW1haWwiOiJ0ZWFjaGVyX2Z1bGxAaXNtYXJ0Lm9yZyIsImNvbnRyYWN0VHlwZSI6InByaXZhdGUiLCJleHRlcm5hbFVzZXJTb3VyY2UiOm51bGwsImdvZE1vZGUiOnRydWUsImVkdWNvbnQiOnt9LCJfaWQiOiI2NWMzNDFiMmI5MmM3YTVmYmFmZWI2MDcifQ.g8I_2Btv7rGXWFT_jbBB9c0iAVhZshRxVIA8nbNqh0s","default","Mon Oct 05 01:20:28 UTC 2026","passed","Mon Oct 05 01:20:51 UTC 2026","Tests Eors","","",""
"","35871","585. EORS: https://edu.ismart.org/catalog/cat-hard-ru-lang/slovarnye-slova?view=tasks&class=5a3cef178409440019b57b37&auth=eyJhbGciOiJIUzI1NiIsInR5cCI6IkpXVCJ9.eyJpZCI6IjY1YzM0MWIyYjkyYzdhNWZiYWZlYjYwNyIsImlzQWN0aXZlIjp0cnVlLCJpc0d1ZXN0IjpmYWxzZSwiaXNSZWdpc3RyYXRpb25Db21wbGV0ZSI6dHJ1ZSwiaXNDb25maXJtRW1haWwiOmZhbHNlLCJzdHVkZW50cyI6W10sInV0Y09mZnNldCI6MTgwLCJyb2xlIjoic2Nob29sLXRlYWNoZXIiLCJsYXN0TmFtZSI6IiIsImZpcnN0TmFtZSI6ItCf0YDQvtGE0LXRgdGB0LjQvtC90LDQu9GM0L3Ri9C5IiwicGhvbmVOdW1iZXIiOiIiLCJsb2dpbiI6InRlYWNoZXJfZnVsbEBpc21hcnQub3JnIiwiZW1haWwiOiJ0ZWFjaGVyX2Z1bGxAaXNtYXJ0Lm9yZyIsImNvbnRyYWN0VHlwZSI6InByaXZhdGUiLCJleHRlcm5hbFVzZXJTb3VyY2UiOm51bGwsImdvZE1vZGUiOnRydWUsImVkdWNvbnQiOnt9LCJfaWQiOiI2NWMzNDFiMmI5MmM3YTVmYmFmZWI2MDcifQ.g8I_2Btv7rGXWFT_jbBB9c0iAVhZshRxVIA8nbNqh0s","default","Mon Oct 05 01:40:10 UTC 2026","passed","Mon Oct 05 01:40:46 UTC 2026","Tests Eors","","",""
"","22619","81. EORS: https://edu.ismart.org/catalog/2a5e18-russkii-yazik-1-ntr/fonetika-grafika-orfoepiya_zqxEoS?view=tasks&categoryCode=1cb6e8-russkii-yazik-6-klass&auth=eyJhbGciOiJIUzI1NiIsInR5cCI6IkpXVCJ9.eyJpZCI6IjY1YzM0MWIyYjkyYzdhNWZiYWZlYjYwNyIsImlzQWN0aXZlIjp0cnVlLCJpc0d1ZXN0IjpmYWxzZSwiaXNSZWdpc3RyYXRpb25Db21wbGV0ZSI6dHJ1ZSwiaXNDb25maXJtRW1haWwiOmZhbHNlLCJzdHVkZW50cyI6W10sInV0Y09mZnNldCI6MTgwLCJyb2xlIjoic2Nob29sLXRlYWNoZXIiLCJsYXN0TmFtZSI6IiIsImZpcnN0TmFtZSI6ItCf0YDQvtGE0LXRgdGB0LjQvtC90LDQu9GM0L3Ri9C5IiwicGhvbmVOdW1iZXIiOiIiLCJsb2dpbiI6InRlYWNoZXJfZnVsbEBpc21hcnQub3JnIiwiZW1haWwiOiJ0ZWFjaGVyX2Z1bGxAaXNtYXJ0Lm9yZyIsImNvbnRyYWN0VHlwZSI6InByaXZhdGUiLCJleHRlcm5hbFVzZXJTb3VyY2UiOm51bGwsImdvZE1vZGUiOnRydWUsImVkdWNvbnQiOnt9LCJfaWQiOiI2NWMzNDFiMmI5MmM3YTVmYmFmZWI2MDcifQ.g8I_2Btv7rGXWFT_jbBB9c0iAVhZshRxVIA8nbNqh0s","default","Mon Oct 05 00:33:08 UTC 2026","passed","Mon Oct 05 00:33:31 UTC 2026","Tests Eors","","",""
"","19561","534. EORS: https://edu.ismart.org/catalog/bd0a08-informatika/0-1-nedelya-osnovy-sistem-schisleniya?view=tasks&class=5f63090daee1af001b415303&auth=eyJhbGciOiJIUzI1NiIsInR5cCI6IkpXVCJ9.eyJpZCI6IjY1YzM0MWIyYjkyYzdhNWZiYWZlYjYwNyIsImlzQWN0aXZlIjp0cnVlLCJpc0d1ZXN0IjpmYWxzZSwiaXNSZWdpc3RyYXRpb25Db21wbGV0ZSI6dHJ1ZSwiaXNDb25maXJtRW1haWwiOmZhbHNlLCJzdHVkZW50cyI6W10sInV0Y09mZnNldCI6MTgwLCJyb2xlIjoic2Nob29sLXRlYWNoZXIiLCJsYXN0TmFtZSI6IiIsImZpcnN0TmFtZSI6ItCf0YDQvtGE0LXRgdGB0LjQvtC90LDQu9GM0L3Ri9C5IiwicGhvbmVOdW1iZXIiOiIiLCJsb2dpbiI6InRlYWNoZXJfZnVsbEBpc21hcnQub3JnIiwiZW1haWwiOiJ0ZWFjaGVyX2Z1bGxAaXNtYXJ0Lm9yZyIsImNvbnRyYWN0VHlwZSI6InByaXZhdGUiLCJleHRlcm5hbFVzZXJTb3VyY2UiOm51bGwsImdvZE1vZGUiOnRydWUsImVkdWNvbnQiOnt9LCJfaWQiOiI2NWMzNDFiMmI5MmM3YTVmYmFmZWI2MDcifQ.g8I_2Btv7rGXWFT_jbBB9c0iAVhZshRxVIA8nbNqh0s","default","Mon Oct 05 01:33:10 UTC 2026","passed","Mon Oct 05 01:33:30 UTC 2026","Tests Eors","","",""
"","14696","Каталог заданий: ТНР ""Вероятность и статистика. 5.1"" — Класс 1","default","Mon Oct 05 02:51:30 UTC 2026","passed","Mon Oct 05 02:51:45 UTC 2026","AuTestCatalogTask","","",""
"","32934","Каталог заданий: Нарушение слуха ""Литература. 1.1"" — Класс 4","default","Mon Oct 05 03:15:53 UTC 2026","passed","Mon Oct 05 03:16:26 UTC 2026","AuTestCatalogTask","","",""
"","22827","97. EORS: https://edu.ismart.org/catalog/219c63-matematika/501-chisla-ot-1-do-20-povtoryaem-sostav-i-uchimsya-schitat-bystro?view=tasks&class=5a3cef178409440019b57b37&auth=eyJhbGciOiJIUzI1NiIsInR5cCI6IkpXVCJ9.eyJpZCI6IjY1YzM0MWIyYjkyYzdhNWZiYWZlYjYwNyIsImlzQWN0aXZlIjp0cnVlLCJpc0d1ZXN0IjpmYWxzZSwiaXNSZWdpc3RyYXRpb25Db21wbGV0ZSI6dHJ1ZSwiaXNDb25maXJtRW1haWwiOmZhbHNlLCJzdHVkZW50cyI6W10sInV0Y09mZnNldCI6MTgwLCJyb2xlIjoic2Nob29sLXRlYWNoZXIiLCJsYXN0TmFtZSI6IiIsImZpcnN0TmFtZSI6ItCf0YDQvtGE0LXRgdGB0LjQvtC90LDQu9GM0L3Ri9C5IiwicGhvbmVOdW1iZXIiOiIiLCJsb2dpbiI6InRlYWNoZXJfZnVsbEBpc21hcnQub3JnIiwiZW1haWwiOiJ0ZWFjaGVyX2Z1bGxAaXNtYXJ0Lm9yZyIsImNvbnRyYWN0VHlwZSI6InByaXZhdGUiLCJleHRlcm5hbFVzZXJTb3VyY2UiOm51bGwsImdvZE1vZGUiOnRydWUsImVkdWNvbnQiOnt9LCJfaWQiOiI2NWMzNDFiMmI5MmM3YTVmYmFmZWI2MDcifQ.g8I_2Btv7rGXWFT_jbBB9c0iAVhZshRxVIA8nbNqh0s","default","Mon Oct 05 00:35:30 UTC 2026","passed","Mon Oct 05 00:35:52 UTC 2026","Tests Eors","","",""
"","39000","Каталог заданий: Школьная программа ""Литература"" — Класс 1","default","Mon Oct 05 02:08:03 UTC 2026","passed","Mon Oct 05 02:08:42 UTC 2026","AuTestCatalogTask","","",""
"","14360","Каталог заданий: ТНР ""Геометрия. 5.1"" — Класс 5","default","Mon Oct 05 02:47:22 UTC 2026","passed","Mon Oct 05 02:47:36 UTC 2026","AuTestCatalogTask","","",""
"","66935","443. EORS: https://edu.ismart.org/catalog/8f3705-russkii-yazik-noda/1-chto-mi-znaem-o-zvukah-i-bukvah_zXipNn?view=tasks&categoryCode=9a11cf-russkii-yazik-2-kl&auth=eyJhbGciOiJIUzI1NiIsInR5cCI6IkpXVCJ9.eyJpZCI6IjY1YzM0MWIyYjkyYzdhNWZiYWZlYjYwNyIsImlzQWN0aXZlIjp0cnVlLCJpc0d1ZXN0IjpmYWxzZSwiaXNSZWdpc3RyYXRpb25Db21wbGV0ZSI6dHJ1ZSwiaXNDb25maXJtRW1haWwiOmZhbHNlLCJzdHVkZW50cyI6W10sInV0Y09mZnNldCI6MTgwLCJyb2xlIjoic2Nob29sLXRlYWNoZXIiLCJsYXN0TmFtZSI6IiIsImZpcnN0TmFtZSI6ItCf0YDQvtGE0LXRgdGB0LjQvtC90LDQu9GM0L3Ri9C5IiwicGhvbmVOdW1iZXIiOiIiLCJsb2dpbiI6InRlYWNoZXJfZnVsbEBpc21hcnQub3JnIiwiZW1haWwiOiJ0ZWFjaGVyX2Z1bGxAaXNtYXJ0Lm9yZyIsImNvbnRyYWN0VHlwZSI6InByaXZhdGUiLCJleHRlcm5hbFVzZXJTb3VyY2UiOm51bGwsImdvZE1vZGUiOnRydWUsImVkdWNvbnQiOnt9LCJfaWQiOiI2NWMzNDFiMmI5MmM3YTVmYmFmZWI2MDcifQ.g8I_2Btv7rGXWFT_jbBB9c0iAVhZshRxVIA8nbNqh0s","default","Mon Oct 05 01:19:59 UTC 2026","failed","Mon Oct 05 01:21:05 UTC 2026","Tests Eors","","",""
"","12958","Каталог заданий: Слабовидящие ""Физика. 4.1"" — Класс 2","default","Mon Oct 05 03:11:31 UTC 2026","passed","Mon Oct 05 03:11:44 UTC 2026","AuTestCatalogTask","","",""
"","20351","Каталог заданий: Подготовка к ЕГЭ ""Математика. Варианты КИМ""","default","Mon Oct 05 02:20:25 UTC 2026","passed","Mon Oct 05 02:20:45 UTC 2026","AuTestCatalogTask","","",""
"","30791","493. EORS: https://edu.ismart.org/catalog/adf034-okruzhayuschii-mir/8-chelovek-i-obschestvo-full-full?view=tasks&class=5a3cef0b8409440019b57b36&auth=eyJhbGciOiJIUzI1NiIsInR5cCI6IkpXVCJ9.eyJpZCI6IjY1YzM0MWIyYjkyYzdhNWZiYWZlYjYwNyIsImlzQWN0aXZlIjp0cnVlLCJpc0d1ZXN0IjpmYWxzZSwiaXNSZWdpc3RyYXRpb25Db21wbGV0ZSI6dHJ1ZSwiaXNDb25maXJtRW1haWwiOmZhbHNlLCJzdHVkZW50cyI6W10sInV0Y09mZnNldCI6MTgwLCJyb2xlIjoic2Nob29sLXRlYWNoZXIiLCJsYXN0TmFtZSI6IiIsImZpcnN0TmFtZSI6ItCf0YDQvtGE0LXRgdGB0LjQvtC90LDQu9GM0L3Ri9C5IiwicGhvbmVOdW1iZXIiOiIiLCJsb2dpbiI6InRlYWNoZXJfZnVsbEBpc21hcnQub3JnIiwiZW1haWwiOiJ0ZWFjaGVyX2Z1bGxAaXNtYXJ0Lm9yZyIsImNvbnRyYWN0VHlwZSI6InByaXZhdGUiLCJleHRlcm5hbFVzZXJTb3VyY2UiOm51bGwsImdvZE1vZGUiOnRydWUsImVkdWNvbnQiOnt9LCJfaWQiOiI2NWMzNDFiMmI5MmM3YTVmYmFmZWI2MDcifQ.g8I_2Btv7rGXWFT_jbBB9c0iAVhZshRxVIA8nbNqh0s","default","Mon Oct 05 01:27:00 UTC 2026","passed","Mon Oct 05 01:27:31 UTC 2026","Tests Eors","","",""
"","21053","Каталог заданий: ТНР ""Математика. 5.1"" — Класс 1","default","Mon Oct 05 02:45:56 UTC 2026","passed","Mon Oct 05 02:46:17 UTC 2026","AuTestCatalogTask","","",""
"","13057","Каталог заданий: НОДА ""Геометрия. 6.1"" — Класс 5","default","Mon Oct 05 03:42:22 UTC 2026","passed","Mon Oct 05 03:42:35 UTC 2026","AuTestCatalogTask","","",""
"","28675","525. EORS: https://edu.ismart.org/catalog/7b5069-geometriya-tnr/5-chetyrehugolniki-geometriya_xjPji4?view=tasks&categoryCode=b9da55-geometriya-8-kl&auth=eyJhbGciOiJIUzI1NiIsInR5cCI6IkpXVCJ9.eyJpZCI6IjY1YzM0MWIyYjkyYzdhNWZiYWZlYjYwNyIsImlzQWN0aXZlIjp0cnVlLCJpc0d1ZXN0IjpmYWxzZSwiaXNSZWdpc3RyYXRpb25Db21wbGV0ZSI6dHJ1ZSwiaXNDb25maXJtRW1haWwiOmZhbHNlLCJzdHVkZW50cyI6W10sInV0Y09mZnNldCI6MTgwLCJyb2xlIjoic2Nob29sLXRlYWNoZXIiLCJsYXN0TmFtZSI6IiIsImZpcnN0TmFtZSI6ItCf0YDQvtGE0LXRgdGB0LjQvtC90LDQu9GM0L3Ri9C5IiwicGhvbmVOdW1iZXIiOiIiLCJsb2dpbiI6InRlYWNoZXJfZnVsbEBpc21hcnQub3JnIiwiZW1haWwiOiJ0ZWFjaGVyX2Z1bGxAaXNtYXJ0Lm9yZyIsImNvbnRyYWN0VHlwZSI6InByaXZhdGUiLCJleHRlcm5hbFVzZXJTb3VyY2UiOm51bGwsImdvZE1vZGUiOnRydWUsImVkdWNvbnQiOnt9LCJfaWQiOiI2NWMzNDFiMmI5MmM3YTVmYmFmZWI2MDcifQ.g8I_2Btv7rGXWFT_jbBB9c0iAVhZshRxVIA8nbNqh0s","default","Mon Oct 05 01:31:54 UTC 2026","passed","Mon Oct 05 01:32:23 UTC 2026","Tests Eors","","",""
"","17205","Каталог заданий: Слепые ""Геометрия. 3.1"" — Класс 1","default","Mon Oct 05 02:55:59 UTC 2026","passed","Mon Oct 05 02:56:16 UTC 2026","AuTestCatalogTask","","",""
"","27124","41. EORS: https://edu.ismart.org/catalog/124c05-informatika/200-kontrolnaya-rabota--1-po-teme-cifrovaya-gramotnost-teoreticheskie-osnovy-informatiki?view=tasks&class=61890fee84e9f601793b0348&auth=eyJhbGciOiJIUzI1NiIsInR5cCI6IkpXVCJ9.eyJpZCI6IjY1YzM0MWIyYjkyYzdhNWZiYWZlYjYwNyIsImlzQWN0aXZlIjp0cnVlLCJpc0d1ZXN0IjpmYWxzZSwiaXNSZWdpc3RyYXRpb25Db21wbGV0ZSI6dHJ1ZSwiaXNDb25maXJtRW1haWwiOmZhbHNlLCJzdHVkZW50cyI6W10sInV0Y09mZnNldCI6MTgwLCJyb2xlIjoic2Nob29sLXRlYWNoZXIiLCJsYXN0TmFtZSI6IiIsImZpcnN0TmFtZSI6ItCf0YDQvtGE0LXRgdGB0LjQvtC90LDQu9GM0L3Ri9C5IiwicGhvbmVOdW1iZXIiOiIiLCJsb2dpbiI6InRlYWNoZXJfZnVsbEBpc21hcnQub3JnIiwiZW1haWwiOiJ0ZWFjaGVyX2Z1bGxAaXNtYXJ0Lm9yZyIsImNvbnRyYWN0VHlwZSI6InByaXZhdGUiLCJleHRlcm5hbFVzZXJTb3VyY2UiOm51bGwsImdvZE1vZGUiOnRydWUsImVkdWNvbnQiOnt9LCJfaWQiOiI2NWMzNDFiMmI5MmM3YTVmYmFmZWI2MDcifQ.g8I_2Btv7rGXWFT_jbBB9c0iAVhZshRxVIA8nbNqh0s","default","Mon Oct 05 00:27:57 UTC 2026","passed","Mon Oct 05 00:28:24 UTC 2026","Tests Eors","","",""
"","24108","Каталог заданий: Школьная программа ""Информатика"" — Класс 3","default","Mon Oct 05 02:09:10 UTC 2026","passed","Mon Oct 05 02:09:34 UTC 2026","AuTestCatalogTask","","",""
"","25262","51. EORS: https://edu.ismart.org/catalog/14ff7b-1-klass?view=tasks&auth=eyJhbGciOiJIUzI1NiIsInR5cCI6IkpXVCJ9.eyJpZCI6IjY1YzM0MWIyYjkyYzdhNWZiYWZlYjYwNyIsImlzQWN0aXZlIjp0cnVlLCJpc0d1ZXN0IjpmYWxzZSwiaXNSZWdpc3RyYXRpb25Db21wbGV0ZSI6dHJ1ZSwiaXNDb25maXJtRW1haWwiOmZhbHNlLCJzdHVkZW50cyI6W10sInV0Y09mZnNldCI6MTgwLCJyb2xlIjoic2Nob29sLXRlYWNoZXIiLCJsYXN0TmFtZSI6IiIsImZpcnN0TmFtZSI6ItCf0YDQvtGE0LXRgdGB0LjQvtC90LDQu9GM0L3Ri9C5IiwicGhvbmVOdW1iZXIiOiIiLCJsb2dpbiI6InRlYWNoZXJfZnVsbEBpc21hcnQub3JnIiwiZW1haWwiOiJ0ZWFjaGVyX2Z1bGxAaXNtYXJ0Lm9yZyIsImNvbnRyYWN0VHlwZSI6InByaXZhdGUiLCJleHRlcm5hbFVzZXJTb3VyY2UiOm51bGwsImdvZE1vZGUiOnRydWUsImVkdWNvbnQiOnt9LCJfaWQiOiI2NWMzNDFiMmI5MmM3YTVmYmFmZWI2MDcifQ.g8I_2Btv7rGXWFT_jbBB9c0iAVhZshRxVIA8nbNqh0s","default","Mon Oct 05 00:28:56 UTC 2026","passed","Mon Oct 05 00:29:21 UTC 2026","Tests Eors","","",""
"","30137","Каталог заданий: Подготовка к ВПР ""Математика"" — Класс 3","default","Mon Oct 05 02:21:05 UTC 2026","passed","Mon Oct 05 02:21:35 UTC 2026","AuTestCatalogTask","","",""
"","52866","Каталог заданий: ЗПР ""Биология. 7.1"" — Класс 4","default","Mon Oct 05 03:36:02 UTC 2026","passed","Mon Oct 05 03:36:55 UTC 2026","AuTestCatalogTask","","",""
"","16707","Каталог заданий: ТНР ""Информатика. 5.1"" — Класс 4","default","Mon Oct 05 02:52:39 UTC 2026","passed","Mon Oct 05 02:52:56 UTC 2026","AuTestCatalogTask","","",""
"","21642","Каталог заданий: Школьная программа ""Русский язык"" — Класс 1","default","Mon Oct 05 02:04:21 UTC 2026","passed","Mon Oct 05 02:04:42 UTC 2026","AuTestCatalogTask","","",""
"","26325","Каталог заданий: Слабовидящие ""Окружающий мир. 4.1"" — Класс 1","default","Mon Oct 05 03:05:37 UTC 2026","passed","Mon Oct 05 03:06:03 UTC 2026","AuTestCatalogTask","","",""
"","18684","Каталог заданий: Подготовка к контрольным работам ""Физика"" — Класс 2","default","Mon Oct 05 02:28:27 UTC 2026","passed","Mon Oct 05 02:28:46 UTC 2026","AuTestCatalogTask","","",""
"","27039","Каталог заданий: Дополнительное образование ""Математика"" — Класс 4","default","Mon Oct 05 02:12:48 UTC 2026","passed","Mon Oct 05 02:13:15 UTC 2026","AuTestCatalogTask","","",""
"","39540","Каталог заданий: Подготовка к ЕГЭ ""Русский язык (версия 2026)""","default","Mon Oct 05 02:20:24 UTC 2026","passed","Mon Oct 05 02:21:03 UTC 2026","AuTestCatalogTask","","",""
"","28295","35. EORS: https://edu.ismart.org/catalog/976d47-matematika-slabovidyaschie-uchaschiesya/100-1-chisla-i-velichiny-chisla-v-predelah-100_of9Zf3?view=tasks&categoryCode=0f142f-matematika-2-kl&auth=eyJhbGciOiJIUzI1NiIsInR5cCI6IkpXVCJ9.eyJpZCI6IjY1YzM0MWIyYjkyYzdhNWZiYWZlYjYwNyIsImlzQWN0aXZlIjp0cnVlLCJpc0d1ZXN0IjpmYWxzZSwiaXNSZWdpc3RyYXRpb25Db21wbGV0ZSI6dHJ1ZSwiaXNDb25maXJtRW1haWwiOmZhbHNlLCJzdHVkZW50cyI6W10sInV0Y09mZnNldCI6MTgwLCJyb2xlIjoic2Nob29sLXRlYWNoZXIiLCJsYXN0TmFtZSI6IiIsImZpcnN0TmFtZSI6ItCf0YDQvtGE0LXRgdGB0LjQvtC90LDQu9GM0L3Ri9C5IiwicGhvbmVOdW1iZXIiOiIiLCJsb2dpbiI6InRlYWNoZXJfZnVsbEBpc21hcnQub3JnIiwiZW1haWwiOiJ0ZWFjaGVyX2Z1bGxAaXNtYXJ0Lm9yZyIsImNvbnRyYWN0VHlwZSI6InByaXZhdGUiLCJleHRlcm5hbFVzZXJTb3VyY2UiOm51bGwsImdvZE1vZGUiOnRydWUsImVkdWNvbnQiOnt9LCJfaWQiOiI2NWMzNDFiMmI5MmM3YTVmYmFmZWI2MDcifQ.g8I_2Btv7rGXWFT_jbBB9c0iAVhZshRxVIA8nbNqh0s","default","Mon Oct 05 00:27:02 UTC 2026","passed","Mon Oct 05 00:27:30 UTC 2026","Tests Eors","","",""
"","27559","724. EORS: https://edu.ismart.org/catalog/f846e1-angliiskii-yazik/1-vzaimootnosheniya-v-seme-i-s-druzyami?view=tasks&class=5f63090daee1af001b415303&auth=eyJhbGciOiJIUzI1NiIsInR5cCI6IkpXVCJ9.eyJpZCI6IjY1YzM0MWIyYjkyYzdhNWZiYWZlYjYwNyIsImlzQWN0aXZlIjp0cnVlLCJpc0d1ZXN0IjpmYWxzZSwiaXNSZWdpc3RyYXRpb25Db21wbGV0ZSI6dHJ1ZSwiaXNDb25maXJtRW1haWwiOmZhbHNlLCJzdHVkZW50cyI6W10sInV0Y09mZnNldCI6MTgwLCJyb2xlIjoic2Nob29sLXRlYWNoZXIiLCJsYXN0TmFtZSI6IiIsImZpcnN0TmFtZSI6ItCf0YDQvtGE0LXRgdGB0LjQvtC90LDQu9GM0L3Ri9C5IiwicGhvbmVOdW1iZXIiOiIiLCJsb2dpbiI6InRlYWNoZXJfZnVsbEBpc21hcnQub3JnIiwiZW1haWwiOiJ0ZWFjaGVyX2Z1bGxAaXNtYXJ0Lm9yZyIsImNvbnRyYWN0VHlwZSI6InByaXZhdGUiLCJleHRlcm5hbFVzZXJTb3VyY2UiOm51bGwsImdvZE1vZGUiOnRydWUsImVkdWNvbnQiOnt9LCJfaWQiOiI2NWMzNDFiMmI5MmM3YTVmYmFmZWI2MDcifQ.g8I_2Btv7rGXWFT_jbBB9c0iAVhZshRxVIA8nbNqh0s","default","Mon Oct 05 01:59:56 UTC 2026","passed","Mon Oct 05 02:00:24 UTC 2026","Tests Eors","","",""
"","24974","289. EORS: https://edu.ismart.org/catalog/625397-fizika/10-zadanie-vpr-10?view=tasks&class=64bfa63cd00b08794c3f8b29&auth=eyJhbGciOiJIUzI1NiIsInR5cCI6IkpXVCJ9.eyJpZCI6IjY1YzM0MWIyYjkyYzdhNWZiYWZlYjYwNyIsImlzQWN0aXZlIjp0cnVlLCJpc0d1ZXN0IjpmYWxzZSwiaXNSZWdpc3RyYXRpb25Db21wbGV0ZSI6dHJ1ZSwiaXNDb25maXJtRW1haWwiOmZhbHNlLCJzdHVkZW50cyI6W10sInV0Y09mZnNldCI6MTgwLCJyb2xlIjoic2Nob29sLXRlYWNoZXIiLCJsYXN0TmFtZSI6IiIsImZpcnN0TmFtZSI6ItCf0YDQvtGE0LXRgdGB0LjQvtC90LDQu9GM0L3Ri9C5IiwicGhvbmVOdW1iZXIiOiIiLCJsb2dpbiI6InRlYWNoZXJfZnVsbEBpc21hcnQub3JnIiwiZW1haWwiOiJ0ZWFjaGVyX2Z1bGxAaXNtYXJ0Lm9yZyIsImNvbnRyYWN0VHlwZSI6InByaXZhdGUiLCJleHRlcm5hbFVzZXJTb3VyY2UiOm51bGwsImdvZE1vZGUiOnRydWUsImVkdWNvbnQiOnt9LCJfaWQiOiI2NWMzNDFiMmI5MmM3YTVmYmFmZWI2MDcifQ.g8I_2Btv7rGXWFT_jbBB9c0iAVhZshRxVIA8nbNqh0s","default","Mon Oct 05 01:00:16 UTC 2026","passed","Mon Oct 05 01:00:41 UTC 2026","Tests Eors","","",""
"","15399","Каталог заданий: РАС ""Вероятность и статистика. 8.1"" — Класс 3","default","Mon Oct 05 03:58:43 UTC 2026","passed","Mon Oct 05 03:58:58 UTC 2026","AuTestCatalogTask","","",""
"","11280","Каталог заданий: Русский язык пакеты ""Важные вопросы орфографии (10-11 кл.)"" — Класс 1","default","Mon Oct 05 02:43:47 UTC 2026","passed","Mon Oct 05 02:43:58 UTC 2026","AuTestCatalogTask","","",""
"","23850","222. EORS: https://edu.ismart.org/catalog/4d3b04-veroyatnost-i-statistika/101-predstavlenie-dannyh-opisatelnaya-statistika?view=tasks&class=5f3fa2c7f00eca001c8bd3f9&auth=eyJhbGciOiJIUzI1NiIsInR5cCI6IkpXVCJ9.eyJpZCI6IjY1YzM0MWIyYjkyYzdhNWZiYWZlYjYwNyIsImlzQWN0aXZlIjp0cnVlLCJpc0d1ZXN0IjpmYWxzZSwiaXNSZWdpc3RyYXRpb25Db21wbGV0ZSI6dHJ1ZSwiaXNDb25maXJtRW1haWwiOmZhbHNlLCJzdHVkZW50cyI6W10sInV0Y09mZnNldCI6MTgwLCJyb2xlIjoic2Nob29sLXRlYWNoZXIiLCJsYXN0TmFtZSI6IiIsImZpcnN0TmFtZSI6ItCf0YDQvtGE0LXRgdGB0LjQvtC90LDQu9GM0L3Ri9C5IiwicGhvbmVOdW1iZXIiOiIiLCJsb2dpbiI6InRlYWNoZXJfZnVsbEBpc21hcnQub3JnIiwiZW1haWwiOiJ0ZWFjaGVyX2Z1bGxAaXNtYXJ0Lm9yZyIsImNvbnRyYWN0VHlwZSI6InByaXZhdGUiLCJleHRlcm5hbFVzZXJTb3VyY2UiOm51bGwsImdvZE1vZGUiOnRydWUsImVkdWNvbnQiOnt9LCJfaWQiOiI2NWMzNDFiMmI5MmM3YTVmYmFmZWI2MDcifQ.g8I_2Btv7rGXWFT_jbBB9c0iAVhZshRxVIA8nbNqh0s","default","Mon Oct 05 00:51:26 UTC 2026","passed","Mon Oct 05 00:51:50 UTC 2026","Tests Eors","","",""
"","28358","Каталог заданий: Слепые ""Русский язык. 3.1"" — Класс 4","default","Mon Oct 05 02:54:12 UTC 2026","passed","Mon Oct 05 02:54:40 UTC 2026","AuTestCatalogTask","","",""
"","23678","625. EORS: https://edu.ismart.org/catalog/b943c7-fizika-8-1/1-osnovy-elektrodinamiki-_4rVVkw_1tWOI8?view=tasks&categoryCode=d52d78-11-kl&auth=eyJhbGciOiJIUzI1NiIsInR5cCI6IkpXVCJ9.eyJpZCI6IjY1YzM0MWIyYjkyYzdhNWZiYWZlYjYwNyIsImlzQWN0aXZlIjp0cnVlLCJpc0d1ZXN0IjpmYWxzZSwiaXNSZWdpc3RyYXRpb25Db21wbGV0ZSI6dHJ1ZSwiaXNDb25maXJtRW1haWwiOmZhbHNlLCJzdHVkZW50cyI6W10sInV0Y09mZnNldCI6MTgwLCJyb2xlIjoic2Nob29sLXRlYWNoZXIiLCJsYXN0TmFtZSI6IiIsImZpcnN0TmFtZSI6ItCf0YDQvtGE0LXRgdGB0LjQvtC90LDQu9GM0L3Ri9C5IiwicGhvbmVOdW1iZXIiOiIiLCJsb2dpbiI6InRlYWNoZXJfZnVsbEBpc21hcnQub3JnIiwiZW1haWwiOiJ0ZWFjaGVyX2Z1bGxAaXNtYXJ0Lm9yZyIsImNvbnRyYWN0VHlwZSI6InByaXZhdGUiLCJleHRlcm5hbFVzZXJTb3VyY2UiOm51bGwsImdvZE1vZGUiOnRydWUsImVkdWNvbnQiOnt9LCJfaWQiOiI2NWMzNDFiMmI5MmM3YTVmYmFmZWI2MDcifQ.g8I_2Btv7rGXWFT_jbBB9c0iAVhZshRxVIA8nbNqh0s","default","Mon Oct 05 01:47:14 UTC 2026","passed","Mon Oct 05 01:47:38 UTC 2026","Tests Eors","","",""
"","45673","Каталог заданий: НОДА ""Биология. 6.1"" — Класс 7","default","Mon Oct 05 03:46:31 UTC 2026","passed","Mon Oct 05 03:47:16 UTC 2026","AuTestCatalogTask","","",""
"","26400","47. EORS: https://edu.ismart.org/catalog/c350f7-istoriya-1-1/1-crednie-veka-hronologicheskie-ramki_I0Hujt_84Huir?view=tasks&categoryCode=137789-6-klass&auth=eyJhbGciOiJIUzI1NiIsInR5cCI6IkpXVCJ9.eyJpZCI6IjY1YzM0MWIyYjkyYzdhNWZiYWZlYjYwNyIsImlzQWN0aXZlIjp0cnVlLCJpc0d1ZXN0IjpmYWxzZSwiaXNSZWdpc3RyYXRpb25Db21wbGV0ZSI6dHJ1ZSwiaXNDb25maXJtRW1haWwiOmZhbHNlLCJzdHVkZW50cyI6W10sInV0Y09mZnNldCI6MTgwLCJyb2xlIjoic2Nob29sLXRlYWNoZXIiLCJsYXN0TmFtZSI6IiIsImZpcnN0TmFtZSI6ItCf0YDQvtGE0LXRgdGB0LjQvtC90LDQu9GM0L3Ri9C5IiwicGhvbmVOdW1iZXIiOiIiLCJsb2dpbiI6InRlYWNoZXJfZnVsbEBpc21hcnQub3JnIiwiZW1haWwiOiJ0ZWFjaGVyX2Z1bGxAaXNtYXJ0Lm9yZyIsImNvbnRyYWN0VHlwZSI6InByaXZhdGUiLCJleHRlcm5hbFVzZXJTb3VyY2UiOm51bGwsImdvZE1vZGUiOnRydWUsImVkdWNvbnQiOnt9LCJfaWQiOiI2NWMzNDFiMmI5MmM3YTVmYmFmZWI2MDcifQ.g8I_2Btv7rGXWFT_jbBB9c0iAVhZshRxVIA8nbNqh0s","default","Mon Oct 05 00:28:30 UTC 2026","passed","Mon Oct 05 00:28:56 UTC 2026","Tests Eors","","",""
"","37037","Каталог заданий: РАС ""Математика. 8.1"" — Класс 1","default","Mon Oct 05 03:50:49 UTC 2026","passed","Mon Oct 05 03:51:26 UTC 2026","AuTestCatalogTask","","",""
"","13174","Каталог заданий: Школьная программа ""Родной язык (русский)"" — Класс 1","default","Mon Oct 05 02:11:57 UTC 2026","passed","Mon Oct 05 02:12:10 UTC 2026","AuTestCatalogTask","","",""
"","29314","Каталог заданий: Слабовидящие ""Математика. 4.1"" — Класс 4","default","Mon Oct 05 03:04:24 UTC 2026","passed","Mon Oct 05 03:04:53 UTC 2026","AuTestCatalogTask","","",""
"","19438","Каталог заданий: Специальные курсы ""Скоросчёт"" — Класс 2","default","Mon Oct 05 02:41:21 UTC 2026","passed","Mon Oct 05 02:41:40 UTC 2026","AuTestCatalogTask","","",""
"","21022","Каталог заданий: Слепые ""Русский язык. 3.1"" — Класс 1","default","Mon Oct 05 02:54:05 UTC 2026","passed","Mon Oct 05 02:54:26 UTC 2026","AuTestCatalogTask","","",""
"","28449","Каталог заданий: Школьная программа ""Биология"" — Класс 4","default","Mon Oct 05 02:05:54 UTC 2026","passed","Mon Oct 05 02:06:22 UTC 2026","AuTestCatalogTask","","",""
"","16253","Каталог заданий: РАС ""Геометрия. 8.1"" — Класс 2","default","Mon Oct 05 03:51:58 UTC 2026","passed","Mon Oct 05 03:52:14 UTC 2026","AuTestCatalogTask","","",""
"","54846","178. EORS: https://edu.ismart.org/catalog/05cee6-russkii-yazik-2-1/yazyk-i-rech-tekst_8wtXnw_7Ykipv?view=tasks&categoryCode=3f2f4d-7-klass&auth=eyJhbGciOiJIUzI1NiIsInR5cCI6IkpXVCJ9.eyJpZCI6IjY1YzM0MWIyYjkyYzdhNWZiYWZlYjYwNyIsImlzQWN0aXZlIjp0cnVlLCJpc0d1ZXN0IjpmYWxzZSwiaXNSZWdpc3RyYXRpb25Db21wbGV0ZSI6dHJ1ZSwiaXNDb25maXJtRW1haWwiOmZhbHNlLCJzdHVkZW50cyI6W10sInV0Y09mZnNldCI6MTgwLCJyb2xlIjoic2Nob29sLXRlYWNoZXIiLCJsYXN0TmFtZSI6IiIsImZpcnN0TmFtZSI6ItCf0YDQvtGE0LXRgdGB0LjQvtC90LDQu9GM0L3Ri9C5IiwicGhvbmVOdW1iZXIiOiIiLCJsb2dpbiI6InRlYWNoZXJfZnVsbEBpc21hcnQub3JnIiwiZW1haWwiOiJ0ZWFjaGVyX2Z1bGxAaXNtYXJ0Lm9yZyIsImNvbnRyYWN0VHlwZSI6InByaXZhdGUiLCJleHRlcm5hbFVzZXJTb3VyY2UiOm51bGwsImdvZE1vZGUiOnRydWUsImVkdWNvbnQiOnt9LCJfaWQiOiI2NWMzNDFiMmI5MmM3YTVmYmFmZWI2MDcifQ.g8I_2Btv7rGXWFT_jbBB9c0iAVhZshRxVIA8nbNqh0s","default","Mon Oct 05 00:45:09 UTC 2026","failed","Mon Oct 05 00:46:04 UTC 2026","Tests Eors","","",""
"","36147","Каталог заданий: ТНР ""Математика. 5.1"" — Класс 5","default","Mon Oct 05 02:46:17 UTC 2026","passed","Mon Oct 05 02:46:53 UTC 2026","AuTestCatalogTask","","",""
"","24773","Каталог заданий: ТНР ""Алгебра и начала мат. анализа. 5.1"" — Класс 2","default","Mon Oct 05 02:46:54 UTC 2026","passed","Mon Oct 05 02:47:18 UTC 2026","AuTestCatalogTask","","",""
"","53358","Каталог заданий: НОДА ""Литература. 6.1"" — Класс 7","default","Mon Oct 05 03:43:47 UTC 2026","passed","Mon Oct 05 03:44:40 UTC 2026","AuTestCatalogTask","","",""
"","19386","Каталог заданий: Специальные курсы ""Скоросчёт"" — Класс 1","default","Mon Oct 05 02:41:18 UTC 2026","passed","Mon Oct 05 02:41:38 UTC 2026","AuTestCatalogTask","","",""
"","8546","Каталог заданий: Подготовка к ЕГЭ ""Химия. Варианты КИМ""","default","Mon Oct 05 02:20:50 UTC 2026","passed","Mon Oct 05 02:20:58 UTC 2026","AuTestCatalogTask","","",""
"","29999","Каталог заданий: Слепые ""Химия. 3.1"" — Класс 1","default","Mon Oct 05 03:01:26 UTC 2026","passed","Mon Oct 05 03:01:56 UTC 2026","AuTestCatalogTask","","",""
"","21009","122. EORS: https://edu.ismart.org/catalog/920226-istoriya-6-1/1-crednie-veka-hronologicheskie-ramki_I0Hujt_XAjVyx?view=tasks&categoryCode=2a2a53-6-kl&auth=eyJhbGciOiJIUzI1NiIsInR5cCI6IkpXVCJ9.eyJpZCI6IjY1YzM0MWIyYjkyYzdhNWZiYWZlYjYwNyIsImlzQWN0aXZlIjp0cnVlLCJpc0d1ZXN0IjpmYWxzZSwiaXNSZWdpc3RyYXRpb25Db21wbGV0ZSI6dHJ1ZSwiaXNDb25maXJtRW1haWwiOmZhbHNlLCJzdHVkZW50cyI6W10sInV0Y09mZnNldCI6MTgwLCJyb2xlIjoic2Nob29sLXRlYWNoZXIiLCJsYXN0TmFtZSI6IiIsImZpcnN0TmFtZSI6ItCf0YDQvtGE0LXRgdGB0LjQvtC90LDQu9GM0L3Ri9C5IiwicGhvbmVOdW1iZXIiOiIiLCJsb2dpbiI6InRlYWNoZXJfZnVsbEBpc21hcnQub3JnIiwiZW1haWwiOiJ0ZWFjaGVyX2Z1bGxAaXNtYXJ0Lm9yZyIsImNvbnRyYWN0VHlwZSI6InByaXZhdGUiLCJleHRlcm5hbFVzZXJTb3VyY2UiOm51bGwsImdvZE1vZGUiOnRydWUsImVkdWNvbnQiOnt9LCJfaWQiOiI2NWMzNDFiMmI5MmM3YTVmYmFmZWI2MDcifQ.g8I_2Btv7rGXWFT_jbBB9c0iAVhZshRxVIA8nbNqh0s","default","Mon Oct 05 00:38:35 UTC 2026","passed","Mon Oct 05 00:38:56 UTC 2026","Tests Eors","","",""
"","30838","604. EORS: https://edu.ismart.org/catalog/976d47-matematika-slabovidyaschie-uchaschiesya/1-naturalnye-chisla_37oVLF?view=tasks&categoryCode=cb4853-matematika-6-kl&auth=eyJhbGciOiJIUzI1NiIsInR5cCI6IkpXVCJ9.eyJpZCI6IjY1YzM0MWIyYjkyYzdhNWZiYWZlYjYwNyIsImlzQWN0aXZlIjp0cnVlLCJpc0d1ZXN0IjpmYWxzZSwiaXNSZWdpc3RyYXRpb25Db21wbGV0ZSI6dHJ1ZSwiaXNDb25maXJtRW1haWwiOmZhbHNlLCJzdHVkZW50cyI6W10sInV0Y09mZnNldCI6MTgwLCJyb2xlIjoic2Nob29sLXRlYWNoZXIiLCJsYXN0TmFtZSI6IiIsImZpcnN0TmFtZSI6ItCf0YDQvtGE0LXRgdGB0LjQvtC90LDQu9GM0L3Ri9C5IiwicGhvbmVOdW1iZXIiOiIiLCJsb2dpbiI6InRlYWNoZXJfZnVsbEBpc21hcnQub3JnIiwiZW1haWwiOiJ0ZWFjaGVyX2Z1bGxAaXNtYXJ0Lm9yZyIsImNvbnRyYWN0VHlwZSI6InByaXZhdGUiLCJleHRlcm5hbFVzZXJTb3VyY2UiOm51bGwsImdvZE1vZGUiOnRydWUsImVkdWNvbnQiOnt9LCJfaWQiOiI2NWMzNDFiMmI5MmM3YTVmYmFmZWI2MDcifQ.g8I_2Btv7rGXWFT_jbBB9c0iAVhZshRxVIA8nbNqh0s","default","Mon Oct 05 01:43:49 UTC 2026","passed","Mon Oct 05 01:44:20 UTC 2026","Tests Eors","","",""
"","22864","430. EORS: https://edu.ismart.org/catalog/4f1fcc-angliiskii-yazik-7-1/1-vzaimootnosheniya-v-seme-i-s-druzyami-semenye-prazdniki-obyazannosti-po-domu_K7sW9O_iH2LrX?view=tasks&categoryCode=946457-8-kl&auth=eyJhbGciOiJIUzI1NiIsInR5cCI6IkpXVCJ9.eyJpZCI6IjY1YzM0MWIyYjkyYzdhNWZiYWZlYjYwNyIsImlzQWN0aXZlIjp0cnVlLCJpc0d1ZXN0IjpmYWxzZSwiaXNSZWdpc3RyYXRpb25Db21wbGV0ZSI6dHJ1ZSwiaXNDb25maXJtRW1haWwiOmZhbHNlLCJzdHVkZW50cyI6W10sInV0Y09mZnNldCI6MTgwLCJyb2xlIjoic2Nob29sLXRlYWNoZXIiLCJsYXN0TmFtZSI6IiIsImZpcnN0TmFtZSI6ItCf0YDQvtGE0LXRgdGB0LjQvtC90LDQu9GM0L3Ri9C5IiwicGhvbmVOdW1iZXIiOiIiLCJsb2dpbiI6InRlYWNoZXJfZnVsbEBpc21hcnQub3JnIiwiZW1haWwiOiJ0ZWFjaGVyX2Z1bGxAaXNtYXJ0Lm9yZyIsImNvbnRyYWN0VHlwZSI6InByaXZhdGUiLCJleHRlcm5hbFVzZXJTb3VyY2UiOm51bGwsImdvZE1vZGUiOnRydWUsImVkdWNvbnQiOnt9LCJfaWQiOiI2NWMzNDFiMmI5MmM3YTVmYmFmZWI2MDcifQ.g8I_2Btv7rGXWFT_jbBB9c0iAVhZshRxVIA8nbNqh0s","default","Mon Oct 05 01:18:10 UTC 2026","passed","Mon Oct 05 01:18:33 UTC 2026","Tests Eors","","",""
"","27790","Каталог заданий: Слабовидящие ""Биология. 4.1"" — Класс 5","default","Mon Oct 05 03:10:26 UTC 2026","passed","Mon Oct 05 03:10:53 UTC 2026","AuTestCatalogTask","","",""
"","32227","Каталог заданий: Слепые ""Литература. 3.1"" — Класс 4","default","Mon Oct 05 02:57:07 UTC 2026","passed","Mon Oct 05 02:57:39 UTC 2026","AuTestCatalogTask","","",""
"","53517","341. EORS: https://edu.ismart.org/catalog/7561b0-razvitie-orfograficheskoi-zorkosti/201-razvitie-orfografichesko-zorkosti?view=tasks&class=5a3cef308409440019b57b39&auth=eyJhbGciOiJIUzI1NiIsInR5cCI6IkpXVCJ9.eyJpZCI6IjY1YzM0MWIyYjkyYzdhNWZiYWZlYjYwNyIsImlzQWN0aXZlIjp0cnVlLCJpc0d1ZXN0IjpmYWxzZSwiaXNSZWdpc3RyYXRpb25Db21wbGV0ZSI6dHJ1ZSwiaXNDb25maXJtRW1haWwiOmZhbHNlLCJzdHVkZW50cyI6W10sInV0Y09mZnNldCI6MTgwLCJyb2xlIjoic2Nob29sLXRlYWNoZXIiLCJsYXN0TmFtZSI6IiIsImZpcnN0TmFtZSI6ItCf0YDQvtGE0LXRgdGB0LjQvtC90LDQu9GM0L3Ri9C5IiwicGhvbmVOdW1iZXIiOiIiLCJsb2dpbiI6InRlYWNoZXJfZnVsbEBpc21hcnQub3JnIiwiZW1haWwiOiJ0ZWFjaGVyX2Z1bGxAaXNtYXJ0Lm9yZyIsImNvbnRyYWN0VHlwZSI6InByaXZhdGUiLCJleHRlcm5hbFVzZXJTb3VyY2UiOm51bGwsImdvZE1vZGUiOnRydWUsImVkdWNvbnQiOnt9LCJfaWQiOiI2NWMzNDFiMmI5MmM3YTVmYmFmZWI2MDcifQ.g8I_2Btv7rGXWFT_jbBB9c0iAVhZshRxVIA8nbNqh0s","default","Mon Oct 05 01:07:15 UTC 2026","failed","Mon Oct 05 01:08:08 UTC 2026","Tests Eors","","",""
"","26667","455. EORS: https://edu.ismart.org/catalog/0a2d94-literatura-6-1/1-drevnerusskaya-literatura-jitinaya-literatura_n2S6P3_mLRFie?view=tasks&categoryCode=a1899d-8-kl&auth=eyJhbGciOiJIUzI1NiIsInR5cCI6IkpXVCJ9.eyJpZCI6IjY1YzM0MWIyYjkyYzdhNWZiYWZlYjYwNyIsImlzQWN0aXZlIjp0cnVlLCJpc0d1ZXN0IjpmYWxzZSwiaXNSZWdpc3RyYXRpb25Db21wbGV0ZSI6dHJ1ZSwiaXNDb25maXJtRW1haWwiOmZhbHNlLCJzdHVkZW50cyI6W10sInV0Y09mZnNldCI6MTgwLCJyb2xlIjoic2Nob29sLXRlYWNoZXIiLCJsYXN0TmFtZSI6IiIsImZpcnN0TmFtZSI6ItCf0YDQvtGE0LXRgdGB0LjQvtC90LDQu9GM0L3Ri9C5IiwicGhvbmVOdW1iZXIiOiIiLCJsb2dpbiI6InRlYWNoZXJfZnVsbEBpc21hcnQub3JnIiwiZW1haWwiOiJ0ZWFjaGVyX2Z1bGxAaXNtYXJ0Lm9yZyIsImNvbnRyYWN0VHlwZSI6InByaXZhdGUiLCJleHRlcm5hbFVzZXJTb3VyY2UiOm51bGwsImdvZE1vZGUiOnRydWUsImVkdWNvbnQiOnt9LCJfaWQiOiI2NWMzNDFiMmI5MmM3YTVmYmFmZWI2MDcifQ.g8I_2Btv7rGXWFT_jbBB9c0iAVhZshRxVIA8nbNqh0s","default","Mon Oct 05 01:21:38 UTC 2026","passed","Mon Oct 05 01:22:05 UTC 2026","Tests Eors","","",""
"","23721","532. EORS: https://edu.ismart.org/catalog/bcae5e-algebra/100-podgotovka-k-kr?view=tasks&class=64bfa63cd00b08794c3f8b29&auth=eyJhbGciOiJIUzI1NiIsInR5cCI6IkpXVCJ9.eyJpZCI6IjY1YzM0MWIyYjkyYzdhNWZiYWZlYjYwNyIsImlzQWN0aXZlIjp0cnVlLCJpc0d1ZXN0IjpmYWxzZSwiaXNSZWdpc3RyYXRpb25Db21wbGV0ZSI6dHJ1ZSwiaXNDb25maXJtRW1haWwiOmZhbHNlLCJzdHVkZW50cyI6W10sInV0Y09mZnNldCI6MTgwLCJyb2xlIjoic2Nob29sLXRlYWNoZXIiLCJsYXN0TmFtZSI6IiIsImZpcnN0TmFtZSI6ItCf0YDQvtGE0LXRgdGB0LjQvtC90LDQu9GM0L3Ri9C5IiwicGhvbmVOdW1iZXIiOiIiLCJsb2dpbiI6InRlYWNoZXJfZnVsbEBpc21hcnQub3JnIiwiZW1haWwiOiJ0ZWFjaGVyX2Z1bGxAaXNtYXJ0Lm9yZyIsImNvbnRyYWN0VHlwZSI6InByaXZhdGUiLCJleHRlcm5hbFVzZXJTb3VyY2UiOm51bGwsImdvZE1vZGUiOnRydWUsImVkdWNvbnQiOnt9LCJfaWQiOiI2NWMzNDFiMmI5MmM3YTVmYmFmZWI2MDcifQ.g8I_2Btv7rGXWFT_jbBB9c0iAVhZshRxVIA8nbNqh0s","default","Mon Oct 05 01:32:48 UTC 2026","passed","Mon Oct 05 01:33:11 UTC 2026","Tests Eors","","",""
"","16441","Каталог заданий: ЗПР ""Обществознание. 7.1"" — Класс 5","default","Mon Oct 05 03:35:45 UTC 2026","passed","Mon Oct 05 03:36:02 UTC 2026","AuTestCatalogTask","","",""
"","15381","Каталог заданий: Слабовидящие ""Вероятность и статистика. 4.1"" — Класс 5","default","Mon Oct 05 03:12:08 UTC 2026","passed","Mon Oct 05 03:12:24 UTC 2026","AuTestCatalogTask","","",""
"","13567","Каталог заданий: Слабовидящие ""Геометрия. 4.1"" — Класс 5","default","Mon Oct 05 03:05:35 UTC 2026","passed","Mon Oct 05 03:05:49 UTC 2026","AuTestCatalogTask","","",""
"","25135","120. EORS: https://edu.ismart.org/catalog/293867-algebra/1-vhodnaya--kontrolnaya-rabota?view=tasks&class=61a71c551b0ad63754c198e9&auth=eyJhbGciOiJIUzI1NiIsInR5cCI6IkpXVCJ9.eyJpZCI6IjY1YzM0MWIyYjkyYzdhNWZiYWZlYjYwNyIsImlzQWN0aXZlIjp0cnVlLCJpc0d1ZXN0IjpmYWxzZSwiaXNSZWdpc3RyYXRpb25Db21wbGV0ZSI6dHJ1ZSwiaXNDb25maXJtRW1haWwiOmZhbHNlLCJzdHVkZW50cyI6W10sInV0Y09mZnNldCI6MTgwLCJyb2xlIjoic2Nob29sLXRlYWNoZXIiLCJsYXN0TmFtZSI6IiIsImZpcnN0TmFtZSI6ItCf0YDQvtGE0LXRgdGB0LjQvtC90LDQu9GM0L3Ri9C5IiwicGhvbmVOdW1iZXIiOiIiLCJsb2dpbiI6InRlYWNoZXJfZnVsbEBpc21hcnQub3JnIiwiZW1haWwiOiJ0ZWFjaGVyX2Z1bGxAaXNtYXJ0Lm9yZyIsImNvbnRyYWN0VHlwZSI6InByaXZhdGUiLCJleHRlcm5hbFVzZXJTb3VyY2UiOm51bGwsImdvZE1vZGUiOnRydWUsImVkdWNvbnQiOnt9LCJfaWQiOiI2NWMzNDFiMmI5MmM3YTVmYmFmZWI2MDcifQ.g8I_2Btv7rGXWFT_jbBB9c0iAVhZshRxVIA8nbNqh0s","default","Mon Oct 05 00:38:15 UTC 2026","passed","Mon Oct 05 00:38:40 UTC 2026","Tests Eors","","",""
"","25948","Каталог заданий: Дополнительное образование ""Алгебра"" — Класс 1","default","Mon Oct 05 02:15:55 UTC 2026","passed","Mon Oct 05 02:16:21 UTC 2026","AuTestCatalogTask","","",""
"","16646","Каталог заданий: Подготовка к контрольным работам ""Биология"" — Класс 7","default","Mon Oct 05 02:30:39 UTC 2026","passed","Mon Oct 05 02:30:56 UTC 2026","AuTestCatalogTask","","",""
"","30550","Каталог заданий: Слепые ""Окружающий мир. 3.1"" — Класс 3","default","Mon Oct 05 02:56:36 UTC 2026","passed","Mon Oct 05 02:57:07 UTC 2026","AuTestCatalogTask","","",""
"","27616","Каталог заданий: РАС ""Химия. 8.1"" — Класс 4","default","Mon Oct 05 03:56:58 UTC 2026","passed","Mon Oct 05 03:57:26 UTC 2026","AuTestCatalogTask","","",""
"","26258","586. EORS: https://edu.ismart.org/catalog/cat-hard-ru-lang/slovarnye-slova?view=tasks&class=5a3cef238409440019b57b38&auth=eyJhbGciOiJIUzI1NiIsInR5cCI6IkpXVCJ9.eyJpZCI6IjY1YzM0MWIyYjkyYzdhNWZiYWZlYjYwNyIsImlzQWN0aXZlIjp0cnVlLCJpc0d1ZXN0IjpmYWxzZSwiaXNSZWdpc3RyYXRpb25Db21wbGV0ZSI6dHJ1ZSwiaXNDb25maXJtRW1haWwiOmZhbHNlLCJzdHVkZW50cyI6W10sInV0Y09mZnNldCI6MTgwLCJyb2xlIjoic2Nob29sLXRlYWNoZXIiLCJsYXN0TmFtZSI6IiIsImZpcnN0TmFtZSI6ItCf0YDQvtGE0LXRgdGB0LjQvtC90LDQu9GM0L3Ri9C5IiwicGhvbmVOdW1iZXIiOiIiLCJsb2dpbiI6InRlYWNoZXJfZnVsbEBpc21hcnQub3JnIiwiZW1haWwiOiJ0ZWFjaGVyX2Z1bGxAaXNtYXJ0Lm9yZyIsImNvbnRyYWN0VHlwZSI6InByaXZhdGUiLCJleHRlcm5hbFVzZXJTb3VyY2UiOm51bGwsImdvZE1vZGUiOnRydWUsImVkdWNvbnQiOnt9LCJfaWQiOiI2NWMzNDFiMmI5MmM3YTVmYmFmZWI2MDcifQ.g8I_2Btv7rGXWFT_jbBB9c0iAVhZshRxVIA8nbNqh0s","default","Mon Oct 05 01:40:21 UTC 2026","passed","Mon Oct 05 01:40:47 UTC 2026","Tests Eors","","",""
"","27377","Каталог заданий: Слабослышащие ""Химия. 2.1"" — Класс 4","default","Mon Oct 05 03:28:10 UTC 2026","passed","Mon Oct 05 03:28:37 UTC 2026","AuTestCatalogTask","","",""
"","24389","Каталог заданий: Повторение пройденного материала ""Химия"" — Класс 4","default","Mon Oct 05 02:38:13 UTC 2026","passed","Mon Oct 05 02:38:38 UTC 2026","AuTestCatalogTask","","",""
"","51255","Каталог заданий: НОДА ""Литература. 6.1"" — Класс 1","default","Mon Oct 05 03:42:53 UTC 2026","passed","Mon Oct 05 03:43:44 UTC 2026","AuTestCatalogTask","","",""
"","19641","Каталог заданий: Подготовка к ВПР ""Русский язык. Варианты КИМ""","default","Mon Oct 05 02:24:49 UTC 2026","passed","Mon Oct 05 02:25:09 UTC 2026","AuTestCatalogTask","","",""
"","33543","720. EORS: https://edu.ismart.org/catalog/ee319e-fizika-7-1/1-osnovy-elektrodinamiki-_4rVVkw_8jjkEe?view=tasks&categoryCode=f7e735-11-kl&auth=eyJhbGciOiJIUzI1NiIsInR5cCI6IkpXVCJ9.eyJpZCI6IjY1YzM0MWIyYjkyYzdhNWZiYWZlYjYwNyIsImlzQWN0aXZlIjp0cnVlLCJpc0d1ZXN0IjpmYWxzZSwiaXNSZWdpc3RyYXRpb25Db21wbGV0ZSI6dHJ1ZSwiaXNDb25maXJtRW1haWwiOmZhbHNlLCJzdHVkZW50cyI6W10sInV0Y09mZnNldCI6MTgwLCJyb2xlIjoic2Nob29sLXRlYWNoZXIiLCJsYXN0TmFtZSI6IiIsImZpcnN0TmFtZSI6ItCf0YDQvtGE0LXRgdGB0LjQvtC90LDQu9GM0L3Ri9C5IiwicGhvbmVOdW1iZXIiOiIiLCJsb2dpbiI6InRlYWNoZXJfZnVsbEBpc21hcnQub3JnIiwiZW1haWwiOiJ0ZWFjaGVyX2Z1bGxAaXNtYXJ0Lm9yZyIsImNvbnRyYWN0VHlwZSI6InByaXZhdGUiLCJleHRlcm5hbFVzZXJTb3VyY2UiOm51bGwsImdvZE1vZGUiOnRydWUsImVkdWNvbnQiOnt9LCJfaWQiOiI2NWMzNDFiMmI5MmM3YTVmYmFmZWI2MDcifQ.g8I_2Btv7rGXWFT_jbBB9c0iAVhZshRxVIA8nbNqh0s","default","Mon Oct 05 01:59:23 UTC 2026","passed","Mon Oct 05 01:59:57 UTC 2026","Tests Eors","","",""
"","30395","556. EORS: https://edu.ismart.org/catalog/8f3705-russkii-yazik-noda/yazyk-i-rech_9jhOj7?view=tasks&categoryCode=c4dd36-russkii-yazik-5-kl&auth=eyJhbGciOiJIUzI1NiIsInR5cCI6IkpXVCJ9.eyJpZCI6IjY1YzM0MWIyYjkyYzdhNWZiYWZlYjYwNyIsImlzQWN0aXZlIjp0cnVlLCJpc0d1ZXN0IjpmYWxzZSwiaXNSZWdpc3RyYXRpb25Db21wbGV0ZSI6dHJ1ZSwiaXNDb25maXJtRW1haWwiOmZhbHNlLCJzdHVkZW50cyI6W10sInV0Y09mZnNldCI6MTgwLCJyb2xlIjoic2Nob29sLXRlYWNoZXIiLCJsYXN0TmFtZSI6IiIsImZpcnN0TmFtZSI6ItCf0YDQvtGE0LXRgdGB0LjQvtC90LDQu9GM0L3Ri9C5IiwicGhvbmVOdW1iZXIiOiIiLCJsb2dpbiI6InRlYWNoZXJfZnVsbEBpc21hcnQub3JnIiwiZW1haWwiOiJ0ZWFjaGVyX2Z1bGxAaXNtYXJ0Lm9yZyIsImNvbnRyYWN0VHlwZSI6InByaXZhdGUiLCJleHRlcm5hbFVzZXJTb3VyY2UiOm51bGwsImdvZE1vZGUiOnRydWUsImVkdWNvbnQiOnt9LCJfaWQiOiI2NWMzNDFiMmI5MmM3YTVmYmFmZWI2MDcifQ.g8I_2Btv7rGXWFT_jbBB9c0iAVhZshRxVIA8nbNqh0s","default","Mon Oct 05 01:36:08 UTC 2026","passed","Mon Oct 05 01:36:38 UTC 2026","Tests Eors","","",""
"","22751","96. EORS: https://edu.ismart.org/catalog/219c63-matematika/501-chisla-ot-1-do-9-razlichenie-chtenie-zapis-chislo-i-cifra-0?view=tasks&class=5a3cef0b8409440019b57b36&auth=eyJhbGciOiJIUzI1NiIsInR5cCI6IkpXVCJ9.eyJpZCI6IjY1YzM0MWIyYjkyYzdhNWZiYWZlYjYwNyIsImlzQWN0aXZlIjp0cnVlLCJpc0d1ZXN0IjpmYWxzZSwiaXNSZWdpc3RyYXRpb25Db21wbGV0ZSI6dHJ1ZSwiaXNDb25maXJtRW1haWwiOmZhbHNlLCJzdHVkZW50cyI6W10sInV0Y09mZnNldCI6MTgwLCJyb2xlIjoic2Nob29sLXRlYWNoZXIiLCJsYXN0TmFtZSI6IiIsImZpcnN0TmFtZSI6ItCf0YDQvtGE0LXRgdGB0LjQvtC90LDQu9GM0L3Ri9C5IiwicGhvbmVOdW1iZXIiOiIiLCJsb2dpbiI6InRlYWNoZXJfZnVsbEBpc21hcnQub3JnIiwiZW1haWwiOiJ0ZWFjaGVyX2Z1bGxAaXNtYXJ0Lm9yZyIsImNvbnRyYWN0VHlwZSI6InByaXZhdGUiLCJleHRlcm5hbFVzZXJTb3VyY2UiOm51bGwsImdvZE1vZGUiOnRydWUsImVkdWNvbnQiOnt9LCJfaWQiOiI2NWMzNDFiMmI5MmM3YTVmYmFmZWI2MDcifQ.g8I_2Btv7rGXWFT_jbBB9c0iAVhZshRxVIA8nbNqh0s","default","Mon Oct 05 00:35:17 UTC 2026","passed","Mon Oct 05 00:35:40 UTC 2026","Tests Eors","","",""
"","39185","581. EORS: https://edu.ismart.org/catalog/cat-hard-math/35-sostav-chisla-slozhenie-i-vichitanie-s-perehodom-cherez-desyatok-slozhnie-temi?view=tasks&class=5a3cef178409440019b57b37&auth=eyJhbGciOiJIUzI1NiIsInR5cCI6IkpXVCJ9.eyJpZCI6IjY1YzM0MWIyYjkyYzdhNWZiYWZlYjYwNyIsImlzQWN0aXZlIjp0cnVlLCJpc0d1ZXN0IjpmYWxzZSwiaXNSZWdpc3RyYXRpb25Db21wbGV0ZSI6dHJ1ZSwiaXNDb25maXJtRW1haWwiOmZhbHNlLCJzdHVkZW50cyI6W10sInV0Y09mZnNldCI6MTgwLCJyb2xlIjoic2Nob29sLXRlYWNoZXIiLCJsYXN0TmFtZSI6IiIsImZpcnN0TmFtZSI6ItCf0YDQvtGE0LXRgdGB0LjQvtC90LDQu9GM0L3Ri9C5IiwicGhvbmVOdW1iZXIiOiIiLCJsb2dpbiI6InRlYWNoZXJfZnVsbEBpc21hcnQub3JnIiwiZW1haWwiOiJ0ZWFjaGVyX2Z1bGxAaXNtYXJ0Lm9yZyIsImNvbnRyYWN0VHlwZSI6InByaXZhdGUiLCJleHRlcm5hbFVzZXJTb3VyY2UiOm51bGwsImdvZE1vZGUiOnRydWUsImVkdWNvbnQiOnt9LCJfaWQiOiI2NWMzNDFiMmI5MmM3YTVmYmFmZWI2MDcifQ.g8I_2Btv7rGXWFT_jbBB9c0iAVhZshRxVIA8nbNqh0s","default","Mon Oct 05 01:39:42 UTC 2026","passed","Mon Oct 05 01:40:21 UTC 2026","Tests Eors","","",""
"","21119","Каталог заданий: Подготовка к ЕГЭ ""Литература""","default","Mon Oct 05 02:20:09 UTC 2026","passed","Mon Oct 05 02:20:30 UTC 2026","AuTestCatalogTask","","",""
"","23086","Каталог заданий: Слепые ""Английский язык. 3.1"" — Класс 10","default","Mon Oct 05 03:00:12 UTC 2026","passed","Mon Oct 05 03:00:35 UTC 2026","AuTestCatalogTask","","",""
"","16989","Каталог заданий: РАС ""Геометрия. 8.1"" — Класс 4","default","Mon Oct 05 03:52:14 UTC 2026","passed","Mon Oct 05 03:52:31 UTC 2026","AuTestCatalogTask","","",""
"","29746","254. EORS: https://edu.ismart.org/catalog/14a93a-istoriya-8-1/1-noveshee-vremya_AR7XZS_zpkC0e?view=tasks&categoryCode=5533b9-10-kl&auth=eyJhbGciOiJIUzI1NiIsInR5cCI6IkpXVCJ9.eyJpZCI6IjY1YzM0MWIyYjkyYzdhNWZiYWZlYjYwNyIsImlzQWN0aXZlIjp0cnVlLCJpc0d1ZXN0IjpmYWxzZSwiaXNSZWdpc3RyYXRpb25Db21wbGV0ZSI6dHJ1ZSwiaXNDb25maXJtRW1haWwiOmZhbHNlLCJzdHVkZW50cyI6W10sInV0Y09mZnNldCI6MTgwLCJyb2xlIjoic2Nob29sLXRlYWNoZXIiLCJsYXN0TmFtZSI6IiIsImZpcnN0TmFtZSI6ItCf0YDQvtGE0LXRgdGB0LjQvtC90LDQu9GM0L3Ri9C5IiwicGhvbmVOdW1iZXIiOiIiLCJsb2dpbiI6InRlYWNoZXJfZnVsbEBpc21hcnQub3JnIiwiZW1haWwiOiJ0ZWFjaGVyX2Z1bGxAaXNtYXJ0Lm9yZyIsImNvbnRyYWN0VHlwZSI6InByaXZhdGUiLCJleHRlcm5hbFVzZXJTb3VyY2UiOm51bGwsImdvZE1vZGUiOnRydWUsImVkdWNvbnQiOnt9LCJfaWQiOiI2NWMzNDFiMmI5MmM3YTVmYmFmZWI2MDcifQ.g8I_2Btv7rGXWFT_jbBB9c0iAVhZshRxVIA8nbNqh0s","default","Mon Oct 05 00:55:11 UTC 2026","passed","Mon Oct 05 00:55:41 UTC 2026","Tests Eors","","",""
"","19695","Каталог заданий: Нарушение слуха ""Физика. 1.1"" — Класс 4","default","Mon Oct 05 03:21:13 UTC 2026","passed","Mon Oct 05 03:21:32 UTC 2026","AuTestCatalogTask","","",""
"","22828","437. EORS: https://edu.ismart.org/catalog/98121b-fizika/101-vhodnaya-diagnostika?view=tasks&class=61a71c551b0ad63754c198e9&auth=eyJhbGciOiJIUzI1NiIsInR5cCI6IkpXVCJ9.eyJpZCI6IjY1YzM0MWIyYjkyYzdhNWZiYWZlYjYwNyIsImlzQWN0aXZlIjp0cnVlLCJpc0d1ZXN0IjpmYWxzZSwiaXNSZWdpc3RyYXRpb25Db21wbGV0ZSI6dHJ1ZSwiaXNDb25maXJtRW1haWwiOmZhbHNlLCJzdHVkZW50cyI6W10sInV0Y09mZnNldCI6MTgwLCJyb2xlIjoic2Nob29sLXRlYWNoZXIiLCJsYXN0TmFtZSI6IiIsImZpcnN0TmFtZSI6ItCf0YDQvtGE0LXRgdGB0LjQvtC90LDQu9GM0L3Ri9C5IiwicGhvbmVOdW1iZXIiOiIiLCJsb2dpbiI6InRlYWNoZXJfZnVsbEBpc21hcnQub3JnIiwiZW1haWwiOiJ0ZWFjaGVyX2Z1bGxAaXNtYXJ0Lm9yZyIsImNvbnRyYWN0VHlwZSI6InByaXZhdGUiLCJleHRlcm5hbFVzZXJTb3VyY2UiOm51bGwsImdvZE1vZGUiOnRydWUsImVkdWNvbnQiOnt9LCJfaWQiOiI2NWMzNDFiMmI5MmM3YTVmYmFmZWI2MDcifQ.g8I_2Btv7rGXWFT_jbBB9c0iAVhZshRxVIA8nbNqh0s","default","Mon Oct 05 01:19:06 UTC 2026","passed","Mon Oct 05 01:19:29 UTC 2026","Tests Eors","","",""
"","17537","Каталог заданий: ЗПР ""Вероятность и статистика. 7.1"" — Класс 5","default","Mon Oct 05 03:39:26 UTC 2026","passed","Mon Oct 05 03:39:44 UTC 2026","AuTestCatalogTask","","",""
"","25095","Каталог заданий: Повторение пройденного материала ""Английский язык"" — Класс 9","default","Mon Oct 05 02:34:22 UTC 2026","passed","Mon Oct 05 02:34:47 UTC 2026","AuTestCatalogTask","","",""
"","23520","531. EORS: https://edu.ismart.org/catalog/bcae5e-algebra/100-podgotovka-k-vhodno-kontrolno-rabote-neobhodimy-minimum-znani?view=tasks&class=61890fee84e9f601793b0348&auth=eyJhbGciOiJIUzI1NiIsInR5cCI6IkpXVCJ9.eyJpZCI6IjY1YzM0MWIyYjkyYzdhNWZiYWZlYjYwNyIsImlzQWN0aXZlIjp0cnVlLCJpc0d1ZXN0IjpmYWxzZSwiaXNSZWdpc3RyYXRpb25Db21wbGV0ZSI6dHJ1ZSwiaXNDb25maXJtRW1haWwiOmZhbHNlLCJzdHVkZW50cyI6W10sInV0Y09mZnNldCI6MTgwLCJyb2xlIjoic2Nob29sLXRlYWNoZXIiLCJsYXN0TmFtZSI6IiIsImZpcnN0TmFtZSI6ItCf0YDQvtGE0LXRgdGB0LjQvtC90LDQu9GM0L3Ri9C5IiwicGhvbmVOdW1iZXIiOiIiLCJsb2dpbiI6InRlYWNoZXJfZnVsbEBpc21hcnQub3JnIiwiZW1haWwiOiJ0ZWFjaGVyX2Z1bGxAaXNtYXJ0Lm9yZyIsImNvbnRyYWN0VHlwZSI6InByaXZhdGUiLCJleHRlcm5hbFVzZXJTb3VyY2UiOm51bGwsImdvZE1vZGUiOnRydWUsImVkdWNvbnQiOnt9LCJfaWQiOiI2NWMzNDFiMmI5MmM3YTVmYmFmZWI2MDcifQ.g8I_2Btv7rGXWFT_jbBB9c0iAVhZshRxVIA8nbNqh0s","default","Mon Oct 05 01:32:46 UTC 2026","passed","Mon Oct 05 01:33:10 UTC 2026","Tests Eors","","",""
"","24926","Каталог заданий: Повторение пройденного материала ""Русский язык"" — Класс 3","default","Mon Oct 05 02:32:15 UTC 2026","passed","Mon Oct 05 02:32:40 UTC 2026","AuTestCatalogTask","","",""
"","17241","Каталог заданий: Слепые ""Информатика. 3.1"" — Класс 4","default","Mon Oct 05 03:03:07 UTC 2026","passed","Mon Oct 05 03:03:25 UTC 2026","AuTestCatalogTask","","",""
"","28223","541. EORS: https://edu.ismart.org/catalog/8dc0be-algebra/1-chisla-i-vychisleniya?categoryCode=be2bab-algebra-8-klass&view=tasks&auth=eyJhbGciOiJIUzI1NiIsInR5cCI6IkpXVCJ9.eyJpZCI6IjY1YzM0MWIyYjkyYzdhNWZiYWZlYjYwNyIsImlzQWN0aXZlIjp0cnVlLCJpc0d1ZXN0IjpmYWxzZSwiaXNSZWdpc3RyYXRpb25Db21wbGV0ZSI6dHJ1ZSwiaXNDb25maXJtRW1haWwiOmZhbHNlLCJzdHVkZW50cyI6W10sInV0Y09mZnNldCI6MTgwLCJyb2xlIjoic2Nob29sLXRlYWNoZXIiLCJsYXN0TmFtZSI6IiIsImZpcnN0TmFtZSI6ItCf0YDQvtGE0LXRgdGB0LjQvtC90LDQu9GM0L3Ri9C5IiwicGhvbmVOdW1iZXIiOiIiLCJsb2dpbiI6InRlYWNoZXJfZnVsbEBpc21hcnQub3JnIiwiZW1haWwiOiJ0ZWFjaGVyX2Z1bGxAaXNtYXJ0Lm9yZyIsImNvbnRyYWN0VHlwZSI6InByaXZhdGUiLCJleHRlcm5hbFVzZXJTb3VyY2UiOm51bGwsImdvZE1vZGUiOnRydWUsImVkdWNvbnQiOnt9LCJfaWQiOiI2NWMzNDFiMmI5MmM3YTVmYmFmZWI2MDcifQ.g8I_2Btv7rGXWFT_jbBB9c0iAVhZshRxVIA8nbNqh0s","default","Mon Oct 05 01:33:56 UTC 2026","passed","Mon Oct 05 01:34:24 UTC 2026","Tests Eors","","",""
"","28397","717. EORS: https://edu.ismart.org/catalog/4c5ed4-literatura-8-1/1-mifologiya_zWl9mA_A6cTdW?view=tasks&categoryCode=f6a4e1-5-kl&auth=eyJhbGciOiJIUzI1NiIsInR5cCI6IkpXVCJ9.eyJpZCI6IjY1YzM0MWIyYjkyYzdhNWZiYWZlYjYwNyIsImlzQWN0aXZlIjp0cnVlLCJpc0d1ZXN0IjpmYWxzZSwiaXNSZWdpc3RyYXRpb25Db21wbGV0ZSI6dHJ1ZSwiaXNDb25maXJtRW1haWwiOmZhbHNlLCJzdHVkZW50cyI6W10sInV0Y09mZnNldCI6MTgwLCJyb2xlIjoic2Nob29sLXRlYWNoZXIiLCJsYXN0TmFtZSI6IiIsImZpcnN0TmFtZSI6ItCf0YDQvtGE0LXRgdGB0LjQvtC90LDQu9GM0L3Ri9C5IiwicGhvbmVOdW1iZXIiOiIiLCJsb2dpbiI6InRlYWNoZXJfZnVsbEBpc21hcnQub3JnIiwiZW1haWwiOiJ0ZWFjaGVyX2Z1bGxAaXNtYXJ0Lm9yZyIsImNvbnRyYWN0VHlwZSI6InByaXZhdGUiLCJleHRlcm5hbFVzZXJTb3VyY2UiOm51bGwsImdvZE1vZGUiOnRydWUsImVkdWNvbnQiOnt9LCJfaWQiOiI2NWMzNDFiMmI5MmM3YTVmYmFmZWI2MDcifQ.g8I_2Btv7rGXWFT_jbBB9c0iAVhZshRxVIA8nbNqh0s","default","Mon Oct 05 01:58:57 UTC 2026","passed","Mon Oct 05 01:59:25 UTC 2026","Tests Eors","","",""
"","20047","155. EORS: https://edu.ismart.org/catalog/95d37e-biologiya-1-1/1-sistematika-i-klassifikaciya-rasteni_bQ8Guo_nwJF6i?view=tasks&categoryCode=367f17-7-klass&auth=eyJhbGciOiJIUzI1NiIsInR5cCI6IkpXVCJ9.eyJpZCI6IjY1YzM0MWIyYjkyYzdhNWZiYWZlYjYwNyIsImlzQWN0aXZlIjp0cnVlLCJpc0d1ZXN0IjpmYWxzZSwiaXNSZWdpc3RyYXRpb25Db21wbGV0ZSI6dHJ1ZSwiaXNDb25maXJtRW1haWwiOmZhbHNlLCJzdHVkZW50cyI6W10sInV0Y09mZnNldCI6MTgwLCJyb2xlIjoic2Nob29sLXRlYWNoZXIiLCJsYXN0TmFtZSI6IiIsImZpcnN0TmFtZSI6ItCf0YDQvtGE0LXRgdGB0LjQvtC90LDQu9GM0L3Ri9C5IiwicGhvbmVOdW1iZXIiOiIiLCJsb2dpbiI6InRlYWNoZXJfZnVsbEBpc21hcnQub3JnIiwiZW1haWwiOiJ0ZWFjaGVyX2Z1bGxAaXNtYXJ0Lm9yZyIsImNvbnRyYWN0VHlwZSI6InByaXZhdGUiLCJleHRlcm5hbFVzZXJTb3VyY2UiOm51bGwsImdvZE1vZGUiOnRydWUsImVkdWNvbnQiOnt9LCJfaWQiOiI2NWMzNDFiMmI5MmM3YTVmYmFmZWI2MDcifQ.g8I_2Btv7rGXWFT_jbBB9c0iAVhZshRxVIA8nbNqh0s","default","Mon Oct 05 00:42:48 UTC 2026","passed","Mon Oct 05 00:43:08 UTC 2026","Tests Eors","","",""
"","16074","Каталог заданий: НОДА ""Обществознание. 6.1"" — Класс 5","default","Mon Oct 05 03:45:31 UTC 2026","passed","Mon Oct 05 03:45:47 UTC 2026","AuTestCatalogTask","","",""
"","22073","183. EORS: https://edu.ismart.org/catalog/32ade4-fizika-1-1/1-mehanika_xOqlNV_DKU1TW?view=tasks&categoryCode=40d3f2-9-klass&auth=eyJhbGciOiJIUzI1NiIsInR5cCI6IkpXVCJ9.eyJpZCI6IjY1YzM0MWIyYjkyYzdhNWZiYWZlYjYwNyIsImlzQWN0aXZlIjp0cnVlLCJpc0d1ZXN0IjpmYWxzZSwiaXNSZWdpc3RyYXRpb25Db21wbGV0ZSI6dHJ1ZSwiaXNDb25maXJtRW1haWwiOmZhbHNlLCJzdHVkZW50cyI6W10sInV0Y09mZnNldCI6MTgwLCJyb2xlIjoic2Nob29sLXRlYWNoZXIiLCJsYXN0TmFtZSI6IiIsImZpcnN0TmFtZSI6ItCf0YDQvtGE0LXRgdGB0LjQvtC90LDQu9GM0L3Ri9C5IiwicGhvbmVOdW1iZXIiOiIiLCJsb2dpbiI6InRlYWNoZXJfZnVsbEBpc21hcnQub3JnIiwiZW1haWwiOiJ0ZWFjaGVyX2Z1bGxAaXNtYXJ0Lm9yZyIsImNvbnRyYWN0VHlwZSI6InByaXZhdGUiLCJleHRlcm5hbFVzZXJTb3VyY2UiOm51bGwsImdvZE1vZGUiOnRydWUsImVkdWNvbnQiOnt9LCJfaWQiOiI2NWMzNDFiMmI5MmM3YTVmYmFmZWI2MDcifQ.g8I_2Btv7rGXWFT_jbBB9c0iAVhZshRxVIA8nbNqh0s","default","Mon Oct 05 00:46:05 UTC 2026","passed","Mon Oct 05 00:46:28 UTC 2026","Tests Eors","","",""
"","24496","Каталог заданий: Повторение пройденного материала ""Алгебра и начала мат. анализа"" — Класс 1","default","Mon Oct 05 02:36:49 UTC 2026","passed","Mon Oct 05 02:37:14 UTC 2026","AuTestCatalogTask","","",""
"","25735","Каталог заданий: Повторение пройденного материала ""Английский язык"" — Класс 6","default","Mon Oct 05 02:33:57 UTC 2026","passed","Mon Oct 05 02:34:23 UTC 2026","AuTestCatalogTask","","",""
"","25217","450. EORS: https://edu.ismart.org/catalog/9fee31-podgotovka-k-ege-po-himii/30-zadanie-ege--1?view=tasks&auth=eyJhbGciOiJIUzI1NiIsInR5cCI6IkpXVCJ9.eyJpZCI6IjY1YzM0MWIyYjkyYzdhNWZiYWZlYjYwNyIsImlzQWN0aXZlIjp0cnVlLCJpc0d1ZXN0IjpmYWxzZSwiaXNSZWdpc3RyYXRpb25Db21wbGV0ZSI6dHJ1ZSwiaXNDb25maXJtRW1haWwiOmZhbHNlLCJzdHVkZW50cyI6W10sInV0Y09mZnNldCI6MTgwLCJyb2xlIjoic2Nob29sLXRlYWNoZXIiLCJsYXN0TmFtZSI6IiIsImZpcnN0TmFtZSI6ItCf0YDQvtGE0LXRgdGB0LjQvtC90LDQu9GM0L3Ri9C5IiwicGhvbmVOdW1iZXIiOiIiLCJsb2dpbiI6InRlYWNoZXJfZnVsbEBpc21hcnQub3JnIiwiZW1haWwiOiJ0ZWFjaGVyX2Z1bGxAaXNtYXJ0Lm9yZyIsImNvbnRyYWN0VHlwZSI6InByaXZhdGUiLCJleHRlcm5hbFVzZXJTb3VyY2UiOm51bGwsImdvZE1vZGUiOnRydWUsImVkdWNvbnQiOnt9LCJfaWQ","default","Mon Oct 05 01:20:51 UTC 2026","passed","Mon Oct 05 01:21:17 UTC 2026","Tests Eors","","",""
"","17235","Каталог заданий: Школьная программа ""Вероятность и статистика"" — Класс 1","default","Mon Oct 05 02:10:57 UTC 2026","passed","Mon Oct 05 02:11:15 UTC 2026","AuTestCatalogTask","","",""
"","22568","150. EORS: https://edu.ismart.org/catalog/95d37e-biologiya-1-1/1-botanika--nauka-o-rasteniyah_5dmWy5_8f8zey?view=tasks&categoryCode=345438-6-klass&auth=eyJhbGciOiJIUzI1NiIsInR5cCI6IkpXVCJ9.eyJpZCI6IjY1YzM0MWIyYjkyYzdhNWZiYWZlYjYwNyIsImlzQWN0aXZlIjp0cnVlLCJpc0d1ZXN0IjpmYWxzZSwiaXNSZWdpc3RyYXRpb25Db21wbGV0ZSI6dHJ1ZSwiaXNDb25maXJtRW1haWwiOmZhbHNlLCJzdHVkZW50cyI6W10sInV0Y09mZnNldCI6MTgwLCJyb2xlIjoic2Nob29sLXRlYWNoZXIiLCJsYXN0TmFtZSI6IiIsImZpcnN0TmFtZSI6ItCf0YDQvtGE0LXRgdGB0LjQvtC90LDQu9GM0L3Ri9C5IiwicGhvbmVOdW1iZXIiOiIiLCJsb2dpbiI6InRlYWNoZXJfZnVsbEBpc21hcnQub3JnIiwiZW1haWwiOiJ0ZWFjaGVyX2Z1bGxAaXNtYXJ0Lm9yZyIsImNvbnRyYWN0VHlwZSI6InByaXZhdGUiLCJleHRlcm5hbFVzZXJTb3VyY2UiOm51bGwsImdvZE1vZGUiOnRydWUsImVkdWNvbnQiOnt9LCJfaWQiOiI2NWMzNDFiMmI5MmM3YTVmYmFmZWI2MDcifQ.g8I_2Btv7rGXWFT_jbBB9c0iAVhZshRxVIA8nbNqh0s","default","Mon Oct 05 00:42:17 UTC 2026","passed","Mon Oct 05 00:42:40 UTC 2026","Tests Eors","","",""
"","24383","693. EORS: https://edu.ismart.org/catalog/edd3ff-geometriya/61-1-nedelya-ponyatie-vektora?view=tasks&class=61a71c551b0ad63754c198e9&auth=eyJhbGciOiJIUzI1NiIsInR5cCI6IkpXVCJ9.eyJpZCI6IjY1YzM0MWIyYjkyYzdhNWZiYWZlYjYwNyIsImlzQWN0aXZlIjp0cnVlLCJpc0d1ZXN0IjpmYWxzZSwiaXNSZWdpc3RyYXRpb25Db21wbGV0ZSI6dHJ1ZSwiaXNDb25maXJtRW1haWwiOmZhbHNlLCJzdHVkZW50cyI6W10sInV0Y09mZnNldCI6MTgwLCJyb2xlIjoic2Nob29sLXRlYWNoZXIiLCJsYXN0TmFtZSI6IiIsImZpcnN0TmFtZSI6ItCf0YDQvtGE0LXRgdGB0LjQvtC90LDQu9GM0L3Ri9C5IiwicGhvbmVOdW1iZXIiOiIiLCJsb2dpbiI6InRlYWNoZXJfZnVsbEBpc21hcnQub3JnIiwiZW1haWwiOiJ0ZWFjaGVyX2Z1bGxAaXNtYXJ0Lm9yZyIsImNvbnRyYWN0VHlwZSI6InByaXZhdGUiLCJleHRlcm5hbFVzZXJTb3VyY2UiOm51bGwsImdvZE1vZGUiOnRydWUsImVkdWNvbnQiOnt9LCJfaWQiOiI2NWMzNDFiMmI5MmM3YTVmYmFmZWI2MDcifQ.g8I_2Btv7rGXWFT_jbBB9c0iAVhZshRxVIA8nbNqh0s","default","Mon Oct 05 01:56:20 UTC 2026","passed","Mon Oct 05 01:56:44 UTC 2026","Tests Eors","","",""
"","18864","Каталог заданий: Школьная программа ""Вероятность и статистика"" — Класс 4","default","Mon Oct 05 02:11:08 UTC 2026","passed","Mon Oct 05 02:11:26 UTC 2026","AuTestCatalogTask","","",""
"","23205","Каталог заданий: Повторение пройденного материала ""Обществознание"" — Класс 3","default","Mon Oct 05 02:39:18 UTC 2026","passed","Mon Oct 05 02:39:42 UTC 2026","AuTestCatalogTask","","",""
"","48389","489. EORS: https://edu.ismart.org/catalog/acb475-angliiskii-yazik-8-1/1-moya-semya--moi-druzya-semenye-prazdniki--den-rojdeniya-novy-god_juPw1Z_QuDzbg?view=tasks&categoryCode=aca680-5-kl&auth=eyJhbGciOiJIUzI1NiIsInR5cCI6IkpXVCJ9.eyJpZCI6IjY1YzM0MWIyYjkyYzdhNWZiYWZlYjYwNyIsImlzQWN0aXZlIjp0cnVlLCJpc0d1ZXN0IjpmYWxzZSwiaXNSZWdpc3RyYXRpb25Db21wbGV0ZSI6dHJ1ZSwiaXNDb25maXJtRW1haWwiOmZhbHNlLCJzdHVkZW50cyI6W10sInV0Y09mZnNldCI6MTgwLCJyb2xlIjoic2Nob29sLXRlYWNoZXIiLCJsYXN0TmFtZSI6IiIsImZpcnN0TmFtZSI6ItCf0YDQvtGE0LXRgdGB0LjQvtC90LDQu9GM0L3Ri9C5IiwicGhvbmVOdW1iZXIiOiIiLCJsb2dpbiI6InRlYWNoZXJfZnVsbEBpc21hcnQub3JnIiwiZW1haWwiOiJ0ZWFjaGVyX2Z1bGxAaXNtYXJ0Lm9yZyIsImNvbnRyYWN0VHlwZSI6InByaXZhdGUiLCJleHRlcm5hbFVzZXJTb3VyY2UiOm51bGwsImdvZE1vZGUiOnRydWUsImVkdWNvbnQiOnt9LCJfaWQiOiI2NWMzNDFiMmI5MmM3YTVmYmFmZWI2MDcifQ.g8I_2Btv7rGXWFT_jbBB9c0iAVhZshRxVIA8nbNqh0s","default","Mon Oct 05 01:26:15 UTC 2026","failed","Mon Oct 05 01:27:04 UTC 2026","Tests Eors","","",""
"","18004","Каталог заданий: Подготовка к контрольным работам ""Литература"" — Класс 1","default","Mon Oct 05 02:28:46 UTC 2026","passed","Mon Oct 05 02:29:04 UTC 2026","AuTestCatalogTask","","",""
"","29167","714. EORS: https://edu.ismart.org/catalog/acb475-angliiskii-yazik-8-1/1-vzaimootnosheniya-v-seme-i-s-druzyami-semenye-prazdniki-obyazannosti-po-domu_UUtGBH_quImEC?view=tasks&categoryCode=f5cb7e-7-kl&auth=eyJhbGciOiJIUzI1NiIsInR5cCI6IkpXVCJ9.eyJpZCI6IjY1YzM0MWIyYjkyYzdhNWZiYWZlYjYwNyIsImlzQWN0aXZlIjp0cnVlLCJpc0d1ZXN0IjpmYWxzZSwiaXNSZWdpc3RyYXRpb25Db21wbGV0ZSI6dHJ1ZSwiaXNDb25maXJtRW1haWwiOmZhbHNlLCJzdHVkZW50cyI6W10sInV0Y09mZnNldCI6MTgwLCJyb2xlIjoic2Nob29sLXRlYWNoZXIiLCJsYXN0TmFtZSI6IiIsImZpcnN0TmFtZSI6ItCf0YDQvtGE0LXRgdGB0LjQvtC90LDQu9GM0L3Ri9C5IiwicGhvbmVOdW1iZXIiOiIiLCJsb2dpbiI6InRlYWNoZXJfZnVsbEBpc21hcnQub3JnIiwiZW1haWwiOiJ0ZWFjaGVyX2Z1bGxAaXNtYXJ0Lm9yZyIsImNvbnRyYWN0VHlwZSI6InByaXZhdGUiLCJleHRlcm5hbFVzZXJTb3VyY2UiOm51bGwsImdvZE1vZGUiOnRydWUsImVkdWNvbnQiOnt9LCJfaWQiOiI2NWMzNDFiMmI5MmM3YTVmYmFmZWI2MDcifQ.g8I_2Btv7rGXWFT_jbBB9c0iAVhZshRxVIA8nbNqh0s","default","Mon Oct 05 01:58:51 UTC 2026","passed","Mon Oct 05 01:59:20 UTC 2026","Tests Eors","","",""
"","16719","Каталог заданий: Подготовка к ВПР ""Английский язык"" — Класс 6","default","Mon Oct 05 02:23:00 UTC 2026","passed","Mon Oct 05 02:23:16 UTC 2026","AuTestCatalogTask","","",""
"","21238","167. EORS: https://edu.ismart.org/catalog/3a0a1f-russkii-yazik/1-20252026-vpr-po-russkomu-yazyku?view=tasks&class=5f3fa2c7f00eca001c8bd3f9&auth=eyJhbGciOiJIUzI1NiIsInR5cCI6IkpXVCJ9.eyJpZCI6IjY1YzM0MWIyYjkyYzdhNWZiYWZlYjYwNyIsImlzQWN0aXZlIjp0cnVlLCJpc0d1ZXN0IjpmYWxzZSwiaXNSZWdpc3RyYXRpb25Db21wbGV0ZSI6dHJ1ZSwiaXNDb25maXJtRW1haWwiOmZhbHNlLCJzdHVkZW50cyI6W10sInV0Y09mZnNldCI6MTgwLCJyb2xlIjoic2Nob29sLXRlYWNoZXIiLCJsYXN0TmFtZSI6IiIsImZpcnN0TmFtZSI6ItCf0YDQvtGE0LXRgdGB0LjQvtC90LDQu9GM0L3Ri9C5IiwicGhvbmVOdW1iZXIiOiIiLCJsb2dpbiI6InRlYWNoZXJfZnVsbEBpc21hcnQub3JnIiwiZW1haWwiOiJ0ZWFjaGVyX2Z1bGxAaXNtYXJ0Lm9yZyIsImNvbnRyYWN0VHlwZSI6InByaXZhdGUiLCJleHRlcm5hbFVzZXJTb3VyY2UiOm51bGwsImdvZE1vZGUiOnRydWUsImVkdWNvbnQiOnt9LCJfaWQiOiI2NWMzNDFiMmI5MmM3YTVmYmFmZWI2MDcifQ.g8I_2Btv7rGXWFT_jbBB9c0iAVhZshRxVIA8nbNqh0s","default","Mon Oct 05 00:44:02 UTC 2026","passed","Mon Oct 05 00:44:23 UTC 2026","Tests Eors","","",""
"","22935","43. EORS: https://edu.ismart.org/catalog/124c05-informatika/10-kontrolnaya-rabota--1-po-teme-teoreticheskie-osnovy-informatiki?view=tasks&class=64bfa63cd00b08794c3f8b29&auth=eyJhbGciOiJIUzI1NiIsInR5cCI6IkpXVCJ9.eyJpZCI6IjY1YzM0MWIyYjkyYzdhNWZiYWZlYjYwNyIsImlzQWN0aXZlIjp0cnVlLCJpc0d1ZXN0IjpmYWxzZSwiaXNSZWdpc3RyYXRpb25Db21wbGV0ZSI6dHJ1ZSwiaXNDb25maXJtRW1haWwiOmZhbHNlLCJzdHVkZW50cyI6W10sInV0Y09mZnNldCI6MTgwLCJyb2xlIjoic2Nob29sLXRlYWNoZXIiLCJsYXN0TmFtZSI6IiIsImZpcnN0TmFtZSI6ItCf0YDQvtGE0LXRgdGB0LjQvtC90LDQu9GM0L3Ri9C5IiwicGhvbmVOdW1iZXIiOiIiLCJsb2dpbiI6InRlYWNoZXJfZnVsbEBpc21hcnQub3JnIiwiZW1haWwiOiJ0ZWFjaGVyX2Z1bGxAaXNtYXJ0Lm9yZyIsImNvbnRyYWN0VHlwZSI6InByaXZhdGUiLCJleHRlcm5hbFVzZXJTb3VyY2UiOm51bGwsImdvZE1vZGUiOnRydWUsImVkdWNvbnQiOnt9LCJfaWQiOiI2NWMzNDFiMmI5MmM3YTVmYmFmZWI2MDcifQ.g8I_2Btv7rGXWFT_jbBB9c0iAVhZshRxVIA8nbNqh0s","default","Mon Oct 05 00:28:07 UTC 2026","passed","Mon Oct 05 00:28:30 UTC 2026","Tests Eors","","",""
"","24120","Каталог заданий: ЗПР ""Математика. 7.1"" — Класс 3","default","Mon Oct 05 03:31:23 UTC 2026","passed","Mon Oct 05 03:31:48 UTC 2026","AuTestCatalogTask","","",""
"","17107","Каталог заданий: Дополнительное образование ""Окружающий мир"" — Класс 1","default","Mon Oct 05 02:14:15 UTC 2026","passed","Mon Oct 05 02:14:32 UTC 2026","AuTestCatalogTask","","",""
"","44153","Каталог заданий: ТНР ""Биология. 5.1"" — Класс 3","default","Mon Oct 05 02:47:59 UTC 2026","passed","Mon Oct 05 02:48:43 UTC 2026","AuTestCatalogTask","","",""
"","24066","684. EORS: https://edu.ismart.org/catalog/ecfd1c-angliiskii-yazik/60-1-nedelya-vzaimootnosheniya-v-seme-i-s-druzyami?view=tasks&class=5f197003b96284001b29733d&auth=eyJhbGciOiJIUzI1NiIsInR5cCI6IkpXVCJ9.eyJpZCI6IjY1YzM0MWIyYjkyYzdhNWZiYWZlYjYwNyIsImlzQWN0aXZlIjp0cnVlLCJpc0d1ZXN0IjpmYWxzZSwiaXNSZWdpc3RyYXRpb25Db21wbGV0ZSI6dHJ1ZSwiaXNDb25maXJtRW1haWwiOmZhbHNlLCJzdHVkZW50cyI6W10sInV0Y09mZnNldCI6MTgwLCJyb2xlIjoic2Nob29sLXRlYWNoZXIiLCJsYXN0TmFtZSI6IiIsImZpcnN0TmFtZSI6ItCf0YDQvtGE0LXRgdGB0LjQvtC90LDQu9GM0L3Ri9C5IiwicGhvbmVOdW1iZXIiOiIiLCJsb2dpbiI6InRlYWNoZXJfZnVsbEBpc21hcnQub3JnIiwiZW1haWwiOiJ0ZWFjaGVyX2Z1bGxAaXNtYXJ0Lm9yZyIsImNvbnRyYWN0VHlwZSI6InByaXZhdGUiLCJleHRlcm5hbFVzZXJTb3VyY2UiOm51bGwsImdvZE1vZGUiOnRydWUsImVkdWNvbnQiOnt9LCJfaWQiOiI2NWMzNDFiMmI5MmM3YTVmYmFmZWI2MDcifQ.g8I_2Btv7rGXWFT_jbBB9c0iAVhZshRxVIA8nbNqh0s","default","Mon Oct 05 01:55:27 UTC 2026","passed","Mon Oct 05 01:55:51 UTC 2026","Tests Eors","","",""
"","31483","613. EORS: https://edu.ismart.org/catalog/df7ab7-russkii-yazik-ras/1-obshchie-svedeniya-o-yazyke_DjCgo2?view=tasks&categoryCode=cfd8cb-russkii-yazik-10-kl&auth=eyJhbGciOiJIUzI1NiIsInR5cCI6IkpXVCJ9.eyJpZCI6IjY1YzM0MWIyYjkyYzdhNWZiYWZlYjYwNyIsImlzQWN0aXZlIjp0cnVlLCJpc0d1ZXN0IjpmYWxzZSwiaXNSZWdpc3RyYXRpb25Db21wbGV0ZSI6dHJ1ZSwiaXNDb25maXJtRW1haWwiOmZhbHNlLCJzdHVkZW50cyI6W10sInV0Y09mZnNldCI6MTgwLCJyb2xlIjoic2Nob29sLXRlYWNoZXIiLCJsYXN0TmFtZSI6IiIsImZpcnN0TmFtZSI6ItCf0YDQvtGE0LXRgdGB0LjQvtC90LDQu9GM0L3Ri9C5IiwicGhvbmVOdW1iZXIiOiIiLCJsb2dpbiI6InRlYWNoZXJfZnVsbEBpc21hcnQub3JnIiwiZW1haWwiOiJ0ZWFjaGVyX2Z1bGxAaXNtYXJ0Lm9yZyIsImNvbnRyYWN0VHlwZSI6InByaXZhdGUiLCJleHRlcm5hbFVzZXJTb3VyY2UiOm51bGwsImdvZE1vZGUiOnRydWUsImVkdWNvbnQiOnt9LCJfaWQiOiI2NWMzNDFiMmI5MmM3YTVmYmFmZWI2MDcifQ.g8I_2Btv7rGXWFT_jbBB9c0iAVhZshRxVIA8nbNqh0s","default","Mon Oct 05 01:45:20 UTC 2026","passed","Mon Oct 05 01:45:51 UTC 2026","Tests Eors","","",""
"","14362","Каталог заданий: НОДА ""Алгебра. 6.1"" — Класс 1","default","Mon Oct 05 03:41:35 UTC 2026","passed","Mon Oct 05 03:41:49 UTC 2026","AuTestCatalogTask","","",""
"","23744","712. EORS: https://edu.ismart.org/catalog/2a5e18-russkii-yazik-1-ntr/fonetika-grafika-orfoepiya_vLmiSe?view=tasks&categoryCode=f4a849-russkii-yazik-9-klass&auth=eyJhbGciOiJIUzI1NiIsInR5cCI6IkpXVCJ9.eyJpZCI6IjY1YzM0MWIyYjkyYzdhNWZiYWZlYjYwNyIsImlzQWN0aXZlIjp0cnVlLCJpc0d1ZXN0IjpmYWxzZSwiaXNSZWdpc3RyYXRpb25Db21wbGV0ZSI6dHJ1ZSwiaXNDb25maXJtRW1haWwiOmZhbHNlLCJzdHVkZW50cyI6W10sInV0Y09mZnNldCI6MTgwLCJyb2xlIjoic2Nob29sLXRlYWNoZXIiLCJsYXN0TmFtZSI6IiIsImZpcnN0TmFtZSI6ItCf0YDQvtGE0LXRgdGB0LjQvtC90LDQu9GM0L3Ri9C5IiwicGhvbmVOdW1iZXIiOiIiLCJsb2dpbiI6InRlYWNoZXJfZnVsbEBpc21hcnQub3JnIiwiZW1haWwiOiJ0ZWFjaGVyX2Z1bGxAaXNtYXJ0Lm9yZyIsImNvbnRyYWN0VHlwZSI6InByaXZhdGUiLCJleHRlcm5hbFVzZXJTb3VyY2UiOm51bGwsImdvZE1vZGUiOnRydWUsImVkdWNvbnQiOnt9LCJfaWQiOiI2NWMzNDFiMmI5MmM3YTVmYmFmZWI2MDcifQ.g8I_2Btv7rGXWFT_jbBB9c0iAVhZshRxVIA8nbNqh0s","default","Mon Oct 05 01:58:28 UTC 2026","passed","Mon Oct 05 01:58:52 UTC 2026","Tests Eors","","",""
"","46561","423. EORS: https://edu.ismart.org/catalog/3560fe-veroyatnost-i-statistika-1-1/15-opisatelnaya-statistika-veroyatnost-i-statistika_1pykOy_s8rKyI?view=tasks&categoryCode=932ecf-10-kl&auth=eyJhbGciOiJIUzI1NiIsInR5cCI6IkpXVCJ9.eyJpZCI6IjY1YzM0MWIyYjkyYzdhNWZiYWZlYjYwNyIsImlzQWN0aXZlIjp0cnVlLCJpc0d1ZXN0IjpmYWxzZSwiaXNSZWdpc3RyYXRpb25Db21wbGV0ZSI6dHJ1ZSwiaXNDb25maXJtRW1haWwiOmZhbHNlLCJzdHVkZW50cyI6W10sInV0Y09mZnNldCI6MTgwLCJyb2xlIjoic2Nob29sLXRlYWNoZXIiLCJsYXN0TmFtZSI6IiIsImZpcnN0TmFtZSI6ItCf0YDQvtGE0LXRgdGB0LjQvtC90LDQu9GM0L3Ri9C5IiwicGhvbmVOdW1iZXIiOiIiLCJsb2dpbiI6InRlYWNoZXJfZnVsbEBpc21hcnQub3JnIiwiZW1haWwiOiJ0ZWFjaGVyX2Z1bGxAaXNtYXJ0Lm9yZyIsImNvbnRyYWN0VHlwZSI6InByaXZhdGUiLCJleHRlcm5hbFVzZXJTb3VyY2UiOm51bGwsImdvZE1vZGUiOnRydWUsImVkdWNvbnQiOnt9LCJfaWQiOiI2NWMzNDFiMmI5MmM3YTVmYmFmZWI2MDcifQ.g8I_2Btv7rGXWFT_jbBB9c0iAVhZshRxVIA8nbNqh0s","default","Mon Oct 05 01:17:18 UTC 2026","failed","Mon Oct 05 01:18:05 UTC 2026","Tests Eors","","",""
"","15094","Каталог заданий: ЗПР ""Физика. 7.1"" — Класс 1","default","Mon Oct 05 03:37:38 UTC 2026","passed","Mon Oct 05 03:37:54 UTC 2026","AuTestCatalogTask","","",""
"","43383","Каталог заданий: Слабослышащие ""История. 2.1"" — Класс 7","default","Mon Oct 05 03:27:19 UTC 2026","passed","Mon Oct 05 03:28:02 UTC 2026","AuTestCatalogTask","","",""
"","24826","17. EORS: https://edu.ismart.org/catalog/04e661-angliiskii-yazik/00-vhodnoe-testirovanie?view=tasks&class=61a71c551b0ad63754c198e9&auth=eyJhbGciOiJIUzI1NiIsInR5cCI6IkpXVCJ9.eyJpZCI6IjY1YzM0MWIyYjkyYzdhNWZiYWZlYjYwNyIsImlzQWN0aXZlIjp0cnVlLCJpc0d1ZXN0IjpmYWxzZSwiaXNSZWdpc3RyYXRpb25Db21wbGV0ZSI6dHJ1ZSwiaXNDb25maXJtRW1haWwiOmZhbHNlLCJzdHVkZW50cyI6W10sInV0Y09mZnNldCI6MTgwLCJyb2xlIjoic2Nob29sLXRlYWNoZXIiLCJsYXN0TmFtZSI6IiIsImZpcnN0TmFtZSI6ItCf0YDQvtGE0LXRgdGB0LjQvtC90LDQu9GM0L3Ri9C5IiwicGhvbmVOdW1iZXIiOiIiLCJsb2dpbiI6InRlYWNoZXJfZnVsbEBpc21hcnQub3JnIiwiZW1haWwiOiJ0ZWFjaGVyX2Z1bGxAaXNtYXJ0Lm9yZyIsImNvbnRyYWN0VHlwZSI6InByaXZhdGUiLCJleHRlcm5hbFVzZXJTb3VyY2UiOm51bGwsImdvZE1vZGUiOnRydWUsImVkdWNvbnQiOnt9LCJfaWQiOiI2NWMzNDFiMmI5MmM3YTVmYmFmZWI2MDcifQ.g8I_2Btv7rGXWFT_jbBB9c0iAVhZshRxVIA8nbNqh0s","default","Mon Oct 05 00:24:14 UTC 2026","passed","Mon Oct 05 00:24:38 UTC 2026","Tests Eors","","",""
"","24284","Каталог заданий: Повторение пройденного материала ""Литература"" — Класс 7","default","Mon Oct 05 02:35:46 UTC 2026","passed","Mon Oct 05 02:36:10 UTC 2026","AuTestCatalogTask","","",""
"","10978","Каталог заданий: Русский язык пакеты ""Пунктуационная грамотность (5-9 кл.)"" — Класс 2","default","Mon Oct 05 02:43:24 UTC 2026","passed","Mon Oct 05 02:43:35 UTC 2026","AuTestCatalogTask","","",""
"","36337","Каталог заданий: НОДА ""Математика. 6.1"" — Класс 5","default","Mon Oct 05 03:41:27 UTC 2026","passed","Mon Oct 05 03:42:03 UTC 2026","AuTestCatalogTask","","",""
"","14928","Каталог заданий: НОДА ""Русский язык. 6.1"" — Класс 11","default","Mon Oct 05 03:40:46 UTC 2026","passed","Mon Oct 05 03:41:01 UTC 2026","AuTestCatalogTask","","",""
"","57564","591. EORS: https://edu.ismart.org/catalog/cat-prepare-test-work-math/99-vhodnaya-kontrolnaya-rabota?view=tasks&class=5ef1b652250d56001b4f771b&auth=eyJhbGciOiJIUzI1NiIsInR5cCI6IkpXVCJ9.eyJpZCI6IjY1YzM0MWIyYjkyYzdhNWZiYWZlYjYwNyIsImlzQWN0aXZlIjp0cnVlLCJpc0d1ZXN0IjpmYWxzZSwiaXNSZWdpc3RyYXRpb25Db21wbGV0ZSI6dHJ1ZSwiaXNDb25maXJtRW1haWwiOmZhbHNlLCJzdHVkZW50cyI6W10sInV0Y09mZnNldCI6MTgwLCJyb2xlIjoic2Nob29sLXRlYWNoZXIiLCJsYXN0TmFtZSI6IiIsImZpcnN0TmFtZSI6ItCf0YDQvtGE0LXRgdGB0LjQvtC90LDQu9GM0L3Ri9C5IiwicGhvbmVOdW1iZXIiOiIiLCJsb2dpbiI6InRlYWNoZXJfZnVsbEBpc21hcnQub3JnIiwiZW1haWwiOiJ0ZWFjaGVyX2Z1bGxAaXNtYXJ0Lm9yZyIsImNvbnRyYWN0VHlwZSI6InByaXZhdGUiLCJleHRlcm5hbFVzZXJTb3VyY2UiOm51bGwsImdvZE1vZGUiOnRydWUsImVkdWNvbnQiOnt9LCJfaWQiOiI2NWMzNDFiMmI5MmM3YTVmYmFmZWI2MDcifQ.g8I_2Btv7rGXWFT_jbBB9c0iAVhZshRxVIA8nbNqh0s","default","Mon Oct 05 01:41:15 UTC 2026","failed","Mon Oct 05 01:42:12 UTC 2026","Tests Eors","","",""
"","14382","Каталог заданий: Подготовка к контрольным работам ""Химия"" — Класс 4","default","Mon Oct 05 02:30:09 UTC 2026","passed","Mon Oct 05 02:30:24 UTC 2026","AuTestCatalogTask","","",""
"","44464","Каталог заданий: ТНР ""Биология. 5.1"" — Класс 1","default","Mon Oct 05 02:47:41 UTC 2026","passed","Mon Oct 05 02:48:25 UTC 2026","AuTestCatalogTask","","",""
"","10136","Авторизация учителя 'Профессиональный' по ссылке EORs","default","Mon Oct 05 00:22:05 UTC 2026","failed","Mon Oct 05 00:22:15 UTC 2026","Tests Eors","","",""
"","66371","Каталог заданий: Нарушение слуха ""Биология. 1.1"" — Класс 6","default","Mon Oct 05 03:19:59 UTC 2026","passed","Mon Oct 05 03:21:05 UTC 2026","AuTestCatalogTask","","",""
"","23469","431. EORS: https://edu.ismart.org/catalog/2ef122-matematika-tnr/01-chisla-i-velichiny-chisla-ot-0-do-20?view=tasks&categoryCode=947cb0-matematika-2-kl&auth=eyJhbGciOiJIUzI1NiIsInR5cCI6IkpXVCJ9.eyJpZCI6IjY1YzM0MWIyYjkyYzdhNWZiYWZlYjYwNyIsImlzQWN0aXZlIjp0cnVlLCJpc0d1ZXN0IjpmYWxzZSwiaXNSZWdpc3RyYXRpb25Db21wbGV0ZSI6dHJ1ZSwiaXNDb25maXJtRW1haWwiOmZhbHNlLCJzdHVkZW50cyI6W10sInV0Y09mZnNldCI6MTgwLCJyb2xlIjoic2Nob29sLXRlYWNoZXIiLCJsYXN0TmFtZSI6IiIsImZpcnN0TmFtZSI6ItCf0YDQvtGE0LXRgdGB0LjQvtC90LDQu9GM0L3Ri9C5IiwicGhvbmVOdW1iZXIiOiIiLCJsb2dpbiI6InRlYWNoZXJfZnVsbEBpc21hcnQub3JnIiwiZW1haWwiOiJ0ZWFjaGVyX2Z1bGxAaXNtYXJ0Lm9yZyIsImNvbnRyYWN0VHlwZSI6InByaXZhdGUiLCJleHRlcm5hbFVzZXJTb3VyY2UiOm51bGwsImdvZE1vZGUiOnRydWUsImVkdWNvbnQiOnt9LCJfaWQiOiI2NWMzNDFiMmI5MmM3YTVmYmFmZWI2MDcifQ.g8I_2Btv7rGXWFT_jbBB9c0iAVhZshRxVIA8nbNqh0s","default","Mon Oct 05 01:18:20 UTC 2026","passed","Mon Oct 05 01:18:44 UTC 2026","Tests Eors","","",""
"","34614","195. EORS: https://edu.ismart.org/catalog/44b1bc-biologiya-tnr/1-chelovek--biosocialny-vid_eQaIgY?view=tasks&categoryCode=46c5a4-biologiya-9-kl&auth=eyJhbGciOiJIUzI1NiIsInR5cCI6IkpXVCJ9.eyJpZCI6IjY1YzM0MWIyYjkyYzdhNWZiYWZlYjYwNyIsImlzQWN0aXZlIjp0cnVlLCJpc0d1ZXN0IjpmYWxzZSwiaXNSZWdpc3RyYXRpb25Db21wbGV0ZSI6dHJ1ZSwiaXNDb25maXJtRW1haWwiOmZhbHNlLCJzdHVkZW50cyI6W10sInV0Y09mZnNldCI6MTgwLCJyb2xlIjoic2Nob29sLXRlYWNoZXIiLCJsYXN0TmFtZSI6IiIsImZpcnN0TmFtZSI6ItCf0YDQvtGE0LXRgdGB0LjQvtC90LDQu9GM0L3Ri9C5IiwicGhvbmVOdW1iZXIiOiIiLCJsb2dpbiI6InRlYWNoZXJfZnVsbEBpc21hcnQub3JnIiwiZW1haWwiOiJ0ZWFjaGVyX2Z1bGxAaXNtYXJ0Lm9yZyIsImNvbnRyYWN0VHlwZSI6InByaXZhdGUiLCJleHRlcm5hbFVzZXJTb3VyY2UiOm51bGwsImdvZE1vZGUiOnRydWUsImVkdWNvbnQiOnt9LCJfaWQiOiI2NWMzNDFiMmI5MmM3YTVmYmFmZWI2MDcifQ.g8I_2Btv7rGXWFT_jbBB9c0iAVhZshRxVIA8nbNqh0s","default","Mon Oct 05 00:47:47 UTC 2026","passed","Mon Oct 05 00:48:22 UTC 2026","Tests Eors","","",""
"","31004","Каталог заданий: Школьная программа ""Литература"" — Класс 6","default","Mon Oct 05 02:08:42 UTC 2026","passed","Mon Oct 05 02:09:13 UTC 2026","AuTestCatalogTask","","",""
"","19998","Каталог заданий: СПО ""Информатика. 144 ч.""","default","Mon Oct 05 02:41:14 UTC 2026","passed","Mon Oct 05 02:41:34 UTC 2026","AuTestCatalogTask","","",""
"","12805","Каталог заданий: Подготовка к ОГЭ ""Литература""","default","Mon Oct 05 02:18:28 UTC 2026","passed","Mon Oct 05 02:18:41 UTC 2026","AuTestCatalogTask","","",""
"","29740","710. EORS: https://edu.ismart.org/catalog/eac093-biologiya/1-zoologiya--nauka-o-jivotnyh?view=tasks&categoryCode=f45622-8-klass&auth=eyJhbGciOiJIUzI1NiIsInR5cCI6IkpXVCJ9.eyJpZCI6IjY1YzM0MWIyYjkyYzdhNWZiYWZlYjYwNyIsImlzQWN0aXZlIjp0cnVlLCJpc0d1ZXN0IjpmYWxzZSwiaXNSZWdpc3RyYXRpb25Db21wbGV0ZSI6dHJ1ZSwiaXNDb25maXJtRW1haWwiOmZhbHNlLCJzdHVkZW50cyI6W10sInV0Y09mZnNldCI6MTgwLCJyb2xlIjoic2Nob29sLXRlYWNoZXIiLCJsYXN0TmFtZSI6IiIsImZpcnN0TmFtZSI6ItCf0YDQvtGE0LXRgdGB0LjQvtC90LDQu9GM0L3Ri9C5IiwicGhvbmVOdW1iZXIiOiIiLCJsb2dpbiI6InRlYWNoZXJfZnVsbEBpc21hcnQub3JnIiwiZW1haWwiOiJ0ZWFjaGVyX2Z1bGxAaXNtYXJ0Lm9yZyIsImNvbnRyYWN0VHlwZSI6InByaXZhdGUiLCJleHRlcm5hbFVzZXJTb3VyY2UiOm51bGwsImdvZE1vZGUiOnRydWUsImVkdWNvbnQiOnt9LCJfaWQiOiI2NWMzNDFiMmI5MmM3YTVmYmFmZWI2MDcifQ.g8I_2Btv7rGXWFT_jbBB9c0iAVhZshRxVIA8nbNqh0s","default","Mon Oct 05 01:58:27 UTC 2026","passed","Mon Oct 05 01:58:57 UTC 2026","Tests Eors","","",""
"","24252","36. EORS: https://edu.ismart.org/catalog/3478fa-russkii-yazik-slepie-uchaschiesya/orfografiya_iZc0wC?view=tasks&categoryCode=0fb34b-russkii-yazik-7-kl&auth=eyJhbGciOiJIUzI1NiIsInR5cCI6IkpXVCJ9.eyJpZCI6IjY1YzM0MWIyYjkyYzdhNWZiYWZlYjYwNyIsImlzQWN0aXZlIjp0cnVlLCJpc0d1ZXN0IjpmYWxzZSwiaXNSZWdpc3RyYXRpb25Db21wbGV0ZSI6dHJ1ZSwiaXNDb25maXJtRW1haWwiOmZhbHNlLCJzdHVkZW50cyI6W10sInV0Y09mZnNldCI6MTgwLCJyb2xlIjoic2Nob29sLXRlYWNoZXIiLCJsYXN0TmFtZSI6IiIsImZpcnN0TmFtZSI6ItCf0YDQvtGE0LXRgdGB0LjQvtC90LDQu9GM0L3Ri9C5IiwicGhvbmVOdW1iZXIiOiIiLCJsb2dpbiI6InRlYWNoZXJfZnVsbEBpc21hcnQub3JnIiwiZW1haWwiOiJ0ZWFjaGVyX2Z1bGxAaXNtYXJ0Lm9yZyIsImNvbnRyYWN0VHlwZSI6InByaXZhdGUiLCJleHRlcm5hbFVzZXJTb3VyY2UiOm51bGwsImdvZE1vZGUiOnRydWUsImVkdWNvbnQiOnt9LCJfaWQiOiI2NWMzNDFiMmI5MmM3YTVmYmFmZWI2MDcifQ.g8I_2Btv7rGXWFT_jbBB9c0iAVhZshRxVIA8nbNqh0s","default","Mon Oct 05 00:27:06 UTC 2026","passed","Mon Oct 05 00:27:30 UTC 2026","Tests Eors","","",""
"","33644","229. EORS: https://edu.ismart.org/catalog/4d9a3c-fizika/13-1-nedelya-magnitnoe-pole-elektromagnitnaya-indukciya?view=tasks&class=61890fee84e9f601793b0348&auth=eyJhbGciOiJIUzI1NiIsInR5cCI6IkpXVCJ9.eyJpZCI6IjY1YzM0MWIyYjkyYzdhNWZiYWZlYjYwNyIsImlzQWN0aXZlIjp0cnVlLCJpc0d1ZXN0IjpmYWxzZSwiaXNSZWdpc3RyYXRpb25Db21wbGV0ZSI6dHJ1ZSwiaXNDb25maXJtRW1haWwiOmZhbHNlLCJzdHVkZW50cyI6W10sInV0Y09mZnNldCI6MTgwLCJyb2xlIjoic2Nob29sLXRlYWNoZXIiLCJsYXN0TmFtZSI6IiIsImZpcnN0TmFtZSI6ItCf0YDQvtGE0LXRgdGB0LjQvtC90LDQu9GM0L3Ri9C5IiwicGhvbmVOdW1iZXIiOiIiLCJsb2dpbiI6InRlYWNoZXJfZnVsbEBpc21hcnQub3JnIiwiZW1haWwiOiJ0ZWFjaGVyX2Z1bGxAaXNtYXJ0Lm9yZyIsImNvbnRyYWN0VHlwZSI6InByaXZhdGUiLCJleHRlcm5hbFVzZXJTb3VyY2UiOm51bGwsImdvZE1vZGUiOnRydWUsImVkdWNvbnQiOnt9LCJfaWQiOiI2NWMzNDFiMmI5MmM3YTVmYmFmZWI2MDcifQ.g8I_2Btv7rGXWFT_jbBB9c0iAVhZshRxVIA8nbNqh0s","default","Mon Oct 05 00:52:21 UTC 2026","passed","Mon Oct 05 00:52:54 UTC 2026","Tests Eors","","",""
"","34648","Каталог заданий: Подготовка к ЕГЭ ""Обществознание""","default","Mon Oct 05 02:19:50 UTC 2026","passed","Mon Oct 05 02:20:25 UTC 2026","AuTestCatalogTask","","",""
"","26255","Каталог заданий: ЗПР ""Окружающий мир. 7.1"" — Класс 1","default","Mon Oct 05 03:32:48 UTC 2026","passed","Mon Oct 05 03:33:14 UTC 2026","AuTestCatalogTask","","",""
"","14329","Каталог заданий: РАС ""Русский язык. 8.1"" — Класс 11","default","Mon Oct 05 03:50:45 UTC 2026","passed","Mon Oct 05 03:50:59 UTC 2026","AuTestCatalogTask","","",""
"","19554","Каталог заданий: Подготовка к ЕГЭ ""Русский язык. Варианты КИМ""","default","Mon Oct 05 02:20:30 UTC 2026","passed","Mon Oct 05 02:20:50 UTC 2026","AuTestCatalogTask","","",""
"","21802","Каталог заданий: Подготовка к ВПР ""Русский язык"" — Класс 5","default","Mon Oct 05 02:22:05 UTC 2026","passed","Mon Oct 05 02:22:27 UTC 2026","AuTestCatalogTask","","",""
"","22527","287. EORS: https://edu.ismart.org/catalog/625397-fizika/1-vopros-vpr-1?view=tasks&class=5f3fa2c7f00eca001c8bd3f9&auth=eyJhbGciOiJIUzI1NiIsInR5cCI6IkpXVCJ9.eyJpZCI6IjY1YzM0MWIyYjkyYzdhNWZiYWZlYjYwNyIsImlzQWN0aXZlIjp0cnVlLCJpc0d1ZXN0IjpmYWxzZSwiaXNSZWdpc3RyYXRpb25Db21wbGV0ZSI6dHJ1ZSwiaXNDb25maXJtRW1haWwiOmZhbHNlLCJzdHVkZW50cyI6W10sInV0Y09mZnNldCI6MTgwLCJyb2xlIjoic2Nob29sLXRlYWNoZXIiLCJsYXN0TmFtZSI6IiIsImZpcnN0TmFtZSI6ItCf0YDQvtGE0LXRgdGB0LjQvtC90LDQu9GM0L3Ri9C5IiwicGhvbmVOdW1iZXIiOiIiLCJsb2dpbiI6InRlYWNoZXJfZnVsbEBpc21hcnQub3JnIiwiZW1haWwiOiJ0ZWFjaGVyX2Z1bGxAaXNtYXJ0Lm9yZyIsImNvbnRyYWN0VHlwZSI6InByaXZhdGUiLCJleHRlcm5hbFVzZXJTb3VyY2UiOm51bGwsImdvZE1vZGUiOnRydWUsImVkdWNvbnQiOnt9LCJfaWQiOiI2NWMzNDFiMmI5MmM3YTVmYmFmZWI2MDcifQ.g8I_2Btv7rGXWFT_jbBB9c0iAVhZshRxVIA8nbNqh0s","default","Mon Oct 05 01:00:10 UTC 2026","passed","Mon Oct 05 01:00:33 UTC 2026","Tests Eors","","",""
"","28731","Каталог заданий: Дополнительное образование ""Английский язык"" — Класс 1","default","Mon Oct 05 02:13:19 UTC 2026","passed","Mon Oct 05 02:13:48 UTC 2026","AuTestCatalogTask","","",""
"","71081","524. EORS: https://edu.ismart.org/catalog/208f8d-russkii-yazik-zpr/1-obshchie-svedeniya-o-yazyke_UtlT5B?view=tasks&categoryCode=b7fcc9-russkii-yazik-10-kl&auth=eyJhbGciOiJIUzI1NiIsInR5cCI6IkpXVCJ9.eyJpZCI6IjY1YzM0MWIyYjkyYzdhNWZiYWZlYjYwNyIsImlzQWN0aXZlIjp0cnVlLCJpc0d1ZXN0IjpmYWxzZSwiaXNSZWdpc3RyYXRpb25Db21wbGV0ZSI6dHJ1ZSwiaXNDb25maXJtRW1haWwiOmZhbHNlLCJzdHVkZW50cyI6W10sInV0Y09mZnNldCI6MTgwLCJyb2xlIjoic2Nob29sLXRlYWNoZXIiLCJsYXN0TmFtZSI6IiIsImZpcnN0TmFtZSI6ItCf0YDQvtGE0LXRgdGB0LjQvtC90LDQu9GM0L3Ri9C5IiwicGhvbmVOdW1iZXIiOiIiLCJsb2dpbiI6InRlYWNoZXJfZnVsbEBpc21hcnQub3JnIiwiZW1haWwiOiJ0ZWFjaGVyX2Z1bGxAaXNtYXJ0Lm9yZyIsImNvbnRyYWN0VHlwZSI6InByaXZhdGUiLCJleHRlcm5hbFVzZXJTb3VyY2UiOm51bGwsImdvZE1vZGUiOnRydWUsImVkdWNvbnQiOnt9LCJfaWQiOiI2NWMzNDFiMmI5MmM3YTVmYmFmZWI2MDcifQ.g8I_2Btv7rGXWFT_jbBB9c0iAVhZshRxVIA8nbNqh0s","default","Mon Oct 05 01:31:48 UTC 2026","failed","Mon Oct 05 01:32:59 UTC 2026","Tests Eors","","",""
"","19725","Каталог заданий: Подготовка к ЕГЭ ""История. Варианты КИМ""","default","Mon Oct 05 02:20:45 UTC 2026","passed","Mon Oct 05 02:21:05 UTC 2026","AuTestCatalogTask","","",""
"","20437","Каталог заданий: РАС ""Алгебра и начала мат. анализа. 8.1"" — Класс 1","default","Mon Oct 05 03:51:46 UTC 2026","passed","Mon Oct 05 03:52:06 UTC 2026","AuTestCatalogTask","","",""
"","23482","Каталог заданий: Повторение пройденного материала ""Геометрия"" — Класс 1","default","Mon Oct 05 02:36:10 UTC 2026","passed","Mon Oct 05 02:36:34 UTC 2026","AuTestCatalogTask","","",""
"","50682","Каталог заданий: Нарушение слуха ""Литература. 1.1"" — Класс 7","default","Mon Oct 05 03:16:24 UTC 2026","passed","Mon Oct 05 03:17:15 UTC 2026","AuTestCatalogTask","","",""
"","22789","565. EORS: https://edu.ismart.org/catalog/e1a3dc-biologiya-7-1/1-biologiya-v-sisteme-nauk_v12iJp_GbQpOO?view=tasks&categoryCode=c7ace8-10-kl&auth=eyJhbGciOiJIUzI1NiIsInR5cCI6IkpXVCJ9.eyJpZCI6IjY1YzM0MWIyYjkyYzdhNWZiYWZlYjYwNyIsImlzQWN0aXZlIjp0cnVlLCJpc0d1ZXN0IjpmYWxzZSwiaXNSZWdpc3RyYXRpb25Db21wbGV0ZSI6dHJ1ZSwiaXNDb25maXJtRW1haWwiOmZhbHNlLCJzdHVkZW50cyI6W10sInV0Y09mZnNldCI6MTgwLCJyb2xlIjoic2Nob29sLXRlYWNoZXIiLCJsYXN0TmFtZSI6IiIsImZpcnN0TmFtZSI6ItCf0YDQvtGE0LXRgdGB0LjQvtC90LDQu9GM0L3Ri9C5IiwicGhvbmVOdW1iZXIiOiIiLCJsb2dpbiI6InRlYWNoZXJfZnVsbEBpc21hcnQub3JnIiwiZW1haWwiOiJ0ZWFjaGVyX2Z1bGxAaXNtYXJ0Lm9yZyIsImNvbnRyYWN0VHlwZSI6InByaXZhdGUiLCJleHRlcm5hbFVzZXJTb3VyY2UiOm51bGwsImdvZE1vZGUiOnRydWUsImVkdWNvbnQiOnt9LCJfaWQiOiI2NWMzNDFiMmI5MmM3YTVmYmFmZWI2MDcifQ.g8I_2Btv7rGXWFT_jbBB9c0iAVhZshRxVIA8nbNqh0s","default","Mon Oct 05 01:37:18 UTC 2026","passed","Mon Oct 05 01:37:41 UTC 2026","Tests Eors","","",""
"","52389","452. EORS: https://edu.ismart.org/catalog/1aa8e2-okruzhayuschii-mir-narushenie-sluha/01-chelovek-i-obshchestvo-nasha-rodina--rossiskaya-federaciya-_nzDuwc?view=tasks&categoryCode=a0ebda-okruzhayuschii-4-kl&auth=eyJhbGciOiJIUzI1NiIsInR5cCI6IkpXVCJ9.eyJpZCI6IjY1YzM0MWIyYjkyYzdhNWZiYWZlYjYwNyIsImlzQWN0aXZlIjp0cnVlLCJpc0d1ZXN0IjpmYWxzZSwiaXNSZWdpc3RyYXRpb25Db21wbGV0ZSI6dHJ1ZSwiaXNDb25maXJtRW1haWwiOmZhbHNlLCJzdHVkZW50cyI6W10sInV0Y09mZnNldCI6MTgwLCJyb2xlIjoic2Nob29sLXRlYWNoZXIiLCJsYXN0TmFtZSI6IiIsImZpcnN0TmFtZSI6ItCf0YDQvtGE0LXRgdGB0LjQvtC90LDQu9GM0L3Ri9C5IiwicGhvbmVOdW1iZXIiOiIiLCJsb2dpbiI6InRlYWNoZXJfZnVsbEBpc21hcnQub3JnIiwiZW1haWwiOiJ0ZWFjaGVyX2Z1bGxAaXNtYXJ0Lm9yZyIsImNvbnRyYWN0VHlwZSI6InByaXZhdGUiLCJleHRlcm5hbFVzZXJTb3VyY2UiOm51bGwsImdvZE1vZGUiOnRydWUsImVkdWNvbnQiOnt9LCJfaWQiOiI2NWMzNDFiMmI5MmM3YTVmYmFmZWI2MDcifQ.g8I_2Btv7rGXWFT_jbBB9c0iAVhZshRxVIA8nbNqh0s","default","Mon Oct 05 01:21:17 UTC 2026","failed","Mon Oct 05 01:22:09 UTC 2026","Tests Eors","","",""
"","43161","659. EORS: https://edu.ismart.org/catalog/3d8243-obschestvoznanie-6-1/3-sociologiya_kZOKvU_PzOkr8?view=tasks&categoryCode=e3eb7e-11-kl&auth=eyJhbGciOiJIUzI1NiIsInR5cCI6IkpXVCJ9.eyJpZCI6IjY1YzM0MWIyYjkyYzdhNWZiYWZlYjYwNyIsImlzQWN0aXZlIjp0cnVlLCJpc0d1ZXN0IjpmYWxzZSwiaXNSZWdpc3RyYXRpb25Db21wbGV0ZSI6dHJ1ZSwiaXNDb25maXJtRW1haWwiOmZhbHNlLCJzdHVkZW50cyI6W10sInV0Y09mZnNldCI6MTgwLCJyb2xlIjoic2Nob29sLXRlYWNoZXIiLCJsYXN0TmFtZSI6IiIsImZpcnN0TmFtZSI6ItCf0YDQvtGE0LXRgdGB0LjQvtC90LDQu9GM0L3Ri9C5IiwicGhvbmVOdW1iZXIiOiIiLCJsb2dpbiI6InRlYWNoZXJfZnVsbEBpc21hcnQub3JnIiwiZW1haWwiOiJ0ZWFjaGVyX2Z1bGxAaXNtYXJ0Lm9yZyIsImNvbnRyYWN0VHlwZSI6InByaXZhdGUiLCJleHRlcm5hbFVzZXJTb3VyY2UiOm51bGwsImdvZE1vZGUiOnRydWUsImVkdWNvbnQiOnt9LCJfaWQiOiI2NWMzNDFiMmI5MmM3YTVmYmFmZWI2MDcifQ.g8I_2Btv7rGXWFT_jbBB9c0iAVhZshRxVIA8nbNqh0s","default","Mon Oct 05 01:52:00 UTC 2026","failed","Mon Oct 05 01:52:43 UTC 2026","Tests Eors","","",""
"","19962","Каталог заданий: Подготовка к ВПР ""Литература"" — Класс 5","default","Mon Oct 05 02:22:34 UTC 2026","passed","Mon Oct 05 02:22:54 UTC 2026","AuTestCatalogTask","","",""
"","19388","Каталог заданий: Школьная программа ""Химия"" — Класс 1","default","Mon Oct 05 02:10:24 UTC 2026","passed","Mon Oct 05 02:10:43 UTC 2026","AuTestCatalogTask","","",""
"","28285","Каталог заданий: РАС ""Физика. 8.1"" — Класс 5","default","Mon Oct 05 03:57:24 UTC 2026","passed","Mon Oct 05 03:57:52 UTC 2026","AuTestCatalogTask","","",""
"","51563","495. EORS: https://edu.ismart.org/catalog/adf034-okruzhayuschii-mir/8-chelovek-i-obschestvo-full-full?view=tasks&class=5a3cef238409440019b57b38&auth=eyJhbGciOiJIUzI1NiIsInR5cCI6IkpXVCJ9.eyJpZCI6IjY1YzM0MWIyYjkyYzdhNWZiYWZlYjYwNyIsImlzQWN0aXZlIjp0cnVlLCJpc0d1ZXN0IjpmYWxzZSwiaXNSZWdpc3RyYXRpb25Db21wbGV0ZSI6dHJ1ZSwiaXNDb25maXJtRW1haWwiOmZhbHNlLCJzdHVkZW50cyI6W10sInV0Y09mZnNldCI6MTgwLCJyb2xlIjoic2Nob29sLXRlYWNoZXIiLCJsYXN0TmFtZSI6IiIsImZpcnN0TmFtZSI6ItCf0YDQvtGE0LXRgdGB0LjQvtC90LDQu9GM0L3Ri9C5IiwicGhvbmVOdW1iZXIiOiIiLCJsb2dpbiI6InRlYWNoZXJfZnVsbEBpc21hcnQub3JnIiwiZW1haWwiOiJ0ZWFjaGVyX2Z1bGxAaXNtYXJ0Lm9yZyIsImNvbnRyYWN0VHlwZSI6InByaXZhdGUiLCJleHRlcm5hbFVzZXJTb3VyY2UiOm51bGwsImdvZE1vZGUiOnRydWUsImVkdWNvbnQiOnt9LCJfaWQiOiI2NWMzNDFiMmI5MmM3YTVmYmFmZWI2MDcifQ.g8I_2Btv7rGXWFT_jbBB9c0iAVhZshRxVIA8nbNqh0s","default","Mon Oct 05 01:27:05 UTC 2026","failed","Mon Oct 05 01:27:56 UTC 2026","Tests Eors","","",""
"","17279","Каталог заданий: Слабовидящие ""Русский язык. 4.1"" — Класс 8","default","Mon Oct 05 03:03:48 UTC 2026","passed","Mon Oct 05 03:04:06 UTC 2026","AuTestCatalogTask","","",""
"","24688","113. EORS: https://edu.ismart.org/catalog/4b18ed-algebra-noda/1-chisla-i-vychisleniya_P1BYkS?view=tasks&categoryCode=290fa4-algebra-9-kl&auth=eyJhbGciOiJIUzI1NiIsInR5cCI6IkpXVCJ9.eyJpZCI6IjY1YzM0MWIyYjkyYzdhNWZiYWZlYjYwNyIsImlzQWN0aXZlIjp0cnVlLCJpc0d1ZXN0IjpmYWxzZSwiaXNSZWdpc3RyYXRpb25Db21wbGV0ZSI6dHJ1ZSwiaXNDb25maXJtRW1haWwiOmZhbHNlLCJzdHVkZW50cyI6W10sInV0Y09mZnNldCI6MTgwLCJyb2xlIjoic2Nob29sLXRlYWNoZXIiLCJsYXN0TmFtZSI6IiIsImZpcnN0TmFtZSI6ItCf0YDQvtGE0LXRgdGB0LjQvtC90LDQu9GM0L3Ri9C5IiwicGhvbmVOdW1iZXIiOiIiLCJsb2dpbiI6InRlYWNoZXJfZnVsbEBpc21hcnQub3JnIiwiZW1haWwiOiJ0ZWFjaGVyX2Z1bGxAaXNtYXJ0Lm9yZyIsImNvbnRyYWN0VHlwZSI6InByaXZhdGUiLCJleHRlcm5hbFVzZXJTb3VyY2UiOm51bGwsImdvZE1vZGUiOnRydWUsImVkdWNvbnQiOnt9LCJfaWQiOiI2NWMzNDFiMmI5MmM3YTVmYmFmZWI2MDcifQ.g8I_2Btv7rGXWFT_jbBB9c0iAVhZshRxVIA8nbNqh0s","default","Mon Oct 05 00:37:30 UTC 2026","passed","Mon Oct 05 00:37:55 UTC 2026","Tests Eors","","",""
"","14696","Каталог заданий: Слабослышащие ""Физика. 2.1"" — Класс 2","default","Mon Oct 05 03:26:12 UTC 2026","passed","Mon Oct 05 03:26:27 UTC 2026","AuTestCatalogTask","","",""
"","53107","Каталог заданий: Школьная программа ""Литература"" — Класс 7","default","Mon Oct 05 02:08:43 UTC 2026","passed","Mon Oct 05 02:09:36 UTC 2026","AuTestCatalogTask","","",""
"","24425","Каталог заданий: Повторение пройденного материала ""Литература"" — Класс 5","default","Mon Oct 05 02:35:39 UTC 2026","passed","Mon Oct 05 02:36:03 UTC 2026","AuTestCatalogTask","","",""
"","25013","Каталог заданий: Школьная программа ""Математика"" — Класс 3","default","Mon Oct 05 02:02:26 UTC 2026","passed","Mon Oct 05 02:02:51 UTC 2026","AuTestCatalogTask","","",""
"","27393","Каталог заданий: Слепые ""Английский язык. 3.1"" — Класс 4","default","Mon Oct 05 02:59:38 UTC 2026","passed","Mon Oct 05 03:00:05 UTC 2026","AuTestCatalogTask","","",""
"","18633","Каталог заданий: Нарушение слуха ""Геометрия. 1.1"" — Класс 1","default","Mon Oct 05 03:14:38 UTC 2026","passed","Mon Oct 05 03:14:57 UTC 2026","AuTestCatalogTask","","",""
"","25771","481. EORS: https://edu.ismart.org/catalog/eb5fcd-okruzhayuschii-mir/1-chelovek-i-obshchestvo-nasha-rodina--rossiskaya-federaciya-?view=tasks&categoryCode=aa5042-4-kl&auth=eyJhbGciOiJIUzI1NiIsInR5cCI6IkpXVCJ9.eyJpZCI6IjY1YzM0MWIyYjkyYzdhNWZiYWZlYjYwNyIsImlzQWN0aXZlIjp0cnVlLCJpc0d1ZXN0IjpmYWxzZSwiaXNSZWdpc3RyYXRpb25Db21wbGV0ZSI6dHJ1ZSwiaXNDb25maXJtRW1haWwiOmZhbHNlLCJzdHVkZW50cyI6W10sInV0Y09mZnNldCI6MTgwLCJyb2xlIjoic2Nob29sLXRlYWNoZXIiLCJsYXN0TmFtZSI6IiIsImZpcnN0TmFtZSI6ItCf0YDQvtGE0LXRgdGB0LjQvtC90LDQu9GM0L3Ri9C5IiwicGhvbmVOdW1iZXIiOiIiLCJsb2dpbiI6InRlYWNoZXJfZnVsbEBpc21hcnQub3JnIiwiZW1haWwiOiJ0ZWFjaGVyX2Z1bGxAaXNtYXJ0Lm9yZyIsImNvbnRyYWN0VHlwZSI6InByaXZhdGUiLCJleHRlcm5hbFVzZXJTb3VyY2UiOm51bGwsImdvZE1vZGUiOnRydWUsImVkdWNvbnQiOnt9LCJfaWQiOiI2NWMzNDFiMmI5MmM3YTVmYmFmZWI2MDcifQ.g8I_2Btv7rGXWFT_jbBB9c0iAVhZshRxVIA8nbNqh0s","default","Mon Oct 05 01:25:16 UTC 2026","passed","Mon Oct 05 01:25:42 UTC 2026","Tests Eors","","",""
"","36091","Каталог заданий: ЗПР ""Математика. 7.1"" — Класс 1","default","Mon Oct 05 03:31:14 UTC 2026","passed","Mon Oct 05 03:31:50 UTC 2026","AuTestCatalogTask","","",""
"","22814","427. EORS: https://edu.ismart.org/catalog/208f8d-russkii-yazik-zpr/yazyk-i-rech-tekst_lQvCvj?view=tasks&categoryCode=942fd9-russkii-yazik-7-kl&auth=eyJhbGciOiJIUzI1NiIsInR5cCI6IkpXVCJ9.eyJpZCI6IjY1YzM0MWIyYjkyYzdhNWZiYWZlYjYwNyIsImlzQWN0aXZlIjp0cnVlLCJpc0d1ZXN0IjpmYWxzZSwiaXNSZWdpc3RyYXRpb25Db21wbGV0ZSI6dHJ1ZSwiaXNDb25maXJtRW1haWwiOmZhbHNlLCJzdHVkZW50cyI6W10sInV0Y09mZnNldCI6MTgwLCJyb2xlIjoic2Nob29sLXRlYWNoZXIiLCJsYXN0TmFtZSI6IiIsImZpcnN0TmFtZSI6ItCf0YDQvtGE0LXRgdGB0LjQvtC90LDQu9GM0L3Ri9C5IiwicGhvbmVOdW1iZXIiOiIiLCJsb2dpbiI6InRlYWNoZXJfZnVsbEBpc21hcnQub3JnIiwiZW1haWwiOiJ0ZWFjaGVyX2Z1bGxAaXNtYXJ0Lm9yZyIsImNvbnRyYWN0VHlwZSI6InByaXZhdGUiLCJleHRlcm5hbFVzZXJTb3VyY2UiOm51bGwsImdvZE1vZGUiOnRydWUsImVkdWNvbnQiOnt9LCJfaWQiOiI2NWMzNDFiMmI5MmM3YTVmYmFmZWI2MDcifQ.g8I_2Btv7rGXWFT_jbBB9c0iAVhZshRxVIA8nbNqh0s","default","Mon Oct 05 01:17:47 UTC 2026","passed","Mon Oct 05 01:18:10 UTC 2026","Tests Eors","","",""
"","17239","Каталог заданий: Слабовидящие ""Алгебра. 4.1"" — Класс 2","default","Mon Oct 05 03:04:53 UTC 2026","passed","Mon Oct 05 03:05:10 UTC 2026","AuTestCatalogTask","","",""
"","50481","650. EORS: https://edu.ismart.org/catalog/dff6dd-angliiskii-yazik/1101-leksicheskaya-storona-rechi?view=tasks&class=5f3fa2c7f00eca001c8bd3f9&auth=eyJhbGciOiJIUzI1NiIsInR5cCI6IkpXVCJ9.eyJpZCI6IjY1YzM0MWIyYjkyYzdhNWZiYWZlYjYwNyIsImlzQWN0aXZlIjp0cnVlLCJpc0d1ZXN0IjpmYWxzZSwiaXNSZWdpc3RyYXRpb25Db21wbGV0ZSI6dHJ1ZSwiaXNDb25maXJtRW1haWwiOmZhbHNlLCJzdHVkZW50cyI6W10sInV0Y09mZnNldCI6MTgwLCJyb2xlIjoic2Nob29sLXRlYWNoZXIiLCJsYXN0TmFtZSI6IiIsImZpcnN0TmFtZSI6ItCf0YDQvtGE0LXRgdGB0LjQvtC90LDQu9GM0L3Ri9C5IiwicGhvbmVOdW1iZXIiOiIiLCJsb2dpbiI6InRlYWNoZXJfZnVsbEBpc21hcnQub3JnIiwiZW1haWwiOiJ0ZWFjaGVyX2Z1bGxAaXNtYXJ0Lm9yZyIsImNvbnRyYWN0VHlwZSI6InByaXZhdGUiLCJleHRlcm5hbFVzZXJTb3VyY2UiOm51bGwsImdvZE1vZGUiOnRydWUsImVkdWNvbnQiOnt9LCJfaWQiOiI2NWMzNDFiMmI5MmM3YTVmYmFmZWI2MDcifQ.g8I_2Btv7rGXWFT_jbBB9c0iAVhZshRxVIA8nbNqh0s","default","Mon Oct 05 01:50:34 UTC 2026","failed","Mon Oct 05 01:51:25 UTC 2026","Tests Eors","","",""
"","20424","Каталог заданий: Подготовка к контрольным работам ""Биология"" — Класс 4","default","Mon Oct 05 02:30:24 UTC 2026","passed","Mon Oct 05 02:30:44 UTC 2026","AuTestCatalogTask","","",""
"","24380","Каталог заданий: Повторение пройденного материала ""Русский язык"" — Класс 8","default","Mon Oct 05 02:32:42 UTC 2026","passed","Mon Oct 05 02:33:06 UTC 2026","AuTestCatalogTask","","",""
"","43375","16. EORS: https://edu.ismart.org/catalog/04e661-angliiskii-yazik/1001-vhodnoe-testirovanie?view=tasks&class=61890fee84e9f601793b0348&auth=eyJhbGciOiJIUzI1NiIsInR5cCI6IkpXVCJ9.eyJpZCI6IjY1YzM0MWIyYjkyYzdhNWZiYWZlYjYwNyIsImlzQWN0aXZlIjp0cnVlLCJpc0d1ZXN0IjpmYWxzZSwiaXNSZWdpc3RyYXRpb25Db21wbGV0ZSI6dHJ1ZSwiaXNDb25maXJtRW1haWwiOmZhbHNlLCJzdHVkZW50cyI6W10sInV0Y09mZnNldCI6MTgwLCJyb2xlIjoic2Nob29sLXRlYWNoZXIiLCJsYXN0TmFtZSI6IiIsImZpcnN0TmFtZSI6ItCf0YDQvtGE0LXRgdGB0LjQvtC90LDQu9GM0L3Ri9C5IiwicGhvbmVOdW1iZXIiOiIiLCJsb2dpbiI6InRlYWNoZXJfZnVsbEBpc21hcnQub3JnIiwiZW1haWwiOiJ0ZWFjaGVyX2Z1bGxAaXNtYXJ0Lm9yZyIsImNvbnRyYWN0VHlwZSI6InByaXZhdGUiLCJleHRlcm5hbFVzZXJTb3VyY2UiOm51bGwsImdvZE1vZGUiOnRydWUsImVkdWNvbnQiOnt9LCJfaWQiOiI2NWMzNDFiMmI5MmM3YTVmYmFmZWI2MDcifQ.g8I_2Btv7rGXWFT_jbBB9c0iAVhZshRxVIA8nbNqh0s","default","Mon Oct 05 00:24:12 UTC 2026","failed","Mon Oct 05 00:24:56 UTC 2026","Tests Eors","","",""
"","20803","709. EORS: https://edu.ismart.org/catalog/a58645-biologiya-8-1/1-ponyatie-o-jizni-i-priznaki-jivogo_ASf5cM_broRFB?view=tasks&categoryCode=f38804-5-kl&auth=eyJhbGciOiJIUzI1NiIsInR5cCI6IkpXVCJ9.eyJpZCI6IjY1YzM0MWIyYjkyYzdhNWZiYWZlYjYwNyIsImlzQWN0aXZlIjp0cnVlLCJpc0d1ZXN0IjpmYWxzZSwiaXNSZWdpc3RyYXRpb25Db21wbGV0ZSI6dHJ1ZSwiaXNDb25maXJtRW1haWwiOmZhbHNlLCJzdHVkZW50cyI6W10sInV0Y09mZnNldCI6MTgwLCJyb2xlIjoic2Nob29sLXRlYWNoZXIiLCJsYXN0TmFtZSI6IiIsImZpcnN0TmFtZSI6ItCf0YDQvtGE0LXRgdGB0LjQvtC90LDQu9GM0L3Ri9C5IiwicGhvbmVOdW1iZXIiOiIiLCJsb2dpbiI6InRlYWNoZXJfZnVsbEBpc21hcnQub3JnIiwiZW1haWwiOiJ0ZWFjaGVyX2Z1bGxAaXNtYXJ0Lm9yZyIsImNvbnRyYWN0VHlwZSI6InByaXZhdGUiLCJleHRlcm5hbFVzZXJTb3VyY2UiOm51bGwsImdvZE1vZGUiOnRydWUsImVkdWNvbnQiOnt9LCJfaWQiOiI2NWMzNDFiMmI5MmM3YTVmYmFmZWI2MDcifQ.g8I_2Btv7rGXWFT_jbBB9c0iAVhZshRxVIA8nbNqh0s","default","Mon Oct 05 01:58:10 UTC 2026","passed","Mon Oct 05 01:58:31 UTC 2026","Tests Eors","","",""
"","51353","472. EORS: https://edu.ismart.org/catalog/976d47-matematika-slabovidyaschie-uchaschiesya/011-chisla-i-velichiny-chisla-ot-1-do-9_JxfamS?view=tasks&categoryCode=a8d97c-matematika-1-kl&auth=eyJhbGciOiJIUzI1NiIsInR5cCI6IkpXVCJ9.eyJpZCI6IjY1YzM0MWIyYjkyYzdhNWZiYWZlYjYwNyIsImlzQWN0aXZlIjp0cnVlLCJpc0d1ZXN0IjpmYWxzZSwiaXNSZWdpc3RyYXRpb25Db21wbGV0ZSI6dHJ1ZSwiaXNDb25maXJtRW1haWwiOmZhbHNlLCJzdHVkZW50cyI6W10sInV0Y09mZnNldCI6MTgwLCJyb2xlIjoic2Nob29sLXRlYWNoZXIiLCJsYXN0TmFtZSI6IiIsImZpcnN0TmFtZSI6ItCf0YDQvtGE0LXRgdGB0LjQvtC90LDQu9GM0L3Ri9C5IiwicGhvbmVOdW1iZXIiOiIiLCJsb2dpbiI6InRlYWNoZXJfZnVsbEBpc21hcnQub3JnIiwiZW1haWwiOiJ0ZWFjaGVyX2Z1bGxAaXNtYXJ0Lm9yZyIsImNvbnRyYWN0VHlwZSI6InByaXZhdGUiLCJleHRlcm5hbFVzZXJTb3VyY2UiOm51bGwsImdvZE1vZGUiOnRydWUsImVkdWNvbnQiOnt9LCJfaWQiOiI2NWMzNDFiMmI5MmM3YTVmYmFmZWI2MDcifQ.g8I_2Btv7rGXWFT_jbBB9c0iAVhZshRxVIA8nbNqh0s","default","Mon Oct 05 01:23:47 UTC 2026","failed","Mon Oct 05 01:24:38 UTC 2026","Tests Eors","","",""
"","23124","241. EORS: https://edu.ismart.org/catalog/3dd564-veroyatnost-i-statistika/11-rasseivanie-dannyh-veroyatnost-i-statistika?view=tasks&categoryCode=502cbf-veroyatnost-i-statistika-8-klass&auth=eyJhbGciOiJIUzI1NiIsInR5cCI6IkpXVCJ9.eyJpZCI6IjY1YzM0MWIyYjkyYzdhNWZiYWZlYjYwNyIsImlzQWN0aXZlIjp0cnVlLCJpc0d1ZXN0IjpmYWxzZSwiaXNSZWdpc3RyYXRpb25Db21wbGV0ZSI6dHJ1ZSwiaXNDb25maXJtRW1haWwiOmZhbHNlLCJzdHVkZW50cyI6W10sInV0Y09mZnNldCI6MTgwLCJyb2xlIjoic2Nob29sLXRlYWNoZXIiLCJsYXN0TmFtZSI6IiIsImZpcnN0TmFtZSI6ItCf0YDQvtGE0LXRgdGB0LjQvtC90LDQu9GM0L3Ri9C5IiwicGhvbmVOdW1iZXIiOiIiLCJsb2dpbiI6InRlYWNoZXJfZnVsbEBpc21hcnQub3JnIiwiZW1haWwiOiJ0ZWFjaGVyX2Z1bGxAaXNtYXJ0Lm9yZyIsImNvbnRyYWN0VHlwZSI6InByaXZhdGUiLCJleHRlcm5hbFVzZXJTb3VyY2UiOm51bGwsImdvZE1vZGUiOnRydWUsImVkdWNvbnQiOnt9LCJfaWQiOiI2NWMzNDFiMmI5MmM3YTVmYmFmZWI2MDcifQ.g8I_2Btv7rGXWFT_jbBB9c0iAVhZshRxVIA8nbNqh0s","default","Mon Oct 05 00:53:53 UTC 2026","passed","Mon Oct 05 00:54:16 UTC 2026","Tests Eors","","",""
"","25743","116. EORS: https://edu.ismart.org/catalog/2918b3-matematika-2-klass/1000-povtorenie-na-leto-1-nedelya?view=tasks&class=5a3cef238409440019b57b38&auth=eyJhbGciOiJIUzI1NiIsInR5cCI6IkpXVCJ9.eyJpZCI6IjY1YzM0MWIyYjkyYzdhNWZiYWZlYjYwNyIsImlzQWN0aXZlIjp0cnVlLCJpc0d1ZXN0IjpmYWxzZSwiaXNSZWdpc3RyYXRpb25Db21wbGV0ZSI6dHJ1ZSwiaXNDb25maXJtRW1haWwiOmZhbHNlLCJzdHVkZW50cyI6W10sInV0Y09mZnNldCI6MTgwLCJyb2xlIjoic2Nob29sLXRlYWNoZXIiLCJsYXN0TmFtZSI6IiIsImZpcnN0TmFtZSI6ItCf0YDQvtGE0LXRgdGB0LjQvtC90LDQu9GM0L3Ri9C5IiwicGhvbmVOdW1iZXIiOiIiLCJsb2dpbiI6InRlYWNoZXJfZnVsbEBpc21hcnQub3JnIiwiZW1haWwiOiJ0ZWFjaGVyX2Z1bGxAaXNtYXJ0Lm9yZyIsImNvbnRyYWN0VHlwZSI6InByaXZhdGUiLCJleHRlcm5hbFVzZXJTb3VyY2UiOm51bGwsImdvZE1vZGUiOnRydWUsImVkdWNvbnQiOnt9LCJfaWQiOiI2NWMzNDFiMmI5MmM3YTVmYmFmZWI2MDcifQ.g8I_2Btv7rGXWFT_jbBB9c0iAVhZshRxVIA8nbNqh0s","default","Mon Oct 05 00:37:49 UTC 2026","passed","Mon Oct 05 00:38:15 UTC 2026","Tests Eors","","",""
"","19305","Каталог заданий: Подготовка к контрольным работам ""Геометрия"" — Класс 2","default","Mon Oct 05 02:27:48 UTC 2026","passed","Mon Oct 05 02:28:07 UTC 2026","AuTestCatalogTask","","",""
"","25657","332. EORS: https://edu.ismart.org/catalog/3560fe-veroyatnost-i-statistika-1-1/8-predstavlenie-dannyh-veroyatnost-i-statistika_rEQ5f1_myCIEd?view=tasks&categoryCode=72b202-7-kl&auth=eyJhbGciOiJIUzI1NiIsInR5cCI6IkpXVCJ9.eyJpZCI6IjY1YzM0MWIyYjkyYzdhNWZiYWZlYjYwNyIsImlzQWN0aXZlIjp0cnVlLCJpc0d1ZXN0IjpmYWxzZSwiaXNSZWdpc3RyYXRpb25Db21wbGV0ZSI6dHJ1ZSwiaXNDb25maXJtRW1haWwiOmZhbHNlLCJzdHVkZW50cyI6W10sInV0Y09mZnNldCI6MTgwLCJyb2xlIjoic2Nob29sLXRlYWNoZXIiLCJsYXN0TmFtZSI6IiIsImZpcnN0TmFtZSI6ItCf0YDQvtGE0LXRgdGB0LjQvtC90LDQu9GM0L3Ri9C5IiwicGhvbmVOdW1iZXIiOiIiLCJsb2dpbiI6InRlYWNoZXJfZnVsbEBpc21hcnQub3JnIiwiZW1haWwiOiJ0ZWFjaGVyX2Z1bGxAaXNtYXJ0Lm9yZyIsImNvbnRyYWN0VHlwZSI6InByaXZhdGUiLCJleHRlcm5hbFVzZXJTb3VyY2UiOm51bGwsImdvZE1vZGUiOnRydWUsImVkdWNvbnQiOnt9LCJfaWQiOiI2NWMzNDFiMmI5MmM3YTVmYmFmZWI2MDcifQ.g8I_2Btv7rGXWFT_jbBB9c0iAVhZshRxVIA8nbNqh0s","default","Mon Oct 05 01:06:05 UTC 2026","passed","Mon Oct 05 01:06:30 UTC 2026","Tests Eors","","",""
"","17497","Каталог заданий: Школьная программа ""Русский язык"" — Класс 7","default","Mon Oct 05 02:05:16 UTC 2026","passed","Mon Oct 05 02:05:33 UTC 2026","AuTestCatalogTask","","",""
"","24890","Каталог заданий: Повторение пройденного материала ""Геометрия"" — Класс 3","default","Mon Oct 05 02:36:28 UTC 2026","passed","Mon Oct 05 02:36:53 UTC 2026","AuTestCatalogTask","","",""
"","15048","Каталог заданий: Слепые ""Обществознание. 3.1"" — Класс 4","default","Mon Oct 05 02:59:19 UTC 2026","passed","Mon Oct 05 02:59:34 UTC 2026","AuTestCatalogTask","","",""
"","30976","644. EORS: https://edu.ismart.org/catalog/95bf0a-algebra-slabovidyaschie-uchaschiesya/1-chisla-i-vychisleniya_XHPdSj?view=tasks&categoryCode=ded6cd-algebra-8-kl&auth=eyJhbGciOiJIUzI1NiIsInR5cCI6IkpXVCJ9.eyJpZCI6IjY1YzM0MWIyYjkyYzdhNWZiYWZlYjYwNyIsImlzQWN0aXZlIjp0cnVlLCJpc0d1ZXN0IjpmYWxzZSwiaXNSZWdpc3RyYXRpb25Db21wbGV0ZSI6dHJ1ZSwiaXNDb25maXJtRW1haWwiOmZhbHNlLCJzdHVkZW50cyI6W10sInV0Y09mZnNldCI6MTgwLCJyb2xlIjoic2Nob29sLXRlYWNoZXIiLCJsYXN0TmFtZSI6IiIsImZpcnN0TmFtZSI6ItCf0YDQvtGE0LXRgdGB0LjQvtC90LDQu9GM0L3Ri9C5IiwicGhvbmVOdW1iZXIiOiIiLCJsb2dpbiI6InRlYWNoZXJfZnVsbEBpc21hcnQub3JnIiwiZW1haWwiOiJ0ZWFjaGVyX2Z1bGxAaXNtYXJ0Lm9yZyIsImNvbnRyYWN0VHlwZSI6InByaXZhdGUiLCJleHRlcm5hbFVzZXJTb3VyY2UiOm51bGwsImdvZE1vZGUiOnRydWUsImVkdWNvbnQiOnt9LCJfaWQiOiI2NWMzNDFiMmI5MmM3YTVmYmFmZWI2MDcifQ.g8I_2Btv7rGXWFT_jbBB9c0iAVhZshRxVIA8nbNqh0s","default","Mon Oct 05 01:49:41 UTC 2026","passed","Mon Oct 05 01:50:12 UTC 2026","Tests Eors","","",""
"","17152","Каталог заданий: Нарушение слуха ""Русский язык. 1.1"" — Класс 8","default","Mon Oct 05 03:13:11 UTC 2026","passed","Mon Oct 05 03:13:28 UTC 2026","AuTestCatalogTask","","",""
"","55011","Каталог заданий: ТНР ""История. 5.1"" — Класс 6","default","Mon Oct 05 02:51:05 UTC 2026","passed","Mon Oct 05 02:52:00 UTC 2026","AuTestCatalogTask","","",""
"","61286","597. EORS: https://edu.ismart.org/catalog/cat-prepare-test-work-ru-lang/100-kontrolnaya-rabota-glagol?view=tasks&class=5f197003b96284001b29733d&auth=eyJhbGciOiJIUzI1NiIsInR5cCI6IkpXVCJ9.eyJpZCI6IjY1YzM0MWIyYjkyYzdhNWZiYWZlYjYwNyIsImlzQWN0aXZlIjp0cnVlLCJpc0d1ZXN0IjpmYWxzZSwiaXNSZWdpc3RyYXRpb25Db21wbGV0ZSI6dHJ1ZSwiaXNDb25maXJtRW1haWwiOmZhbHNlLCJzdHVkZW50cyI6W10sInV0Y09mZnNldCI6MTgwLCJyb2xlIjoic2Nob29sLXRlYWNoZXIiLCJsYXN0TmFtZSI6IiIsImZpcnN0TmFtZSI6ItCf0YDQvtGE0LXRgdGB0LjQvtC90LDQu9GM0L3Ri9C5IiwicGhvbmVOdW1iZXIiOiIiLCJsb2dpbiI6InRlYWNoZXJfZnVsbEBpc21hcnQub3JnIiwiZW1haWwiOiJ0ZWFjaGVyX2Z1bGxAaXNtYXJ0Lm9yZyIsImNvbnRyYWN0VHlwZSI6InByaXZhdGUiLCJleHRlcm5hbFVzZXJTb3VyY2UiOm51bGwsImdvZE1vZGUiOnRydWUsImVkdWNvbnQiOnt9LCJfaWQiOiI2NWMzNDFiMmI5MmM3YTVmYmFmZWI2MDcifQ.g8I_2Btv7rGXWFT_jbBB9c0iAVhZshRxVIA8nbNqh0s","default","Mon Oct 05 01:42:45 UTC 2026","failed","Mon Oct 05 01:43:47 UTC 2026","Tests Eors","","",""
"","19994","Каталог заданий: Специальные курсы ""Физика. Базовый уровень"" — Класс 2","default","Mon Oct 05 02:41:54 UTC 2026","passed","Mon Oct 05 02:42:14 UTC 2026","AuTestCatalogTask","","",""
"","51310","Каталог заданий: ТНР ""Литература. 5.1"" — Класс 7","default","Mon Oct 05 02:49:58 UTC 2026","passed","Mon Oct 05 02:50:49 UTC 2026","AuTestCatalogTask","","",""
"","17051","Каталог заданий: НОДА ""Вероятность и статистика. 6.1"" — Класс 3","default","Mon Oct 05 03:48:56 UTC 2026","passed","Mon Oct 05 03:49:13 UTC 2026","AuTestCatalogTask","","",""
"","25699","Каталог заданий: НОДА ""Окружающий мир. 6.1"" — Класс 1","default","Mon Oct 05 03:42:27 UTC 2026","passed","Mon Oct 05 03:42:53 UTC 2026","AuTestCatalogTask","","",""
"","55925","92. EORS: https://edu.ismart.org/catalog/df7ab7-russkii-yazik-ras/1-chto-mi-znaem-o-zvukah-i-bukvah_a8a1iq?view=tasks&categoryCode=1f850d-russkii-yazik-4-kl&auth=eyJhbGciOiJIUzI1NiIsInR5cCI6IkpXVCJ9.eyJpZCI6IjY1YzM0MWIyYjkyYzdhNWZiYWZlYjYwNyIsImlzQWN0aXZlIjp0cnVlLCJpc0d1ZXN0IjpmYWxzZSwiaXNSZWdpc3RyYXRpb25Db21wbGV0ZSI6dHJ1ZSwiaXNDb25maXJtRW1haWwiOmZhbHNlLCJzdHVkZW50cyI6W10sInV0Y09mZnNldCI6MTgwLCJyb2xlIjoic2Nob29sLXRlYWNoZXIiLCJsYXN0TmFtZSI6IiIsImZpcnN0TmFtZSI6ItCf0YDQvtGE0LXRgdGB0LjQvtC90LDQu9GM0L3Ri9C5IiwicGhvbmVOdW1iZXIiOiIiLCJsb2dpbiI6InRlYWNoZXJfZnVsbEBpc21hcnQub3JnIiwiZW1haWwiOiJ0ZWFjaGVyX2Z1bGxAaXNtYXJ0Lm9yZyIsImNvbnRyYWN0VHlwZSI6InByaXZhdGUiLCJleHRlcm5hbFVzZXJTb3VyY2UiOm51bGwsImdvZE1vZGUiOnRydWUsImVkdWNvbnQiOnt9LCJfaWQiOiI2NWMzNDFiMmI5MmM3YTVmYmFmZWI2MDcifQ.g8I_2Btv7rGXWFT_jbBB9c0iAVhZshRxVIA8nbNqh0s","default","Mon Oct 05 00:34:46 UTC 2026","failed","Mon Oct 05 00:35:42 UTC 2026","Tests Eors","","",""
"","31710","Каталог заданий: Школьная программа ""Литература"" — Класс 4","default","Mon Oct 05 02:08:13 UTC 2026","passed","Mon Oct 05 02:08:44 UTC 2026","AuTestCatalogTask","","",""
"","23390","2. EORS: https://edu.ismart.org/catalog/2835c0-biologiya-6-1/1-ponyatie-o-jizni-i-priznaki-jivogo_ASf5cM_pw5YMq?view=tasks&categoryCode=01e3d8-5-kl&auth=eyJhbGciOiJIUzI1NiIsInR5cCI6IkpXVCJ9.eyJpZCI6IjY1YzM0MWIyYjkyYzdhNWZiYWZlYjYwNyIsImlzQWN0aXZlIjp0cnVlLCJpc0d1ZXN0IjpmYWxzZSwiaXNSZWdpc3RyYXRpb25Db21wbGV0ZSI6dHJ1ZSwiaXNDb25maXJtRW1haWwiOmZhbHNlLCJzdHVkZW50cyI6W10sInV0Y09mZnNldCI6MTgwLCJyb2xlIjoic2Nob29sLXRlYWNoZXIiLCJsYXN0TmFtZSI6IiIsImZpcnN0TmFtZSI6ItCf0YDQvtGE0LXRgdGB0LjQvtC90LDQu9GM0L3Ri9C5IiwicGhvbmVOdW1iZXIiOiIiLCJsb2dpbiI6InRlYWNoZXJfZnVsbEBpc21hcnQub3JnIiwiZW1haWwiOiJ0ZWFjaGVyX2Z1bGxAaXNtYXJ0Lm9yZyIsImNvbnRyYWN0VHlwZSI6InByaXZhdGUiLCJleHRlcm5hbFVzZXJTb3VyY2UiOm51bGwsImdvZE1vZGUiOnRydWUsImVkdWNvbnQiOnt9LCJfaWQiOiI2NWMzNDFiMmI5MmM3YTVmYmFmZWI2MDcifQ.g8I_2Btv7rGXWFT_jbBB9c0iAVhZshRxVIA8nbNqh0s","default","Mon Oct 05 00:22:05 UTC 2026","passed","Mon Oct 05 00:22:28 UTC 2026","Tests Eors","","",""
"","13246","Каталог заданий: ТНР ""Обществознание. 5.1"" — Класс 6","default","Mon Oct 05 02:53:06 UTC 2026","passed","Mon Oct 05 02:53:19 UTC 2026","AuTestCatalogTask","","",""
"","33482","24. EORS: https://edu.ismart.org/catalog/b943c7-fizika-8-1/1-vvedenie-v-predmet-fizika_62KvSu_cwN5rT?view=tasks&categoryCode=0719ac-7-kl&auth=eyJhbGciOiJIUzI1NiIsInR5cCI6IkpXVCJ9.eyJpZCI6IjY1YzM0MWIyYjkyYzdhNWZiYWZlYjYwNyIsImlzQWN0aXZlIjp0cnVlLCJpc0d1ZXN0IjpmYWxzZSwiaXNSZWdpc3RyYXRpb25Db21wbGV0ZSI6dHJ1ZSwiaXNDb25maXJtRW1haWwiOmZhbHNlLCJzdHVkZW50cyI6W10sInV0Y09mZnNldCI6MTgwLCJyb2xlIjoic2Nob29sLXRlYWNoZXIiLCJsYXN0TmFtZSI6IiIsImZpcnN0TmFtZSI6ItCf0YDQvtGE0LXRgdGB0LjQvtC90LDQu9GM0L3Ri9C5IiwicGhvbmVOdW1iZXIiOiIiLCJsb2dpbiI6InRlYWNoZXJfZnVsbEBpc21hcnQub3JnIiwiZW1haWwiOiJ0ZWFjaGVyX2Z1bGxAaXNtYXJ0Lm9yZyIsImNvbnRyYWN0VHlwZSI6InByaXZhdGUiLCJleHRlcm5hbFVzZXJTb3VyY2UiOm51bGwsImdvZE1vZGUiOnRydWUsImVkdWNvbnQiOnt9LCJfaWQiOiI2NWMzNDFiMmI5MmM3YTVmYmFmZWI2MDcifQ.g8I_2Btv7rGXWFT_jbBB9c0iAVhZshRxVIA8nbNqh0s","default","Mon Oct 05 00:25:23 UTC 2026","passed","Mon Oct 05 00:25:57 UTC 2026","Tests Eors","","",""
"","25553","392. EORS: https://edu.ismart.org/catalog/8f3705-russkii-yazik-noda/1-chto-mi-znaem-o-zvukah-i-bukvah_lkXFKw?view=tasks&categoryCode=850cab-russkii-yazik-3-kl&auth=eyJhbGciOiJIUzI1NiIsInR5cCI6IkpXVCJ9.eyJpZCI6IjY1YzM0MWIyYjkyYzdhNWZiYWZlYjYwNyIsImlzQWN0aXZlIjp0cnVlLCJpc0d1ZXN0IjpmYWxzZSwiaXNSZWdpc3RyYXRpb25Db21wbGV0ZSI6dHJ1ZSwiaXNDb25maXJtRW1haWwiOmZhbHNlLCJzdHVkZW50cyI6W10sInV0Y09mZnNldCI6MTgwLCJyb2xlIjoic2Nob29sLXRlYWNoZXIiLCJsYXN0TmFtZSI6IiIsImZpcnN0TmFtZSI6ItCf0YDQvtGE0LXRgdGB0LjQvtC90LDQu9GM0L3Ri9C5IiwicGhvbmVOdW1iZXIiOiIiLCJsb2dpbiI6InRlYWNoZXJfZnVsbEBpc21hcnQub3JnIiwiZW1haWwiOiJ0ZWFjaGVyX2Z1bGxAaXNtYXJ0Lm9yZyIsImNvbnRyYWN0VHlwZSI6InByaXZhdGUiLCJleHRlcm5hbFVzZXJTb3VyY2UiOm51bGwsImdvZE1vZGUiOnRydWUsImVkdWNvbnQiOnt9LCJfaWQiOiI2NWMzNDFiMmI5MmM3YTVmYmFmZWI2MDcifQ.g8I_2Btv7rGXWFT_jbBB9c0iAVhZshRxVIA8nbNqh0s","default","Mon Oct 05 01:13:43 UTC 2026","passed","Mon Oct 05 01:14:08 UTC 2026","Tests Eors","","",""
"","15257","Каталог заданий: РАС ""Вероятность и статистика. 8.1"" — Класс 1","default","Mon Oct 05 03:58:33 UTC 2026","passed","Mon Oct 05 03:58:48 UTC 2026","AuTestCatalogTask","","",""
"","18042","Каталог заданий: Слабослышащие ""Русский язык. 2.1"" — Класс 7","default","Mon Oct 05 03:22:34 UTC 2026","passed","Mon Oct 05 03:22:52 UTC 2026","AuTestCatalogTask","","",""
"","36482","570. EORS: https://edu.ismart.org/catalog/world-full/01-chelovek-i-obshchestvo-shkola-i-shkolnaya-jizn?view=tasks&categoryCode=c903ff-novii-razdel-full&auth=eyJhbGciOiJIUzI1NiIsInR5cCI6IkpXVCJ9.eyJpZCI6IjY1YzM0MWIyYjkyYzdhNWZiYWZlYjYwNyIsImlzQWN0aXZlIjp0cnVlLCJpc0d1ZXN0IjpmYWxzZSwiaXNSZWdpc3RyYXRpb25Db21wbGV0ZSI6dHJ1ZSwiaXNDb25maXJtRW1haWwiOmZhbHNlLCJzdHVkZW50cyI6W10sInV0Y09mZnNldCI6MTgwLCJyb2xlIjoic2Nob29sLXRlYWNoZXIiLCJsYXN0TmFtZSI6IiIsImZpcnN0TmFtZSI6ItCf0YDQvtGE0LXRgdGB0LjQvtC90LDQu9GM0L3Ri9C5IiwicGhvbmVOdW1iZXIiOiIiLCJsb2dpbiI6InRlYWNoZXJfZnVsbEBpc21hcnQub3JnIiwiZW1haWwiOiJ0ZWFjaGVyX2Z1bGxAaXNtYXJ0Lm9yZyIsImNvbnRyYWN0VHlwZSI6InByaXZhdGUiLCJleHRlcm5hbFVzZXJTb3VyY2UiOm51bGwsImdvZE1vZGUiOnRydWUsImVkdWNvbnQiOnt9LCJfaWQiOiI2NWMzNDFiMmI5MmM3YTVmYmFmZWI2MDcifQ.g8I_2Btv7rGXWFT_jbBB9c0iAVhZshRxVIA8nbNqh0s","default","Mon Oct 05 01:37:51 UTC 2026","passed","Mon Oct 05 01:38:28 UTC 2026","Tests Eors","","",""
"","15652","Каталог заданий: РАС ""Вероятность и статистика. 8.1"" — Класс 5","default","Mon Oct 05 03:58:48 UTC 2026","passed","Mon Oct 05 03:59:03 UTC 2026","AuTestCatalogTask","","",""
"","24417","44. EORS: https://edu.ismart.org/catalog/b943c7-fizika-8-1/1-fizika-i-metody-nauchnogo-poznaniya_1FBUst_AWoyh9?view=tasks&categoryCode=130f24-10-kl&auth=eyJhbGciOiJIUzI1NiIsInR5cCI6IkpXVCJ9.eyJpZCI6IjY1YzM0MWIyYjkyYzdhNWZiYWZlYjYwNyIsImlzQWN0aXZlIjp0cnVlLCJpc0d1ZXN0IjpmYWxzZSwiaXNSZWdpc3RyYXRpb25Db21wbGV0ZSI6dHJ1ZSwiaXNDb25maXJtRW1haWwiOmZhbHNlLCJzdHVkZW50cyI6W10sInV0Y09mZnNldCI6MTgwLCJyb2xlIjoic2Nob29sLXRlYWNoZXIiLCJsYXN0TmFtZSI6IiIsImZpcnN0TmFtZSI6ItCf0YDQvtGE0LXRgdGB0LjQvtC90LDQu9GM0L3Ri9C5IiwicGhvbmVOdW1iZXIiOiIiLCJsb2dpbiI6InRlYWNoZXJfZnVsbEBpc21hcnQub3JnIiwiZW1haWwiOiJ0ZWFjaGVyX2Z1bGxAaXNtYXJ0Lm9yZyIsImNvbnRyYWN0VHlwZSI6InByaXZhdGUiLCJleHRlcm5hbFVzZXJTb3VyY2UiOm51bGwsImdvZE1vZGUiOnRydWUsImVkdWNvbnQiOnt9LCJfaWQiOiI2NWMzNDFiMmI5MmM3YTVmYmFmZWI2MDcifQ.g8I_2Btv7rGXWFT_jbBB9c0iAVhZshRxVIA8nbNqh0s","default","Mon Oct 05 00:28:24 UTC 2026","passed","Mon Oct 05 00:28:48 UTC 2026","Tests Eors","","",""
"","45941","615. EORS: https://edu.ismart.org/catalog/d07a03-chto-nuzhno-znat-o-pravopisanii-slov-dlya-5-9-klassov/300-chto-nujno-znat-o-pravopisanii-slov?view=tasks&class=5f197003b96284001b29733d&auth=eyJhbGciOiJIUzI1NiIsInR5cCI6IkpXVCJ9.eyJpZCI6IjY1YzM0MWIyYjkyYzdhNWZiYWZlYjYwNyIsImlzQWN0aXZlIjp0cnVlLCJpc0d1ZXN0IjpmYWxzZSwiaXNSZWdpc3RyYXRpb25Db21wbGV0ZSI6dHJ1ZSwiaXNDb25maXJtRW1haWwiOmZhbHNlLCJzdHVkZW50cyI6W10sInV0Y09mZnNldCI6MTgwLCJyb2xlIjoic2Nob29sLXRlYWNoZXIiLCJsYXN0TmFtZSI6IiIsImZpcnN0TmFtZSI6ItCf0YDQvtGE0LXRgdGB0LjQvtC90LDQu9GM0L3Ri9C5IiwicGhvbmVOdW1iZXIiOiIiLCJsb2dpbiI6InRlYWNoZXJfZnVsbEBpc21hcnQub3JnIiwiZW1haWwiOiJ0ZWFjaGVyX2Z1bGxAaXNtYXJ0Lm9yZyIsImNvbnRyYWN0VHlwZSI6InByaXZhdGUiLCJleHRlcm5hbFVzZXJTb3VyY2UiOm51bGwsImdvZE1vZGUiOnRydWUsImVkdWNvbnQiOnt9LCJfaWQiOiI2NWMzNDFiMmI5MmM3YTVmYmFmZWI2MDcifQ.g8I_2Btv7rGXWFT_jbBB9c0iAVhZshRxVIA8nbNqh0s","default","Mon Oct 05 01:45:44 UTC 2026","failed","Mon Oct 05 01:46:30 UTC 2026","Tests Eors","","",""
"","14990","Каталог заданий: Слепые ""Английский язык. 3.1"" — Класс 2","default","Mon Oct 05 02:59:34 UTC 2026","passed","Mon Oct 05 02:59:49 UTC 2026","AuTestCatalogTask","","",""
"","37427","Каталог заданий: Нарушение слуха ""История. 1.1"" — Класс 5","default","Mon Oct 05 03:17:07 UTC 2026","passed","Mon Oct 05 03:17:45 UTC 2026","AuTestCatalogTask","","",""
"","32231","Каталог заданий: Слабовидящие ""История. 4.1"" — Класс 3","default","Mon Oct 05 03:07:21 UTC 2026","passed","Mon Oct 05 03:07:53 UTC 2026","AuTestCatalogTask","","",""
"","64136","Каталог заданий: Слепые ""Биология. 3.1"" — Класс 6","default","Mon Oct 05 03:01:12 UTC 2026","passed","Mon Oct 05 03:02:16 UTC 2026","AuTestCatalogTask","","",""
"","103234","Каталог заданий: Школьная программа ""Биология"" — Класс 6","default","Mon Oct 05 02:06:03 UTC 2026","passed","Mon Oct 05 02:07:46 UTC 2026","AuTestCatalogTask","","",""
"","18108","Каталог заданий: Нарушение слуха ""Вероятность и статистика. 1.1"" — Класс 4","default","Mon Oct 05 03:21:34 UTC 2026","passed","Mon Oct 05 03:21:52 UTC 2026","AuTestCatalogTask","","",""
"","47187","666. EORS: https://edu.ismart.org/catalog/e6a486-set-logika/1-razvitie-logicheskogo-mishleniya-4-klass?view=tasks&class=5a3cef308409440019b57b39&auth=eyJhbGciOiJIUzI1NiIsInR5cCI6IkpXVCJ9.eyJpZCI6IjY1YzM0MWIyYjkyYzdhNWZiYWZlYjYwNyIsImlzQWN0aXZlIjp0cnVlLCJpc0d1ZXN0IjpmYWxzZSwiaXNSZWdpc3RyYXRpb25Db21wbGV0ZSI6dHJ1ZSwiaXNDb25maXJtRW1haWwiOmZhbHNlLCJzdHVkZW50cyI6W10sInV0Y09mZnNldCI6MTgwLCJyb2xlIjoic2Nob29sLXRlYWNoZXIiLCJsYXN0TmFtZSI6IiIsImZpcnN0TmFtZSI6ItCf0YDQvtGE0LXRgdGB0LjQvtC90LDQu9GM0L3Ri9C5IiwicGhvbmVOdW1iZXIiOiIiLCJsb2dpbiI6InRlYWNoZXJfZnVsbEBpc21hcnQub3JnIiwiZW1haWwiOiJ0ZWFjaGVyX2Z1bGxAaXNtYXJ0Lm9yZyIsImNvbnRyYWN0VHlwZSI6InByaXZhdGUiLCJleHRlcm5hbFVzZXJTb3VyY2UiOm51bGwsImdvZE1vZGUiOnRydWUsImVkdWNvbnQiOnt9LCJfaWQiOiI2NWMzNDFiMmI5MmM3YTVmYmFmZWI2MDcifQ.g8I_2Btv7rGXWFT_jbBB9c0iAVhZshRxVIA8nbNqh0s","default","Mon Oct 05 01:52:56 UTC 2026","failed","Mon Oct 05 01:53:43 UTC 2026","Tests Eors","","",""
"","24782","Каталог заданий: Повторение пройденного материала ""Информатика"" — Класс 3","default","Mon Oct 05 02:39:53 UTC 2026","passed","Mon Oct 05 02:40:18 UTC 2026","AuTestCatalogTask","","",""
"","16877","Каталог заданий: Дополнительное образование ""Геометрия"" — Класс 4","default","Mon Oct 05 02:16:45 UTC 2026","passed","Mon Oct 05 02:17:01 UTC 2026","AuTestCatalogTask","","",""
"","16898","Каталог заданий: ТНР ""Русский язык. 5.1"" — Класс 8","default","Mon Oct 05 02:45:39 UTC 2026","passed","Mon Oct 05 02:45:56 UTC 2026","AuTestCatalogTask","","",""
"","18131","Каталог заданий: Подготовка к контрольным работам ""Химия"" — Класс 1","default","Mon Oct 05 02:30:02 UTC 2026","passed","Mon Oct 05 02:30:20 UTC 2026","AuTestCatalogTask","","",""
"","9482","Каталог заданий: Подготовка к ОГЭ ""Русский язык""","default","Mon Oct 05 02:17:34 UTC 2026","passed","Mon Oct 05 02:17:43 UTC 2026","AuTestCatalogTask","","",""
"","33899","Каталог заданий: Слабослышащие ""История. 2.1"" — Класс 1","default","Mon Oct 05 03:26:31 UTC 2026","passed","Mon Oct 05 03:27:05 UTC 2026","AuTestCatalogTask","","",""
"","25793","342. EORS: https://edu.ismart.org/catalog/c0b22a-russkii-yazik-narushenie-sluha/1-chto-mi-znaem-o-zvukah-i-bukvah_2xDDrG?view=tasks&categoryCode=75f086-russkii-yazik-1-kl&auth=eyJhbGciOiJIUzI1NiIsInR5cCI6IkpXVCJ9.eyJpZCI6IjY1YzM0MWIyYjkyYzdhNWZiYWZlYjYwNyIsImlzQWN0aXZlIjp0cnVlLCJpc0d1ZXN0IjpmYWxzZSwiaXNSZWdpc3RyYXRpb25Db21wbGV0ZSI6dHJ1ZSwiaXNDb25maXJtRW1haWwiOmZhbHNlLCJzdHVkZW50cyI6W10sInV0Y09mZnNldCI6MTgwLCJyb2xlIjoic2Nob29sLXRlYWNoZXIiLCJsYXN0TmFtZSI6IiIsImZpcnN0TmFtZSI6ItCf0YDQvtGE0LXRgdGB0LjQvtC90LDQu9GM0L3Ri9C5IiwicGhvbmVOdW1iZXIiOiIiLCJsb2dpbiI6InRlYWNoZXJfZnVsbEBpc21hcnQub3JnIiwiZW1haWwiOiJ0ZWFjaGVyX2Z1bGxAaXNtYXJ0Lm9yZyIsImNvbnRyYWN0VHlwZSI6InByaXZhdGUiLCJleHRlcm5hbFVzZXJTb3VyY2UiOm51bGwsImdvZE1vZGUiOnRydWUsImVkdWNvbnQiOnt9LCJfaWQiOiI2NWMzNDFiMmI5MmM3YTVmYmFmZWI2MDcifQ.g8I_2Btv7rGXWFT_jbBB9c0iAVhZshRxVIA8nbNqh0s","default","Mon Oct 05 01:07:41 UTC 2026","passed","Mon Oct 05 01:08:07 UTC 2026","Tests Eors","","",""
"","32395","Каталог заданий: РАС ""Математика. 8.1"" — Класс 2","default","Mon Oct 05 03:50:49 UTC 2026","passed","Mon Oct 05 03:51:22 UTC 2026","AuTestCatalogTask","","",""
"","45093","88. EORS: https://edu.ismart.org/catalog/a60457-okruzhayuschii-mir-ras/01-chelovek-i-obshchestvo-shkola-i-shkolnaya-jizn_V8QEX5?view=tasks&categoryCode=1ed93e-okruzhayuschii-1-kl&auth=eyJhbGciOiJIUzI1NiIsInR5cCI6IkpXVCJ9.eyJpZCI6IjY1YzM0MWIyYjkyYzdhNWZiYWZlYjYwNyIsImlzQWN0aXZlIjp0cnVlLCJpc0d1ZXN0IjpmYWxzZSwiaXNSZWdpc3RyYXRpb25Db21wbGV0ZSI6dHJ1ZSwiaXNDb25maXJtRW1haWwiOmZhbHNlLCJzdHVkZW50cyI6W10sInV0Y09mZnNldCI6MTgwLCJyb2xlIjoic2Nob29sLXRlYWNoZXIiLCJsYXN0TmFtZSI6IiIsImZpcnN0TmFtZSI6ItCf0YDQvtGE0LXRgdGB0LjQvtC90LDQu9GM0L3Ri9C5IiwicGhvbmVOdW1iZXIiOiIiLCJsb2dpbiI6InRlYWNoZXJfZnVsbEBpc21hcnQub3JnIiwiZW1haWwiOiJ0ZWFjaGVyX2Z1bGxAaXNtYXJ0Lm9yZyIsImNvbnRyYWN0VHlwZSI6InByaXZhdGUiLCJleHRlcm5hbFVzZXJTb3VyY2UiOm51bGwsImdvZE1vZGUiOnRydWUsImVkdWNvbnQiOnt9LCJfaWQiOiI2NWMzNDFiMmI5MmM3YTVmYmFmZWI2MDcifQ.g8I_2Btv7rGXWFT_jbBB9c0iAVhZshRxVIA8nbNqh0s","default","Mon Oct 05 00:33:56 UTC 2026","failed","Mon Oct 05 00:34:42 UTC 2026","Tests Eors","","",""
"","15821","Каталог заданий: Нарушение слуха ""Физика. 1.1"" — Класс 3","default","Mon Oct 05 03:21:11 UTC 2026","passed","Mon Oct 05 03:21:27 UTC 2026","AuTestCatalogTask","","",""
"","24354","240. EORS: https://edu.ismart.org/catalog/2e0c72-informatika-6-1/1--komputer-apparatnoe-i-programmnoe-obespechenie-falovaya-sistema_hxYijF_ugsQ2C?view=tasks&categoryCode=4fad53-10-kl&auth=eyJhbGciOiJIUzI1NiIsInR5cCI6IkpXVCJ9.eyJpZCI6IjY1YzM0MWIyYjkyYzdhNWZiYWZlYjYwNyIsImlzQWN0aXZlIjp0cnVlLCJpc0d1ZXN0IjpmYWxzZSwiaXNSZWdpc3RyYXRpb25Db21wbGV0ZSI6dHJ1ZSwiaXNDb25maXJtRW1haWwiOmZhbHNlLCJzdHVkZW50cyI6W10sInV0Y09mZnNldCI6MTgwLCJyb2xlIjoic2Nob29sLXRlYWNoZXIiLCJsYXN0TmFtZSI6IiIsImZpcnN0TmFtZSI6ItCf0YDQvtGE0LXRgdGB0LjQvtC90LDQu9GM0L3Ri9C5IiwicGhvbmVOdW1iZXIiOiIiLCJsb2dpbiI6InRlYWNoZXJfZnVsbEBpc21hcnQub3JnIiwiZW1haWwiOiJ0ZWFjaGVyX2Z1bGxAaXNtYXJ0Lm9yZyIsImNvbnRyYWN0VHlwZSI6InByaXZhdGUiLCJleHRlcm5hbFVzZXJTb3VyY2UiOm51bGwsImdvZE1vZGUiOnRydWUsImVkdWNvbnQiOnt9LCJfaWQiOiI2NWMzNDFiMmI5MmM3YTVmYmFmZWI2MDcifQ.g8I_2Btv7rGXWFT_jbBB9c0iAVhZshRxVIA8nbNqh0s","default","Mon Oct 05 00:53:47 UTC 2026","passed","Mon Oct 05 00:54:12 UTC 2026","Tests Eors","","",""
"","25298","Каталог заданий: Подготовка к контрольным работам ""Английский язык"" — Класс 9","default","Mon Oct 05 02:26:58 UTC 2026","passed","Mon Oct 05 02:27:24 UTC 2026","AuTestCatalogTask","","",""
"","48425","603. EORS: https://edu.ismart.org/catalog/274db5-himiya-7-1/1-teoreticheskie-osnovy-organichesko-himii-_SvX2Mh_1VsRfw?view=tasks&categoryCode=cb095d-10-kl&auth=eyJhbGciOiJIUzI1NiIsInR5cCI6IkpXVCJ9.eyJpZCI6IjY1YzM0MWIyYjkyYzdhNWZiYWZlYjYwNyIsImlzQWN0aXZlIjp0cnVlLCJpc0d1ZXN0IjpmYWxzZSwiaXNSZWdpc3RyYXRpb25Db21wbGV0ZSI6dHJ1ZSwiaXNDb25maXJtRW1haWwiOmZhbHNlLCJzdHVkZW50cyI6W10sInV0Y09mZnNldCI6MTgwLCJyb2xlIjoic2Nob29sLXRlYWNoZXIiLCJsYXN0TmFtZSI6IiIsImZpcnN0TmFtZSI6ItCf0YDQvtGE0LXRgdGB0LjQvtC90LDQu9GM0L3Ri9C5IiwicGhvbmVOdW1iZXIiOiIiLCJsb2dpbiI6InRlYWNoZXJfZnVsbEBpc21hcnQub3JnIiwiZW1haWwiOiJ0ZWFjaGVyX2Z1bGxAaXNtYXJ0Lm9yZyIsImNvbnRyYWN0VHlwZSI6InByaXZhdGUiLCJleHRlcm5hbFVzZXJTb3VyY2UiOm51bGwsImdvZE1vZGUiOnRydWUsImVkdWNvbnQiOnt9LCJfaWQiOiI2NWMzNDFiMmI5MmM3YTVmYmFmZWI2MDcifQ.g8I_2Btv7rGXWFT_jbBB9c0iAVhZshRxVIA8nbNqh0s","default","Mon Oct 05 01:43:48 UTC 2026","failed","Mon Oct 05 01:44:36 UTC 2026","Tests Eors","","",""
"","26577","542. EORS: https://edu.ismart.org/catalog/4e11c9-himiya-6-1/1-stroenie-atoma-i-ego-svyaz-so-svostvami-elementa_9sjbiO_WCQlVH?view=tasks&categoryCode=be7d2e-9-kl&auth=eyJhbGciOiJIUzI1NiIsInR5cCI6IkpXVCJ9.eyJpZCI6IjY1YzM0MWIyYjkyYzdhNWZiYWZlYjYwNyIsImlzQWN0aXZlIjp0cnVlLCJpc0d1ZXN0IjpmYWxzZSwiaXNSZWdpc3RyYXRpb25Db21wbGV0ZSI6dHJ1ZSwiaXNDb25maXJtRW1haWwiOmZhbHNlLCJzdHVkZW50cyI6W10sInV0Y09mZnNldCI6MTgwLCJyb2xlIjoic2Nob29sLXRlYWNoZXIiLCJsYXN0TmFtZSI6IiIsImZpcnN0TmFtZSI6ItCf0YDQvtGE0LXRgdGB0LjQvtC90LDQu9GM0L3Ri9C5IiwicGhvbmVOdW1iZXIiOiIiLCJsb2dpbiI6InRlYWNoZXJfZnVsbEBpc21hcnQub3JnIiwiZW1haWwiOiJ0ZWFjaGVyX2Z1bGxAaXNtYXJ0Lm9yZyIsImNvbnRyYWN0VHlwZSI6InByaXZhdGUiLCJleHRlcm5hbFVzZXJTb3VyY2UiOm51bGwsImdvZE1vZGUiOnRydWUsImVkdWNvbnQiOnt9LCJfaWQiOiI2NWMzNDFiMmI5MmM3YTVmYmFmZWI2MDcifQ.g8I_2Btv7rGXWFT_jbBB9c0iAVhZshRxVIA8nbNqh0s","default","Mon Oct 05 01:33:58 UTC 2026","passed","Mon Oct 05 01:34:24 UTC 2026","Tests Eors","","",""
"","17574","Каталог заданий: НОДА ""Русский язык. 6.1"" — Класс 8","default","Mon Oct 05 03:40:42 UTC 2026","passed","Mon Oct 05 03:40:59 UTC 2026","AuTestCatalogTask","","",""
"","27849","136. EORS: https://edu.ismart.org/catalog/2835c0-biologiya-6-1/1-sistematika-i-klassifikaciya-rasteni_bQ8Guo_5Br7vo?view=tasks&categoryCode=2fea1a-7-kl&auth=eyJhbGciOiJIUzI1NiIsInR5cCI6IkpXVCJ9.eyJpZCI6IjY1YzM0MWIyYjkyYzdhNWZiYWZlYjYwNyIsImlzQWN0aXZlIjp0cnVlLCJpc0d1ZXN0IjpmYWxzZSwiaXNSZWdpc3RyYXRpb25Db21wbGV0ZSI6dHJ1ZSwiaXNDb25maXJtRW1haWwiOmZhbHNlLCJzdHVkZW50cyI6W10sInV0Y09mZnNldCI6MTgwLCJyb2xlIjoic2Nob29sLXRlYWNoZXIiLCJsYXN0TmFtZSI6IiIsImZpcnN0TmFtZSI6ItCf0YDQvtGE0LXRgdGB0LjQvtC90LDQu9GM0L3Ri9C5IiwicGhvbmVOdW1iZXIiOiIiLCJsb2dpbiI6InRlYWNoZXJfZnVsbEBpc21hcnQub3JnIiwiZW1haWwiOiJ0ZWFjaGVyX2Z1bGxAaXNtYXJ0Lm9yZyIsImNvbnRyYWN0VHlwZSI6InByaXZhdGUiLCJleHRlcm5hbFVzZXJTb3VyY2UiOm51bGwsImdvZE1vZGUiOnRydWUsImVkdWNvbnQiOnt9LCJfaWQiOiI2NWMzNDFiMmI5MmM3YTVmYmFmZWI2MDcifQ.g8I_2Btv7rGXWFT_jbBB9c0iAVhZshRxVIA8nbNqh0s","default","Mon Oct 05 00:40:15 UTC 2026","passed","Mon Oct 05 00:40:43 UTC 2026","Tests Eors","","",""
"","23610","Каталог заданий: Подготовка к ВПР ""Русский язык"" — Класс 1","default","Mon Oct 05 02:21:42 UTC 2026","passed","Mon Oct 05 02:22:05 UTC 2026","AuTestCatalogTask","","",""
"","16322","Каталог заданий: ЗПР ""Информатика. 7.1"" — Класс 1","default","Mon Oct 05 03:39:26 UTC 2026","passed","Mon Oct 05 03:39:42 UTC 2026","AuTestCatalogTask","","",""
"","23656","Каталог заданий: Слабослышащие ""Английский язык. 2.1"" — Класс 3","default","Mon Oct 05 03:28:52 UTC 2026","passed","Mon Oct 05 03:29:15 UTC 2026","AuTestCatalogTask","","",""
"","35047","Каталог заданий: Дополнительное образование ""Химия"" — Класс 2","default","Mon Oct 05 02:15:31 UTC 2026","passed","Mon Oct 05 02:16:06 UTC 2026","AuTestCatalogTask","","",""
"","40527","Каталог заданий: ТНР ""Биология. 5.1"" — Класс 2","default","Mon Oct 05 02:47:52 UTC 2026","passed","Mon Oct 05 02:48:33 UTC 2026","AuTestCatalogTask","","",""
"","24630","124. EORS: https://edu.ismart.org/catalog/c350f7-istoriya-1-1/1-vvedenie-_mnvJh9_gbYOXx?view=tasks&categoryCode=2a5073-11-klass&auth=eyJhbGciOiJIUzI1NiIsInR5cCI6IkpXVCJ9.eyJpZCI6IjY1YzM0MWIyYjkyYzdhNWZiYWZlYjYwNyIsImlzQWN0aXZlIjp0cnVlLCJpc0d1ZXN0IjpmYWxzZSwiaXNSZWdpc3RyYXRpb25Db21wbGV0ZSI6dHJ1ZSwiaXNDb25maXJtRW1haWwiOmZhbHNlLCJzdHVkZW50cyI6W10sInV0Y09mZnNldCI6MTgwLCJyb2xlIjoic2Nob29sLXRlYWNoZXIiLCJsYXN0TmFtZSI6IiIsImZpcnN0TmFtZSI6ItCf0YDQvtGE0LXRgdGB0LjQvtC90LDQu9GM0L3Ri9C5IiwicGhvbmVOdW1iZXIiOiIiLCJsb2dpbiI6InRlYWNoZXJfZnVsbEBpc21hcnQub3JnIiwiZW1haWwiOiJ0ZWFjaGVyX2Z1bGxAaXNtYXJ0Lm9yZyIsImNvbnRyYWN0VHlwZSI6InByaXZhdGUiLCJleHRlcm5hbFVzZXJTb3VyY2UiOm51bGwsImdvZE1vZGUiOnRydWUsImVkdWNvbnQiOnt9LCJfaWQiOiI2NWMzNDFiMmI5MmM3YTVmYmFmZWI2MDcifQ.g8I_2Btv7rGXWFT_jbBB9c0iAVhZshRxVIA8nbNqh0s","default","Mon Oct 05 00:38:40 UTC 2026","passed","Mon Oct 05 00:39:05 UTC 2026","Tests Eors","","",""
"","32077","476. EORS: https://edu.ismart.org/catalog/a95870-matematika-1-klass/1-matematika-povtorenie-na-leto-iyul?view=tasks&class=5a3cef308409440019b57b39&auth=eyJhbGciOiJIUzI1NiIsInR5cCI6IkpXVCJ9.eyJpZCI6IjY1YzM0MWIyYjkyYzdhNWZiYWZlYjYwNyIsImlzQWN0aXZlIjp0cnVlLCJpc0d1ZXN0IjpmYWxzZSwiaXNSZWdpc3RyYXRpb25Db21wbGV0ZSI6dHJ1ZSwiaXNDb25maXJtRW1haWwiOmZhbHNlLCJzdHVkZW50cyI6W10sInV0Y09mZnNldCI6MTgwLCJyb2xlIjoic2Nob29sLXRlYWNoZXIiLCJsYXN0TmFtZSI6IiIsImZpcnN0TmFtZSI6ItCf0YDQvtGE0LXRgdGB0LjQvtC90LDQu9GM0L3Ri9C5IiwicGhvbmVOdW1iZXIiOiIiLCJsb2dpbiI6InRlYWNoZXJfZnVsbEBpc21hcnQub3JnIiwiZW1haWwiOiJ0ZWFjaGVyX2Z1bGxAaXNtYXJ0Lm9yZyIsImNvbnRyYWN0VHlwZSI6InByaXZhdGUiLCJleHRlcm5hbFVzZXJTb3VyY2UiOm51bGwsImdvZE1vZGUiOnRydWUsImVkdWNvbnQiOnt9LCJfaWQiOiI2NWMzNDFiMmI5MmM3YTVmYmFmZWI2MDcifQ.g8I_2Btv7rGXWFT_jbBB9c0iAVhZshRxVIA8nbNqh0s","default","Mon Oct 05 01:24:22 UTC 2026","passed","Mon Oct 05 01:24:54 UTC 2026","Tests Eors","","",""
"","26170","Каталог заданий: НОДА ""Английский язык. 6.1"" — Класс 8","default","Mon Oct 05 03:48:27 UTC 2026","passed","Mon Oct 05 03:48:54 UTC 2026","AuTestCatalogTask","","",""
"","29399","Каталог заданий: Нарушение слуха ""Математика. 1.1"" — Класс 6","default","Mon Oct 05 03:14:06 UTC 2026","passed","Mon Oct 05 03:14:35 UTC 2026","AuTestCatalogTask","","",""
"","20164","Каталог заданий: Подготовка к контрольным работам ""Алгебра"" — Класс 2","default","Mon Oct 05 02:28:08 UTC 2026","passed","Mon Oct 05 02:28:28 UTC 2026","AuTestCatalogTask","","",""
"","11087","Каталог заданий: Русский язык пакеты ""Пунктуационная грамотность (5-9 кл.)"" — Класс 3","default","Mon Oct 05 02:43:30 UTC 2026","passed","Mon Oct 05 02:43:41 UTC 2026","AuTestCatalogTask","","",""
"","27729","Каталог заданий: Слабовидящие ""Литература. 4.1"" — Класс 5","default","Mon Oct 05 03:06:42 UTC 2026","passed","Mon Oct 05 03:07:10 UTC 2026","AuTestCatalogTask","","",""
"","11861","Каталог заданий: Слепые ""Русский язык. 3.1"" — Класс 7","default","Mon Oct 05 02:54:37 UTC 2026","passed","Mon Oct 05 02:54:49 UTC 2026","AuTestCatalogTask","","",""
"","53321","Каталог заданий: Нарушение слуха ""Биология. 1.1"" — Класс 4","default","Mon Oct 05 03:19:19 UTC 2026","passed","Mon Oct 05 03:20:13 UTC 2026","AuTestCatalogTask","","",""
"","17628","Каталог заданий: ТНР ""Вероятность и статистика. 5.1"" — Класс 4","default","Mon Oct 05 02:51:51 UTC 2026","passed","Mon Oct 05 02:52:09 UTC 2026","AuTestCatalogTask","","",""
"","24123","462. EORS: https://edu.ismart.org/catalog/a3de43-algebra/00-1-nedelya-chisla-i-vychisleniya-chast-1?view=tasks&class=5f3fa2c7f00eca001c8bd3f9&auth=eyJhbGciOiJIUzI1NiIsInR5cCI6IkpXVCJ9.eyJpZCI6IjY1YzM0MWIyYjkyYzdhNWZiYWZlYjYwNyIsImlzQWN0aXZlIjp0cnVlLCJpc0d1ZXN0IjpmYWxzZSwiaXNSZWdpc3RyYXRpb25Db21wbGV0ZSI6dHJ1ZSwiaXNDb25maXJtRW1haWwiOmZhbHNlLCJzdHVkZW50cyI6W10sInV0Y09mZnNldCI6MTgwLCJyb2xlIjoic2Nob29sLXRlYWNoZXIiLCJsYXN0TmFtZSI6IiIsImZpcnN0TmFtZSI6ItCf0YDQvtGE0LXRgdGB0LjQvtC90LDQu9GM0L3Ri9C5IiwicGhvbmVOdW1iZXIiOiIiLCJsb2dpbiI6InRlYWNoZXJfZnVsbEBpc21hcnQub3JnIiwiZW1haWwiOiJ0ZWFjaGVyX2Z1bGxAaXNtYXJ0Lm9yZyIsImNvbnRyYWN0VHlwZSI6InByaXZhdGUiLCJleHRlcm5hbFVzZXJTb3VyY2UiOm51bGwsImdvZE1vZGUiOnRydWUsImVkdWNvbnQiOnt9LCJfaWQiOiI2NWMzNDFiMmI5MmM3YTVmYmFmZWI2MDcifQ.g8I_2Btv7rGXWFT_jbBB9c0iAVhZshRxVIA8nbNqh0s","default","Mon Oct 05 01:22:43 UTC 2026","passed","Mon Oct 05 01:23:07 UTC 2026","Tests Eors","","",""
"","14741","Каталог заданий: ТНР ""Физика. 5.1"" — Класс 3","default","Mon Oct 05 02:50:06 UTC 2026","passed","Mon Oct 05 02:50:21 UTC 2026","AuTestCatalogTask","","",""
"","19808","328. EORS: https://edu.ismart.org/catalog/815602-informatika-1-1/1-kommunikacionnye-tehnologii_VJFgeg_dsfhQV?view=tasks&categoryCode=70d27b-9-kl&auth=eyJhbGciOiJIUzI1NiIsInR5cCI6IkpXVCJ9.eyJpZCI6IjY1YzM0MWIyYjkyYzdhNWZiYWZlYjYwNyIsImlzQWN0aXZlIjp0cnVlLCJpc0d1ZXN0IjpmYWxzZSwiaXNSZWdpc3RyYXRpb25Db21wbGV0ZSI6dHJ1ZSwiaXNDb25maXJtRW1haWwiOmZhbHNlLCJzdHVkZW50cyI6W10sInV0Y09mZnNldCI6MTgwLCJyb2xlIjoic2Nob29sLXRlYWNoZXIiLCJsYXN0TmFtZSI6IiIsImZpcnN0TmFtZSI6ItCf0YDQvtGE0LXRgdGB0LjQvtC90LDQu9GM0L3Ri9C5IiwicGhvbmVOdW1iZXIiOiIiLCJsb2dpbiI6InRlYWNoZXJfZnVsbEBpc21hcnQub3JnIiwiZW1haWwiOiJ0ZWFjaGVyX2Z1bGxAaXNtYXJ0Lm9yZyIsImNvbnRyYWN0VHlwZSI6InByaXZhdGUiLCJleHRlcm5hbFVzZXJTb3VyY2UiOm51bGwsImdvZE1vZGUiOnRydWUsImVkdWNvbnQiOnt9LCJfaWQiOiI2NWMzNDFiMmI5MmM3YTVmYmFmZWI2MDcifQ.g8I_2Btv7rGXWFT_jbBB9c0iAVhZshRxVIA8nbNqh0s","default","Mon Oct 05 01:05:45 UTC 2026","passed","Mon Oct 05 01:06:04 UTC 2026","Tests Eors","","",""
"","15679","Каталог заданий: Слабослышащие ""Информатика. 2.1"" — Класс 3","default","Mon Oct 05 03:30:08 UTC 2026","passed","Mon Oct 05 03:30:23 UTC 2026","AuTestCatalogTask","","",""
"","20026","Каталог заданий: Дополнительное образование ""Алгебра"" — Класс 3","default","Mon Oct 05 02:16:09 UTC 2026","passed","Mon Oct 05 02:16:29 UTC 2026","AuTestCatalogTask","","",""
"","20640","Каталог заданий: Русский язык пакеты ""Сочинение"" — Класс 1","default","Mon Oct 05 02:43:57 UTC 2026","passed","Mon Oct 05 02:44:17 UTC 2026","AuTestCatalogTask","","",""
"","27433","Каталог заданий: Слабовидящие ""Английский язык. 4.1"" — Класс 4","default","Mon Oct 05 03:08:34 UTC 2026","passed","Mon Oct 05 03:09:02 UTC 2026","AuTestCatalogTask","","",""
"","41983","Каталог заданий: Нарушение слуха ""Литература. 1.1"" — Класс 1","default","Mon Oct 05 03:15:28 UTC 2026","passed","Mon Oct 05 03:16:10 UTC 2026","AuTestCatalogTask","","",""
"","15642","Каталог заданий: Нарушение слуха ""Информатика. 1.1"" — Класс 1","default","Mon Oct 05 03:21:43 UTC 2026","passed","Mon Oct 05 03:21:58 UTC 2026","AuTestCatalogTask","","",""
"","14910","Каталог заданий: Дополнительное образование ""Вероятность и статистика"" — Класс 1","default","Mon Oct 05 02:16:49 UTC 2026","passed","Mon Oct 05 02:17:04 UTC 2026","AuTestCatalogTask","","",""
"","16714","Каталог заданий: Слепые ""Геометрия. 3.1"" — Класс 4","default","Mon Oct 05 02:56:21 UTC 2026","passed","Mon Oct 05 02:56:38 UTC 2026","AuTestCatalogTask","","",""
"","16101","Каталог заданий: НОДА ""Алгебра. 6.1"" — Класс 3","default","Mon Oct 05 03:41:49 UTC 2026","passed","Mon Oct 05 03:42:06 UTC 2026","AuTestCatalogTask","","",""
"","50367","318. EORS: https://edu.ismart.org/catalog/3d8243-obschestvoznanie-6-1/01-chelovek-v-ekonomicheskih-otnosheniyah_nab9Wr_1s6brt?view=tasks&categoryCode=6df043-8-kl&auth=eyJhbGciOiJIUzI1NiIsInR5cCI6IkpXVCJ9.eyJpZCI6IjY1YzM0MWIyYjkyYzdhNWZiYWZlYjYwNyIsImlzQWN0aXZlIjp0cnVlLCJpc0d1ZXN0IjpmYWxzZSwiaXNSZWdpc3RyYXRpb25Db21wbGV0ZSI6dHJ1ZSwiaXNDb25maXJtRW1haWwiOmZhbHNlLCJzdHVkZW50cyI6W10sInV0Y09mZnNldCI6MTgwLCJyb2xlIjoic2Nob29sLXRlYWNoZXIiLCJsYXN0TmFtZSI6IiIsImZpcnN0TmFtZSI6ItCf0YDQvtGE0LXRgdGB0LjQvtC90LDQu9GM0L3Ri9C5IiwicGhvbmVOdW1iZXIiOiIiLCJsb2dpbiI6InRlYWNoZXJfZnVsbEBpc21hcnQub3JnIiwiZW1haWwiOiJ0ZWFjaGVyX2Z1bGxAaXNtYXJ0Lm9yZyIsImNvbnRyYWN0VHlwZSI6InByaXZhdGUiLCJleHRlcm5hbFVzZXJTb3VyY2UiOm51bGwsImdvZE1vZGUiOnRydWUsImVkdWNvbnQiOnt9LCJfaWQiOiI2NWMzNDFiMmI5MmM3YTVmYmFmZWI2MDcifQ.g8I_2Btv7rGXWFT_jbBB9c0iAVhZshRxVIA8nbNqh0s","default","Mon Oct 05 01:03:53 UTC 2026","failed","Mon Oct 05 01:04:43 UTC 2026","Tests Eors","","",""
"","17188","Каталог заданий: Нарушение слуха ""Информатика. 1.1"" — Класс 4","default","Mon Oct 05 03:21:53 UTC 2026","passed","Mon Oct 05 03:22:10 UTC 2026","AuTestCatalogTask","","",""
"","14237","Каталог заданий: Слепые ""Информатика. 3.1"" — Класс 5","default","Mon Oct 05 03:03:12 UTC 2026","passed","Mon Oct 05 03:03:26 UTC 2026","AuTestCatalogTask","","",""
"","20498","Каталог заданий: Подготовка к ВПР ""История"" — Класс 2","default","Mon Oct 05 02:23:47 UTC 2026","passed","Mon Oct 05 02:24:08 UTC 2026","AuTestCatalogTask","","",""
"","16276","Каталог заданий: Подготовка к ВПР ""Английский язык"" — Класс 5","default","Mon Oct 05 02:22:54 UTC 2026","passed","Mon Oct 05 02:23:10 UTC 2026","AuTestCatalogTask","","",""
"","23352","674. EORS: https://edu.ismart.org/catalog/e972ed-informatika/1-zadanie-1?view=tasks&class=5f63090daee1af001b415303&auth=eyJhbGciOiJIUzI1NiIsInR5cCI6IkpXVCJ9.eyJpZCI6IjY1YzM0MWIyYjkyYzdhNWZiYWZlYjYwNyIsImlzQWN0aXZlIjp0cnVlLCJpc0d1ZXN0IjpmYWxzZSwiaXNSZWdpc3RyYXRpb25Db21wbGV0ZSI6dHJ1ZSwiaXNDb25maXJtRW1haWwiOmZhbHNlLCJzdHVkZW50cyI6W10sInV0Y09mZnNldCI6MTgwLCJyb2xlIjoic2Nob29sLXRlYWNoZXIiLCJsYXN0TmFtZSI6IiIsImZpcnN0TmFtZSI6ItCf0YDQvtGE0LXRgdGB0LjQvtC90LDQu9GM0L3Ri9C5IiwicGhvbmVOdW1iZXIiOiIiLCJsb2dpbiI6InRlYWNoZXJfZnVsbEBpc21hcnQub3JnIiwiZW1haWwiOiJ0ZWFjaGVyX2Z1bGxAaXNtYXJ0Lm9yZyIsImNvbnRyYWN0VHlwZSI6InByaXZhdGUiLCJleHRlcm5hbFVzZXJTb3VyY2UiOm51bGwsImdvZE1vZGUiOnRydWUsImVkdWNvbnQiOnt9LCJfaWQiOiI2NWMzNDFiMmI5MmM3YTVmYmFmZWI2MDcifQ.g8I_2Btv7rGXWFT_jbBB9c0iAVhZshRxVIA8nbNqh0s","default","Mon Oct 05 01:54:12 UTC 2026","passed","Mon Oct 05 01:54:36 UTC 2026","Tests Eors","","",""
"","26457","Каталог заданий: Русский язык пакеты ""Сочинение"" — Класс 5","default","Mon Oct 05 02:44:17 UTC 2026","passed","Mon Oct 05 02:44:44 UTC 2026","AuTestCatalogTask","","",""
"","35216","Каталог заданий: ТНР ""Литература. 5.1"" — Класс 2","default","Mon Oct 05 02:48:53 UTC 2026","passed","Mon Oct 05 02:49:28 UTC 2026","AuTestCatalogTask","","",""
"","10812","Каталог заданий: Русский язык пакеты ""Развитие речи (1-4 кл.)"" — Класс 3","default","Mon Oct 05 02:42:34 UTC 2026","passed","Mon Oct 05 02:42:45 UTC 2026","AuTestCatalogTask","","",""
"","21702","98. EORS: https://edu.ismart.org/catalog/219c63-matematika/501-mnogoznachnye-chisla-razryady-klassy-summa-razryadnyh-slagaemyh?view=tasks&class=5a3cef238409440019b57b38&auth=eyJhbGciOiJIUzI1NiIsInR5cCI6IkpXVCJ9.eyJpZCI6IjY1YzM0MWIyYjkyYzdhNWZiYWZlYjYwNyIsImlzQWN0aXZlIjp0cnVlLCJpc0d1ZXN0IjpmYWxzZSwiaXNSZWdpc3RyYXRpb25Db21wbGV0ZSI6dHJ1ZSwiaXNDb25maXJtRW1haWwiOmZhbHNlLCJzdHVkZW50cyI6W10sInV0Y09mZnNldCI6MTgwLCJyb2xlIjoic2Nob29sLXRlYWNoZXIiLCJsYXN0TmFtZSI6IiIsImZpcnN0TmFtZSI6ItCf0YDQvtGE0LXRgdGB0LjQvtC90LDQu9GM0L3Ri9C5IiwicGhvbmVOdW1iZXIiOiIiLCJsb2dpbiI6InRlYWNoZXJfZnVsbEBpc21hcnQub3JnIiwiZW1haWwiOiJ0ZWFjaGVyX2Z1bGxAaXNtYXJ0Lm9yZyIsImNvbnRyYWN0VHlwZSI6InByaXZhdGUiLCJleHRlcm5hbFVzZXJTb3VyY2UiOm51bGwsImdvZE1vZGUiOnRydWUsImVkdWNvbnQiOnt9LCJfaWQiOiI2NWMzNDFiMmI5MmM3YTVmYmFmZWI2MDcifQ.g8I_2Btv7rGXWFT_jbBB9c0iAVhZshRxVIA8nbNqh0s","default","Mon Oct 05 00:35:40 UTC 2026","passed","Mon Oct 05 00:36:01 UTC 2026","Tests Eors","","",""
"","25174","349. EORS: https://edu.ismart.org/catalog/77a70c-uchimsya-pisat-sochinenie/200-rassujdenie-kak-tip-rechi-?view=tasks&class=5f3fa2c7f00eca001c8bd3f9&auth=eyJhbGciOiJIUzI1NiIsInR5cCI6IkpXVCJ9.eyJpZCI6IjY1YzM0MWIyYjkyYzdhNWZiYWZlYjYwNyIsImlzQWN0aXZlIjp0cnVlLCJpc0d1ZXN0IjpmYWxzZSwiaXNSZWdpc3RyYXRpb25Db21wbGV0ZSI6dHJ1ZSwiaXNDb25maXJtRW1haWwiOmZhbHNlLCJzdHVkZW50cyI6W10sInV0Y09mZnNldCI6MTgwLCJyb2xlIjoic2Nob29sLXRlYWNoZXIiLCJsYXN0TmFtZSI6IiIsImZpcnN0TmFtZSI6ItCf0YDQvtGE0LXRgdGB0LjQvtC90LDQu9GM0L3Ri9C5IiwicGhvbmVOdW1iZXIiOiIiLCJsb2dpbiI6InRlYWNoZXJfZnVsbEBpc21hcnQub3JnIiwiZW1haWwiOiJ0ZWFjaGVyX2Z1bGxAaXNtYXJ0Lm9yZyIsImNvbnRyYWN0VHlwZSI6InByaXZhdGUiLCJleHRlcm5hbFVzZXJTb3VyY2UiOm51bGwsImdvZE1vZGUiOnRydWUsImVkdWNvbnQiOnt9LCJfaWQiOiI2NWMzNDFiMmI5MmM3YTVmYmFmZWI2MDcifQ.g8I_2Btv7rGXWFT_jbBB9c0iAVhZshRxVIA8nbNqh0s","default","Mon Oct 05 01:08:37 UTC 2026","passed","Mon Oct 05 01:09:02 UTC 2026","Tests Eors","","",""
"","22966","284. EORS: https://edu.ismart.org/catalog/85b515-literatura/1-osnovnye-etapy-russkogo-literaturnogo-processa-s-drevnerussko-literatury-do-xix-veka?view=tasks&categoryCode=615d0f-literatura-10-klass&auth=eyJhbGciOiJIUzI1NiIsInR5cCI6IkpXVCJ9.eyJpZCI6IjY1YzM0MWIyYjkyYzdhNWZiYWZlYjYwNyIsImlzQWN0aXZlIjp0cnVlLCJpc0d1ZXN0IjpmYWxzZSwiaXNSZWdpc3RyYXRpb25Db21wbGV0ZSI6dHJ1ZSwiaXNDb25maXJtRW1haWwiOmZhbHNlLCJzdHVkZW50cyI6W10sInV0Y09mZnNldCI6MTgwLCJyb2xlIjoic2Nob29sLXRlYWNoZXIiLCJsYXN0TmFtZSI6IiIsImZpcnN0TmFtZSI6ItCf0YDQvtGE0LXRgdGB0LjQvtC90LDQu9GM0L3Ri9C5IiwicGhvbmVOdW1iZXIiOiIiLCJsb2dpbiI6InRlYWNoZXJfZnVsbEBpc21hcnQub3JnIiwiZW1haWwiOiJ0ZWFjaGVyX2Z1bGxAaXNtYXJ0Lm9yZyIsImNvbnRyYWN0VHlwZSI6InByaXZhdGUiLCJleHRlcm5hbFVzZXJTb3VyY2UiOm51bGwsImdvZE1vZGUiOnRydWUsImVkdWNvbnQiOnt9LCJfaWQiOiI2NWMzNDFiMmI5MmM3YTVmYmFmZWI2MDcifQ.g8I_2Btv7rGXWFT_jbBB9c0iAVhZshRxVIA8nbNqh0s","default","Mon Oct 05 00:59:52 UTC 2026","passed","Mon Oct 05 01:00:15 UTC 2026","Tests Eors","","",""
"","26519","201. EORS: https://edu.ismart.org/catalog/3f4488-himiya-tnr/1-vvedenie-v-himiu_QCHMy0?view=tasks&categoryCode=480d46-8-klass&auth=eyJhbGciOiJIUzI1NiIsInR5cCI6IkpXVCJ9.eyJpZCI6IjY1YzM0MWIyYjkyYzdhNWZiYWZlYjYwNyIsImlzQWN0aXZlIjp0cnVlLCJpc0d1ZXN0IjpmYWxzZSwiaXNSZWdpc3RyYXRpb25Db21wbGV0ZSI6dHJ1ZSwiaXNDb25maXJtRW1haWwiOmZhbHNlLCJzdHVkZW50cyI6W10sInV0Y09mZnNldCI6MTgwLCJyb2xlIjoic2Nob29sLXRlYWNoZXIiLCJsYXN0TmFtZSI6IiIsImZpcnN0TmFtZSI6ItCf0YDQvtGE0LXRgdGB0LjQvtC90LDQu9GM0L3Ri9C5IiwicGhvbmVOdW1iZXIiOiIiLCJsb2dpbiI6InRlYWNoZXJfZnVsbEBpc21hcnQub3JnIiwiZW1haWwiOiJ0ZWFjaGVyX2Z1bGxAaXNtYXJ0Lm9yZyIsImNvbnRyYWN0VHlwZSI6InByaXZhdGUiLCJleHRlcm5hbFVzZXJTb3VyY2UiOm51bGwsImdvZE1vZGUiOnRydWUsImVkdWNvbnQiOnt9LCJfaWQiOiI2NWMzNDFiMmI5MmM3YTVmYmFmZWI2MDcifQ.g8I_2Btv7rGXWFT_jbBB9c0iAVhZshRxVIA8nbNqh0s","default","Mon Oct 05 00:48:22 UTC 2026","passed","Mon Oct 05 00:48:49 UTC 2026","Tests Eors","","",""
"","27033","Каталог заданий: ТНР ""Химия. 5.1"" — Класс 4","default","Mon Oct 05 02:52:10 UTC 2026","passed","Mon Oct 05 02:52:37 UTC 2026","AuTestCatalogTask","","",""
"","18112","Каталог заданий: НОДА ""Алгебра. 6.1"" — Класс 2","default","Mon Oct 05 03:41:35 UTC 2026","passed","Mon Oct 05 03:41:54 UTC 2026","AuTestCatalogTask","","",""
"","21343","Каталог заданий: Подготовка к контрольным работам ""История"" — Класс 6","default","Mon Oct 05 02:29:44 UTC 2026","passed","Mon Oct 05 02:30:05 UTC 2026","AuTestCatalogTask","","",""
"","35984","559. EORS: https://edu.ismart.org/catalog/f5f53c-matematika-ras/100-1-chisla-i-velichiny-chisla-v-predelah-100_8qdbk6?view=tasks&categoryCode=c63d27-matematika-2-kl&auth=eyJhbGciOiJIUzI1NiIsInR5cCI6IkpXVCJ9.eyJpZCI6IjY1YzM0MWIyYjkyYzdhNWZiYWZlYjYwNyIsImlzQWN0aXZlIjp0cnVlLCJpc0d1ZXN0IjpmYWxzZSwiaXNSZWdpc3RyYXRpb25Db21wbGV0ZSI6dHJ1ZSwiaXNDb25maXJtRW1haWwiOmZhbHNlLCJzdHVkZW50cyI6W10sInV0Y09mZnNldCI6MTgwLCJyb2xlIjoic2Nob29sLXRlYWNoZXIiLCJsYXN0TmFtZSI6IiIsImZpcnN0TmFtZSI6ItCf0YDQvtGE0LXRgdGB0LjQvtC90LDQu9GM0L3Ri9C5IiwicGhvbmVOdW1iZXIiOiIiLCJsb2dpbiI6InRlYWNoZXJfZnVsbEBpc21hcnQub3JnIiwiZW1haWwiOiJ0ZWFjaGVyX2Z1bGxAaXNtYXJ0Lm9yZyIsImNvbnRyYWN0VHlwZSI6InByaXZhdGUiLCJleHRlcm5hbFVzZXJTb3VyY2UiOm51bGwsImdvZE1vZGUiOnRydWUsImVkdWNvbnQiOnt9LCJfaWQiOiI2NWMzNDFiMmI5MmM3YTVmYmFmZWI2MDcifQ.g8I_2Btv7rGXWFT_jbBB9c0iAVhZshRxVIA8nbNqh0s","default","Mon Oct 05 01:36:31 UTC 2026","passed","Mon Oct 05 01:37:07 UTC 2026","Tests Eors","","",""
"","42637","138. EORS: https://edu.ismart.org/catalog/920226-istoriya-6-1/1-vvedenie-_mnvJh9_TRivzG?view=tasks&categoryCode=3030a0-11-kl&auth=eyJhbGciOiJIUzI1NiIsInR5cCI6IkpXVCJ9.eyJpZCI6IjY1YzM0MWIyYjkyYzdhNWZiYWZlYjYwNyIsImlzQWN0aXZlIjp0cnVlLCJpc0d1ZXN0IjpmYWxzZSwiaXNSZWdpc3RyYXRpb25Db21wbGV0ZSI6dHJ1ZSwiaXNDb25maXJtRW1haWwiOmZhbHNlLCJzdHVkZW50cyI6W10sInV0Y09mZnNldCI6MTgwLCJyb2xlIjoic2Nob29sLXRlYWNoZXIiLCJsYXN0TmFtZSI6IiIsImZpcnN0TmFtZSI6ItCf0YDQvtGE0LXRgdGB0LjQvtC90LDQu9GM0L3Ri9C5IiwicGhvbmVOdW1iZXIiOiIiLCJsb2dpbiI6InRlYWNoZXJfZnVsbEBpc21hcnQub3JnIiwiZW1haWwiOiJ0ZWFjaGVyX2Z1bGxAaXNtYXJ0Lm9yZyIsImNvbnRyYWN0VHlwZSI6InByaXZhdGUiLCJleHRlcm5hbFVzZXJTb3VyY2UiOm51bGwsImdvZE1vZGUiOnRydWUsImVkdWNvbnQiOnt9LCJfaWQiOiI2NWMzNDFiMmI5MmM3YTVmYmFmZWI2MDcifQ.g8I_2Btv7rGXWFT_jbBB9c0iAVhZshRxVIA8nbNqh0s","default","Mon Oct 05 00:40:17 UTC 2026","failed","Mon Oct 05 00:41:00 UTC 2026","Tests Eors","","",""
"","16368","Каталог заданий: Слепые ""Алгебра. 3.1"" — Класс 3","default","Mon Oct 05 02:55:51 UTC 2026","passed","Mon Oct 05 02:56:08 UTC 2026","AuTestCatalogTask","","",""
"","33746","Каталог заданий: Слепые ""Химия. 3.1"" — Класс 2","default","Mon Oct 05 03:01:35 UTC 2026","passed","Mon Oct 05 03:02:09 UTC 2026","AuTestCatalogTask","","",""
"","24191","Каталог заданий: Повторение пройденного материала ""Биология"" — Класс 5","default","Mon Oct 05 02:38:52 UTC 2026","passed","Mon Oct 05 02:39:16 UTC 2026","AuTestCatalogTask","","",""
"","24933","558. EORS: https://edu.ismart.org/catalog/d3287c-matematika-slepie-uchaschiesya/100-1-chisla-i-velichiny-chisla-v-predelah-100_wJiojN?view=tasks&categoryCode=c61ace-matematika-2-kl&auth=eyJhbGciOiJIUzI1NiIsInR5cCI6IkpXVCJ9.eyJpZCI6IjY1YzM0MWIyYjkyYzdhNWZiYWZlYjYwNyIsImlzQWN0aXZlIjp0cnVlLCJpc0d1ZXN0IjpmYWxzZSwiaXNSZWdpc3RyYXRpb25Db21wbGV0ZSI6dHJ1ZSwiaXNDb25maXJtRW1haWwiOmZhbHNlLCJzdHVkZW50cyI6W10sInV0Y09mZnNldCI6MTgwLCJyb2xlIjoic2Nob29sLXRlYWNoZXIiLCJsYXN0TmFtZSI6IiIsImZpcnN0TmFtZSI6ItCf0YDQvtGE0LXRgdGB0LjQvtC90LDQu9GM0L3Ri9C5IiwicGhvbmVOdW1iZXIiOiIiLCJsb2dpbiI6InRlYWNoZXJfZnVsbEBpc21hcnQub3JnIiwiZW1haWwiOiJ0ZWFjaGVyX2Z1bGxAaXNtYXJ0Lm9yZyIsImNvbnRyYWN0VHlwZSI6InByaXZhdGUiLCJleHRlcm5hbFVzZXJTb3VyY2UiOm51bGwsImdvZE1vZGUiOnRydWUsImVkdWNvbnQiOnt9LCJfaWQiOiI2NWMzNDFiMmI5MmM3YTVmYmFmZWI2MDcifQ.g8I_2Btv7rGXWFT_jbBB9c0iAVhZshRxVIA8nbNqh0s","default","Mon Oct 05 01:36:31 UTC 2026","passed","Mon Oct 05 01:36:56 UTC 2026","Tests Eors","","",""
"","30736","Каталог заданий: Подготовка к ВПР ""Биология"" — Класс 4","default","Mon Oct 05 02:23:16 UTC 2026","passed","Mon Oct 05 02:23:47 UTC 2026","AuTestCatalogTask","","",""
"","23669","301. EORS: https://edu.ismart.org/catalog/60ea13-geometriya-noda/10-tela-vrashcheniya_OFpaPv?view=tasks&categoryCode=66a8ff-geometriya-11-kl&auth=eyJhbGciOiJIUzI1NiIsInR5cCI6IkpXVCJ9.eyJpZCI6IjY1YzM0MWIyYjkyYzdhNWZiYWZlYjYwNyIsImlzQWN0aXZlIjp0cnVlLCJpc0d1ZXN0IjpmYWxzZSwiaXNSZWdpc3RyYXRpb25Db21wbGV0ZSI6dHJ1ZSwiaXNDb25maXJtRW1haWwiOmZhbHNlLCJzdHVkZW50cyI6W10sInV0Y09mZnNldCI6MTgwLCJyb2xlIjoic2Nob29sLXRlYWNoZXIiLCJsYXN0TmFtZSI6IiIsImZpcnN0TmFtZSI6ItCf0YDQvtGE0LXRgdGB0LjQvtC90LDQu9GM0L3Ri9C5IiwicGhvbmVOdW1iZXIiOiIiLCJsb2dpbiI6InRlYWNoZXJfZnVsbEBpc21hcnQub3JnIiwiZW1haWwiOiJ0ZWFjaGVyX2Z1bGxAaXNtYXJ0Lm9yZyIsImNvbnRyYWN0VHlwZSI6InByaXZhdGUiLCJleHRlcm5hbFVzZXJTb3VyY2UiOm51bGwsImdvZE1vZGUiOnRydWUsImVkdWNvbnQiOnt9LCJfaWQiOiI2NWMzNDFiMmI5MmM3YTVmYmFmZWI2MDcifQ.g8I_2Btv7rGXWFT_jbBB9c0iAVhZshRxVIA8nbNqh0s","default","Mon Oct 05 01:01:37 UTC 2026","passed","Mon Oct 05 01:02:01 UTC 2026","Tests Eors","","",""
"","25043","Каталог заданий: Повторение пройденного материала ""Физика"" — Класс 4","default","Mon Oct 05 02:37:48 UTC 2026","passed","Mon Oct 05 02:38:13 UTC 2026","AuTestCatalogTask","","",""
"","34611","Каталог заданий: НОДА ""История. 6.1"" — Класс 1","default","Mon Oct 05 03:43:49 UTC 2026","passed","Mon Oct 05 03:44:23 UTC 2026","AuTestCatalogTask","","",""
"","16728","Каталог заданий: Слабовидящие ""Геометрия. 4.1"" — Класс 2","default","Mon Oct 05 03:05:18 UTC 2026","passed","Mon Oct 05 03:05:35 UTC 2026","AuTestCatalogTask","","",""
"","20548","Каталог заданий: Подготовка к контрольным работам ""Математика"" — Класс 2","default","Mon Oct 05 02:24:59 UTC 2026","passed","Mon Oct 05 02:25:20 UTC 2026","AuTestCatalogTask","","",""
"","11670","Каталог заданий: Подготовка к ОГЭ ""Химия. Варианты КИМ""","default","Mon Oct 05 02:19:05 UTC 2026","passed","Mon Oct 05 02:19:17 UTC 2026","AuTestCatalogTask","","",""
"","25436","80. EORS: https://edu.ismart.org/catalog/3478fa-russkii-yazik-slepie-uchaschiesya/orfografiya_4SXcB4?view=tasks&categoryCode=1bbde0-russkii-yazik-8-kl&auth=eyJhbGciOiJIUzI1NiIsInR5cCI6IkpXVCJ9.eyJpZCI6IjY1YzM0MWIyYjkyYzdhNWZiYWZlYjYwNyIsImlzQWN0aXZlIjp0cnVlLCJpc0d1ZXN0IjpmYWxzZSwiaXNSZWdpc3RyYXRpb25Db21wbGV0ZSI6dHJ1ZSwiaXNDb25maXJtRW1haWwiOmZhbHNlLCJzdHVkZW50cyI6W10sInV0Y09mZnNldCI6MTgwLCJyb2xlIjoic2Nob29sLXRlYWNoZXIiLCJsYXN0TmFtZSI6IiIsImZpcnN0TmFtZSI6ItCf0YDQvtGE0LXRgdGB0LjQvtC90LDQu9GM0L3Ri9C5IiwicGhvbmVOdW1iZXIiOiIiLCJsb2dpbiI6InRlYWNoZXJfZnVsbEBpc21hcnQub3JnIiwiZW1haWwiOiJ0ZWFjaGVyX2Z1bGxAaXNtYXJ0Lm9yZyIsImNvbnRyYWN0VHlwZSI6InByaXZhdGUiLCJleHRlcm5hbFVzZXJTb3VyY2UiOm51bGwsImdvZE1vZGUiOnRydWUsImVkdWNvbnQiOnt9LCJfaWQiOiI2NWMzNDFiMmI5MmM3YTVmYmFmZWI2MDcifQ.g8I_2Btv7rGXWFT_jbBB9c0iAVhZshRxVIA8nbNqh0s","default","Mon Oct 05 00:32:59 UTC 2026","passed","Mon Oct 05 00:33:24 UTC 2026","Tests Eors","","",""
"","18774","Каталог заданий: Подготовка к контрольным работам ""Геометрия"" — Класс 3","default","Mon Oct 05 02:27:49 UTC 2026","passed","Mon Oct 05 02:28:08 UTC 2026","AuTestCatalogTask","","",""
"","19727","Каталог заданий: ТНР ""Физика. 5.1"" — Класс 4","default","Mon Oct 05 02:50:15 UTC 2026","passed","Mon Oct 05 02:50:35 UTC 2026","AuTestCatalogTask","","",""
"","33155","578. EORS: https://edu.ismart.org/catalog/0ac4a2-geometriya/9-vvedenie-v-stereometriu?view=tasks&categoryCode=ca61f7-geometriya-10-klass&auth=eyJhbGciOiJIUzI1NiIsInR5cCI6IkpXVCJ9.eyJpZCI6IjY1YzM0MWIyYjkyYzdhNWZiYWZlYjYwNyIsImlzQWN0aXZlIjp0cnVlLCJpc0d1ZXN0IjpmYWxzZSwiaXNSZWdpc3RyYXRpb25Db21wbGV0ZSI6dHJ1ZSwiaXNDb25maXJtRW1haWwiOmZhbHNlLCJzdHVkZW50cyI6W10sInV0Y09mZnNldCI6MTgwLCJyb2xlIjoic2Nob29sLXRlYWNoZXIiLCJsYXN0TmFtZSI6IiIsImZpcnN0TmFtZSI6ItCf0YDQvtGE0LXRgdGB0LjQvtC90LDQu9GM0L3Ri9C5IiwicGhvbmVOdW1iZXIiOiIiLCJsb2dpbiI6InRlYWNoZXJfZnVsbEBpc21hcnQub3JnIiwiZW1haWwiOiJ0ZWFjaGVyX2Z1bGxAaXNtYXJ0Lm9yZyIsImNvbnRyYWN0VHlwZSI6InByaXZhdGUiLCJleHRlcm5hbFVzZXJTb3VyY2UiOm51bGwsImdvZE1vZGUiOnRydWUsImVkdWNvbnQiOnt9LCJfaWQiOiI2NWMzNDFiMmI5MmM3YTVmYmFmZWI2MDcifQ.g8I_2Btv7rGXWFT_jbBB9c0iAVhZshRxVIA8nbNqh0s","default","Mon Oct 05 01:39:12 UTC 2026","passed","Mon Oct 05 01:39:45 UTC 2026","Tests Eors","","",""
"","28909","75. EORS: https://edu.ismart.org/catalog/lang-eng/1-family--friends?view=tasks&categoryCode=1ad7ca-angliiskii-yazik-11-klass&auth=eyJhbGciOiJIUzI1NiIsInR5cCI6IkpXVCJ9.eyJpZCI6IjY1YzM0MWIyYjkyYzdhNWZiYWZlYjYwNyIsImlzQWN0aXZlIjp0cnVlLCJpc0d1ZXN0IjpmYWxzZSwiaXNSZWdpc3RyYXRpb25Db21wbGV0ZSI6dHJ1ZSwiaXNDb25maXJtRW1haWwiOmZhbHNlLCJzdHVkZW50cyI6W10sInV0Y09mZnNldCI6MTgwLCJyb2xlIjoic2Nob29sLXRlYWNoZXIiLCJsYXN0TmFtZSI6IiIsImZpcnN0TmFtZSI6ItCf0YDQvtGE0LXRgdGB0LjQvtC90LDQu9GM0L3Ri9C5IiwicGhvbmVOdW1iZXIiOiIiLCJsb2dpbiI6InRlYWNoZXJfZnVsbEBpc21hcnQub3JnIiwiZW1haWwiOiJ0ZWFjaGVyX2Z1bGxAaXNtYXJ0Lm9yZyIsImNvbnRyYWN0VHlwZSI6InByaXZhdGUiLCJleHRlcm5hbFVzZXJTb3VyY2UiOm51bGwsImdvZE1vZGUiOnRydWUsImVkdWNvbnQiOnt9LCJfaWQiOiI2NWMzNDFiMmI5MmM3YTVmYmFmZWI2MDcifQ.g8I_2Btv7rGXWFT_jbBB9c0iAVhZshRxVIA8nbNqh0s","default","Mon Oct 05 00:32:30 UTC 2026","passed","Mon Oct 05 00:32:59 UTC 2026","Tests Eors","","",""
"","45346","325. EORS: https://edu.ismart.org/catalog/f7d221-informatika-7-1/1-sistemy-schisleniya_Fc0UiS_yEdr6F?view=tasks&categoryCode=6ffe90-8-kl&auth=eyJhbGciOiJIUzI1NiIsInR5cCI6IkpXVCJ9.eyJpZCI6IjY1YzM0MWIyYjkyYzdhNWZiYWZlYjYwNyIsImlzQWN0aXZlIjp0cnVlLCJpc0d1ZXN0IjpmYWxzZSwiaXNSZWdpc3RyYXRpb25Db21wbGV0ZSI6dHJ1ZSwiaXNDb25maXJtRW1haWwiOmZhbHNlLCJzdHVkZW50cyI6W10sInV0Y09mZnNldCI6MTgwLCJyb2xlIjoic2Nob29sLXRlYWNoZXIiLCJsYXN0TmFtZSI6IiIsImZpcnN0TmFtZSI6ItCf0YDQvtGE0LXRgdGB0LjQvtC90LDQu9GM0L3Ri9C5IiwicGhvbmVOdW1iZXIiOiIiLCJsb2dpbiI6InRlYWNoZXJfZnVsbEBpc21hcnQub3JnIiwiZW1haWwiOiJ0ZWFjaGVyX2Z1bGxAaXNtYXJ0Lm9yZyIsImNvbnRyYWN0VHlwZSI6InByaXZhdGUiLCJleHRlcm5hbFVzZXJTb3VyY2UiOm51bGwsImdvZE1vZGUiOnRydWUsImVkdWNvbnQiOnt9LCJfaWQiOiI2NWMzNDFiMmI5MmM3YTVmYmFmZWI2MDcifQ.g8I_2Btv7rGXWFT_jbBB9c0iAVhZshRxVIA8nbNqh0s","default","Mon Oct 05 01:05:06 UTC 2026","passed","Mon Oct 05 01:05:52 UTC 2026","Tests Eors","","",""
"","24347","42. EORS: https://edu.ismart.org/catalog/124c05-informatika/200-kontrolnaya-rabota--1-po-teme-cifrovaya-gramotnost-modelirovanie-kak-metod-poznaniya?view=tasks&class=61a71c551b0ad63754c198e9&auth=eyJhbGciOiJIUzI1NiIsInR5cCI6IkpXVCJ9.eyJpZCI6IjY1YzM0MWIyYjkyYzdhNWZiYWZlYjYwNyIsImlzQWN0aXZlIjp0cnVlLCJpc0d1ZXN0IjpmYWxzZSwiaXNSZWdpc3RyYXRpb25Db21wbGV0ZSI6dHJ1ZSwiaXNDb25maXJtRW1haWwiOmZhbHNlLCJzdHVkZW50cyI6W10sInV0Y09mZnNldCI6MTgwLCJyb2xlIjoic2Nob29sLXRlYWNoZXIiLCJsYXN0TmFtZSI6IiIsImZpcnN0TmFtZSI6ItCf0YDQvtGE0LXRgdGB0LjQvtC90LDQu9GM0L3Ri9C5IiwicGhvbmVOdW1iZXIiOiIiLCJsb2dpbiI6InRlYWNoZXJfZnVsbEBpc21hcnQub3JnIiwiZW1haWwiOiJ0ZWFjaGVyX2Z1bGxAaXNtYXJ0Lm9yZyIsImNvbnRyYWN0VHlwZSI6InByaXZhdGUiLCJleHRlcm5hbFVzZXJTb3VyY2UiOm51bGwsImdvZE1vZGUiOnRydWUsImVkdWNvbnQiOnt9LCJfaWQiOiI2NWMzNDFiMmI5MmM3YTVmYmFmZWI2MDcifQ.g8I_2Btv7rGXWFT_jbBB9c0iAVhZshRxVIA8nbNqh0s","default","Mon Oct 05 00:28:03 UTC 2026","passed","Mon Oct 05 00:28:28 UTC 2026","Tests Eors","","",""
"","23839","529. EORS: https://edu.ismart.org/catalog/3d8243-obschestvoznanie-6-1/1-socialnye-cennosti-i-normy_C1kYcf_HSN55B?view=tasks&categoryCode=bb0eb1-7-kl&auth=eyJhbGciOiJIUzI1NiIsInR5cCI6IkpXVCJ9.eyJpZCI6IjY1YzM0MWIyYjkyYzdhNWZiYWZlYjYwNyIsImlzQWN0aXZlIjp0cnVlLCJpc0d1ZXN0IjpmYWxzZSwiaXNSZWdpc3RyYXRpb25Db21wbGV0ZSI6dHJ1ZSwiaXNDb25maXJtRW1haWwiOmZhbHNlLCJzdHVkZW50cyI6W10sInV0Y09mZnNldCI6MTgwLCJyb2xlIjoic2Nob29sLXRlYWNoZXIiLCJsYXN0TmFtZSI6IiIsImZpcnN0TmFtZSI6ItCf0YDQvtGE0LXRgdGB0LjQvtC90LDQu9GM0L3Ri9C5IiwicGhvbmVOdW1iZXIiOiIiLCJsb2dpbiI6InRlYWNoZXJfZnVsbEBpc21hcnQub3JnIiwiZW1haWwiOiJ0ZWFjaGVyX2Z1bGxAaXNtYXJ0Lm9yZyIsImNvbnRyYWN0VHlwZSI6InByaXZhdGUiLCJleHRlcm5hbFVzZXJTb3VyY2UiOm51bGwsImdvZE1vZGUiOnRydWUsImVkdWNvbnQiOnt9LCJfaWQiOiI2NWMzNDFiMmI5MmM3YTVmYmFmZWI2MDcifQ.g8I_2Btv7rGXWFT_jbBB9c0iAVhZshRxVIA8nbNqh0s","default","Mon Oct 05 01:32:24 UTC 2026","passed","Mon Oct 05 01:32:48 UTC 2026","Tests Eors","","",""
"","24582","Каталог заданий: Повторение пройденного материала ""Английский язык"" — Класс 7","default","Mon Oct 05 02:34:04 UTC 2026","passed","Mon Oct 05 02:34:29 UTC 2026","AuTestCatalogTask","","",""
"","32034","105. EORS: https://edu.ismart.org/catalog/d284c2-matematika-narushenie-sluha/100-1-chisla-i-velichiny-chisla-v-predelah-1000_JzXSuJ?view=tasks&categoryCode=234b4f-matematika-3-kl&auth=eyJhbGciOiJIUzI1NiIsInR5cCI6IkpXVCJ9.eyJpZCI6IjY1YzM0MWIyYjkyYzdhNWZiYWZlYjYwNyIsImlzQWN0aXZlIjp0cnVlLCJpc0d1ZXN0IjpmYWxzZSwiaXNSZWdpc3RyYXRpb25Db21wbGV0ZSI6dHJ1ZSwiaXNDb25maXJtRW1haWwiOmZhbHNlLCJzdHVkZW50cyI6W10sInV0Y09mZnNldCI6MTgwLCJyb2xlIjoic2Nob29sLXRlYWNoZXIiLCJsYXN0TmFtZSI6IiIsImZpcnN0TmFtZSI6ItCf0YDQvtGE0LXRgdGB0LjQvtC90LDQu9GM0L3Ri9C5IiwicGhvbmVOdW1iZXIiOiIiLCJsb2dpbiI6InRlYWNoZXJfZnVsbEBpc21hcnQub3JnIiwiZW1haWwiOiJ0ZWFjaGVyX2Z1bGxAaXNtYXJ0Lm9yZyIsImNvbnRyYWN0VHlwZSI6InByaXZhdGUiLCJleHRlcm5hbFVzZXJTb3VyY2UiOm51bGwsImdvZE1vZGUiOnRydWUsImVkdWNvbnQiOnt9LCJfaWQiOiI2NWMzNDFiMmI5MmM3YTVmYmFmZWI2MDcifQ.g8I_2Btv7rGXWFT_jbBB9c0iAVhZshRxVIA8nbNqh0s","default","Mon Oct 05 00:36:16 UTC 2026","passed","Mon Oct 05 00:36:48 UTC 2026","Tests Eors","","",""
"","32968","552. EORS: https://edu.ismart.org/catalog/1aa8e2-okruzhayuschii-mir-narushenie-sluha/01-chelovek-i-obshchestvo-nasha-rodina--rossiskaya-federaciya_CdiNt6?view=tasks&categoryCode=c3e2de-okruzhayuschii-3-kl&auth=eyJhbGciOiJIUzI1NiIsInR5cCI6IkpXVCJ9.eyJpZCI6IjY1YzM0MWIyYjkyYzdhNWZiYWZlYjYwNyIsImlzQWN0aXZlIjp0cnVlLCJpc0d1ZXN0IjpmYWxzZSwiaXNSZWdpc3RyYXRpb25Db21wbGV0ZSI6dHJ1ZSwiaXNDb25maXJtRW1haWwiOmZhbHNlLCJzdHVkZW50cyI6W10sInV0Y09mZnNldCI6MTgwLCJyb2xlIjoic2Nob29sLXRlYWNoZXIiLCJsYXN0TmFtZSI6IiIsImZpcnN0TmFtZSI6ItCf0YDQvtGE0LXRgdGB0LjQvtC90LDQu9GM0L3Ri9C5IiwicGhvbmVOdW1iZXIiOiIiLCJsb2dpbiI6InRlYWNoZXJfZnVsbEBpc21hcnQub3JnIiwiZW1haWwiOiJ0ZWFjaGVyX2Z1bGxAaXNtYXJ0Lm9yZyIsImNvbnRyYWN0VHlwZSI6InByaXZhdGUiLCJleHRlcm5hbFVzZXJTb3VyY2UiOm51bGwsImdvZE1vZGUiOnRydWUsImVkdWNvbnQiOnt9LCJfaWQiOiI2NWMzNDFiMmI5MmM3YTVmYmFmZWI2MDcifQ.g8I_2Btv7rGXWFT_jbBB9c0iAVhZshRxVIA8nbNqh0s","default","Mon Oct 05 01:35:21 UTC 2026","passed","Mon Oct 05 01:35:54 UTC 2026","Tests Eors","","",""
"","17680","Каталог заданий: Школьная программа ""Вероятность и статистика"" — Класс 5","default","Mon Oct 05 02:11:15 UTC 2026","passed","Mon Oct 05 02:11:32 UTC 2026","AuTestCatalogTask","","",""
"","44534","563. EORS: https://edu.ismart.org/catalog/5bd47f-okruzhayuschii-mir-noda/01-chelovek-i-obshchestvo-nasha-rodina--rossiskaya-federaciya_rbS53z?view=tasks&categoryCode=c775c7-okruzhayuschii-3-kl&auth=eyJhbGciOiJIUzI1NiIsInR5cCI6IkpXVCJ9.eyJpZCI6IjY1YzM0MWIyYjkyYzdhNWZiYWZlYjYwNyIsImlzQWN0aXZlIjp0cnVlLCJpc0d1ZXN0IjpmYWxzZSwiaXNSZWdpc3RyYXRpb25Db21wbGV0ZSI6dHJ1ZSwiaXNDb25maXJtRW1haWwiOmZhbHNlLCJzdHVkZW50cyI6W10sInV0Y09mZnNldCI6MTgwLCJyb2xlIjoic2Nob29sLXRlYWNoZXIiLCJsYXN0TmFtZSI6IiIsImZpcnN0TmFtZSI6ItCf0YDQvtGE0LXRgdGB0LjQvtC90LDQu9GM0L3Ri9C5IiwicGhvbmVOdW1iZXIiOiIiLCJsb2dpbiI6InRlYWNoZXJfZnVsbEBpc21hcnQub3JnIiwiZW1haWwiOiJ0ZWFjaGVyX2Z1bGxAaXNtYXJ0Lm9yZyIsImNvbnRyYWN0VHlwZSI6InByaXZhdGUiLCJleHRlcm5hbFVzZXJTb3VyY2UiOm51bGwsImdvZE1vZGUiOnRydWUsImVkdWNvbnQiOnt9LCJfaWQiOiI2NWMzNDFiMmI5MmM3YTVmYmFmZWI2MDcifQ.g8I_2Btv7rGXWFT_jbBB9c0iAVhZshRxVIA8nbNqh0s","default","Mon Oct 05 01:37:02 UTC 2026","failed","Mon Oct 05 01:37:47 UTC 2026","Tests Eors","","",""
"","20930","145. EORS: https://edu.ismart.org/catalog/a58645-biologiya-8-1/1-sistematika-i-klassifikaciya-rasteni_bQ8Guo_dzYY1N?view=tasks&categoryCode=32f541-7-kl&auth=eyJhbGciOiJIUzI1NiIsInR5cCI6IkpXVCJ9.eyJpZCI6IjY1YzM0MWIyYjkyYzdhNWZiYWZlYjYwNyIsImlzQWN0aXZlIjp0cnVlLCJpc0d1ZXN0IjpmYWxzZSwiaXNSZWdpc3RyYXRpb25Db21wbGV0ZSI6dHJ1ZSwiaXNDb25maXJtRW1haWwiOmZhbHNlLCJzdHVkZW50cyI6W10sInV0Y09mZnNldCI6MTgwLCJyb2xlIjoic2Nob29sLXRlYWNoZXIiLCJsYXN0TmFtZSI6IiIsImZpcnN0TmFtZSI6ItCf0YDQvtGE0LXRgdGB0LjQvtC90LDQu9GM0L3Ri9C5IiwicGhvbmVOdW1iZXIiOiIiLCJsb2dpbiI6InRlYWNoZXJfZnVsbEBpc21hcnQub3JnIiwiZW1haWwiOiJ0ZWFjaGVyX2Z1bGxAaXNtYXJ0Lm9yZyIsImNvbnRyYWN0VHlwZSI6InByaXZhdGUiLCJleHRlcm5hbFVzZXJTb3VyY2UiOm51bGwsImdvZE1vZGUiOnRydWUsImVkdWNvbnQiOnt9LCJfaWQiOiI2NWMzNDFiMmI5MmM3YTVmYmFmZWI2MDcifQ.g8I_2Btv7rGXWFT_jbBB9c0iAVhZshRxVIA8nbNqh0s","default","Mon Oct 05 00:41:42 UTC 2026","passed","Mon Oct 05 00:42:03 UTC 2026","Tests Eors","","",""
"","39047","317. EORS: https://edu.ismart.org/catalog/fb67c2-algebra-i-nachala-matematicheskogo-analiza-narushenie-sluha/1-stepen-s-racionalnym-pokazatelem_8oSi4r?view=tasks&categoryCode=6cefb2-algebra-i-nachala-matem-analiza-11-kl&auth=eyJhbGciOiJIUzI1NiIsInR5cCI6IkpXVCJ9.eyJpZCI6IjY1YzM0MWIyYjkyYzdhNWZiYWZlYjYwNyIsImlzQWN0aXZlIjp0cnVlLCJpc0d1ZXN0IjpmYWxzZSwiaXNSZWdpc3RyYXRpb25Db21wbGV0ZSI6dHJ1ZSwiaXNDb25maXJtRW1haWwiOmZhbHNlLCJzdHVkZW50cyI6W10sInV0Y09mZnNldCI6MTgwLCJyb2xlIjoic2Nob29sLXRlYWNoZXIiLCJsYXN0TmFtZSI6IiIsImZpcnN0TmFtZSI6ItCf0YDQvtGE0LXRgdGB0LjQvtC90LDQu9GM0L3Ri9C5IiwicGhvbmVOdW1iZXIiOiIiLCJsb2dpbiI6InRlYWNoZXJfZnVsbEBpc21hcnQub3JnIiwiZW1haWwiOiJ0ZWFjaGVyX2Z1bGxAaXNtYXJ0Lm9yZyIsImNvbnRyYWN0VHlwZSI6InByaXZhdGUiLCJleHRlcm5hbFVzZXJTb3VyY2UiOm51bGwsImdvZE1vZGUiOnRydWUsImVkdWNvbnQiOnt9LCJfaWQiOiI2NWMzNDFiMmI5MmM3YTVmYmFmZWI2MDcifQ.g8I_2Btv7rGXWFT_jbBB9c0iAVhZshRxVIA8nbNqh0s","default","Mon Oct 05 01:03:47 UTC 2026","passed","Mon Oct 05 01:04:26 UTC 2026","Tests Eors","","",""
"","27482","344. EORS: https://edu.ismart.org/catalog/c3aa52-angliiskii-yazik-6-1/1-moya-semya--moi-druzya-semenye-prazdniki--den-rojdeniya-novy-god_juPw1Z_YCY4wc?view=tasks&categoryCode=76ab07-5-kl&auth=eyJhbGciOiJIUzI1NiIsInR5cCI6IkpXVCJ9.eyJpZCI6IjY1YzM0MWIyYjkyYzdhNWZiYWZlYjYwNyIsImlzQWN0aXZlIjp0cnVlLCJpc0d1ZXN0IjpmYWxzZSwiaXNSZWdpc3RyYXRpb25Db21wbGV0ZSI6dHJ1ZSwiaXNDb25maXJtRW1haWwiOmZhbHNlLCJzdHVkZW50cyI6W10sInV0Y09mZnNldCI6MTgwLCJyb2xlIjoic2Nob29sLXRlYWNoZXIiLCJsYXN0TmFtZSI6IiIsImZpcnN0TmFtZSI6ItCf0YDQvtGE0LXRgdGB0LjQvtC90LDQu9GM0L3Ri9C5IiwicGhvbmVOdW1iZXIiOiIiLCJsb2dpbiI6InRlYWNoZXJfZnVsbEBpc21hcnQub3JnIiwiZW1haWwiOiJ0ZWFjaGVyX2Z1bGxAaXNtYXJ0Lm9yZyIsImNvbnRyYWN0VHlwZSI6InByaXZhdGUiLCJleHRlcm5hbFVzZXJTb3VyY2UiOm51bGwsImdvZE1vZGUiOnRydWUsImVkdWNvbnQiOnt9LCJfaWQiOiI2NWMzNDFiMmI5MmM3YTVmYmFmZWI2MDcifQ.g8I_2Btv7rGXWFT_jbBB9c0iAVhZshRxVIA8nbNqh0s","default","Mon Oct 05 01:07:48 UTC 2026","passed","Mon Oct 05 01:08:16 UTC 2026","Tests Eors","","",""
"","47100","215. EORS: https://edu.ismart.org/catalog/4c36f3-razvitie-rechi-1-kl/200-razvitie-rechi?view=tasks&class=5a3cef0b8409440019b57b36&auth=eyJhbGciOiJIUzI1NiIsInR5cCI6IkpXVCJ9.eyJpZCI6IjY1YzM0MWIyYjkyYzdhNWZiYWZlYjYwNyIsImlzQWN0aXZlIjp0cnVlLCJpc0d1ZXN0IjpmYWxzZSwiaXNSZWdpc3RyYXRpb25Db21wbGV0ZSI6dHJ1ZSwiaXNDb25maXJtRW1haWwiOmZhbHNlLCJzdHVkZW50cyI6W10sInV0Y09mZnNldCI6MTgwLCJyb2xlIjoic2Nob29sLXRlYWNoZXIiLCJsYXN0TmFtZSI6IiIsImZpcnN0TmFtZSI6ItCf0YDQvtGE0LXRgdGB0LjQvtC90LDQu9GM0L3Ri9C5IiwicGhvbmVOdW1iZXIiOiIiLCJsb2dpbiI6InRlYWNoZXJfZnVsbEBpc21hcnQub3JnIiwiZW1haWwiOiJ0ZWFjaGVyX2Z1bGxAaXNtYXJ0Lm9yZyIsImNvbnRyYWN0VHlwZSI6InByaXZhdGUiLCJleHRlcm5hbFVzZXJTb3VyY2UiOm51bGwsImdvZE1vZGUiOnRydWUsImVkdWNvbnQiOnt9LCJfaWQiOiI2NWMzNDFiMmI5MmM3YTVmYmFmZWI2MDcifQ.g8I_2Btv7rGXWFT_jbBB9c0iAVhZshRxVIA8nbNqh0s","default","Mon Oct 05 00:50:29 UTC 2026","failed","Mon Oct 05 00:51:16 UTC 2026","Tests Eors","","",""
"","22183","Каталог заданий: ЗПР ""Английский язык. 7.1"" — Класс 5","default","Mon Oct 05 03:38:22 UTC 2026","passed","Mon Oct 05 03:38:44 UTC 2026","AuTestCatalogTask","","",""
"","18523","Каталог заданий: Слабослышащие ""Русский язык. 2.1"" — Класс 5","default","Mon Oct 05 03:22:28 UTC 2026","passed","Mon Oct 05 03:22:46 UTC 2026","AuTestCatalogTask","","",""
"","36797","Каталог заданий: РАС ""История. 8.1"" — Класс 5","default","Mon Oct 05 03:54:19 UTC 2026","passed","Mon Oct 05 03:54:56 UTC 2026","AuTestCatalogTask","","",""
"","22102","Каталог заданий: Подготовка к контрольным работам ""Биология"" — Класс 5","default","Mon Oct 05 02:30:37 UTC 2026","passed","Mon Oct 05 02:30:59 UTC 2026","AuTestCatalogTask","","",""
"","49856","508. EORS: https://edu.ismart.org/catalog/b32e37-chto-nuzhno-znat-o-pravopisanii-slov-dlya-5-9-klassov/301--chto-nujno-znat-o-predlojenii?view=tasks&class=5f197003b96284001b29733d&auth=eyJhbGciOiJIUzI1NiIsInR5cCI6IkpXVCJ9.eyJpZCI6IjY1YzM0MWIyYjkyYzdhNWZiYWZlYjYwNyIsImlzQWN0aXZlIjp0cnVlLCJpc0d1ZXN0IjpmYWxzZSwiaXNSZWdpc3RyYXRpb25Db21wbGV0ZSI6dHJ1ZSwiaXNDb25maXJtRW1haWwiOmZhbHNlLCJzdHVkZW50cyI6W10sInV0Y09mZnNldCI6MTgwLCJyb2xlIjoic2Nob29sLXRlYWNoZXIiLCJsYXN0TmFtZSI6IiIsImZpcnN0TmFtZSI6ItCf0YDQvtGE0LXRgdGB0LjQvtC90LDQu9GM0L3Ri9C5IiwicGhvbmVOdW1iZXIiOiIiLCJsb2dpbiI6InRlYWNoZXJfZnVsbEBpc21hcnQub3JnIiwiZW1haWwiOiJ0ZWFjaGVyX2Z1bGxAaXNtYXJ0Lm9yZyIsImNvbnRyYWN0VHlwZSI6InByaXZhdGUiLCJleHRlcm5hbFVzZXJTb3VyY2UiOm51bGwsImdvZE1vZGUiOnRydWUsImVkdWNvbnQiOnt9LCJfaWQiOiI2NWMzNDFiMmI5MmM3YTVmYmFmZWI2MDcifQ.g8I_2Btv7rGXWFT_jbBB9c0iAVhZshRxVIA8nbNqh0s","default","Mon Oct 05 01:29:19 UTC 2026","failed","Mon Oct 05 01:30:09 UTC 2026","Tests Eors","","",""
"","52533","356. EORS: https://edu.ismart.org/catalog/60ea13-geometriya-noda/5-chetyrehugolniki-geometriya_SW0f5z?view=tasks&categoryCode=79ef57-geometriya-8-kl&auth=eyJhbGciOiJIUzI1NiIsInR5cCI6IkpXVCJ9.eyJpZCI6IjY1YzM0MWIyYjkyYzdhNWZiYWZlYjYwNyIsImlzQWN0aXZlIjp0cnVlLCJpc0d1ZXN0IjpmYWxzZSwiaXNSZWdpc3RyYXRpb25Db21wbGV0ZSI6dHJ1ZSwiaXNDb25maXJtRW1haWwiOmZhbHNlLCJzdHVkZW50cyI6W10sInV0Y09mZnNldCI6MTgwLCJyb2xlIjoic2Nob29sLXRlYWNoZXIiLCJsYXN0TmFtZSI6IiIsImZpcnN0TmFtZSI6ItCf0YDQvtGE0LXRgdGB0LjQvtC90LDQu9GM0L3Ri9C5IiwicGhvbmVOdW1iZXIiOiIiLCJsb2dpbiI6InRlYWNoZXJfZnVsbEBpc21hcnQub3JnIiwiZW1haWwiOiJ0ZWFjaGVyX2Z1bGxAaXNtYXJ0Lm9yZyIsImNvbnRyYWN0VHlwZSI6InByaXZhdGUiLCJleHRlcm5hbFVzZXJTb3VyY2UiOm51bGwsImdvZE1vZGUiOnRydWUsImVkdWNvbnQiOnt9LCJfaWQiOiI2NWMzNDFiMmI5MmM3YTVmYmFmZWI2MDcifQ.g8I_2Btv7rGXWFT_jbBB9c0iAVhZshRxVIA8nbNqh0s","default","Mon Oct 05 01:09:26 UTC 2026","failed","Mon Oct 05 01:10:18 UTC 2026","Tests Eors","","",""
"","32360","404. EORS: https://edu.ismart.org/catalog/efddae-veroyatnost-i-statistika-2-1/11-rasseivanie-dannyh-veroyatnost-i-statistika_AbuGS7_XndAE4?view=tasks&categoryCode=8dd279-8-kl&auth=eyJhbGciOiJIUzI1NiIsInR5cCI6IkpXVCJ9.eyJpZCI6IjY1YzM0MWIyYjkyYzdhNWZiYWZlYjYwNyIsImlzQWN0aXZlIjp0cnVlLCJpc0d1ZXN0IjpmYWxzZSwiaXNSZWdpc3RyYXRpb25Db21wbGV0ZSI6dHJ1ZSwiaXNDb25maXJtRW1haWwiOmZhbHNlLCJzdHVkZW50cyI6W10sInV0Y09mZnNldCI6MTgwLCJyb2xlIjoic2Nob29sLXRlYWNoZXIiLCJsYXN0TmFtZSI6IiIsImZpcnN0TmFtZSI6ItCf0YDQvtGE0LXRgdGB0LjQvtC90LDQu9GM0L3Ri9C5IiwicGhvbmVOdW1iZXIiOiIiLCJsb2dpbiI6InRlYWNoZXJfZnVsbEBpc21hcnQub3JnIiwiZW1haWwiOiJ0ZWFjaGVyX2Z1bGxAaXNtYXJ0Lm9yZyIsImNvbnRyYWN0VHlwZSI6InByaXZhdGUiLCJleHRlcm5hbFVzZXJTb3VyY2UiOm51bGwsImdvZE1vZGUiOnRydWUsImVkdWNvbnQiOnt9LCJfaWQiOiI2NWMzNDFiMmI5MmM3YTVmYmFmZWI2MDcifQ.g8I_2Btv7rGXWFT_jbBB9c0iAVhZshRxVIA8nbNqh0s","default","Mon Oct 05 01:15:11 UTC 2026","passed","Mon Oct 05 01:15:43 UTC 2026","Tests Eors","","",""
"","23545","560. EORS: https://edu.ismart.org/catalog/d8cefd-himiya-8-1/1-stroenie-atoma-i-ego-svyaz-so-svostvami-elementa_9sjbiO_KVpbML?view=tasks&categoryCode=c67f74-9-kl&auth=eyJhbGciOiJIUzI1NiIsInR5cCI6IkpXVCJ9.eyJpZCI6IjY1YzM0MWIyYjkyYzdhNWZiYWZlYjYwNyIsImlzQWN0aXZlIjp0cnVlLCJpc0d1ZXN0IjpmYWxzZSwiaXNSZWdpc3RyYXRpb25Db21wbGV0ZSI6dHJ1ZSwiaXNDb25maXJtRW1haWwiOmZhbHNlLCJzdHVkZW50cyI6W10sInV0Y09mZnNldCI6MTgwLCJyb2xlIjoic2Nob29sLXRlYWNoZXIiLCJsYXN0TmFtZSI6IiIsImZpcnN0TmFtZSI6ItCf0YDQvtGE0LXRgdGB0LjQvtC90LDQu9GM0L3Ri9C5IiwicGhvbmVOdW1iZXIiOiIiLCJsb2dpbiI6InRlYWNoZXJfZnVsbEBpc21hcnQub3JnIiwiZW1haWwiOiJ0ZWFjaGVyX2Z1bGxAaXNtYXJ0Lm9yZyIsImNvbnRyYWN0VHlwZSI6InByaXZhdGUiLCJleHRlcm5hbFVzZXJTb3VyY2UiOm51bGwsImdvZE1vZGUiOnRydWUsImVkdWNvbnQiOnt9LCJfaWQiOiI2NWMzNDFiMmI5MmM3YTVmYmFmZWI2MDcifQ.g8I_2Btv7rGXWFT_jbBB9c0iAVhZshRxVIA8nbNqh0s","default","Mon Oct 05 01:36:38 UTC 2026","passed","Mon Oct 05 01:37:02 UTC 2026","Tests Eors","","",""
"","16255","Каталог заданий: Слепые ""Русский язык. 3.1"" — Класс 8","default","Mon Oct 05 02:54:40 UTC 2026","passed","Mon Oct 05 02:54:56 UTC 2026","AuTestCatalogTask","","",""
"","27245","Каталог заданий: Дополнительное образование ""Английский язык"" — Класс 5","default","Mon Oct 05 02:13:50 UTC 2026","passed","Mon Oct 05 02:14:17 UTC 2026","AuTestCatalogTask","","",""
"","19997","Каталог заданий: Сложные темы ""Математика"" — Класс 3","default","Mon Oct 05 02:44:29 UTC 2026","passed","Mon Oct 05 02:44:49 UTC 2026","AuTestCatalogTask","","",""
"","29158","Каталог заданий: ТНР ""Химия. 5.1"" — Класс 1","default","Mon Oct 05 02:51:58 UTC 2026","passed","Mon Oct 05 02:52:28 UTC 2026","AuTestCatalogTask","","",""
"","29187","Каталог заданий: Слепые ""Окружающий мир. 3.1"" — Класс 2","default","Mon Oct 05 02:56:33 UTC 2026","passed","Mon Oct 05 02:57:02 UTC 2026","AuTestCatalogTask","","",""
"","26332","Каталог заданий: Повторение пройденного материала ""Английский язык"" — Класс 1","default","Mon Oct 05 02:33:31 UTC 2026","passed","Mon Oct 05 02:33:57 UTC 2026","AuTestCatalogTask","","",""
"","20341","Каталог заданий: Подготовка к ВПР ""Химия"" — Класс 1","default","Mon Oct 05 02:24:30 UTC 2026","passed","Mon Oct 05 02:24:50 UTC 2026","AuTestCatalogTask","","",""
"","27125","377. EORS: https://edu.ismart.org/catalog/32ade4-fizika-1-1/1-teplovye-yavleniya-_WIcPBf_h2oBE2?view=tasks&categoryCode=7f72f2-8-klass&auth=eyJhbGciOiJIUzI1NiIsInR5cCI6IkpXVCJ9.eyJpZCI6IjY1YzM0MWIyYjkyYzdhNWZiYWZlYjYwNyIsImlzQWN0aXZlIjp0cnVlLCJpc0d1ZXN0IjpmYWxzZSwiaXNSZWdpc3RyYXRpb25Db21wbGV0ZSI6dHJ1ZSwiaXNDb25maXJtRW1haWwiOmZhbHNlLCJzdHVkZW50cyI6W10sInV0Y09mZnNldCI6MTgwLCJyb2xlIjoic2Nob29sLXRlYWNoZXIiLCJsYXN0TmFtZSI6IiIsImZpcnN0TmFtZSI6ItCf0YDQvtGE0LXRgdGB0LjQvtC90LDQu9GM0L3Ri9C5IiwicGhvbmVOdW1iZXIiOiIiLCJsb2dpbiI6InRlYWNoZXJfZnVsbEBpc21hcnQub3JnIiwiZW1haWwiOiJ0ZWFjaGVyX2Z1bGxAaXNtYXJ0Lm9yZyIsImNvbnRyYWN0VHlwZSI6InByaXZhdGUiLCJleHRlcm5hbFVzZXJTb3VyY2UiOm51bGwsImdvZE1vZGUiOnRydWUsImVkdWNvbnQiOnt9LCJfaWQiOiI2NWMzNDFiMmI5MmM3YTVmYmFmZWI2MDcifQ.g8I_2Btv7rGXWFT_jbBB9c0iAVhZshRxVIA8nbNqh0s","default","Mon Oct 05 01:12:05 UTC 2026","passed","Mon Oct 05 01:12:32 UTC 2026","Tests Eors","","",""
"","35095","Каталог заданий: Слабовидящие ""Литература. 4.1"" — Класс 2","default","Mon Oct 05 03:06:16 UTC 2026","passed","Mon Oct 05 03:06:51 UTC 2026","AuTestCatalogTask","","",""
"","22224","302. EORS: https://edu.ismart.org/catalog/3c34cd-algebra-i-nachala-matematicheskogo-analiza-noda/1-stepen-s-racionalnym-pokazatelem_jxCcJa?view=tasks&categoryCode=66c328-algebra-i-nachala-matem-analiza-11-kl&auth=eyJhbGciOiJIUzI1NiIsInR5cCI6IkpXVCJ9.eyJpZCI6IjY1YzM0MWIyYjkyYzdhNWZiYWZlYjYwNyIsImlzQWN0aXZlIjp0cnVlLCJpc0d1ZXN0IjpmYWxzZSwiaXNSZWdpc3RyYXRpb25Db21wbGV0ZSI6dHJ1ZSwiaXNDb25maXJtRW1haWwiOmZhbHNlLCJzdHVkZW50cyI6W10sInV0Y09mZnNldCI6MTgwLCJyb2xlIjoic2Nob29sLXRlYWNoZXIiLCJsYXN0TmFtZSI6IiIsImZpcnN0TmFtZSI6ItCf0YDQvtGE0LXRgdGB0LjQvtC90LDQu9GM0L3Ri9C5IiwicGhvbmVOdW1iZXIiOiIiLCJsb2dpbiI6InRlYWNoZXJfZnVsbEBpc21hcnQub3JnIiwiZW1haWwiOiJ0ZWFjaGVyX2Z1bGxAaXNtYXJ0Lm9yZyIsImNvbnRyYWN0VHlwZSI6InByaXZhdGUiLCJleHRlcm5hbFVzZXJTb3VyY2UiOm51bGwsImdvZE1vZGUiOnRydWUsImVkdWNvbnQiOnt9LCJfaWQiOiI2NWMzNDFiMmI5MmM3YTVmYmFmZWI2MDcifQ.g8I_2Btv7rGXWFT_jbBB9c0iAVhZshRxVIA8nbNqh0s","default","Mon Oct 05 01:01:40 UTC 2026","passed","Mon Oct 05 01:02:02 UTC 2026","Tests Eors","","",""
"","15835","Каталог заданий: Слабослышащие ""Вероятность и статистика. 2.1"" — Класс 5","default","Mon Oct 05 03:29:55 UTC 2026","passed","Mon Oct 05 03:30:11 UTC 2026","AuTestCatalogTask","","",""
"","44783","Каталог заданий: НОДА ""Биология. 6.1"" — Класс 1","default","Mon Oct 05 03:45:40 UTC 2026","passed","Mon Oct 05 03:46:25 UTC 2026","AuTestCatalogTask","","",""
"","54581","38. EORS: https://edu.ismart.org/catalog/2f83fb-obschestvoznanie-tnr/1-obshchestvo_5VBV1L?view=tasks&categoryCode=118b59-10-klass&auth=eyJhbGciOiJIUzI1NiIsInR5cCI6IkpXVCJ9.eyJpZCI6IjY1YzM0MWIyYjkyYzdhNWZiYWZlYjYwNyIsImlzQWN0aXZlIjp0cnVlLCJpc0d1ZXN0IjpmYWxzZSwiaXNSZWdpc3RyYXRpb25Db21wbGV0ZSI6dHJ1ZSwiaXNDb25maXJtRW1haWwiOmZhbHNlLCJzdHVkZW50cyI6W10sInV0Y09mZnNldCI6MTgwLCJyb2xlIjoic2Nob29sLXRlYWNoZXIiLCJsYXN0TmFtZSI6IiIsImZpcnN0TmFtZSI6ItCf0YDQvtGE0LXRgdGB0LjQvtC90LDQu9GM0L3Ri9C5IiwicGhvbmVOdW1iZXIiOiIiLCJsb2dpbiI6InRlYWNoZXJfZnVsbEBpc21hcnQub3JnIiwiZW1haWwiOiJ0ZWFjaGVyX2Z1bGxAaXNtYXJ0Lm9yZyIsImNvbnRyYWN0VHlwZSI6InByaXZhdGUiLCJleHRlcm5hbFVzZXJTb3VyY2UiOm51bGwsImdvZE1vZGUiOnRydWUsImVkdWNvbnQiOnt9LCJfaWQiOiI2NWMzNDFiMmI5MmM3YTVmYmFmZWI2MDcifQ.g8I_2Btv7rGXWFT_jbBB9c0iAVhZshRxVIA8nbNqh0s","default","Mon Oct 05 00:27:30 UTC 2026","failed","Mon Oct 05 00:28:25 UTC 2026","Tests Eors","","",""
"","15719","Каталог заданий: Слабослышащие ""Вероятность и статистика. 2.1"" — Класс 2","default","Mon Oct 05 03:29:43 UTC 2026","passed","Mon Oct 05 03:29:59 UTC 2026","AuTestCatalogTask","","",""
"","44920","172. EORS: https://edu.ismart.org/catalog/f78aab-russkii-yazik-slabovidyaschie-uchaschiesya/1-chto-mi-znaem-o-zvukah-i-bukvah_bqqLC0?view=tasks&categoryCode=3b5430-russkii-yazik-2-kl&auth=eyJhbGciOiJIUzI1NiIsInR5cCI6IkpXVCJ9.eyJpZCI6IjY1YzM0MWIyYjkyYzdhNWZiYWZlYjYwNyIsImlzQWN0aXZlIjp0cnVlLCJpc0d1ZXN0IjpmYWxzZSwiaXNSZWdpc3RyYXRpb25Db21wbGV0ZSI6dHJ1ZSwiaXNDb25maXJtRW1haWwiOmZhbHNlLCJzdHVkZW50cyI6W10sInV0Y09mZnNldCI6MTgwLCJyb2xlIjoic2Nob29sLXRlYWNoZXIiLCJsYXN0TmFtZSI6IiIsImZpcnN0TmFtZSI6ItCf0YDQvtGE0LXRgdGB0LjQvtC90LDQu9GM0L3Ri9C5IiwicGhvbmVOdW1iZXIiOiIiLCJsb2dpbiI6InRlYWNoZXJfZnVsbEBpc21hcnQub3JnIiwiZW1haWwiOiJ0ZWFjaGVyX2Z1bGxAaXNtYXJ0Lm9yZyIsImNvbnRyYWN0VHlwZSI6InByaXZhdGUiLCJleHRlcm5hbFVzZXJTb3VyY2UiOm51bGwsImdvZE1vZGUiOnRydWUsImVkdWNvbnQiOnt9LCJfaWQiOiI2NWMzNDFiMmI5MmM3YTVmYmFmZWI2MDcifQ.g8I_2Btv7rGXWFT_jbBB9c0iAVhZshRxVIA8nbNqh0s","default","Mon Oct 05 00:44:30 UTC 2026","failed","Mon Oct 05 00:45:15 UTC 2026","Tests Eors","","",""
"","24297","52. EORS: https://edu.ismart.org/catalog/208f8d-russkii-yazik-zpr/fonetika-grafika-orfoepiya_IW5i2I?view=tasks&categoryCode=156401-russkii-yazik-6-kl&auth=eyJhbGciOiJIUzI1NiIsInR5cCI6IkpXVCJ9.eyJpZCI6IjY1YzM0MWIyYjkyYzdhNWZiYWZlYjYwNyIsImlzQWN0aXZlIjp0cnVlLCJpc0d1ZXN0IjpmYWxzZSwiaXNSZWdpc3RyYXRpb25Db21wbGV0ZSI6dHJ1ZSwiaXNDb25maXJtRW1haWwiOmZhbHNlLCJzdHVkZW50cyI6W10sInV0Y09mZnNldCI6MTgwLCJyb2xlIjoic2Nob29sLXRlYWNoZXIiLCJsYXN0TmFtZSI6IiIsImZpcnN0TmFtZSI6ItCf0YDQvtGE0LXRgdGB0LjQvtC90LDQu9GM0L3Ri9C5IiwicGhvbmVOdW1iZXIiOiIiLCJsb2dpbiI6InRlYWNoZXJfZnVsbEBpc21hcnQub3JnIiwiZW1haWwiOiJ0ZWFjaGVyX2Z1bGxAaXNtYXJ0Lm9yZyIsImNvbnRyYWN0VHlwZSI6InByaXZhdGUiLCJleHRlcm5hbFVzZXJTb3VyY2UiOm51bGwsImdvZE1vZGUiOnRydWUsImVkdWNvbnQiOnt9LCJfaWQiOiI2NWMzNDFiMmI5MmM3YTVmYmFmZWI2MDcifQ.g8I_2Btv7rGXWFT_jbBB9c0iAVhZshRxVIA8nbNqh0s","default","Mon Oct 05 00:29:17 UTC 2026","passed","Mon Oct 05 00:29:41 UTC 2026","Tests Eors","","",""
"","24280","132. EORS: https://edu.ismart.org/catalog/2ec694-angliiskii-yazik/2-chtenie?view=tasks&class=5f3fa2c7f00eca001c8bd3f9&auth=eyJhbGciOiJIUzI1NiIsInR5cCI6IkpXVCJ9.eyJpZCI6IjY1YzM0MWIyYjkyYzdhNWZiYWZlYjYwNyIsImlzQWN0aXZlIjp0cnVlLCJpc0d1ZXN0IjpmYWxzZSwiaXNSZWdpc3RyYXRpb25Db21wbGV0ZSI6dHJ1ZSwiaXNDb25maXJtRW1haWwiOmZhbHNlLCJzdHVkZW50cyI6W10sInV0Y09mZnNldCI6MTgwLCJyb2xlIjoic2Nob29sLXRlYWNoZXIiLCJsYXN0TmFtZSI6IiIsImZpcnN0TmFtZSI6ItCf0YDQvtGE0LXRgdGB0LjQvtC90LDQu9GM0L3Ri9C5IiwicGhvbmVOdW1iZXIiOiIiLCJsb2dpbiI6InRlYWNoZXJfZnVsbEBpc21hcnQub3JnIiwiZW1haWwiOiJ0ZWFjaGVyX2Z1bGxAaXNtYXJ0Lm9yZyIsImNvbnRyYWN0VHlwZSI6InByaXZhdGUiLCJleHRlcm5hbFVzZXJTb3VyY2UiOm51bGwsImdvZE1vZGUiOnRydWUsImVkdWNvbnQiOnt9LCJfaWQiOiI2NWMzNDFiMmI5MmM3YTVmYmFmZWI2MDcifQ.g8I_2Btv7rGXWFT_jbBB9c0iAVhZshRxVIA8nbNqh0s","default","Mon Oct 05 00:39:51 UTC 2026","passed","Mon Oct 05 00:40:15 UTC 2026","Tests Eors","","",""
"","27130","Каталог заданий: Нарушение слуха ""Литература. 1.1"" — Класс 5","default","Mon Oct 05 03:16:10 UTC 2026","passed","Mon Oct 05 03:16:37 UTC 2026","AuTestCatalogTask","","",""
"","13822","Каталог заданий: Слепые ""Алгебра. 3.1"" — Класс 1","default","Mon Oct 05 02:55:37 UTC 2026","passed","Mon Oct 05 02:55:51 UTC 2026","AuTestCatalogTask","","",""
"","21727","Каталог заданий: ЗПР ""Физика. 7.1"" — Класс 4","default","Mon Oct 05 03:37:54 UTC 2026","passed","Mon Oct 05 03:38:16 UTC 2026","AuTestCatalogTask","","",""
"","23802","638. EORS: https://edu.ismart.org/catalog/dd749a-matematika/1-zadanie-1?view=tasks&class=5ef1b652250d56001b4f771b&auth=eyJhbGciOiJIUzI1NiIsInR5cCI6IkpXVCJ9.eyJpZCI6IjY1YzM0MWIyYjkyYzdhNWZiYWZlYjYwNyIsImlzQWN0aXZlIjp0cnVlLCJpc0d1ZXN0IjpmYWxzZSwiaXNSZWdpc3RyYXRpb25Db21wbGV0ZSI6dHJ1ZSwiaXNDb25maXJtRW1haWwiOmZhbHNlLCJzdHVkZW50cyI6W10sInV0Y09mZnNldCI6MTgwLCJyb2xlIjoic2Nob29sLXRlYWNoZXIiLCJsYXN0TmFtZSI6IiIsImZpcnN0TmFtZSI6ItCf0YDQvtGE0LXRgdGB0LjQvtC90LDQu9GM0L3Ri9C5IiwicGhvbmVOdW1iZXIiOiIiLCJsb2dpbiI6InRlYWNoZXJfZnVsbEBpc21hcnQub3JnIiwiZW1haWwiOiJ0ZWFjaGVyX2Z1bGxAaXNtYXJ0Lm9yZyIsImNvbnRyYWN0VHlwZSI6InByaXZhdGUiLCJleHRlcm5hbFVzZXJTb3VyY2UiOm51bGwsImdvZE1vZGUiOnRydWUsImVkdWNvbnQiOnt9LCJfaWQiOiI2NWMzNDFiMmI5MmM3YTVmYmFmZWI2MDcifQ.g8I_2Btv7rGXWFT_jbBB9c0iAVhZshRxVIA8nbNqh0s","default","Mon Oct 05 01:49:03 UTC 2026","passed","Mon Oct 05 01:49:27 UTC 2026","Tests Eors","","",""
"","28790","210. EORS: https://edu.ismart.org/catalog/4af9a3-veroyatnost-istatistika/11-rasseivanie-dannyh-veroyatnost-i-statistika?view=tasks&class=5f63090daee1af001b415303&auth=eyJhbGciOiJIUzI1NiIsInR5cCI6IkpXVCJ9.eyJpZCI6IjY1YzM0MWIyYjkyYzdhNWZiYWZlYjYwNyIsImlzQWN0aXZlIjp0cnVlLCJpc0d1ZXN0IjpmYWxzZSwiaXNSZWdpc3RyYXRpb25Db21wbGV0ZSI6dHJ1ZSwiaXNDb25maXJtRW1haWwiOmZhbHNlLCJzdHVkZW50cyI6W10sInV0Y09mZnNldCI6MTgwLCJyb2xlIjoic2Nob29sLXRlYWNoZXIiLCJsYXN0TmFtZSI6IiIsImZpcnN0TmFtZSI6ItCf0YDQvtGE0LXRgdGB0LjQvtC90LDQu9GM0L3Ri9C5IiwicGhvbmVOdW1iZXIiOiIiLCJsb2dpbiI6InRlYWNoZXJfZnVsbEBpc21hcnQub3JnIiwiZW1haWwiOiJ0ZWFjaGVyX2Z1bGxAaXNtYXJ0Lm9yZyIsImNvbnRyYWN0VHlwZSI6InByaXZhdGUiLCJleHRlcm5hbFVzZXJTb3VyY2UiOm51bGwsImdvZE1vZGUiOnRydWUsImVkdWNvbnQiOnt9LCJfaWQiOiI2NWMzNDFiMmI5MmM3YTVmYmFmZWI2MDcifQ.g8I_2Btv7rGXWFT_jbBB9c0iAVhZshRxVIA8nbNqh0s","default","Mon Oct 05 00:49:36 UTC 2026","passed","Mon Oct 05 00:50:05 UTC 2026","Tests Eors","","",""
"","23752","Каталог заданий: Повторение пройденного материала ""Химия"" — Класс 1","default","Mon Oct 05 02:38:02 UTC 2026","passed","Mon Oct 05 02:38:26 UTC 2026","AuTestCatalogTask","","",""
"","52257","479. EORS: https://edu.ismart.org/catalog/6c2d52-informatika-8-1/1-cifrovaya-gramotnost_j2UT1T_mCbGCb?view=tasks&categoryCode=aa1325-11-kl&auth=eyJhbGciOiJIUzI1NiIsInR5cCI6IkpXVCJ9.eyJpZCI6IjY1YzM0MWIyYjkyYzdhNWZiYWZlYjYwNyIsImlzQWN0aXZlIjp0cnVlLCJpc0d1ZXN0IjpmYWxzZSwiaXNSZWdpc3RyYXRpb25Db21wbGV0ZSI6dHJ1ZSwiaXNDb25maXJtRW1haWwiOmZhbHNlLCJzdHVkZW50cyI6W10sInV0Y09mZnNldCI6MTgwLCJyb2xlIjoic2Nob29sLXRlYWNoZXIiLCJsYXN0TmFtZSI6IiIsImZpcnN0TmFtZSI6ItCf0YDQvtGE0LXRgdGB0LjQvtC90LDQu9GM0L3Ri9C5IiwicGhvbmVOdW1iZXIiOiIiLCJsb2dpbiI6InRlYWNoZXJfZnVsbEBpc21hcnQub3JnIiwiZW1haWwiOiJ0ZWFjaGVyX2Z1bGxAaXNtYXJ0Lm9yZyIsImNvbnRyYWN0VHlwZSI6InByaXZhdGUiLCJleHRlcm5hbFVzZXJTb3VyY2UiOm51bGwsImdvZE1vZGUiOnRydWUsImVkdWNvbnQiOnt9LCJfaWQiOiI2NWMzNDFiMmI5MmM3YTVmYmFmZWI2MDcifQ.g8I_2Btv7rGXWFT_jbBB9c0iAVhZshRxVIA8nbNqh0s","default","Mon Oct 05 01:24:49 UTC 2026","failed","Mon Oct 05 01:25:41 UTC 2026","Tests Eors","","",""
"","15594","Каталог заданий: Слепые ""Обществознание. 3.1"" — Класс 2","default","Mon Oct 05 02:59:04 UTC 2026","passed","Mon Oct 05 02:59:19 UTC 2026","AuTestCatalogTask","","",""
"","22947","204. EORS: https://edu.ismart.org/catalog/14a93a-istoriya-8-1/1-teoriya_3PRKfz_kyGx1p?view=tasks&categoryCode=48dccf-5-kl&auth=eyJhbGciOiJIUzI1NiIsInR5cCI6IkpXVCJ9.eyJpZCI6IjY1YzM0MWIyYjkyYzdhNWZiYWZlYjYwNyIsImlzQWN0aXZlIjp0cnVlLCJpc0d1ZXN0IjpmYWxzZSwiaXNSZWdpc3RyYXRpb25Db21wbGV0ZSI6dHJ1ZSwiaXNDb25maXJtRW1haWwiOmZhbHNlLCJzdHVkZW50cyI6W10sInV0Y09mZnNldCI6MTgwLCJyb2xlIjoic2Nob29sLXRlYWNoZXIiLCJsYXN0TmFtZSI6IiIsImZpcnN0TmFtZSI6ItCf0YDQvtGE0LXRgdGB0LjQvtC90LDQu9GM0L3Ri9C5IiwicGhvbmVOdW1iZXIiOiIiLCJsb2dpbiI6InRlYWNoZXJfZnVsbEBpc21hcnQub3JnIiwiZW1haWwiOiJ0ZWFjaGVyX2Z1bGxAaXNtYXJ0Lm9yZyIsImNvbnRyYWN0VHlwZSI6InByaXZhdGUiLCJleHRlcm5hbFVzZXJTb3VyY2UiOm51bGwsImdvZE1vZGUiOnRydWUsImVkdWNvbnQiOnt9LCJfaWQiOiI2NWMzNDFiMmI5MmM3YTVmYmFmZWI2MDcifQ.g8I_2Btv7rGXWFT_jbBB9c0iAVhZshRxVIA8nbNqh0s","default","Mon Oct 05 00:49:09 UTC 2026","passed","Mon Oct 05 00:49:32 UTC 2026","Tests Eors","","",""
"","27495","716. EORS: https://edu.ismart.org/catalog/3941ec-fizika-6-1/1-vvedenie-v-predmet-fizika_62KvSu_H9kicZ?view=tasks&categoryCode=f5ec48-7-kl&auth=eyJhbGciOiJIUzI1NiIsInR5cCI6IkpXVCJ9.eyJpZCI6IjY1YzM0MWIyYjkyYzdhNWZiYWZlYjYwNyIsImlzQWN0aXZlIjp0cnVlLCJpc0d1ZXN0IjpmYWxzZSwiaXNSZWdpc3RyYXRpb25Db21wbGV0ZSI6dHJ1ZSwiaXNDb25maXJtRW1haWwiOmZhbHNlLCJzdHVkZW50cyI6W10sInV0Y09mZnNldCI6MTgwLCJyb2xlIjoic2Nob29sLXRlYWNoZXIiLCJsYXN0TmFtZSI6IiIsImZpcnN0TmFtZSI6ItCf0YDQvtGE0LXRgdGB0LjQvtC90LDQu9GM0L3Ri9C5IiwicGhvbmVOdW1iZXIiOiIiLCJsb2dpbiI6InRlYWNoZXJfZnVsbEBpc21hcnQub3JnIiwiZW1haWwiOiJ0ZWFjaGVyX2Z1bGxAaXNtYXJ0Lm9yZyIsImNvbnRyYWN0VHlwZSI6InByaXZhdGUiLCJleHRlcm5hbFVzZXJTb3VyY2UiOm51bGwsImdvZE1vZGUiOnRydWUsImVkdWNvbnQiOnt9LCJfaWQiOiI2NWMzNDFiMmI5MmM3YTVmYmFmZWI2MDcifQ.g8I_2Btv7rGXWFT_jbBB9c0iAVhZshRxVIA8nbNqh0s","default","Mon Oct 05 01:58:53 UTC 2026","passed","Mon Oct 05 01:59:21 UTC 2026","Tests Eors","","",""
"","28331","726. EORS: https://edu.ismart.org/catalog/f846e1-angliiskii-yazik/01-vzaimootnosheniya-v-seme-i-s-druzyami-konflikty-i-ih-razreshenie?view=tasks&class=61a71c551b0ad63754c198e9&auth=eyJhbGciOiJIUzI1NiIsInR5cCI6IkpXVCJ9.eyJpZCI6IjY1YzM0MWIyYjkyYzdhNWZiYWZlYjYwNyIsImlzQWN0aXZlIjp0cnVlLCJpc0d1ZXN0IjpmYWxzZSwiaXNSZWdpc3RyYXRpb25Db21wbGV0ZSI6dHJ1ZSwiaXNDb25maXJtRW1haWwiOmZhbHNlLCJzdHVkZW50cyI6W10sInV0Y09mZnNldCI6MTgwLCJyb2xlIjoic2Nob29sLXRlYWNoZXIiLCJsYXN0TmFtZSI6IiIsImZpcnN0TmFtZSI6ItCf0YDQvtGE0LXRgdGB0LjQvtC90LDQu9GM0L3Ri9C5IiwicGhvbmVOdW1iZXIiOiIiLCJsb2dpbiI6InRlYWNoZXJfZnVsbEBpc21hcnQub3JnIiwiZW1haWwiOiJ0ZWFjaGVyX2Z1bGxAaXNtYXJ0Lm9yZyIsImNvbnRyYWN0VHlwZSI6InByaXZhdGUiLCJleHRlcm5hbFVzZXJTb3VyY2UiOm51bGwsImdvZE1vZGUiOnRydWUsImVkdWNvbnQiOnt9LCJfaWQiOiI2NWMzNDFiMmI5MmM3YTVmYmFmZWI2MDcifQ.g8I_2Btv7rGXWFT_jbBB9c0iAVhZshRxVIA8nbNqh0s","default","Mon Oct 05 02:00:20 UTC 2026","passed","Mon Oct 05 02:00:48 UTC 2026","Tests Eors","","",""
"","24442","Каталог заданий: ЗПР ""Русский язык. 7.1"" — Класс 6","default","Mon Oct 05 03:30:43 UTC 2026","passed","Mon Oct 05 03:31:07 UTC 2026","AuTestCatalogTask","","",""
"","32210","337. EORS: https://edu.ismart.org/catalog/c0b22a-russkii-yazik-narushenie-sluha/yazyk-i-rech_IEmGSr?view=tasks&categoryCode=74394b-russkii-yazik-5-kl&auth=eyJhbGciOiJIUzI1NiIsInR5cCI6IkpXVCJ9.eyJpZCI6IjY1YzM0MWIyYjkyYzdhNWZiYWZlYjYwNyIsImlzQWN0aXZlIjp0cnVlLCJpc0d1ZXN0IjpmYWxzZSwiaXNSZWdpc3RyYXRpb25Db21wbGV0ZSI6dHJ1ZSwiaXNDb25maXJtRW1haWwiOmZhbHNlLCJzdHVkZW50cyI6W10sInV0Y09mZnNldCI6MTgwLCJyb2xlIjoic2Nob29sLXRlYWNoZXIiLCJsYXN0TmFtZSI6IiIsImZpcnN0TmFtZSI6ItCf0YDQvtGE0LXRgdGB0LjQvtC90LDQu9GM0L3Ri9C5IiwicGhvbmVOdW1iZXIiOiIiLCJsb2dpbiI6InRlYWNoZXJfZnVsbEBpc21hcnQub3JnIiwiZW1haWwiOiJ0ZWFjaGVyX2Z1bGxAaXNtYXJ0Lm9yZyIsImNvbnRyYWN0VHlwZSI6InByaXZhdGUiLCJleHRlcm5hbFVzZXJTb3VyY2UiOm51bGwsImdvZE1vZGUiOnRydWUsImVkdWNvbnQiOnt9LCJfaWQiOiI2NWMzNDFiMmI5MmM3YTVmYmFmZWI2MDcifQ.g8I_2Btv7rGXWFT_jbBB9c0iAVhZshRxVIA8nbNqh0s","default","Mon Oct 05 01:06:43 UTC 2026","passed","Mon Oct 05 01:07:15 UTC 2026","Tests Eors","","",""
"","27591","Каталог заданий: Подготовка к контрольным работам ""Физика"" — Класс 5","default","Mon Oct 05 02:28:35 UTC 2026","passed","Mon Oct 05 02:29:02 UTC 2026","AuTestCatalogTask","","",""
"","25499","415. EORS: https://edu.ismart.org/catalog/df7ab7-russkii-yazik-ras/fonetika-grafika-orfoepiya_9YyPcR?view=tasks&categoryCode=91be43-russkii-yazik-9-kl&auth=eyJhbGciOiJIUzI1NiIsInR5cCI6IkpXVCJ9.eyJpZCI6IjY1YzM0MWIyYjkyYzdhNWZiYWZlYjYwNyIsImlzQWN0aXZlIjp0cnVlLCJpc0d1ZXN0IjpmYWxzZSwiaXNSZWdpc3RyYXRpb25Db21wbGV0ZSI6dHJ1ZSwiaXNDb25maXJtRW1haWwiOmZhbHNlLCJzdHVkZW50cyI6W10sInV0Y09mZnNldCI6MTgwLCJyb2xlIjoic2Nob29sLXRlYWNoZXIiLCJsYXN0TmFtZSI6IiIsImZpcnN0TmFtZSI6ItCf0YDQvtGE0LXRgdGB0LjQvtC90LDQu9GM0L3Ri9C5IiwicGhvbmVOdW1iZXIiOiIiLCJsb2dpbiI6InRlYWNoZXJfZnVsbEBpc21hcnQub3JnIiwiZW1haWwiOiJ0ZWFjaGVyX2Z1bGxAaXNtYXJ0Lm9yZyIsImNvbnRyYWN0VHlwZSI6InByaXZhdGUiLCJleHRlcm5hbFVzZXJTb3VyY2UiOm51bGwsImdvZE1vZGUiOnRydWUsImVkdWNvbnQiOnt9LCJfaWQiOiI2NWMzNDFiMmI5MmM3YTVmYmFmZWI2MDcifQ.g8I_2Btv7rGXWFT_jbBB9c0iAVhZshRxVIA8nbNqh0s","default","Mon Oct 05 01:16:26 UTC 2026","passed","Mon Oct 05 01:16:51 UTC 2026","Tests Eors","","",""
"","15121","Каталог заданий: НОДА ""Вероятность и статистика. 6.1"" — Класс 5","default","Mon Oct 05 03:49:06 UTC 2026","passed","Mon Oct 05 03:49:21 UTC 2026","AuTestCatalogTask","","",""
"","50650","Каталог заданий: РАС ""Биология. 8.1"" — Класс 4","default","Mon Oct 05 03:55:31 UTC 2026","passed","Mon Oct 05 03:56:21 UTC 2026","AuTestCatalogTask","","",""
"","39834","Каталог заданий: Подготовка к ЕГЭ ""Информатика""","default","Mon Oct 05 02:20:06 UTC 2026","passed","Mon Oct 05 02:20:45 UTC 2026","AuTestCatalogTask","","",""
"","23482","Каталог заданий: Слабовидящие ""Алгебра и начала мат. анализа. 4.1"" — Класс 2","default","Mon Oct 05 03:05:13 UTC 2026","passed","Mon Oct 05 03:05:37 UTC 2026","AuTestCatalogTask","","",""
"","16009","Каталог заданий: Подготовка к ВПР ""Русский язык"" — Класс 3","default","Mon Oct 05 02:22:01 UTC 2026","passed","Mon Oct 05 02:22:17 UTC 2026","AuTestCatalogTask","","",""
"","56459","Каталог заданий: Слабослышащие ""История. 2.1"" — Класс 6","default","Mon Oct 05 03:27:14 UTC 2026","passed","Mon Oct 05 03:28:10 UTC 2026","AuTestCatalogTask","","",""
"","24553","394. EORS: https://edu.ismart.org/catalog/8039e6-geometriya-zpr/9-vvedenie-v-stereometriu_BiBmU5?view=tasks&categoryCode=86cba5-geometriya-10-kl&auth=eyJhbGciOiJIUzI1NiIsInR5cCI6IkpXVCJ9.eyJpZCI6IjY1YzM0MWIyYjkyYzdhNWZiYWZlYjYwNyIsImlzQWN0aXZlIjp0cnVlLCJpc0d1ZXN0IjpmYWxzZSwiaXNSZWdpc3RyYXRpb25Db21wbGV0ZSI6dHJ1ZSwiaXNDb25maXJtRW1haWwiOmZhbHNlLCJzdHVkZW50cyI6W10sInV0Y09mZnNldCI6MTgwLCJyb2xlIjoic2Nob29sLXRlYWNoZXIiLCJsYXN0TmFtZSI6IiIsImZpcnN0TmFtZSI6ItCf0YDQvtGE0LXRgdGB0LjQvtC90LDQu9GM0L3Ri9C5IiwicGhvbmVOdW1iZXIiOiIiLCJsb2dpbiI6InRlYWNoZXJfZnVsbEBpc21hcnQub3JnIiwiZW1haWwiOiJ0ZWFjaGVyX2Z1bGxAaXNtYXJ0Lm9yZyIsImNvbnRyYWN0VHlwZSI6InByaXZhdGUiLCJleHRlcm5hbFVzZXJTb3VyY2UiOm51bGwsImdvZE1vZGUiOnRydWUsImVkdWNvbnQiOnt9LCJfaWQiOiI2NWMzNDFiMmI5MmM3YTVmYmFmZWI2MDcifQ.g8I_2Btv7rGXWFT_jbBB9c0iAVhZshRxVIA8nbNqh0s","default","Mon Oct 05 01:13:52 UTC 2026","passed","Mon Oct 05 01:14:17 UTC 2026","Tests Eors","","",""
"","52354","271. EORS: https://edu.ismart.org/catalog/44b1bc-biologiya-tnr/1-sistematika-i-klassifikaciya-rasteni_bQ8Guo?view=tasks&categoryCode=5a465c-biologiya-7-kl&auth=eyJhbGciOiJIUzI1NiIsInR5cCI6IkpXVCJ9.eyJpZCI6IjY1YzM0MWIyYjkyYzdhNWZiYWZlYjYwNyIsImlzQWN0aXZlIjp0cnVlLCJpc0d1ZXN0IjpmYWxzZSwiaXNSZWdpc3RyYXRpb25Db21wbGV0ZSI6dHJ1ZSwiaXNDb25maXJtRW1haWwiOmZhbHNlLCJzdHVkZW50cyI6W10sInV0Y09mZnNldCI6MTgwLCJyb2xlIjoic2Nob29sLXRlYWNoZXIiLCJsYXN0TmFtZSI6IiIsImZpcnN0TmFtZSI6ItCf0YDQvtGE0LXRgdGB0LjQvtC90LDQu9GM0L3Ri9C5IiwicGhvbmVOdW1iZXIiOiIiLCJsb2dpbiI6InRlYWNoZXJfZnVsbEBpc21hcnQub3JnIiwiZW1haWwiOiJ0ZWFjaGVyX2Z1bGxAaXNtYXJ0Lm9yZyIsImNvbnRyYWN0VHlwZSI6InByaXZhdGUiLCJleHRlcm5hbFVzZXJTb3VyY2UiOm51bGwsImdvZE1vZGUiOnRydWUsImVkdWNvbnQiOnt9LCJfaWQiOiI2NWMzNDFiMmI5MmM3YTVmYmFmZWI2MDcifQ.g8I_2Btv7rGXWFT_jbBB9c0iAVhZshRxVIA8nbNqh0s","default","Mon Oct 05 00:57:51 UTC 2026","failed","Mon Oct 05 00:58:44 UTC 2026","Tests Eors","","",""
"","68158","Каталог заданий: Школьная программа ""Эрзянский язык"" — Класс 1","default","Mon Oct 05 02:12:12 UTC 2026","passed","Mon Oct 05 02:13:20 UTC 2026","AuTestCatalogTask","","",""
"","17366","Каталог заданий: РАС ""Алгебра. 8.1"" — Класс 2","default","Mon Oct 05 03:51:28 UTC 2026","passed","Mon Oct 05 03:51:46 UTC 2026","AuTestCatalogTask","","",""
"","24899","Каталог заданий: РАС ""Окружающий мир. 8.1"" — Класс 4","default","Mon Oct 05 03:52:31 UTC 2026","passed","Mon Oct 05 03:52:56 UTC 2026","AuTestCatalogTask","","",""
"","33411","Каталог заданий: Школьная программа ""История"" — Класс 2","default","Mon Oct 05 02:03:27 UTC 2026","passed","Mon Oct 05 02:04:01 UTC 2026","AuTestCatalogTask","","",""
"","44372","Каталог заданий: Слепые ""Биология. 3.1"" — Класс 1","default","Mon Oct 05 03:00:24 UTC 2026","passed","Mon Oct 05 03:01:08 UTC 2026","AuTestCatalogTask","","",""
"","15593","Каталог заданий: Слабовидящие ""Обществознание. 4.1"" — Класс 4","default","Mon Oct 05 03:09:28 UTC 2026","passed","Mon Oct 05 03:09:43 UTC 2026","AuTestCatalogTask","","",""
"","14860","Каталог заданий: Школьная программа ""Обществознание"" — Класс 6","default","Mon Oct 05 02:10:07 UTC 2026","passed","Mon Oct 05 02:10:22 UTC 2026","AuTestCatalogTask","","",""
"","50853","269. EORS: https://edu.ismart.org/catalog/cb216c-obschestvoznanie-1-1/1-politika-i-socialnoe-upravlenie_KRTNmn_Ru0jHh?view=tasks&categoryCode=59afa1-9-klass&auth=eyJhbGciOiJIUzI1NiIsInR5cCI6IkpXVCJ9.eyJpZCI6IjY1YzM0MWIyYjkyYzdhNWZiYWZlYjYwNyIsImlzQWN0aXZlIjp0cnVlLCJpc0d1ZXN0IjpmYWxzZSwiaXNSZWdpc3RyYXRpb25Db21wbGV0ZSI6dHJ1ZSwiaXNDb25maXJtRW1haWwiOmZhbHNlLCJzdHVkZW50cyI6W10sInV0Y09mZnNldCI6MTgwLCJyb2xlIjoic2Nob29sLXRlYWNoZXIiLCJsYXN0TmFtZSI6IiIsImZpcnN0TmFtZSI6ItCf0YDQvtGE0LXRgdGB0LjQvtC90LDQu9GM0L3Ri9C5IiwicGhvbmVOdW1iZXIiOiIiLCJsb2dpbiI6InRlYWNoZXJfZnVsbEBpc21hcnQub3JnIiwiZW1haWwiOiJ0ZWFjaGVyX2Z1bGxAaXNtYXJ0Lm9yZyIsImNvbnRyYWN0VHlwZSI6InByaXZhdGUiLCJleHRlcm5hbFVzZXJTb3VyY2UiOm51bGwsImdvZE1vZGUiOnRydWUsImVkdWNvbnQiOnt9LCJfaWQiOiI2NWMzNDFiMmI5MmM3YTVmYmFmZWI2MDcifQ.g8I_2Btv7rGXWFT_jbBB9c0iAVhZshRxVIA8nbNqh0s","default","Mon Oct 05 00:57:46 UTC 2026","failed","Mon Oct 05 00:58:37 UTC 2026","Tests Eors","","",""
"","24850","485. EORS: https://edu.ismart.org/catalog/ab7a1e-algebra-i-nachala-matematicheskogo-analiza/1-stepen-s-racionalnym-pokazatelem?view=tasks&class=61890fee84e9f601793b0348&auth=eyJhbGciOiJIUzI1NiIsInR5cCI6IkpXVCJ9.eyJpZCI6IjY1YzM0MWIyYjkyYzdhNWZiYWZlYjYwNyIsImlzQWN0aXZlIjp0cnVlLCJpc0d1ZXN0IjpmYWxzZSwiaXNSZWdpc3RyYXRpb25Db21wbGV0ZSI6dHJ1ZSwiaXNDb25maXJtRW1haWwiOmZhbHNlLCJzdHVkZW50cyI6W10sInV0Y09mZnNldCI6MTgwLCJyb2xlIjoic2Nob29sLXRlYWNoZXIiLCJsYXN0TmFtZSI6IiIsImZpcnN0TmFtZSI6ItCf0YDQvtGE0LXRgdGB0LjQvtC90LDQu9GM0L3Ri9C5IiwicGhvbmVOdW1iZXIiOiIiLCJsb2dpbiI6InRlYWNoZXJfZnVsbEBpc21hcnQub3JnIiwiZW1haWwiOiJ0ZWFjaGVyX2Z1bGxAaXNtYXJ0Lm9yZyIsImNvbnRyYWN0VHlwZSI6InByaXZhdGUiLCJleHRlcm5hbFVzZXJTb3VyY2UiOm51bGwsImdvZE1vZGUiOnRydWUsImVkdWNvbnQiOnt9LCJfaWQiOiI2NWMzNDFiMmI5MmM3YTVmYmFmZWI2MDcifQ.g8I_2Btv7rGXWFT_jbBB9c0iAVhZshRxVIA8nbNqh0s","default","Mon Oct 05 01:25:45 UTC 2026","passed","Mon Oct 05 01:26:10 UTC 2026","Tests Eors","","",""
"","14478","Каталог заданий: Подготовка к контрольным работам ""Информатика"" — Класс 4","default","Mon Oct 05 02:30:59 UTC 2026","passed","Mon Oct 05 02:31:14 UTC 2026","AuTestCatalogTask","","",""
"","21130","Каталог заданий: НОДА ""Русский язык. 6.1"" — Класс 10","default","Mon Oct 05 03:40:45 UTC 2026","passed","Mon Oct 05 03:41:06 UTC 2026","AuTestCatalogTask","","",""
"","13412","Каталог заданий: Слабовидящие ""Обществознание. 4.1"" — Класс 6","default","Mon Oct 05 03:09:40 UTC 2026","passed","Mon Oct 05 03:09:54 UTC 2026","AuTestCatalogTask","","",""
"","16732","Каталог заданий: Школьная программа ""Биология"" — Класс 1","default","Mon Oct 05 02:05:40 UTC 2026","passed","Mon Oct 05 02:05:57 UTC 2026","AuTestCatalogTask","","",""
"","33077","297. EORS: https://edu.ismart.org/catalog/920226-istoriya-6-1/01-vvedenie_X6R7oi_pilibt?view=tasks&categoryCode=64932e-9-kl&auth=eyJhbGciOiJIUzI1NiIsInR5cCI6IkpXVCJ9.eyJpZCI6IjY1YzM0MWIyYjkyYzdhNWZiYWZlYjYwNyIsImlzQWN0aXZlIjp0cnVlLCJpc0d1ZXN0IjpmYWxzZSwiaXNSZWdpc3RyYXRpb25Db21wbGV0ZSI6dHJ1ZSwiaXNDb25maXJtRW1haWwiOmZhbHNlLCJzdHVkZW50cyI6W10sInV0Y09mZnNldCI6MTgwLCJyb2xlIjoic2Nob29sLXRlYWNoZXIiLCJsYXN0TmFtZSI6IiIsImZpcnN0TmFtZSI6ItCf0YDQvtGE0LXRgdGB0LjQvtC90LDQu9GM0L3Ri9C5IiwicGhvbmVOdW1iZXIiOiIiLCJsb2dpbiI6InRlYWNoZXJfZnVsbEBpc21hcnQub3JnIiwiZW1haWwiOiJ0ZWFjaGVyX2Z1bGxAaXNtYXJ0Lm9yZyIsImNvbnRyYWN0VHlwZSI6InByaXZhdGUiLCJleHRlcm5hbFVzZXJTb3VyY2UiOm51bGwsImdvZE1vZGUiOnRydWUsImVkdWNvbnQiOnt9LCJfaWQiOiI2NWMzNDFiMmI5MmM3YTVmYmFmZWI2MDcifQ.g8I_2Btv7rGXWFT_jbBB9c0iAVhZshRxVIA8nbNqh0s","default","Mon Oct 05 01:01:07 UTC 2026","passed","Mon Oct 05 01:01:40 UTC 2026","Tests Eors","","",""
"","29557","421. EORS: https://edu.ismart.org/catalog/1aa8e2-okruzhayuschii-mir-narushenie-sluha/01-chelovek-i-obshchestvo-nasha-rodina--rossiya_8FX1O3?view=tasks&categoryCode=92eb37-okruzhayuschii-2-kl&auth=eyJhbGciOiJIUzI1NiIsInR5cCI6IkpXVCJ9.eyJpZCI6IjY1YzM0MWIyYjkyYzdhNWZiYWZlYjYwNyIsImlzQWN0aXZlIjp0cnVlLCJpc0d1ZXN0IjpmYWxzZSwiaXNSZWdpc3RyYXRpb25Db21wbGV0ZSI6dHJ1ZSwiaXNDb25maXJtRW1haWwiOmZhbHNlLCJzdHVkZW50cyI6W10sInV0Y09mZnNldCI6MTgwLCJyb2xlIjoic2Nob29sLXRlYWNoZXIiLCJsYXN0TmFtZSI6IiIsImZpcnN0TmFtZSI6ItCf0YDQvtGE0LXRgdGB0LjQvtC90LDQu9GM0L3Ri9C5IiwicGhvbmVOdW1iZXIiOiIiLCJsb2dpbiI6InRlYWNoZXJfZnVsbEBpc21hcnQub3JnIiwiZW1haWwiOiJ0ZWFjaGVyX2Z1bGxAaXNtYXJ0Lm9yZyIsImNvbnRyYWN0VHlwZSI6InByaXZhdGUiLCJleHRlcm5hbFVzZXJTb3VyY2UiOm51bGwsImdvZE1vZGUiOnRydWUsImVkdWNvbnQiOnt9LCJfaWQiOiI2NWMzNDFiMmI5MmM3YTVmYmFmZWI2MDcifQ.g8I_2Btv7rGXWFT_jbBB9c0iAVhZshRxVIA8nbNqh0s","default","Mon Oct 05 01:16:54 UTC 2026","passed","Mon Oct 05 01:17:23 UTC 2026","Tests Eors","","",""
"","23339","622. EORS: https://edu.ismart.org/catalog/920226-istoriya-6-1/1-novoe-vremya_65A0d3_6WfMFa?view=tasks&categoryCode=d36f91-7-kl&auth=eyJhbGciOiJIUzI1NiIsInR5cCI6IkpXVCJ9.eyJpZCI6IjY1YzM0MWIyYjkyYzdhNWZiYWZlYjYwNyIsImlzQWN0aXZlIjp0cnVlLCJpc0d1ZXN0IjpmYWxzZSwiaXNSZWdpc3RyYXRpb25Db21wbGV0ZSI6dHJ1ZSwiaXNDb25maXJtRW1haWwiOmZhbHNlLCJzdHVkZW50cyI6W10sInV0Y09mZnNldCI6MTgwLCJyb2xlIjoic2Nob29sLXRlYWNoZXIiLCJsYXN0TmFtZSI6IiIsImZpcnN0TmFtZSI6ItCf0YDQvtGE0LXRgdGB0LjQvtC90LDQu9GM0L3Ri9C5IiwicGhvbmVOdW1iZXIiOiIiLCJsb2dpbiI6InRlYWNoZXJfZnVsbEBpc21hcnQub3JnIiwiZW1haWwiOiJ0ZWFjaGVyX2Z1bGxAaXNtYXJ0Lm9yZyIsImNvbnRyYWN0VHlwZSI6InByaXZhdGUiLCJleHRlcm5hbFVzZXJTb3VyY2UiOm51bGwsImdvZE1vZGUiOnRydWUsImVkdWNvbnQiOnt9LCJfaWQiOiI2NWMzNDFiMmI5MmM3YTVmYmFmZWI2MDcifQ.g8I_2Btv7rGXWFT_jbBB9c0iAVhZshRxVIA8nbNqh0s","default","Mon Oct 05 01:46:58 UTC 2026","passed","Mon Oct 05 01:47:22 UTC 2026","Tests Eors","","",""
"","27505","633. EORS: https://edu.ismart.org/catalog/9462b8-matematika-noda/1-naturalnye-chisla-i-nul_1C4J5D?view=tasks&categoryCode=da285b-matematika-5-kl&auth=eyJhbGciOiJIUzI1NiIsInR5cCI6IkpXVCJ9.eyJpZCI6IjY1YzM0MWIyYjkyYzdhNWZiYWZlYjYwNyIsImlzQWN0aXZlIjp0cnVlLCJpc0d1ZXN0IjpmYWxzZSwiaXNSZWdpc3RyYXRpb25Db21wbGV0ZSI6dHJ1ZSwiaXNDb25maXJtRW1haWwiOmZhbHNlLCJzdHVkZW50cyI6W10sInV0Y09mZnNldCI6MTgwLCJyb2xlIjoic2Nob29sLXRlYWNoZXIiLCJsYXN0TmFtZSI6IiIsImZpcnN0TmFtZSI6ItCf0YDQvtGE0LXRgdGB0LjQvtC90LDQu9GM0L3Ri9C5IiwicGhvbmVOdW1iZXIiOiIiLCJsb2dpbiI6InRlYWNoZXJfZnVsbEBpc21hcnQub3JnIiwiZW1haWwiOiJ0ZWFjaGVyX2Z1bGxAaXNtYXJ0Lm9yZyIsImNvbnRyYWN0VHlwZSI6InByaXZhdGUiLCJleHRlcm5hbFVzZXJTb3VyY2UiOm51bGwsImdvZE1vZGUiOnRydWUsImVkdWNvbnQiOnt9LCJfaWQiOiI2NWMzNDFiMmI5MmM3YTVmYmFmZWI2MDcifQ.g8I_2Btv7rGXWFT_jbBB9c0iAVhZshRxVIA8nbNqh0s","default","Mon Oct 05 01:48:33 UTC 2026","passed","Mon Oct 05 01:49:00 UTC 2026","Tests Eors","","",""
"","23651","Каталог заданий: Дополнительное образование ""Английский язык"" — Класс 7","default","Mon Oct 05 02:14:15 UTC 2026","passed","Mon Oct 05 02:14:38 UTC 2026","AuTestCatalogTask","","",""
"","22270","Каталог заданий: Специальные курсы ""Внеклассные часы""","default","Mon Oct 05 02:42:21 UTC 2026","passed","Mon Oct 05 02:42:43 UTC 2026","AuTestCatalogTask","","",""
"","15069","Каталог заданий: Слабослышащие ""Физика. 2.1"" — Класс 1","default","Mon Oct 05 03:26:08 UTC 2026","passed","Mon Oct 05 03:26:23 UTC 2026","AuTestCatalogTask","","",""
"","24520","Каталог заданий: Слабовидящие ""Окружающий мир. 4.1"" — Класс 4","default","Mon Oct 05 03:05:52 UTC 2026","passed","Mon Oct 05 03:06:16 UTC 2026","AuTestCatalogTask","","",""
"","24245","Каталог заданий: Повторение пройденного материала ""История"" — Класс 7","default","Mon Oct 05 02:35:11 UTC 2026","passed","Mon Oct 05 02:35:36 UTC 2026","AuTestCatalogTask","","",""
"","26845","Каталог заданий: Нарушение слуха ""Окружающий мир. 1.1"" — Класс 1","default","Mon Oct 05 03:15:01 UTC 2026","passed","Mon Oct 05 03:15:28 UTC 2026","AuTestCatalogTask","","",""
"","15894","Каталог заданий: Слабовидящие ""Обществознание. 4.1"" — Класс 5","default","Mon Oct 05 03:09:36 UTC 2026","passed","Mon Oct 05 03:09:52 UTC 2026","AuTestCatalogTask","","",""
"","16218","Каталог заданий: Нарушение слуха ""Английский язык. 1.1"" — Класс 1","default","Mon Oct 05 03:18:12 UTC 2026","passed","Mon Oct 05 03:18:28 UTC 2026","AuTestCatalogTask","","",""
"","11527","Каталог заданий: ТНР ""Обществознание. 5.1"" — Класс 3","default","Mon Oct 05 02:52:56 UTC 2026","passed","Mon Oct 05 02:53:07 UTC 2026","AuTestCatalogTask","","",""
"","37705","Каталог заданий: Слепые ""Литература. 3.1"" — Класс 1","default","Mon Oct 05 02:56:51 UTC 2026","passed","Mon Oct 05 02:57:29 UTC 2026","AuTestCatalogTask","","",""
"","23267","639. EORS: https://edu.ismart.org/catalog/dd749a-matematika/1-zadanie-1-destviya-s-polojitelnymi-i-otricatelnymi-chislami?view=tasks&class=5f197003b96284001b29733d&auth=eyJhbGciOiJIUzI1NiIsInR5cCI6IkpXVCJ9.eyJpZCI6IjY1YzM0MWIyYjkyYzdhNWZiYWZlYjYwNyIsImlzQWN0aXZlIjp0cnVlLCJpc0d1ZXN0IjpmYWxzZSwiaXNSZWdpc3RyYXRpb25Db21wbGV0ZSI6dHJ1ZSwiaXNDb25maXJtRW1haWwiOmZhbHNlLCJzdHVkZW50cyI6W10sInV0Y09mZnNldCI6MTgwLCJyb2xlIjoic2Nob29sLXRlYWNoZXIiLCJsYXN0TmFtZSI6IiIsImZpcnN0TmFtZSI6ItCf0YDQvtGE0LXRgdGB0LjQvtC90LDQu9GM0L3Ri9C5IiwicGhvbmVOdW1iZXIiOiIiLCJsb2dpbiI6InRlYWNoZXJfZnVsbEBpc21hcnQub3JnIiwiZW1haWwiOiJ0ZWFjaGVyX2Z1bGxAaXNtYXJ0Lm9yZyIsImNvbnRyYWN0VHlwZSI6InByaXZhdGUiLCJleHRlcm5hbFVzZXJTb3VyY2UiOm51bGwsImdvZE1vZGUiOnRydWUsImVkdWNvbnQiOnt9LCJfaWQiOiI2NWMzNDFiMmI5MmM3YTVmYmFmZWI2MDcifQ.g8I_2Btv7rGXWFT_jbBB9c0iAVhZshRxVIA8nbNqh0s","default","Mon Oct 05 01:49:11 UTC 2026","passed","Mon Oct 05 01:49:34 UTC 2026","Tests Eors","","",""
"","17878","Каталог заданий: Слабослышащие ""Окружающий мир. 2.1"" — Класс 3","default","Mon Oct 05 03:23:43 UTC 2026","passed","Mon Oct 05 03:24:01 UTC 2026","AuTestCatalogTask","","",""
"","50089","Каталог заданий: Слабовидящие ""Литература. 4.1"" — Класс 7","default","Mon Oct 05 03:06:52 UTC 2026","passed","Mon Oct 05 03:07:42 UTC 2026","AuTestCatalogTask","","",""
"","27589","Каталог заданий: Слабослышащие ""Английский язык. 2.1"" — Класс 4","default","Mon Oct 05 03:28:52 UTC 2026","passed","Mon Oct 05 03:29:19 UTC 2026","AuTestCatalogTask","","",""
"","17255","Каталог заданий: Нарушение слуха ""Геометрия. 1.1"" — Класс 2","default","Mon Oct 05 03:14:38 UTC 2026","passed","Mon Oct 05 03:14:56 UTC 2026","AuTestCatalogTask","","",""
"","45774","53. EORS: https://edu.ismart.org/catalog/lang-rus-full/1-obshchie-svedeniya-o-yazyke?view=tasks&categoryCode=157e44-russkii-yazik-10-klass&auth=eyJhbGciOiJIUzI1NiIsInR5cCI6IkpXVCJ9.eyJpZCI6IjY1YzM0MWIyYjkyYzdhNWZiYWZlYjYwNyIsImlzQWN0aXZlIjp0cnVlLCJpc0d1ZXN0IjpmYWxzZSwiaXNSZWdpc3RyYXRpb25Db21wbGV0ZSI6dHJ1ZSwiaXNDb25maXJtRW1haWwiOmZhbHNlLCJzdHVkZW50cyI6W10sInV0Y09mZnNldCI6MTgwLCJyb2xlIjoic2Nob29sLXRlYWNoZXIiLCJsYXN0TmFtZSI6IiIsImZpcnN0TmFtZSI6ItCf0YDQvtGE0LXRgdGB0LjQvtC90LDQu9GM0L3Ri9C5IiwicGhvbmVOdW1iZXIiOiIiLCJsb2dpbiI6InRlYWNoZXJfZnVsbEBpc21hcnQub3JnIiwiZW1haWwiOiJ0ZWFjaGVyX2Z1bGxAaXNtYXJ0Lm9yZyIsImNvbnRyYWN0VHlwZSI6InByaXZhdGUiLCJleHRlcm5hbFVzZXJTb3VyY2UiOm51bGwsImdvZE1vZGUiOnRydWUsImVkdWNvbnQiOnt9LCJfaWQiOiI2NWMzNDFiMmI5MmM3YTVmYmFmZWI2MDcifQ.g8I_2Btv7rGXWFT_jbBB9c0iAVhZshRxVIA8nbNqh0s","default","Mon Oct 05 00:29:19 UTC 2026","failed","Mon Oct 05 00:30:05 UTC 2026","Tests Eors","","",""
"","24414","Каталог заданий: Повторение пройденного материала ""Обществознание"" — Класс 6","default","Mon Oct 05 02:39:40 UTC 2026","passed","Mon Oct 05 02:40:04 UTC 2026","AuTestCatalogTask","","",""
"","26740","Каталог заданий: Подготовка к контрольным работам ""Алгебра и начала мат. анализа"" — Класс 2","default","Mon Oct 05 02:27:11 UTC 2026","passed","Mon Oct 05 02:27:38 UTC 2026","AuTestCatalogTask","","",""
"","34394","609. EORS: https://edu.ismart.org/catalog/df7ab7-russkii-yazik-ras/1-obshchie-svedeniya-o-yazyke_x4Ad4v?view=tasks&categoryCode=cd4d64-russkii-yazik-11-kl&auth=eyJhbGciOiJIUzI1NiIsInR5cCI6IkpXVCJ9.eyJpZCI6IjY1YzM0MWIyYjkyYzdhNWZiYWZlYjYwNyIsImlzQWN0aXZlIjp0cnVlLCJpc0d1ZXN0IjpmYWxzZSwiaXNSZWdpc3RyYXRpb25Db21wbGV0ZSI6dHJ1ZSwiaXNDb25maXJtRW1haWwiOmZhbHNlLCJzdHVkZW50cyI6W10sInV0Y09mZnNldCI6MTgwLCJyb2xlIjoic2Nob29sLXRlYWNoZXIiLCJsYXN0TmFtZSI6IiIsImZpcnN0TmFtZSI6ItCf0YDQvtGE0LXRgdGB0LjQvtC90LDQu9GM0L3Ri9C5IiwicGhvbmVOdW1iZXIiOiIiLCJsb2dpbiI6InRlYWNoZXJfZnVsbEBpc21hcnQub3JnIiwiZW1haWwiOiJ0ZWFjaGVyX2Z1bGxAaXNtYXJ0Lm9yZyIsImNvbnRyYWN0VHlwZSI6InByaXZhdGUiLCJleHRlcm5hbFVzZXJTb3VyY2UiOm51bGwsImdvZE1vZGUiOnRydWUsImVkdWNvbnQiOnt9LCJfaWQiOiI2NWMzNDFiMmI5MmM3YTVmYmFmZWI2MDcifQ.g8I_2Btv7rGXWFT_jbBB9c0iAVhZshRxVIA8nbNqh0s","default","Mon Oct 05 01:44:46 UTC 2026","passed","Mon Oct 05 01:45:20 UTC 2026","Tests Eors","","",""
"","25756","Каталог заданий: Нарушение слуха ""Алгебра и начала мат. анализа. 1.1"" — Класс 2","default","Mon Oct 05 03:14:35 UTC 2026","passed","Mon Oct 05 03:15:01 UTC 2026","AuTestCatalogTask","","",""
"","14748","Каталог заданий: Слабослышащие ""Геометрия. 2.1"" — Класс 2","default","Mon Oct 05 03:23:13 UTC 2026","passed","Mon Oct 05 03:23:27 UTC 2026","AuTestCatalogTask","","",""
"","56289","323. EORS: https://edu.ismart.org/catalog/a24668-okruzhayuschii-mir-zpr/01-chelovek-i-obshchestvo-nasha-rodina--rossiskaya-federaciya-_ledMv4?view=tasks&categoryCode=6ff3d4-okruzhayuschii-4-kl&auth=eyJhbGciOiJIUzI1NiIsInR5cCI6IkpXVCJ9.eyJpZCI6IjY1YzM0MWIyYjkyYzdhNWZiYWZlYjYwNyIsImlzQWN0aXZlIjp0cnVlLCJpc0d1ZXN0IjpmYWxzZSwiaXNSZWdpc3RyYXRpb25Db21wbGV0ZSI6dHJ1ZSwiaXNDb25maXJtRW1haWwiOmZhbHNlLCJzdHVkZW50cyI6W10sInV0Y09mZnNldCI6MTgwLCJyb2xlIjoic2Nob29sLXRlYWNoZXIiLCJsYXN0TmFtZSI6IiIsImZpcnN0TmFtZSI6ItCf0YDQvtGE0LXRgdGB0LjQvtC90LDQu9GM0L3Ri9C5IiwicGhvbmVOdW1iZXIiOiIiLCJsb2dpbiI6InRlYWNoZXJfZnVsbEBpc21hcnQub3JnIiwiZW1haWwiOiJ0ZWFjaGVyX2Z1bGxAaXNtYXJ0Lm9yZyIsImNvbnRyYWN0VHlwZSI6InByaXZhdGUiLCJleHRlcm5hbFVzZXJTb3VyY2UiOm51bGwsImdvZE1vZGUiOnRydWUsImVkdWNvbnQiOnt9LCJfaWQiOiI2NWMzNDFiMmI5MmM3YTVmYmFmZWI2MDcifQ.g8I_2Btv7rGXWFT_jbBB9c0iAVhZshRxVIA8nbNqh0s","default","Mon Oct 05 01:04:47 UTC 2026","failed","Mon Oct 05 01:05:43 UTC 2026","Tests Eors","","",""
"","10053","Каталог заданий: Подготовка к ОГЭ ""Английский язык""","default","Mon Oct 05 02:17:43 UTC 2026","passed","Mon Oct 05 02:17:53 UTC 2026","AuTestCatalogTask","","",""
"","28962","243. EORS: https://edu.ismart.org/catalog/3560fe-veroyatnost-i-statistika-1-1/11-rasseivanie-dannyh-veroyatnost-i-statistika_AbuGS7_Nuckmj?view=tasks&categoryCode=5176a7-8-kl&auth=eyJhbGciOiJIUzI1NiIsInR5cCI6IkpXVCJ9.eyJpZCI6IjY1YzM0MWIyYjkyYzdhNWZiYWZlYjYwNyIsImlzQWN0aXZlIjp0cnVlLCJpc0d1ZXN0IjpmYWxzZSwiaXNSZWdpc3RyYXRpb25Db21wbGV0ZSI6dHJ1ZSwiaXNDb25maXJtRW1haWwiOmZhbHNlLCJzdHVkZW50cyI6W10sInV0Y09mZnNldCI6MTgwLCJyb2xlIjoic2Nob29sLXRlYWNoZXIiLCJsYXN0TmFtZSI6IiIsImZpcnN0TmFtZSI6ItCf0YDQvtGE0LXRgdGB0LjQvtC90LDQu9GM0L3Ri9C5IiwicGhvbmVOdW1iZXIiOiIiLCJsb2dpbiI6InRlYWNoZXJfZnVsbEBpc21hcnQub3JnIiwiZW1haWwiOiJ0ZWFjaGVyX2Z1bGxAaXNtYXJ0Lm9yZyIsImNvbnRyYWN0VHlwZSI6InByaXZhdGUiLCJleHRlcm5hbFVzZXJTb3VyY2UiOm51bGwsImdvZE1vZGUiOnRydWUsImVkdWNvbnQiOnt9LCJfaWQiOiI2NWMzNDFiMmI5MmM3YTVmYmFmZWI2MDcifQ.g8I_2Btv7rGXWFT_jbBB9c0iAVhZshRxVIA8nbNqh0s","default","Mon Oct 05 00:54:09 UTC 2026","passed","Mon Oct 05 00:54:38 UTC 2026","Tests Eors","","",""
"","27219","Каталог заданий: Слепые ""Окружающий мир. 3.1"" — Класс 1","default","Mon Oct 05 02:56:24 UTC 2026","passed","Mon Oct 05 02:56:51 UTC 2026","AuTestCatalogTask","","",""
"","20281","Каталог заданий: Подготовка к контрольным работам ""Английский язык"" — Класс 7","default","Mon Oct 05 02:26:39 UTC 2026","passed","Mon Oct 05 02:26:59 UTC 2026","AuTestCatalogTask","","",""
"","65703","63. EORS: https://edu.ismart.org/catalog/196815-russkii-yazik-1-klass/44-1-nedelya-zvuki-i-slova?view=tasks&class=5a3cef308409440019b57b39&auth=eyJhbGciOiJIUzI1NiIsInR5cCI6IkpXVCJ9.eyJpZCI6IjY1YzM0MWIyYjkyYzdhNWZiYWZlYjYwNyIsImlzQWN0aXZlIjp0cnVlLCJpc0d1ZXN0IjpmYWxzZSwiaXNSZWdpc3RyYXRpb25Db21wbGV0ZSI6dHJ1ZSwiaXNDb25maXJtRW1haWwiOmZhbHNlLCJzdHVkZW50cyI6W10sInV0Y09mZnNldCI6MTgwLCJyb2xlIjoic2Nob29sLXRlYWNoZXIiLCJsYXN0TmFtZSI6IiIsImZpcnN0TmFtZSI6ItCf0YDQvtGE0LXRgdGB0LjQvtC90LDQu9GM0L3Ri9C5IiwicGhvbmVOdW1iZXIiOiIiLCJsb2dpbiI6InRlYWNoZXJfZnVsbEBpc21hcnQub3JnIiwiZW1haWwiOiJ0ZWFjaGVyX2Z1bGxAaXNtYXJ0Lm9yZyIsImNvbnRyYWN0VHlwZSI6InByaXZhdGUiLCJleHRlcm5hbFVzZXJTb3VyY2UiOm51bGwsImdvZE1vZGUiOnRydWUsImVkdWNvbnQiOnt9LCJfaWQiOiI2NWMzNDFiMmI5MmM3YTVmYmFmZWI2MDcifQ.g8I_2Btv7rGXWFT_jbBB9c0iAVhZshRxVIA8nbNqh0s","default","Mon Oct 05 00:30:35 UTC 2026","failed","Mon Oct 05 00:31:40 UTC 2026","Tests Eors","","",""
"","19301","Каталог заданий: Подготовка к ВПР ""История"" — Класс 1","default","Mon Oct 05 02:23:43 UTC 2026","passed","Mon Oct 05 02:24:03 UTC 2026","AuTestCatalogTask","","",""
"","23866","528. EORS: https://edu.ismart.org/catalog/4f1fcc-angliiskii-yazik-7-1/1-vzaimootnosheniya-v-seme-i-s-druzyami-semenye-prazdniki-obyazannosti-po-domu_UUtGBH_2nIJ5d?view=tasks&categoryCode=bb0e44-7-kl&auth=eyJhbGciOiJIUzI1NiIsInR5cCI6IkpXVCJ9.eyJpZCI6IjY1YzM0MWIyYjkyYzdhNWZiYWZlYjYwNyIsImlzQWN0aXZlIjp0cnVlLCJpc0d1ZXN0IjpmYWxzZSwiaXNSZWdpc3RyYXRpb25Db21wbGV0ZSI6dHJ1ZSwiaXNDb25maXJtRW1haWwiOmZhbHNlLCJzdHVkZW50cyI6W10sInV0Y09mZnNldCI6MTgwLCJyb2xlIjoic2Nob29sLXRlYWNoZXIiLCJsYXN0TmFtZSI6IiIsImZpcnN0TmFtZSI6ItCf0YDQvtGE0LXRgdGB0LjQvtC90LDQu9GM0L3Ri9C5IiwicGhvbmVOdW1iZXIiOiIiLCJsb2dpbiI6InRlYWNoZXJfZnVsbEBpc21hcnQub3JnIiwiZW1haWwiOiJ0ZWFjaGVyX2Z1bGxAaXNtYXJ0Lm9yZyIsImNvbnRyYWN0VHlwZSI6InByaXZhdGUiLCJleHRlcm5hbFVzZXJTb3VyY2UiOm51bGwsImdvZE1vZGUiOnRydWUsImVkdWNvbnQiOnt9LCJfaWQiOiI2NWMzNDFiMmI5MmM3YTVmYmFmZWI2MDcifQ.g8I_2Btv7rGXWFT_jbBB9c0iAVhZshRxVIA8nbNqh0s","default","Mon Oct 05 01:32:23 UTC 2026","passed","Mon Oct 05 01:32:46 UTC 2026","Tests Eors","","",""
"","43671","Каталог заданий: НОДА ""Биология. 6.1"" — Класс 3","default","Mon Oct 05 03:45:47 UTC 2026","passed","Mon Oct 05 03:46:31 UTC 2026","AuTestCatalogTask","","",""
"","28637","Каталог заданий: Слабослышащие ""Литература. 2.1"" — Класс 5","default","Mon Oct 05 03:25:39 UTC 2026","passed","Mon Oct 05 03:26:08 UTC 2026","AuTestCatalogTask","","",""
"","12223","Каталог заданий: Русский язык пакеты ""Орфографическая грамотность (1-4 кл.)"" — Класс 2","default","Mon Oct 05 02:42:45 UTC 2026","passed","Mon Oct 05 02:42:57 UTC 2026","AuTestCatalogTask","","",""
"","20492","Каталог заданий: Подготовка к контрольным работам ""Математика"" — Класс 4","default","Mon Oct 05 02:25:09 UTC 2026","passed","Mon Oct 05 02:25:30 UTC 2026","AuTestCatalogTask","","",""
"","22673","Каталог заданий: НОДА ""Русский язык. 6.1"" — Класс 6","default","Mon Oct 05 03:40:23 UTC 2026","passed","Mon Oct 05 03:40:46 UTC 2026","AuTestCatalogTask","","",""
"","14526","Каталог заданий: Слепые ""Информатика. 3.1"" — Класс 2","default","Mon Oct 05 03:03:00 UTC 2026","passed","Mon Oct 05 03:03:14 UTC 2026","AuTestCatalogTask","","",""
"","15912","Каталог заданий: НОДА ""Физика. 6.1"" — Класс 3","default","Mon Oct 05 03:47:39 UTC 2026","passed","Mon Oct 05 03:47:54 UTC 2026","AuTestCatalogTask","","",""
"","50313","Каталог заданий: Нарушение слуха ""История. 1.1"" — Класс 4","default","Mon Oct 05 03:17:00 UTC 2026","passed","Mon Oct 05 03:17:50 UTC 2026","AuTestCatalogTask","","",""
"","46155","Каталог заданий: РАС ""Русский язык. 8.1"" — Класс 4","default","Mon Oct 05 03:49:45 UTC 2026","passed","Mon Oct 05 03:50:31 UTC 2026","AuTestCatalogTask","","",""
"","47768","587. EORS: https://edu.ismart.org/catalog/cat-hard-ru-lang/slovarnye-slova?view=tasks&class=5a3cef308409440019b57b39&auth=eyJhbGciOiJIUzI1NiIsInR5cCI6IkpXVCJ9.eyJpZCI6IjY1YzM0MWIyYjkyYzdhNWZiYWZlYjYwNyIsImlzQWN0aXZlIjp0cnVlLCJpc0d1ZXN0IjpmYWxzZSwiaXNSZWdpc3RyYXRpb25Db21wbGV0ZSI6dHJ1ZSwiaXNDb25maXJtRW1haWwiOmZhbHNlLCJzdHVkZW50cyI6W10sInV0Y09mZnNldCI6MTgwLCJyb2xlIjoic2Nob29sLXRlYWNoZXIiLCJsYXN0TmFtZSI6IiIsImZpcnN0TmFtZSI6ItCf0YDQvtGE0LXRgdGB0LjQvtC90LDQu9GM0L3Ri9C5IiwicGhvbmVOdW1iZXIiOiIiLCJsb2dpbiI6InRlYWNoZXJfZnVsbEBpc21hcnQub3JnIiwiZW1haWwiOiJ0ZWFjaGVyX2Z1bGxAaXNtYXJ0Lm9yZyIsImNvbnRyYWN0VHlwZSI6InByaXZhdGUiLCJleHRlcm5hbFVzZXJTb3VyY2UiOm51bGwsImdvZE1vZGUiOnRydWUsImVkdWNvbnQiOnt9LCJfaWQiOiI2NWMzNDFiMmI5MmM3YTVmYmFmZWI2MDcifQ.g8I_2Btv7rGXWFT_jbBB9c0iAVhZshRxVIA8nbNqh0s","default","Mon Oct 05 01:40:23 UTC 2026","failed","Mon Oct 05 01:41:11 UTC 2026","Tests Eors","","",""
"","31750","Каталог заданий: Нарушение слуха ""История. 1.1"" — Класс 3","default","Mon Oct 05 03:16:48 UTC 2026","passed","Mon Oct 05 03:17:20 UTC 2026","AuTestCatalogTask","","",""
"","50597","594. EORS: https://edu.ismart.org/catalog/cat-prepare-test-work-ru-lang/podgotovka-k-kontrolno-1-chetvert?view=tasks&class=5a3cef238409440019b57b38&auth=eyJhbGciOiJIUzI1NiIsInR5cCI6IkpXVCJ9.eyJpZCI6IjY1YzM0MWIyYjkyYzdhNWZiYWZlYjYwNyIsImlzQWN0aXZlIjp0cnVlLCJpc0d1ZXN0IjpmYWxzZSwiaXNSZWdpc3RyYXRpb25Db21wbGV0ZSI6dHJ1ZSwiaXNDb25maXJtRW1haWwiOmZhbHNlLCJzdHVkZW50cyI6W10sInV0Y09mZnNldCI6MTgwLCJyb2xlIjoic2Nob29sLXRlYWNoZXIiLCJsYXN0TmFtZSI6IiIsImZpcnN0TmFtZSI6ItCf0YDQvtGE0LXRgdGB0LjQvtC90LDQu9GM0L3Ri9C5IiwicGhvbmVOdW1iZXIiOiIiLCJsb2dpbiI6InRlYWNoZXJfZnVsbEBpc21hcnQub3JnIiwiZW1haWwiOiJ0ZWFjaGVyX2Z1bGxAaXNtYXJ0Lm9yZyIsImNvbnRyYWN0VHlwZSI6InByaXZhdGUiLCJleHRlcm5hbFVzZXJTb3VyY2UiOm51bGwsImdvZE1vZGUiOnRydWUsImVkdWNvbnQiOnt9LCJfaWQiOiI2NWMzNDFiMmI5MmM3YTVmYmFmZWI2MDcifQ.g8I_2Btv7rGXWFT_jbBB9c0iAVhZshRxVIA8nbNqh0s","default","Mon Oct 05 01:41:53 UTC 2026","failed","Mon Oct 05 01:42:43 UTC 2026","Tests Eors","","",""
"","38695","582. EORS: https://edu.ismart.org/catalog/cat-hard-math/chisla-ot-1-do-100-slojenie-i-vychitanie?view=tasks&class=5a3cef238409440019b57b38&auth=eyJhbGciOiJIUzI1NiIsInR5cCI6IkpXVCJ9.eyJpZCI6IjY1YzM0MWIyYjkyYzdhNWZiYWZlYjYwNyIsImlzQWN0aXZlIjp0cnVlLCJpc0d1ZXN0IjpmYWxzZSwiaXNSZWdpc3RyYXRpb25Db21wbGV0ZSI6dHJ1ZSwiaXNDb25maXJtRW1haWwiOmZhbHNlLCJzdHVkZW50cyI6W10sInV0Y09mZnNldCI6MTgwLCJyb2xlIjoic2Nob29sLXRlYWNoZXIiLCJsYXN0TmFtZSI6IiIsImZpcnN0TmFtZSI6ItCf0YDQvtGE0LXRgdGB0LjQvtC90LDQu9GM0L3Ri9C5IiwicGhvbmVOdW1iZXIiOiIiLCJsb2dpbiI6InRlYWNoZXJfZnVsbEBpc21hcnQub3JnIiwiZW1haWwiOiJ0ZWFjaGVyX2Z1bGxAaXNtYXJ0Lm9yZyIsImNvbnRyYWN0VHlwZSI6InByaXZhdGUiLCJleHRlcm5hbFVzZXJTb3VyY2UiOm51bGwsImdvZE1vZGUiOnRydWUsImVkdWNvbnQiOnt9LCJfaWQiOiI2NWMzNDFiMmI5MmM3YTVmYmFmZWI2MDcifQ.g8I_2Btv7rGXWFT_jbBB9c0iAVhZshRxVIA8nbNqh0s","default","Mon Oct 05 01:39:45 UTC 2026","passed","Mon Oct 05 01:40:23 UTC 2026","Tests Eors","","",""
"","25306","296. EORS: https://edu.ismart.org/catalog/60ea13-geometriya-noda/1-nachalnye-ponyatiya-geometrii_zgI9VT?view=tasks&categoryCode=6492d4-geometriya-7-kl&auth=eyJhbGciOiJIUzI1NiIsInR5cCI6IkpXVCJ9.eyJpZCI6IjY1YzM0MWIyYjkyYzdhNWZiYWZlYjYwNyIsImlzQWN0aXZlIjp0cnVlLCJpc0d1ZXN0IjpmYWxzZSwiaXNSZWdpc3RyYXRpb25Db21wbGV0ZSI6dHJ1ZSwiaXNDb25maXJtRW1haWwiOmZhbHNlLCJzdHVkZW50cyI6W10sInV0Y09mZnNldCI6MTgwLCJyb2xlIjoic2Nob29sLXRlYWNoZXIiLCJsYXN0TmFtZSI6IiIsImZpcnN0TmFtZSI6ItCf0YDQvtGE0LXRgdGB0LjQvtC90LDQu9GM0L3Ri9C5IiwicGhvbmVOdW1iZXIiOiIiLCJsb2dpbiI6InRlYWNoZXJfZnVsbEBpc21hcnQub3JnIiwiZW1haWwiOiJ0ZWFjaGVyX2Z1bGxAaXNtYXJ0Lm9yZyIsImNvbnRyYWN0VHlwZSI6InByaXZhdGUiLCJleHRlcm5hbFVzZXJTb3VyY2UiOm51bGwsImdvZE1vZGUiOnRydWUsImVkdWNvbnQiOnt9LCJfaWQiOiI2NWMzNDFiMmI5MmM3YTVmYmFmZWI2MDcifQ.g8I_2Btv7rGXWFT_jbBB9c0iAVhZshRxVIA8nbNqh0s","default","Mon Oct 05 01:01:06 UTC 2026","passed","Mon Oct 05 01:01:31 UTC 2026","Tests Eors","","",""
"","53646","672. EORS: https://edu.ismart.org/catalog/3d8243-obschestvoznanie-6-1/1-obshchestvo_5VBV1L_jFgeMj?view=tasks&categoryCode=e93193-10-kl&auth=eyJhbGciOiJIUzI1NiIsInR5cCI6IkpXVCJ9.eyJpZCI6IjY1YzM0MWIyYjkyYzdhNWZiYWZlYjYwNyIsImlzQWN0aXZlIjp0cnVlLCJpc0d1ZXN0IjpmYWxzZSwiaXNSZWdpc3RyYXRpb25Db21wbGV0ZSI6dHJ1ZSwiaXNDb25maXJtRW1haWwiOmZhbHNlLCJzdHVkZW50cyI6W10sInV0Y09mZnNldCI6MTgwLCJyb2xlIjoic2Nob29sLXRlYWNoZXIiLCJsYXN0TmFtZSI6IiIsImZpcnN0TmFtZSI6ItCf0YDQvtGE0LXRgdGB0LjQvtC90LDQu9GM0L3Ri9C5IiwicGhvbmVOdW1iZXIiOiIiLCJsb2dpbiI6InRlYWNoZXJfZnVsbEBpc21hcnQub3JnIiwiZW1haWwiOiJ0ZWFjaGVyX2Z1bGxAaXNtYXJ0Lm9yZyIsImNvbnRyYWN0VHlwZSI6InByaXZhdGUiLCJleHRlcm5hbFVzZXJTb3VyY2UiOm51bGwsImdvZE1vZGUiOnRydWUsImVkdWNvbnQiOnt9LCJfaWQiOiI2NWMzNDFiMmI5MmM3YTVmYmFmZWI2MDcifQ.g8I_2Btv7rGXWFT_jbBB9c0iAVhZshRxVIA8nbNqh0s","default","Mon Oct 05 01:53:54 UTC 2026","failed","Mon Oct 05 01:54:48 UTC 2026","Tests Eors","","",""
"","14094","Каталог заданий: Школьная программа ""Английский язык"" — Класс 3","default","Mon Oct 05 02:06:40 UTC 2026","passed","Mon Oct 05 02:06:54 UTC 2026","AuTestCatalogTask","","",""
"","25653","197. EORS: https://edu.ismart.org/catalog/2835c0-biologiya-6-1/1-biologiya-v-sisteme-nauk_v12iJp_pD7GaS?view=tasks&categoryCode=4723d8-10-kl&auth=eyJhbGciOiJIUzI1NiIsInR5cCI6IkpXVCJ9.eyJpZCI6IjY1YzM0MWIyYjkyYzdhNWZiYWZlYjYwNyIsImlzQWN0aXZlIjp0cnVlLCJpc0d1ZXN0IjpmYWxzZSwiaXNSZWdpc3RyYXRpb25Db21wbGV0ZSI6dHJ1ZSwiaXNDb25maXJtRW1haWwiOmZhbHNlLCJzdHVkZW50cyI6W10sInV0Y09mZnNldCI6MTgwLCJyb2xlIjoic2Nob29sLXRlYWNoZXIiLCJsYXN0TmFtZSI6IiIsImZpcnN0TmFtZSI6ItCf0YDQvtGE0LXRgdGB0LjQvtC90LDQu9GM0L3Ri9C5IiwicGhvbmVOdW1iZXIiOiIiLCJsb2dpbiI6InRlYWNoZXJfZnVsbEBpc21hcnQub3JnIiwiZW1haWwiOiJ0ZWFjaGVyX2Z1bGxAaXNtYXJ0Lm9yZyIsImNvbnRyYWN0VHlwZSI6InByaXZhdGUiLCJleHRlcm5hbFVzZXJTb3VyY2UiOm51bGwsImdvZE1vZGUiOnRydWUsImVkdWNvbnQiOnt9LCJfaWQiOiI2NWMzNDFiMmI5MmM3YTVmYmFmZWI2MDcifQ.g8I_2Btv7rGXWFT_jbBB9c0iAVhZshRxVIA8nbNqh0s","default","Mon Oct 05 00:47:53 UTC 2026","passed","Mon Oct 05 00:48:19 UTC 2026","Tests Eors","","",""
"","24786","299. EORS: https://edu.ismart.org/catalog/85b515-literatura/1-ai-kuprin-rasskazy--i-povesti?view=tasks&categoryCode=650f6e-literatura-11-klass&auth=eyJhbGciOiJIUzI1NiIsInR5cCI6IkpXVCJ9.eyJpZCI6IjY1YzM0MWIyYjkyYzdhNWZiYWZlYjYwNyIsImlzQWN0aXZlIjp0cnVlLCJpc0d1ZXN0IjpmYWxzZSwiaXNSZWdpc3RyYXRpb25Db21wbGV0ZSI6dHJ1ZSwiaXNDb25maXJtRW1haWwiOmZhbHNlLCJzdHVkZW50cyI6W10sInV0Y09mZnNldCI6MTgwLCJyb2xlIjoic2Nob29sLXRlYWNoZXIiLCJsYXN0TmFtZSI6IiIsImZpcnN0TmFtZSI6ItCf0YDQvtGE0LXRgdGB0LjQvtC90LDQu9GM0L3Ri9C5IiwicGhvbmVOdW1iZXIiOiIiLCJsb2dpbiI6InRlYWNoZXJfZnVsbEBpc21hcnQub3JnIiwiZW1haWwiOiJ0ZWFjaGVyX2Z1bGxAaXNtYXJ0Lm9yZyIsImNvbnRyYWN0VHlwZSI6InByaXZhdGUiLCJleHRlcm5hbFVzZXJTb3VyY2UiOm51bGwsImdvZE1vZGUiOnRydWUsImVkdWNvbnQiOnt9LCJfaWQiOiI2NWMzNDFiMmI5MmM3YTVmYmFmZWI2MDcifQ.g8I_2Btv7rGXWFT_jbBB9c0iAVhZshRxVIA8nbNqh0s","default","Mon Oct 05 01:01:21 UTC 2026","passed","Mon Oct 05 01:01:46 UTC 2026","Tests Eors","","",""
"","24741","Каталог заданий: Слабослышащие ""Окружающий мир. 2.1"" — Класс 4","default","Mon Oct 05 03:23:45 UTC 2026","passed","Mon Oct 05 03:24:09 UTC 2026","AuTestCatalogTask","","",""
"","22609","Каталог заданий: ЗПР ""Английский язык. 7.1"" — Класс 3","default","Mon Oct 05 03:38:16 UTC 2026","passed","Mon Oct 05 03:38:38 UTC 2026","AuTestCatalogTask","","",""
"","25969","Каталог заданий: Повторение пройденного материала ""Литература"" — Класс 2","default","Mon Oct 05 02:35:20 UTC 2026","passed","Mon Oct 05 02:35:46 UTC 2026","AuTestCatalogTask","","",""
"","31461","Каталог заданий: Слепые ""Математика. 3.1"" — Класс 5","default","Mon Oct 05 02:55:27 UTC 2026","passed","Mon Oct 05 02:55:58 UTC 2026","AuTestCatalogTask","","",""
"","46168","617. EORS: https://edu.ismart.org/catalog/d07a03-chto-nuzhno-znat-o-pravopisanii-slov-dlya-5-9-klassov/200-chto-nujno-znat-o-pravopisanii-slov?view=tasks&class=5f63090daee1af001b415303&auth=eyJhbGciOiJIUzI1NiIsInR5cCI6IkpXVCJ9.eyJpZCI6IjY1YzM0MWIyYjkyYzdhNWZiYWZlYjYwNyIsImlzQWN0aXZlIjp0cnVlLCJpc0d1ZXN0IjpmYWxzZSwiaXNSZWdpc3RyYXRpb25Db21wbGV0ZSI6dHJ1ZSwiaXNDb25maXJtRW1haWwiOmZhbHNlLCJzdHVkZW50cyI6W10sInV0Y09mZnNldCI6MTgwLCJyb2xlIjoic2Nob29sLXRlYWNoZXIiLCJsYXN0TmFtZSI6IiIsImZpcnN0TmFtZSI6ItCf0YDQvtGE0LXRgdGB0LjQvtC90LDQu9GM0L3Ri9C5IiwicGhvbmVOdW1iZXIiOiIiLCJsb2dpbiI6InRlYWNoZXJfZnVsbEBpc21hcnQub3JnIiwiZW1haWwiOiJ0ZWFjaGVyX2Z1bGxAaXNtYXJ0Lm9yZyIsImNvbnRyYWN0VHlwZSI6InByaXZhdGUiLCJleHRlcm5hbFVzZXJTb3VyY2UiOm51bGwsImdvZE1vZGUiOnRydWUsImVkdWNvbnQiOnt9LCJfaWQiOiI2NWMzNDFiMmI5MmM3YTVmYmFmZWI2MDcifQ.g8I_2Btv7rGXWFT_jbBB9c0iAVhZshRxVIA8nbNqh0s","default","Mon Oct 05 01:46:02 UTC 2026","failed","Mon Oct 05 01:46:48 UTC 2026","Tests Eors","","",""
"","21350","303. EORS: https://edu.ismart.org/catalog/274db5-himiya-7-1/1-stroenie-atoma-i-ego-svyaz-so-svostvami-elementa_9sjbiO_A9YlVE?view=tasks&categoryCode=66cfe9-9-kl&auth=eyJhbGciOiJIUzI1NiIsInR5cCI6IkpXVCJ9.eyJpZCI6IjY1YzM0MWIyYjkyYzdhNWZiYWZlYjYwNyIsImlzQWN0aXZlIjp0cnVlLCJpc0d1ZXN0IjpmYWxzZSwiaXNSZWdpc3RyYXRpb25Db21wbGV0ZSI6dHJ1ZSwiaXNDb25maXJtRW1haWwiOmZhbHNlLCJzdHVkZW50cyI6W10sInV0Y09mZnNldCI6MTgwLCJyb2xlIjoic2Nob29sLXRlYWNoZXIiLCJsYXN0TmFtZSI6IiIsImZpcnN0TmFtZSI6ItCf0YDQvtGE0LXRgdGB0LjQvtC90LDQu9GM0L3Ri9C5IiwicGhvbmVOdW1iZXIiOiIiLCJsb2dpbiI6InRlYWNoZXJfZnVsbEBpc21hcnQub3JnIiwiZW1haWwiOiJ0ZWFjaGVyX2Z1bGxAaXNtYXJ0Lm9yZyIsImNvbnRyYWN0VHlwZSI6InByaXZhdGUiLCJleHRlcm5hbFVzZXJTb3VyY2UiOm51bGwsImdvZE1vZGUiOnRydWUsImVkdWNvbnQiOnt9LCJfaWQiOiI2NWMzNDFiMmI5MmM3YTVmYmFmZWI2MDcifQ.g8I_2Btv7rGXWFT_jbBB9c0iAVhZshRxVIA8nbNqh0s","default","Mon Oct 05 01:01:46 UTC 2026","passed","Mon Oct 05 01:02:07 UTC 2026","Tests Eors","","",""
"","23853","219. EORS: https://edu.ismart.org/catalog/856d86-istoriya-zpr/1-crednie-veka-hronologicheskie-ramki_I0Hujt_0hsDVT?view=tasks&categoryCode=4c961a-6-kl&auth=eyJhbGciOiJIUzI1NiIsInR5cCI6IkpXVCJ9.eyJpZCI6IjY1YzM0MWIyYjkyYzdhNWZiYWZlYjYwNyIsImlzQWN0aXZlIjp0cnVlLCJpc0d1ZXN0IjpmYWxzZSwiaXNSZWdpc3RyYXRpb25Db21wbGV0ZSI6dHJ1ZSwiaXNDb25maXJtRW1haWwiOmZhbHNlLCJzdHVkZW50cyI6W10sInV0Y09mZnNldCI6MTgwLCJyb2xlIjoic2Nob29sLXRlYWNoZXIiLCJsYXN0TmFtZSI6IiIsImZpcnN0TmFtZSI6ItCf0YDQvtGE0LXRgdGB0LjQvtC90LDQu9GM0L3Ri9C5IiwicGhvbmVOdW1iZXIiOiIiLCJsb2dpbiI6InRlYWNoZXJfZnVsbEBpc21hcnQub3JnIiwiZW1haWwiOiJ0ZWFjaGVyX2Z1bGxAaXNtYXJ0Lm9yZyIsImNvbnRyYWN0VHlwZSI6InByaXZhdGUiLCJleHRlcm5hbFVzZXJTb3VyY2UiOm51bGwsImdvZE1vZGUiOnRydWUsImVkdWNvbnQiOnt9LCJfaWQiOiI2NWMzNDFiMmI5MmM3YTVmYmFmZWI2MDcifQ.g8I_2Btv7rGXWFT_jbBB9c0iAVhZshRxVIA8nbNqh0s","default","Mon Oct 05 00:51:17 UTC 2026","passed","Mon Oct 05 00:51:41 UTC 2026","Tests Eors","","",""
"","14080","Каталог заданий: Школьная программа ""Геометрия"" — Класс 5","default","Mon Oct 05 02:03:14 UTC 2026","passed","Mon Oct 05 02:03:28 UTC 2026","AuTestCatalogTask","","",""
"","53968","629. EORS: https://edu.ismart.org/catalog/7f3b68-geometriya-narushenie-sluha/9-vvedenie-v-stereometriu_ducXgR?view=tasks&categoryCode=d6fbea-geometriya-10-kl&auth=eyJhbGciOiJIUzI1NiIsInR5cCI6IkpXVCJ9.eyJpZCI6IjY1YzM0MWIyYjkyYzdhNWZiYWZlYjYwNyIsImlzQWN0aXZlIjp0cnVlLCJpc0d1ZXN0IjpmYWxzZSwiaXNSZWdpc3RyYXRpb25Db21wbGV0ZSI6dHJ1ZSwiaXNDb25maXJtRW1haWwiOmZhbHNlLCJzdHVkZW50cyI6W10sInV0Y09mZnNldCI6MTgwLCJyb2xlIjoic2Nob29sLXRlYWNoZXIiLCJsYXN0TmFtZSI6IiIsImZpcnN0TmFtZSI6ItCf0YDQvtGE0LXRgdGB0LjQvtC90LDQu9GM0L3Ri9C5IiwicGhvbmVOdW1iZXIiOiIiLCJsb2dpbiI6InRlYWNoZXJfZnVsbEBpc21hcnQub3JnIiwiZW1haWwiOiJ0ZWFjaGVyX2Z1bGxAaXNtYXJ0Lm9yZyIsImNvbnRyYWN0VHlwZSI6InByaXZhdGUiLCJleHRlcm5hbFVzZXJTb3VyY2UiOm51bGwsImdvZE1vZGUiOnRydWUsImVkdWNvbnQiOnt9LCJfaWQiOiI2NWMzNDFiMmI5MmM3YTVmYmFmZWI2MDcifQ.g8I_2Btv7rGXWFT_jbBB9c0iAVhZshRxVIA8nbNqh0s","default","Mon Oct 05 01:47:38 UTC 2026","failed","Mon Oct 05 01:48:32 UTC 2026","Tests Eors","","",""
"","20239","Каталог заданий: Слабослышащие ""Физика. 2.1"" — Класс 4","default","Mon Oct 05 03:26:23 UTC 2026","passed","Mon Oct 05 03:26:43 UTC 2026","AuTestCatalogTask","","",""
"","21455","225. EORS: https://edu.ismart.org/catalog/4d3b04-veroyatnost-i-statistika/101-elementy-kombinatoriki-geometricheskaya-veroyatnost?view=tasks&class=61a71c551b0ad63754c198e9&auth=eyJhbGciOiJIUzI1NiIsInR5cCI6IkpXVCJ9.eyJpZCI6IjY1YzM0MWIyYjkyYzdhNWZiYWZlYjYwNyIsImlzQWN0aXZlIjp0cnVlLCJpc0d1ZXN0IjpmYWxzZSwiaXNSZWdpc3RyYXRpb25Db21wbGV0ZSI6dHJ1ZSwiaXNDb25maXJtRW1haWwiOmZhbHNlLCJzdHVkZW50cyI6W10sInV0Y09mZnNldCI6MTgwLCJyb2xlIjoic2Nob29sLXRlYWNoZXIiLCJsYXN0TmFtZSI6IiIsImZpcnN0TmFtZSI6ItCf0YDQvtGE0LXRgdGB0LjQvtC90LDQu9GM0L3Ri9C5IiwicGhvbmVOdW1iZXIiOiIiLCJsb2dpbiI6InRlYWNoZXJfZnVsbEBpc21hcnQub3JnIiwiZW1haWwiOiJ0ZWFjaGVyX2Z1bGxAaXNtYXJ0Lm9yZyIsImNvbnRyYWN0VHlwZSI6InByaXZhdGUiLCJleHRlcm5hbFVzZXJTb3VyY2UiOm51bGwsImdvZE1vZGUiOnRydWUsImVkdWNvbnQiOnt9LCJfaWQiOiI2NWMzNDFiMmI5MmM3YTVmYmFmZWI2MDcifQ.g8I_2Btv7rGXWFT_jbBB9c0iAVhZshRxVIA8nbNqh0s","default","Mon Oct 05 00:51:50 UTC 2026","passed","Mon Oct 05 00:52:12 UTC 2026","Tests Eors","","",""
"","32866","Каталог заданий: Подготовка к контрольным работам ""Английский язык"" — Класс 5","default","Mon Oct 05 02:26:31 UTC 2026","passed","Mon Oct 05 02:27:04 UTC 2026","AuTestCatalogTask","","",""
"","11730","Каталог заданий: Русский язык пакеты ""Пунктуационная грамотность (5-9 кл.)"" — Класс 1","default","Mon Oct 05 02:43:22 UTC 2026","passed","Mon Oct 05 02:43:34 UTC 2026","AuTestCatalogTask","","",""
"","19213","Каталог заданий: ТНР ""Алгебра. 5.1"" — Класс 2","default","Mon Oct 05 02:46:39 UTC 2026","passed","Mon Oct 05 02:46:58 UTC 2026","AuTestCatalogTask","","",""
"","23923","436. EORS: https://edu.ismart.org/catalog/98121b-fizika/101-vhodno-kontrol?view=tasks&class=5f63090daee1af001b415303&auth=eyJhbGciOiJIUzI1NiIsInR5cCI6IkpXVCJ9.eyJpZCI6IjY1YzM0MWIyYjkyYzdhNWZiYWZlYjYwNyIsImlzQWN0aXZlIjp0cnVlLCJpc0d1ZXN0IjpmYWxzZSwiaXNSZWdpc3RyYXRpb25Db21wbGV0ZSI6dHJ1ZSwiaXNDb25maXJtRW1haWwiOmZhbHNlLCJzdHVkZW50cyI6W10sInV0Y09mZnNldCI6MTgwLCJyb2xlIjoic2Nob29sLXRlYWNoZXIiLCJsYXN0TmFtZSI6IiIsImZpcnN0TmFtZSI6ItCf0YDQvtGE0LXRgdGB0LjQvtC90LDQu9GM0L3Ri9C5IiwicGhvbmVOdW1iZXIiOiIiLCJsb2dpbiI6InRlYWNoZXJfZnVsbEBpc21hcnQub3JnIiwiZW1haWwiOiJ0ZWFjaGVyX2Z1bGxAaXNtYXJ0Lm9yZyIsImNvbnRyYWN0VHlwZSI6InByaXZhdGUiLCJleHRlcm5hbFVzZXJTb3VyY2UiOm51bGwsImdvZE1vZGUiOnRydWUsImVkdWNvbnQiOnt9LCJfaWQiOiI2NWMzNDFiMmI5MmM3YTVmYmFmZWI2MDcifQ.g8I_2Btv7rGXWFT_jbBB9c0iAVhZshRxVIA8nbNqh0s","default","Mon Oct 05 01:18:56 UTC 2026","passed","Mon Oct 05 01:19:20 UTC 2026","Tests Eors","","",""
"","47943","189. EORS: https://edu.ismart.org/catalog/44ba7f-chto-nuzhno-znat-o-pravopisanii-slov-i-predlozhenii-dlya-10-11-klassov/201-chto-nujno-znat-o-pravopisanii-slov-i-predlojeni?view=tasks&class=64bfa63cd00b08794c3f8b29&auth=eyJhbGciOiJIUzI1NiIsInR5cCI6IkpXVCJ9.eyJpZCI6IjY1YzM0MWIyYjkyYzdhNWZiYWZlYjYwNyIsImlzQWN0aXZlIjp0cnVlLCJpc0d1ZXN0IjpmYWxzZSwiaXNSZWdpc3RyYXRpb25Db21wbGV0ZSI6dHJ1ZSwiaXNDb25maXJtRW1haWwiOmZhbHNlLCJzdHVkZW50cyI6W10sInV0Y09mZnNldCI6MTgwLCJyb2xlIjoic2Nob29sLXRlYWNoZXIiLCJsYXN0TmFtZSI6IiIsImZpcnN0TmFtZSI6ItCf0YDQvtGE0LXRgdGB0LjQvtC90LDQu9GM0L3Ri9C5IiwicGhvbmVOdW1iZXIiOiIiLCJsb2dpbiI6InRlYWNoZXJfZnVsbEBpc21hcnQub3JnIiwiZW1haWwiOiJ0ZWFjaGVyX2Z1bGxAaXNtYXJ0Lm9yZyIsImNvbnRyYWN0VHlwZSI6InByaXZhdGUiLCJleHRlcm5hbFVzZXJTb3VyY2UiOm51bGwsImdvZE1vZGUiOnRydWUsImVkdWNvbnQiOnt9LCJfaWQiOiI2NWMzNDFiMmI5MmM3YTVmYmFmZWI2MDcifQ.g8I_2Btv7rGXWFT_jbBB9c0iAVhZshRxVIA8nbNqh0s","default","Mon Oct 05 00:46:39 UTC 2026","failed","Mon Oct 05 00:47:27 UTC 2026","Tests Eors","","",""
"","13174","Каталог заданий: Школьная программа ""Обществознание"" — Класс 4","default","Mon Oct 05 02:10:02 UTC 2026","passed","Mon Oct 05 02:10:15 UTC 2026","AuTestCatalogTask","","",""
"","16765","Каталог заданий: РАС ""Геометрия. 8.1"" — Класс 3","default","Mon Oct 05 03:52:06 UTC 2026","passed","Mon Oct 05 03:52:23 UTC 2026","AuTestCatalogTask","","",""
"","68766","Каталог заданий: Школьная программа ""Мокшанский язык"" — Класс 1","default","Mon Oct 05 02:12:10 UTC 2026","passed","Mon Oct 05 02:13:19 UTC 2026","AuTestCatalogTask","","",""
"","36407","56. EORS: https://edu.ismart.org/catalog/acb475-angliiskii-yazik-8-1/1-mir-moego-ya_oIQ5c2_6EnHfc?view=tasks&categoryCode=174ab0-2-kl&auth=eyJhbGciOiJIUzI1NiIsInR5cCI6IkpXVCJ9.eyJpZCI6IjY1YzM0MWIyYjkyYzdhNWZiYWZlYjYwNyIsImlzQWN0aXZlIjp0cnVlLCJpc0d1ZXN0IjpmYWxzZSwiaXNSZWdpc3RyYXRpb25Db21wbGV0ZSI6dHJ1ZSwiaXNDb25maXJtRW1haWwiOmZhbHNlLCJzdHVkZW50cyI6W10sInV0Y09mZnNldCI6MTgwLCJyb2xlIjoic2Nob29sLXRlYWNoZXIiLCJsYXN0TmFtZSI6IiIsImZpcnN0TmFtZSI6ItCf0YDQvtGE0LXRgdGB0LjQvtC90LDQu9GM0L3Ri9C5IiwicGhvbmVOdW1iZXIiOiIiLCJsb2dpbiI6InRlYWNoZXJfZnVsbEBpc21hcnQub3JnIiwiZW1haWwiOiJ0ZWFjaGVyX2Z1bGxAaXNtYXJ0Lm9yZyIsImNvbnRyYWN0VHlwZSI6InByaXZhdGUiLCJleHRlcm5hbFVzZXJTb3VyY2UiOm51bGwsImdvZE1vZGUiOnRydWUsImVkdWNvbnQiOnt9LCJfaWQiOiI2NWMzNDFiMmI5MmM3YTVmYmFmZWI2MDcifQ.g8I_2Btv7rGXWFT_jbBB9c0iAVhZshRxVIA8nbNqh0s","default","Mon Oct 05 00:29:41 UTC 2026","passed","Mon Oct 05 00:30:18 UTC 2026","Tests Eors","","",""
"","22681","185. EORS: https://edu.ismart.org/catalog/f5f53c-matematika-ras/1-naturalnye-chisla-i-nul_0xjLaj?view=tasks&categoryCode=415222-matematika-5-kl&auth=eyJhbGciOiJIUzI1NiIsInR5cCI6IkpXVCJ9.eyJpZCI6IjY1YzM0MWIyYjkyYzdhNWZiYWZlYjYwNyIsImlzQWN0aXZlIjp0cnVlLCJpc0d1ZXN0IjpmYWxzZSwiaXNSZWdpc3RyYXRpb25Db21wbGV0ZSI6dHJ1ZSwiaXNDb25maXJtRW1haWwiOmZhbHNlLCJzdHVkZW50cyI6W10sInV0Y09mZnNldCI6MTgwLCJyb2xlIjoic2Nob29sLXRlYWNoZXIiLCJsYXN0TmFtZSI6IiIsImZpcnN0TmFtZSI6ItCf0YDQvtGE0LXRgdGB0LjQvtC90LDQu9GM0L3Ri9C5IiwicGhvbmVOdW1iZXIiOiIiLCJsb2dpbiI6InRlYWNoZXJfZnVsbEBpc21hcnQub3JnIiwiZW1haWwiOiJ0ZWFjaGVyX2Z1bGxAaXNtYXJ0Lm9yZyIsImNvbnRyYWN0VHlwZSI6InByaXZhdGUiLCJleHRlcm5hbFVzZXJTb3VyY2UiOm51bGwsImdvZE1vZGUiOnRydWUsImVkdWNvbnQiOnt9LCJfaWQiOiI2NWMzNDFiMmI5MmM3YTVmYmFmZWI2MDcifQ.g8I_2Btv7rGXWFT_jbBB9c0iAVhZshRxVIA8nbNqh0s","default","Mon Oct 05 00:46:16 UTC 2026","passed","Mon Oct 05 00:46:39 UTC 2026","Tests Eors","","",""
"","25917","22. EORS: https://edu.ismart.org/catalog/math-full/1-naturalnye-chisla-i-nul?categoryCode=06c867-matematika-5-klass&auth=eyJhbGciOiJIUzI1NiIsInR5cCI6IkpXVCJ9.eyJpZCI6IjY1YzM0MWIyYjkyYzdhNWZiYWZlYjYwNyIsImlzQWN0aXZlIjp0cnVlLCJpc0d1ZXN0IjpmYWxzZSwiaXNSZWdpc3RyYXRpb25Db21wbGV0ZSI6dHJ1ZSwiaXNDb25maXJtRW1haWwiOmZhbHNlLCJzdHVkZW50cyI6W10sInV0Y09mZnNldCI6MTgwLCJyb2xlIjoic2Nob29sLXRlYWNoZXIiLCJsYXN0TmFtZSI6IiIsImZpcnN0TmFtZSI6ItCf0YDQvtGE0LXRgdGB0LjQvtC90LDQu9GM0L3Ri9C5IiwicGhvbmVOdW1iZXIiOiIiLCJsb2dpbiI6InRlYWNoZXJfZnVsbEBpc21hcnQub3JnIiwiZW1haWwiOiJ0ZWFjaGVyX2Z1bGxAaXNtYXJ0Lm9yZyIsImNvbnRyYWN0VHlwZSI6InByaXZhdGUiLCJleHRlcm5hbFVzZXJTb3VyY2UiOm51bGwsImdvZE1vZGUiOnRydWUsImVkdWNvbnQiOnt9LCJfaWQiOiI2NWMzNDFiMmI5MmM3YTVmYmFmZWI2MDcifQ.g8I_2Btv7rGXWFT_jbBB9c0iAVhZshRxVIA8nbNqh0s&view=tasks","default","Mon Oct 05 00:24:59 UTC 2026","passed","Mon Oct 05 00:25:25 UTC 2026","Tests Eors","","",""
"","23451","673. EORS: https://edu.ismart.org/catalog/e972ed-informatika/1-zadanie-1?view=tasks&class=5f3fa2c7f00eca001c8bd3f9&auth=eyJhbGciOiJIUzI1NiIsInR5cCI6IkpXVCJ9.eyJpZCI6IjY1YzM0MWIyYjkyYzdhNWZiYWZlYjYwNyIsImlzQWN0aXZlIjp0cnVlLCJpc0d1ZXN0IjpmYWxzZSwiaXNSZWdpc3RyYXRpb25Db21wbGV0ZSI6dHJ1ZSwiaXNDb25maXJtRW1haWwiOmZhbHNlLCJzdHVkZW50cyI6W10sInV0Y09mZnNldCI6MTgwLCJyb2xlIjoic2Nob29sLXRlYWNoZXIiLCJsYXN0TmFtZSI6IiIsImZpcnN0TmFtZSI6ItCf0YDQvtGE0LXRgdGB0LjQvtC90LDQu9GM0L3Ri9C5IiwicGhvbmVOdW1iZXIiOiIiLCJsb2dpbiI6InRlYWNoZXJfZnVsbEBpc21hcnQub3JnIiwiZW1haWwiOiJ0ZWFjaGVyX2Z1bGxAaXNtYXJ0Lm9yZyIsImNvbnRyYWN0VHlwZSI6InByaXZhdGUiLCJleHRlcm5hbFVzZXJTb3VyY2UiOm51bGwsImdvZE1vZGUiOnRydWUsImVkdWNvbnQiOnt9LCJfaWQiOiI2NWMzNDFiMmI5MmM3YTVmYmFmZWI2MDcifQ.g8I_2Btv7rGXWFT_jbBB9c0iAVhZshRxVIA8nbNqh0s","default","Mon Oct 05 01:54:11 UTC 2026","passed","Mon Oct 05 01:54:35 UTC 2026","Tests Eors","","",""
"","17058","Каталог заданий: ЗПР ""Информатика. 7.1"" — Класс 4","default","Mon Oct 05 03:39:42 UTC 2026","passed","Mon Oct 05 03:40:00 UTC 2026","AuTestCatalogTask","","",""
"","13885","Каталог заданий: Школьная программа ""Физика"" — Класс 2","default","Mon Oct 05 02:09:34 UTC 2026","passed","Mon Oct 05 02:09:48 UTC 2026","AuTestCatalogTask","","",""
"","34507","61. EORS: https://edu.ismart.org/catalog/196815-russkii-yazik-1-klass/45-1-nedelya-v-mire-zvukov?view=tasks&class=5a3cef178409440019b57b37&auth=eyJhbGciOiJIUzI1NiIsInR5cCI6IkpXVCJ9.eyJpZCI6IjY1YzM0MWIyYjkyYzdhNWZiYWZlYjYwNyIsImlzQWN0aXZlIjp0cnVlLCJpc0d1ZXN0IjpmYWxzZSwiaXNSZWdpc3RyYXRpb25Db21wbGV0ZSI6dHJ1ZSwiaXNDb25maXJtRW1haWwiOmZhbHNlLCJzdHVkZW50cyI6W10sInV0Y09mZnNldCI6MTgwLCJyb2xlIjoic2Nob29sLXRlYWNoZXIiLCJsYXN0TmFtZSI6IiIsImZpcnN0TmFtZSI6ItCf0YDQvtGE0LXRgdGB0LjQvtC90LDQu9GM0L3Ri9C5IiwicGhvbmVOdW1iZXIiOiIiLCJsb2dpbiI6InRlYWNoZXJfZnVsbEBpc21hcnQub3JnIiwiZW1haWwiOiJ0ZWFjaGVyX2Z1bGxAaXNtYXJ0Lm9yZyIsImNvbnRyYWN0VHlwZSI6InByaXZhdGUiLCJleHRlcm5hbFVzZXJTb3VyY2UiOm51bGwsImdvZE1vZGUiOnRydWUsImVkdWNvbnQiOnt9LCJfaWQiOiI2NWMzNDFiMmI5MmM3YTVmYmFmZWI2MDcifQ.g8I_2Btv7rGXWFT_jbBB9c0iAVhZshRxVIA8nbNqh0s","default","Mon Oct 05 00:30:08 UTC 2026","passed","Mon Oct 05 00:30:43 UTC 2026","Tests Eors","","",""
"","25361","230. EORS: https://edu.ismart.org/catalog/4d9a3c-fizika/37-1-nedelya-mehanicheskie-yavleniya?view=tasks&class=61a71c551b0ad63754c198e9&auth=eyJhbGciOiJIUzI1NiIsInR5cCI6IkpXVCJ9.eyJpZCI6IjY1YzM0MWIyYjkyYzdhNWZiYWZlYjYwNyIsImlzQWN0aXZlIjp0cnVlLCJpc0d1ZXN0IjpmYWxzZSwiaXNSZWdpc3RyYXRpb25Db21wbGV0ZSI6dHJ1ZSwiaXNDb25maXJtRW1haWwiOmZhbHNlLCJzdHVkZW50cyI6W10sInV0Y09mZnNldCI6MTgwLCJyb2xlIjoic2Nob29sLXRlYWNoZXIiLCJsYXN0TmFtZSI6IiIsImZpcnN0TmFtZSI6ItCf0YDQvtGE0LXRgdGB0LjQvtC90LDQu9GM0L3Ri9C5IiwicGhvbmVOdW1iZXIiOiIiLCJsb2dpbiI6InRlYWNoZXJfZnVsbEBpc21hcnQub3JnIiwiZW1haWwiOiJ0ZWFjaGVyX2Z1bGxAaXNtYXJ0Lm9yZyIsImNvbnRyYWN0VHlwZSI6InByaXZhdGUiLCJleHRlcm5hbFVzZXJTb3VyY2UiOm51bGwsImdvZE1vZGUiOnRydWUsImVkdWNvbnQiOnt9LCJfaWQiOiI2NWMzNDFiMmI5MmM3YTVmYmFmZWI2MDcifQ.g8I_2Btv7rGXWFT_jbBB9c0iAVhZshRxVIA8nbNqh0s","default","Mon Oct 05 00:52:25 UTC 2026","passed","Mon Oct 05 00:52:50 UTC 2026","Tests Eors","","",""
"","29887","Каталог заданий: Слабовидящие ""Математика. 4.1"" — Класс 6","default","Mon Oct 05 03:04:43 UTC 2026","passed","Mon Oct 05 03:05:13 UTC 2026","AuTestCatalogTask","","",""
"","23161","Каталог заданий: Подготовка к ВПР ""История"" — Класс 4","default","Mon Oct 05 02:24:03 UTC 2026","passed","Mon Oct 05 02:24:26 UTC 2026","AuTestCatalogTask","","",""
"","17302","Каталог заданий: НОДА ""Геометрия. 6.1"" — Класс 3","default","Mon Oct 05 03:42:16 UTC 2026","passed","Mon Oct 05 03:42:33 UTC 2026","AuTestCatalogTask","","",""
"","23000","55. EORS: https://edu.ismart.org/catalog/3941ec-fizika-6-1/1-fizika-i-metody-nauchnogo-poznaniya_1FBUst_R4lXiB?view=tasks&categoryCode=166367-10-kl&auth=eyJhbGciOiJIUzI1NiIsInR5cCI6IkpXVCJ9.eyJpZCI6IjY1YzM0MWIyYjkyYzdhNWZiYWZlYjYwNyIsImlzQWN0aXZlIjp0cnVlLCJpc0d1ZXN0IjpmYWxzZSwiaXNSZWdpc3RyYXRpb25Db21wbGV0ZSI6dHJ1ZSwiaXNDb25maXJtRW1haWwiOmZhbHNlLCJzdHVkZW50cyI6W10sInV0Y09mZnNldCI6MTgwLCJyb2xlIjoic2Nob29sLXRlYWNoZXIiLCJsYXN0TmFtZSI6IiIsImZpcnN0TmFtZSI6ItCf0YDQvtGE0LXRgdGB0LjQvtC90LDQu9GM0L3Ri9C5IiwicGhvbmVOdW1iZXIiOiIiLCJsb2dpbiI6InRlYWNoZXJfZnVsbEBpc21hcnQub3JnIiwiZW1haWwiOiJ0ZWFjaGVyX2Z1bGxAaXNtYXJ0Lm9yZyIsImNvbnRyYWN0VHlwZSI6InByaXZhdGUiLCJleHRlcm5hbFVzZXJTb3VyY2UiOm51bGwsImdvZE1vZGUiOnRydWUsImVkdWNvbnQiOnt9LCJfaWQiOiI2NWMzNDFiMmI5MmM3YTVmYmFmZWI2MDcifQ.g8I_2Btv7rGXWFT_jbBB9c0iAVhZshRxVIA8nbNqh0s","default","Mon Oct 05 00:29:21 UTC 2026","passed","Mon Oct 05 00:29:44 UTC 2026","Tests Eors","","",""
"","37286","475. EORS: https://edu.ismart.org/catalog/a95870-matematika-1-klass/33-1-nedelya-matematicheski-detektiv-rassleduem-chisla?view=tasks&class=5a3cef238409440019b57b38&auth=eyJhbGciOiJIUzI1NiIsInR5cCI6IkpXVCJ9.eyJpZCI6IjY1YzM0MWIyYjkyYzdhNWZiYWZlYjYwNyIsImlzQWN0aXZlIjp0cnVlLCJpc0d1ZXN0IjpmYWxzZSwiaXNSZWdpc3RyYXRpb25Db21wbGV0ZSI6dHJ1ZSwiaXNDb25maXJtRW1haWwiOmZhbHNlLCJzdHVkZW50cyI6W10sInV0Y09mZnNldCI6MTgwLCJyb2xlIjoic2Nob29sLXRlYWNoZXIiLCJsYXN0TmFtZSI6IiIsImZpcnN0TmFtZSI6ItCf0YDQvtGE0LXRgdGB0LjQvtC90LDQu9GM0L3Ri9C5IiwicGhvbmVOdW1iZXIiOiIiLCJsb2dpbiI6InRlYWNoZXJfZnVsbEBpc21hcnQub3JnIiwiZW1haWwiOiJ0ZWFjaGVyX2Z1bGxAaXNtYXJ0Lm9yZyIsImNvbnRyYWN0VHlwZSI6InByaXZhdGUiLCJleHRlcm5hbFVzZXJTb3VyY2UiOm51bGwsImdvZE1vZGUiOnRydWUsImVkdWNvbnQiOnt9LCJfaWQiOiI2NWMzNDFiMmI5MmM3YTVmYmFmZWI2MDcifQ.g8I_2Btv7rGXWFT_jbBB9c0iAVhZshRxVIA8nbNqh0s","default","Mon Oct 05 01:24:11 UTC 2026","passed","Mon Oct 05 01:24:49 UTC 2026","Tests Eors","","",""
"","25284","Каталог заданий: Повторение пройденного материала ""История"" — Класс 6","default","Mon Oct 05 02:34:55 UTC 2026","passed","Mon Oct 05 02:35:21 UTC 2026","AuTestCatalogTask","","",""
"","21899","Каталог заданий: Нарушение слуха ""Алгебра и начала мат. анализа. 1.1"" — Класс 1","default","Mon Oct 05 03:14:31 UTC 2026","passed","Mon Oct 05 03:14:52 UTC 2026","AuTestCatalogTask","","",""
"","29585","108. EORS: https://edu.ismart.org/catalog/lang-eng/1-vzaimootnosheniya-v-seme-i-s-druzyami?view=tasks&categoryCode=23caac-novii-razdel&auth=eyJhbGciOiJIUzI1NiIsInR5cCI6IkpXVCJ9.eyJpZCI6IjY1YzM0MWIyYjkyYzdhNWZiYWZlYjYwNyIsImlzQWN0aXZlIjp0cnVlLCJpc0d1ZXN0IjpmYWxzZSwiaXNSZWdpc3RyYXRpb25Db21wbGV0ZSI6dHJ1ZSwiaXNDb25maXJtRW1haWwiOmZhbHNlLCJzdHVkZW50cyI6W10sInV0Y09mZnNldCI6MTgwLCJyb2xlIjoic2Nob29sLXRlYWNoZXIiLCJsYXN0TmFtZSI6IiIsImZpcnN0TmFtZSI6ItCf0YDQvtGE0LXRgdGB0LjQvtC90LDQu9GM0L3Ri9C5IiwicGhvbmVOdW1iZXIiOiIiLCJsb2dpbiI6InRlYWNoZXJfZnVsbEBpc21hcnQub3JnIiwiZW1haWwiOiJ0ZWFjaGVyX2Z1bGxAaXNtYXJ0Lm9yZyIsImNvbnRyYWN0VHlwZSI6InByaXZhdGUiLCJleHRlcm5hbFVzZXJTb3VyY2UiOm51bGwsImdvZE1vZGUiOnRydWUsImVkdWNvbnQiOnt9LCJfaWQiOiI2NWMzNDFiMmI5MmM3YTVmYmFmZWI2MDcifQ.g8I_2Btv7rGXWFT_jbBB9c0iAVhZshRxVIA8nbNqh0s","default","Mon Oct 05 00:36:41 UTC 2026","passed","Mon Oct 05 00:37:10 UTC 2026","Tests Eors","","",""
"","52227","107. EORS: https://edu.ismart.org/catalog/8f3705-russkii-yazik-noda/1-chto-mi-znaem-o-zvukah-i-bukvah_KQufuW?view=tasks&categoryCode=23a9c2-russkii-yazik-4-kl&auth=eyJhbGciOiJIUzI1NiIsInR5cCI6IkpXVCJ9.eyJpZCI6IjY1YzM0MWIyYjkyYzdhNWZiYWZlYjYwNyIsImlzQWN0aXZlIjp0cnVlLCJpc0d1ZXN0IjpmYWxzZSwiaXNSZWdpc3RyYXRpb25Db21wbGV0ZSI6dHJ1ZSwiaXNDb25maXJtRW1haWwiOmZhbHNlLCJzdHVkZW50cyI6W10sInV0Y09mZnNldCI6MTgwLCJyb2xlIjoic2Nob29sLXRlYWNoZXIiLCJsYXN0TmFtZSI6IiIsImZpcnN0TmFtZSI6ItCf0YDQvtGE0LXRgdGB0LjQvtC90LDQu9GM0L3Ri9C5IiwicGhvbmVOdW1iZXIiOiIiLCJsb2dpbiI6InRlYWNoZXJfZnVsbEBpc21hcnQub3JnIiwiZW1haWwiOiJ0ZWFjaGVyX2Z1bGxAaXNtYXJ0Lm9yZyIsImNvbnRyYWN0VHlwZSI6InByaXZhdGUiLCJleHRlcm5hbFVzZXJTb3VyY2UiOm51bGwsImdvZE1vZGUiOnRydWUsImVkdWNvbnQiOnt9LCJfaWQiOiI2NWMzNDFiMmI5MmM3YTVmYmFmZWI2MDcifQ.g8I_2Btv7rGXWFT_jbBB9c0iAVhZshRxVIA8nbNqh0s","default","Mon Oct 05 00:36:36 UTC 2026","failed","Mon Oct 05 00:37:28 UTC 2026","Tests Eors","","",""
"","35326","Каталог заданий: НОДА ""Литература. 6.1"" — Класс 3","default","Mon Oct 05 03:43:03 UTC 2026","passed","Mon Oct 05 03:43:38 UTC 2026","AuTestCatalogTask","","",""
"","23275","517. EORS: https://edu.ismart.org/catalog/b5408b-literatura/13-mifologiya-folklor?view=tasks&class=5f197003b96284001b29733d&auth=eyJhbGciOiJIUzI1NiIsInR5cCI6IkpXVCJ9.eyJpZCI6IjY1YzM0MWIyYjkyYzdhNWZiYWZlYjYwNyIsImlzQWN0aXZlIjp0cnVlLCJpc0d1ZXN0IjpmYWxzZSwiaXNSZWdpc3RyYXRpb25Db21wbGV0ZSI6dHJ1ZSwiaXNDb25maXJtRW1haWwiOmZhbHNlLCJzdHVkZW50cyI6W10sInV0Y09mZnNldCI6MTgwLCJyb2xlIjoic2Nob29sLXRlYWNoZXIiLCJsYXN0TmFtZSI6IiIsImZpcnN0TmFtZSI6ItCf0YDQvtGE0LXRgdGB0LjQvtC90LDQu9GM0L3Ri9C5IiwicGhvbmVOdW1iZXIiOiIiLCJsb2dpbiI6InRlYWNoZXJfZnVsbEBpc21hcnQub3JnIiwiZW1haWwiOiJ0ZWFjaGVyX2Z1bGxAaXNtYXJ0Lm9yZyIsImNvbnRyYWN0VHlwZSI6InByaXZhdGUiLCJleHRlcm5hbFVzZXJTb3VyY2UiOm51bGwsImdvZE1vZGUiOnRydWUsImVkdWNvbnQiOnt9LCJfaWQiOiI2NWMzNDFiMmI5MmM3YTVmYmFmZWI2MDcifQ.g8I_2Btv7rGXWFT_jbBB9c0iAVhZshRxVIA8nbNqh0s","default","Mon Oct 05 01:31:05 UTC 2026","passed","Mon Oct 05 01:31:28 UTC 2026","Tests Eors","","",""
"","20262","Каталог заданий: Подготовка к контрольным работам ""История"" — Класс 7","default","Mon Oct 05 02:29:49 UTC 2026","passed","Mon Oct 05 02:30:09 UTC 2026","AuTestCatalogTask","","",""
"","18394","Каталог заданий: Слабослышащие ""Окружающий мир. 2.1"" — Класс 1","default","Mon Oct 05 03:23:31 UTC 2026","passed","Mon Oct 05 03:23:50 UTC 2026","AuTestCatalogTask","","",""
"","20885","Каталог заданий: Слабослышащие ""Русский язык. 2.1"" — Класс 2","default","Mon Oct 05 03:22:07 UTC 2026","passed","Mon Oct 05 03:22:28 UTC 2026","AuTestCatalogTask","","",""
"","706","57. EORS: https://edu.ismart.org/catalog/2a5e18-russkii-yazik-1-ntr/1-obshchie-svedeniya-o-yazyke_tlzIvU?view=tasks&categoryCode=17b2b0-russkii-yazik-10-klass&auth=eyJhbGciOiJIUzI1NiIsInR5cCI6IkpXVCJ9.eyJpZCI6IjY1YzM0MWIyYjkyYzdhNWZiYWZlYjYwNyIsImlzQWN0aXZlIjp0cnVlLCJpc0d1ZXN0IjpmYWxzZSwiaXNSZWdpc3RyYXRpb25Db21wbGV0ZSI6dHJ1ZSwiaXNDb25maXJtRW1haWwiOmZhbHNlLCJzdHVkZW50cyI6W10sInV0Y09mZnNldCI6MTgwLCJyb2xlIjoic2Nob29sLXRlYWNoZXIiLCJsYXN0TmFtZSI6IiIsImZpcnN0TmFtZSI6ItCf0YDQvtGE0LXRgdGB0LjQvtC90LDQu9GM0L3Ri9C5IiwicGhvbmVOdW1iZXIiOiIiLCJsb2dpbiI6InRlYWNoZXJfZnVsbEBpc21hcnQub3JnIiwiZW1haWwiOiJ0ZWFjaGVyX2Z1bGxAaXNtYXJ0Lm9yZyIsImNvbnRyYWN0VHlwZSI6InByaXZhdGUiLCJleHRlcm5hbFVzZXJTb3VyY2UiOm51bGwsImdvZE1vZGUiOnRydWUsImVkdWNvbnQiOnt9LCJfaWQiOiI2NWMzNDFiMmI5MmM3YTVmYmFmZWI2MDcifQ.g8I_2Btv7rGXWFT_jbBB9c0iAVhZshRxVIA8nbNqh0s","default","Mon Oct 05 00:29:44 UTC 2026","failed","Mon Oct 05 00:29:45 UTC 2026","Tests Eors","","",""
"","22240","Каталог заданий: Школьная программа ""Английский язык"" — Класс 6","default","Mon Oct 05 02:07:21 UTC 2026","passed","Mon Oct 05 02:07:43 UTC 2026","AuTestCatalogTask","","",""
"","30911","667. EORS: https://edu.ismart.org/catalog/bf6864-matematika-zpr/1-naturalnye-chisla-i-nul_20zvZg?view=tasks&categoryCode=e6f16c-matematika-5-kl&auth=eyJhbGciOiJIUzI1NiIsInR5cCI6IkpXVCJ9.eyJpZCI6IjY1YzM0MWIyYjkyYzdhNWZiYWZlYjYwNyIsImlzQWN0aXZlIjp0cnVlLCJpc0d1ZXN0IjpmYWxzZSwiaXNSZWdpc3RyYXRpb25Db21wbGV0ZSI6dHJ1ZSwiaXNDb25maXJtRW1haWwiOmZhbHNlLCJzdHVkZW50cyI6W10sInV0Y09mZnNldCI6MTgwLCJyb2xlIjoic2Nob29sLXRlYWNoZXIiLCJsYXN0TmFtZSI6IiIsImZpcnN0TmFtZSI6ItCf0YDQvtGE0LXRgdGB0LjQvtC90LDQu9GM0L3Ri9C5IiwicGhvbmVOdW1iZXIiOiIiLCJsb2dpbiI6InRlYWNoZXJfZnVsbEBpc21hcnQub3JnIiwiZW1haWwiOiJ0ZWFjaGVyX2Z1bGxAaXNtYXJ0Lm9yZyIsImNvbnRyYWN0VHlwZSI6InByaXZhdGUiLCJleHRlcm5hbFVzZXJTb3VyY2UiOm51bGwsImdvZE1vZGUiOnRydWUsImVkdWNvbnQiOnt9LCJfaWQiOiI2NWMzNDFiMmI5MmM3YTVmYmFmZWI2MDcifQ.g8I_2Btv7rGXWFT_jbBB9c0iAVhZshRxVIA8nbNqh0s","default","Mon Oct 05 01:53:15 UTC 2026","passed","Mon Oct 05 01:53:45 UTC 2026","Tests Eors","","",""
"","24125","Каталог заданий: Повторение пройденного материала ""Русский язык"" — Класс 2","default","Mon Oct 05 02:32:01 UTC 2026","passed","Mon Oct 05 02:32:25 UTC 2026","AuTestCatalogTask","","",""
"","22356","694. EORS: https://edu.ismart.org/catalog/edf466-diagnostika-dlya-8-klassa/kes-1?view=tasks&class=5f63090daee1af001b415303&auth=eyJhbGciOiJIUzI1NiIsInR5cCI6IkpXVCJ9.eyJpZCI6IjY1YzM0MWIyYjkyYzdhNWZiYWZlYjYwNyIsImlzQWN0aXZlIjp0cnVlLCJpc0d1ZXN0IjpmYWxzZSwiaXNSZWdpc3RyYXRpb25Db21wbGV0ZSI6dHJ1ZSwiaXNDb25maXJtRW1haWwiOmZhbHNlLCJzdHVkZW50cyI6W10sInV0Y09mZnNldCI6MTgwLCJyb2xlIjoic2Nob29sLXRlYWNoZXIiLCJsYXN0TmFtZSI6IiIsImZpcnN0TmFtZSI6ItCf0YDQvtGE0LXRgdGB0LjQvtC90LDQu9GM0L3Ri9C5IiwicGhvbmVOdW1iZXIiOiIiLCJsb2dpbiI6InRlYWNoZXJfZnVsbEBpc21hcnQub3JnIiwiZW1haWwiOiJ0ZWFjaGVyX2Z1bGxAaXNtYXJ0Lm9yZyIsImNvbnRyYWN0VHlwZSI6InByaXZhdGUiLCJleHRlcm5hbFVzZXJTb3VyY2UiOm51bGwsImdvZE1vZGUiOnRydWUsImVkdWNvbnQiOnt9LCJfaWQiOiI2NWMzNDFiMmI5MmM3YTVmYmFmZWI2MDcifQ.g8I_2Btv7rGXWFT_jbBB9c0iAVhZshRxVIA8nbNqh0s","default","Mon Oct 05 01:56:25 UTC 2026","passed","Mon Oct 05 01:56:47 UTC 2026","Tests Eors","","",""
"","23987","464. EORS: https://edu.ismart.org/catalog/a3de43-algebra/49-1-nedelya-mnojestvo-destvitelnyh-chisel?view=tasks&class=61a71c551b0ad63754c198e9&auth=eyJhbGciOiJIUzI1NiIsInR5cCI6IkpXVCJ9.eyJpZCI6IjY1YzM0MWIyYjkyYzdhNWZiYWZlYjYwNyIsImlzQWN0aXZlIjp0cnVlLCJpc0d1ZXN0IjpmYWxzZSwiaXNSZWdpc3RyYXRpb25Db21wbGV0ZSI6dHJ1ZSwiaXNDb25maXJtRW1haWwiOmZhbHNlLCJzdHVkZW50cyI6W10sInV0Y09mZnNldCI6MTgwLCJyb2xlIjoic2Nob29sLXRlYWNoZXIiLCJsYXN0TmFtZSI6IiIsImZpcnN0TmFtZSI6ItCf0YDQvtGE0LXRgdGB0LjQvtC90LDQu9GM0L3Ri9C5IiwicGhvbmVOdW1iZXIiOiIiLCJsb2dpbiI6InRlYWNoZXJfZnVsbEBpc21hcnQub3JnIiwiZW1haWwiOiJ0ZWFjaGVyX2Z1bGxAaXNtYXJ0Lm9yZyIsImNvbnRyYWN0VHlwZSI6InByaXZhdGUiLCJleHRlcm5hbFVzZXJTb3VyY2UiOm51bGwsImdvZE1vZGUiOnRydWUsImVkdWNvbnQiOnt9LCJfaWQiOiI2NWMzNDFiMmI5MmM3YTVmYmFmZWI2MDcifQ.g8I_2Btv7rGXWFT_jbBB9c0iAVhZshRxVIA8nbNqh0s","default","Mon Oct 05 01:22:57 UTC 2026","passed","Mon Oct 05 01:23:21 UTC 2026","Tests Eors","","",""
"","24519","Каталог заданий: Подготовка к контрольным работам ""Окружающий мир"" — Класс 2","default","Mon Oct 05 02:27:24 UTC 2026","passed","Mon Oct 05 02:27:48 UTC 2026","AuTestCatalogTask","","",""
"","65065","Каталог заданий: РАС ""Биология. 8.1"" — Класс 6","default","Mon Oct 05 03:56:06 UTC 2026","passed","Mon Oct 05 03:57:11 UTC 2026","AuTestCatalogTask","","",""
"","32316","Каталог заданий: ТНР ""Литература. 5.1"" — Класс 3","default","Mon Oct 05 02:49:27 UTC 2026","passed","Mon Oct 05 02:50:00 UTC 2026","AuTestCatalogTask","","",""
"","25520","Каталог заданий: Слабовидящие ""Математика. 4.1"" — Класс 3","default","Mon Oct 05 03:04:21 UTC 2026","passed","Mon Oct 05 03:04:46 UTC 2026","AuTestCatalogTask","","",""
"","41147","Каталог заданий: Школьная программа ""Русский язык"" — Класс 3","default","Mon Oct 05 02:04:42 UTC 2026","passed","Mon Oct 05 02:05:23 UTC 2026","AuTestCatalogTask","","",""
"","21949","520. EORS: https://edu.ismart.org/catalog/b5408b-literatura/25-1-nedelya--?view=tasks&class=61a71c551b0ad63754c198e9&auth=eyJhbGciOiJIUzI1NiIsInR5cCI6IkpXVCJ9.eyJpZCI6IjY1YzM0MWIyYjkyYzdhNWZiYWZlYjYwNyIsImlzQWN0aXZlIjp0cnVlLCJpc0d1ZXN0IjpmYWxzZSwiaXNSZWdpc3RyYXRpb25Db21wbGV0ZSI6dHJ1ZSwiaXNDb25maXJtRW1haWwiOmZhbHNlLCJzdHVkZW50cyI6W10sInV0Y09mZnNldCI6MTgwLCJyb2xlIjoic2Nob29sLXRlYWNoZXIiLCJsYXN0TmFtZSI6IiIsImZpcnN0TmFtZSI6ItCf0YDQvtGE0LXRgdGB0LjQvtC90LDQu9GM0L3Ri9C5IiwicGhvbmVOdW1iZXIiOiIiLCJsb2dpbiI6InRlYWNoZXJfZnVsbEBpc21hcnQub3JnIiwiZW1haWwiOiJ0ZWFjaGVyX2Z1bGxAaXNtYXJ0Lm9yZyIsImNvbnRyYWN0VHlwZSI6InByaXZhdGUiLCJleHRlcm5hbFVzZXJTb3VyY2UiOm51bGwsImdvZE1vZGUiOnRydWUsImVkdWNvbnQiOnt9LCJfaWQiOiI2NWMzNDFiMmI5MmM3YTVmYmFmZWI2MDcifQ.g8I_2Btv7rGXWFT_jbBB9c0iAVhZshRxVIA8nbNqh0s","default","Mon Oct 05 01:31:26 UTC 2026","passed","Mon Oct 05 01:31:48 UTC 2026","Tests Eors","","",""
"","19561","Каталог заданий: Подготовка к контрольным работам ""Русский язык"" — Класс 7","default","Mon Oct 05 02:25:50 UTC 2026","passed","Mon Oct 05 02:26:10 UTC 2026","AuTestCatalogTask","","",""
"","56588","Каталог заданий: ЗПР ""История. 7.1"" — Класс 6","default","Mon Oct 05 03:34:50 UTC 2026","passed","Mon Oct 05 03:35:47 UTC 2026","AuTestCatalogTask","","",""
"","25324","527. EORS: https://edu.ismart.org/catalog/c350f7-istoriya-1-1/1-noveshee-vremya_AR7XZS_dLBfMf?view=tasks&categoryCode=ba66df-10-klass&auth=eyJhbGciOiJIUzI1NiIsInR5cCI6IkpXVCJ9.eyJpZCI6IjY1YzM0MWIyYjkyYzdhNWZiYWZlYjYwNyIsImlzQWN0aXZlIjp0cnVlLCJpc0d1ZXN0IjpmYWxzZSwiaXNSZWdpc3RyYXRpb25Db21wbGV0ZSI6dHJ1ZSwiaXNDb25maXJtRW1haWwiOmZhbHNlLCJzdHVkZW50cyI6W10sInV0Y09mZnNldCI6MTgwLCJyb2xlIjoic2Nob29sLXRlYWNoZXIiLCJsYXN0TmFtZSI6IiIsImZpcnN0TmFtZSI6ItCf0YDQvtGE0LXRgdGB0LjQvtC90LDQu9GM0L3Ri9C5IiwicGhvbmVOdW1iZXIiOiIiLCJsb2dpbiI6InRlYWNoZXJfZnVsbEBpc21hcnQub3JnIiwiZW1haWwiOiJ0ZWFjaGVyX2Z1bGxAaXNtYXJ0Lm9yZyIsImNvbnRyYWN0VHlwZSI6InByaXZhdGUiLCJleHRlcm5hbFVzZXJTb3VyY2UiOm51bGwsImdvZE1vZGUiOnRydWUsImVkdWNvbnQiOnt9LCJfaWQiOiI2NWMzNDFiMmI5MmM3YTVmYmFmZWI2MDcifQ.g8I_2Btv7rGXWFT_jbBB9c0iAVhZshRxVIA8nbNqh0s","default","Mon Oct 05 01:32:10 UTC 2026","passed","Mon Oct 05 01:32:35 UTC 2026","Tests Eors","","",""
"","20811","567. EORS: https://edu.ismart.org/catalog/1168f5-literaturura-1-1/1-drevnerusskaya-literatura-jitinaya-literatura_n2S6P3_AfcP0F?view=tasks&categoryCode=c84923-8-klass&auth=eyJhbGciOiJIUzI1NiIsInR5cCI6IkpXVCJ9.eyJpZCI6IjY1YzM0MWIyYjkyYzdhNWZiYWZlYjYwNyIsImlzQWN0aXZlIjp0cnVlLCJpc0d1ZXN0IjpmYWxzZSwiaXNSZWdpc3RyYXRpb25Db21wbGV0ZSI6dHJ1ZSwiaXNDb25maXJtRW1haWwiOmZhbHNlLCJzdHVkZW50cyI6W10sInV0Y09mZnNldCI6MTgwLCJyb2xlIjoic2Nob29sLXRlYWNoZXIiLCJsYXN0TmFtZSI6IiIsImZpcnN0TmFtZSI6ItCf0YDQvtGE0LXRgdGB0LjQvtC90LDQu9GM0L3Ri9C5IiwicGhvbmVOdW1iZXIiOiIiLCJsb2dpbiI6InRlYWNoZXJfZnVsbEBpc21hcnQub3JnIiwiZW1haWwiOiJ0ZWFjaGVyX2Z1bGxAaXNtYXJ0Lm9yZyIsImNvbnRyYWN0VHlwZSI6InByaXZhdGUiLCJleHRlcm5hbFVzZXJTb3VyY2UiOm51bGwsImdvZE1vZGUiOnRydWUsImVkdWNvbnQiOnt9LCJfaWQiOiI2NWMzNDFiMmI5MmM3YTVmYmFmZWI2MDcifQ.g8I_2Btv7rGXWFT_jbBB9c0iAVhZshRxVIA8nbNqh0s","default","Mon Oct 05 01:37:30 UTC 2026","passed","Mon Oct 05 01:37:51 UTC 2026","Tests Eors","","",""
"","32844","Каталог заданий: ТНР ""Математика. 5.1"" — Класс 4","default","Mon Oct 05 02:46:06 UTC 2026","passed","Mon Oct 05 02:46:39 UTC 2026","AuTestCatalogTask","","",""
"","36798","736. EORS: https://edu.ismart.org/catalog/f48fcc-geometriya-slabovidyaschie-uchaschiesya/5-sootnosheniya-v-treugolnike_67Su5Z?view=tasks&categoryCode=fcb1a0-geometriya-9-kl&auth=eyJhbGciOiJIUzI1NiIsInR5cCI6IkpXVCJ9.eyJpZCI6IjY1YzM0MWIyYjkyYzdhNWZiYWZlYjYwNyIsImlzQWN0aXZlIjp0cnVlLCJpc0d1ZXN0IjpmYWxzZSwiaXNSZWdpc3RyYXRpb25Db21wbGV0ZSI6dHJ1ZSwiaXNDb25maXJtRW1haWwiOmZhbHNlLCJzdHVkZW50cyI6W10sInV0Y09mZnNldCI6MTgwLCJyb2xlIjoic2Nob29sLXRlYWNoZXIiLCJsYXN0TmFtZSI6IiIsImZpcnN0TmFtZSI6ItCf0YDQvtGE0LXRgdGB0LjQvtC90LDQu9GM0L3Ri9C5IiwicGhvbmVOdW1iZXIiOiIiLCJsb2dpbiI6InRlYWNoZXJfZnVsbEBpc21hcnQub3JnIiwiZW1haWwiOiJ0ZWFjaGVyX2Z1bGxAaXNtYXJ0Lm9yZyIsImNvbnRyYWN0VHlwZSI6InByaXZhdGUiLCJleHRlcm5hbFVzZXJTb3VyY2UiOm51bGwsImdvZE1vZGUiOnRydWUsImVkdWNvbnQiOnt9LCJfaWQiOiI2NWMzNDFiMmI5MmM3YTVmYmFmZWI2MDcifQ.g8I_2Btv7rGXWFT_jbBB9c0iAVhZshRxVIA8nbNqh0s","default","Mon Oct 05 02:01:37 UTC 2026","passed","Mon Oct 05 02:02:14 UTC 2026","Tests Eors","","",""
"","25723","Каталог заданий: Слепые ""Английский язык. 3.1"" — Класс 9","default","Mon Oct 05 03:00:08 UTC 2026","passed","Mon Oct 05 03:00:34 UTC 2026","AuTestCatalogTask","","",""
"","21688","408. EORS: https://edu.ismart.org/catalog/8e5bf2-biologiya/1-zoologiya--nauka-o-jivotnyh?view=tasks&class=5f63090daee1af001b415303&auth=eyJhbGciOiJIUzI1NiIsInR5cCI6IkpXVCJ9.eyJpZCI6IjY1YzM0MWIyYjkyYzdhNWZiYWZlYjYwNyIsImlzQWN0aXZlIjp0cnVlLCJpc0d1ZXN0IjpmYWxzZSwiaXNSZWdpc3RyYXRpb25Db21wbGV0ZSI6dHJ1ZSwiaXNDb25maXJtRW1haWwiOmZhbHNlLCJzdHVkZW50cyI6W10sInV0Y09mZnNldCI6MTgwLCJyb2xlIjoic2Nob29sLXRlYWNoZXIiLCJsYXN0TmFtZSI6IiIsImZpcnN0TmFtZSI6ItCf0YDQvtGE0LXRgdGB0LjQvtC90LDQu9GM0L3Ri9C5IiwicGhvbmVOdW1iZXIiOiIiLCJsb2dpbiI6InRlYWNoZXJfZnVsbEBpc21hcnQub3JnIiwiZW1haWwiOiJ0ZWFjaGVyX2Z1bGxAaXNtYXJ0Lm9yZyIsImNvbnRyYWN0VHlwZSI6InByaXZhdGUiLCJleHRlcm5hbFVzZXJTb3VyY2UiOm51bGwsImdvZE1vZGUiOnRydWUsImVkdWNvbnQiOnt9LCJfaWQiOiI2NWMzNDFiMmI5MmM3YTVmYmFmZWI2MDcifQ.g8I_2Btv7rGXWFT_jbBB9c0iAVhZshRxVIA8nbNqh0s","default","Mon Oct 05 01:15:41 UTC 2026","passed","Mon Oct 05 01:16:02 UTC 2026","Tests Eors","","",""
"","23700","Каталог заданий: Повторение пройденного материала ""Алгебра"" — Класс 1","default","Mon Oct 05 02:36:00 UTC 2026","passed","Mon Oct 05 02:36:24 UTC 2026","AuTestCatalogTask","","",""
"","21077","412. EORS: https://edu.ismart.org/catalog/f78aab-russkii-yazik-slabovidyaschie-uchaschiesya/yazyk-i-rech-tekst_tlf90z?view=tasks&categoryCode=8feab1-russkii-yazik-7-kl&auth=eyJhbGciOiJIUzI1NiIsInR5cCI6IkpXVCJ9.eyJpZCI6IjY1YzM0MWIyYjkyYzdhNWZiYWZlYjYwNyIsImlzQWN0aXZlIjp0cnVlLCJpc0d1ZXN0IjpmYWxzZSwiaXNSZWdpc3RyYXRpb25Db21wbGV0ZSI6dHJ1ZSwiaXNDb25maXJtRW1haWwiOmZhbHNlLCJzdHVkZW50cyI6W10sInV0Y09mZnNldCI6MTgwLCJyb2xlIjoic2Nob29sLXRlYWNoZXIiLCJsYXN0TmFtZSI6IiIsImZpcnN0TmFtZSI6ItCf0YDQvtGE0LXRgdGB0LjQvtC90LDQu9GM0L3Ri9C5IiwicGhvbmVOdW1iZXIiOiIiLCJsb2dpbiI6InRlYWNoZXJfZnVsbEBpc21hcnQub3JnIiwiZW1haWwiOiJ0ZWFjaGVyX2Z1bGxAaXNtYXJ0Lm9yZyIsImNvbnRyYWN0VHlwZSI6InByaXZhdGUiLCJleHRlcm5hbFVzZXJTb3VyY2UiOm51bGwsImdvZE1vZGUiOnRydWUsImVkdWNvbnQiOnt9LCJfaWQiOiI2NWMzNDFiMmI5MmM3YTVmYmFmZWI2MDcifQ.g8I_2Btv7rGXWFT_jbBB9c0iAVhZshRxVIA8nbNqh0s","default","Mon Oct 05 01:16:08 UTC 2026","passed","Mon Oct 05 01:16:29 UTC 2026","Tests Eors","","",""
"","17657","Каталог заданий: Нарушение слуха ""Русский язык. 1.1"" — Класс 9","default","Mon Oct 05 03:13:13 UTC 2026","passed","Mon Oct 05 03:13:31 UTC 2026","AuTestCatalogTask","","",""
"","25709","Каталог заданий: РАС ""Английский язык. 8.1"" — Класс 8","default","Mon Oct 05 03:58:17 UTC 2026","passed","Mon Oct 05 03:58:43 UTC 2026","AuTestCatalogTask","","",""
"","24085","Каталог заданий: Подготовка к ОГЭ ""Русский язык (2)""","default","Mon Oct 05 02:18:41 UTC 2026","passed","Mon Oct 05 02:19:05 UTC 2026","AuTestCatalogTask","","",""
"","30702","Каталог заданий: Слабовидящие ""Химия. 4.1"" — Класс 3","default","Mon Oct 05 03:11:14 UTC 2026","passed","Mon Oct 05 03:11:45 UTC 2026","AuTestCatalogTask","","",""
"","27898","494. EORS: https://edu.ismart.org/catalog/adf034-okruzhayuschii-mir/8-chelovek-i-obschestvo-full-full?view=tasks&class=5a3cef178409440019b57b37&auth=eyJhbGciOiJIUzI1NiIsInR5cCI6IkpXVCJ9.eyJpZCI6IjY1YzM0MWIyYjkyYzdhNWZiYWZlYjYwNyIsImlzQWN0aXZlIjp0cnVlLCJpc0d1ZXN0IjpmYWxzZSwiaXNSZWdpc3RyYXRpb25Db21wbGV0ZSI6dHJ1ZSwiaXNDb25maXJtRW1haWwiOmZhbHNlLCJzdHVkZW50cyI6W10sInV0Y09mZnNldCI6MTgwLCJyb2xlIjoic2Nob29sLXRlYWNoZXIiLCJsYXN0TmFtZSI6IiIsImZpcnN0TmFtZSI6ItCf0YDQvtGE0LXRgdGB0LjQvtC90LDQu9GM0L3Ri9C5IiwicGhvbmVOdW1iZXIiOiIiLCJsb2dpbiI6InRlYWNoZXJfZnVsbEBpc21hcnQub3JnIiwiZW1haWwiOiJ0ZWFjaGVyX2Z1bGxAaXNtYXJ0Lm9yZyIsImNvbnRyYWN0VHlwZSI6InByaXZhdGUiLCJleHRlcm5hbFVzZXJTb3VyY2UiOm51bGwsImdvZE1vZGUiOnRydWUsImVkdWNvbnQiOnt9LCJfaWQiOiI2NWMzNDFiMmI5MmM3YTVmYmFmZWI2MDcifQ.g8I_2Btv7rGXWFT_jbBB9c0iAVhZshRxVIA8nbNqh0s","default","Mon Oct 05 01:27:02 UTC 2026","passed","Mon Oct 05 01:27:30 UTC 2026","Tests Eors","","",""
"","25746","608. EORS: https://edu.ismart.org/catalog/44b1bc-biologiya-tnr/1-ponyatie-o-jizni-i-priznaki-jivogo_ASf5cM?view=tasks&categoryCode=ccffb3-biologiya-5-kl&auth=eyJhbGciOiJIUzI1NiIsInR5cCI6IkpXVCJ9.eyJpZCI6IjY1YzM0MWIyYjkyYzdhNWZiYWZlYjYwNyIsImlzQWN0aXZlIjp0cnVlLCJpc0d1ZXN0IjpmYWxzZSwiaXNSZWdpc3RyYXRpb25Db21wbGV0ZSI6dHJ1ZSwiaXNDb25maXJtRW1haWwiOmZhbHNlLCJzdHVkZW50cyI6W10sInV0Y09mZnNldCI6MTgwLCJyb2xlIjoic2Nob29sLXRlYWNoZXIiLCJsYXN0TmFtZSI6IiIsImZpcnN0TmFtZSI6ItCf0YDQvtGE0LXRgdGB0LjQvtC90LDQu9GM0L3Ri9C5IiwicGhvbmVOdW1iZXIiOiIiLCJsb2dpbiI6InRlYWNoZXJfZnVsbEBpc21hcnQub3JnIiwiZW1haWwiOiJ0ZWFjaGVyX2Z1bGxAaXNtYXJ0Lm9yZyIsImNvbnRyYWN0VHlwZSI6InByaXZhdGUiLCJleHRlcm5hbFVzZXJTb3VyY2UiOm51bGwsImdvZE1vZGUiOnRydWUsImVkdWNvbnQiOnt9LCJfaWQiOiI2NWMzNDFiMmI5MmM3YTVmYmFmZWI2MDcifQ.g8I_2Btv7rGXWFT_jbBB9c0iAVhZshRxVIA8nbNqh0s","default","Mon Oct 05 01:44:44 UTC 2026","passed","Mon Oct 05 01:45:10 UTC 2026","Tests Eors","","",""
"","57035","553. EORS: https://edu.ismart.org/catalog/8f3705-russkii-yazik-noda/fonetika-grafika-orfoepiya_JvpCjK?view=tasks&categoryCode=c40542-russkii-yazik-9-kl&auth=eyJhbGciOiJIUzI1NiIsInR5cCI6IkpXVCJ9.eyJpZCI6IjY1YzM0MWIyYjkyYzdhNWZiYWZlYjYwNyIsImlzQWN0aXZlIjp0cnVlLCJpc0d1ZXN0IjpmYWxzZSwiaXNSZWdpc3RyYXRpb25Db21wbGV0ZSI6dHJ1ZSwiaXNDb25maXJtRW1haWwiOmZhbHNlLCJzdHVkZW50cyI6W10sInV0Y09mZnNldCI6MTgwLCJyb2xlIjoic2Nob29sLXRlYWNoZXIiLCJsYXN0TmFtZSI6IiIsImZpcnN0TmFtZSI6ItCf0YDQvtGE0LXRgdGB0LjQvtC90LDQu9GM0L3Ri9C5IiwicGhvbmVOdW1iZXIiOiIiLCJsb2dpbiI6InRlYWNoZXJfZnVsbEBpc21hcnQub3JnIiwiZW1haWwiOiJ0ZWFjaGVyX2Z1bGxAaXNtYXJ0Lm9yZyIsImNvbnRyYWN0VHlwZSI6InByaXZhdGUiLCJleHRlcm5hbFVzZXJTb3VyY2UiOm51bGwsImdvZE1vZGUiOnRydWUsImVkdWNvbnQiOnt9LCJfaWQiOiI2NWMzNDFiMmI5MmM3YTVmYmFmZWI2MDcifQ.g8I_2Btv7rGXWFT_jbBB9c0iAVhZshRxVIA8nbNqh0s","default","Mon Oct 05 01:35:32 UTC 2026","failed","Mon Oct 05 01:36:29 UTC 2026","Tests Eors","","",""
"","14462","Каталог заданий: Слабослышащие ""Русский язык. 2.1"" — Класс 11","default","Mon Oct 05 03:22:57 UTC 2026","passed","Mon Oct 05 03:23:11 UTC 2026","AuTestCatalogTask","","",""
"","30710","Каталог заданий: Дополнительное образование ""Химия"" — Класс 1","default","Mon Oct 05 02:15:25 UTC 2026","passed","Mon Oct 05 02:15:55 UTC 2026","AuTestCatalogTask","","",""
"","19826","Каталог заданий: Подготовка к контрольным работам ""Физика"" — Класс 3","default","Mon Oct 05 02:28:28 UTC 2026","passed","Mon Oct 05 02:28:48 UTC 2026","AuTestCatalogTask","","",""
"","17296","Каталог заданий: Слабовидящие ""Русский язык. 4.1"" — Класс 5","default","Mon Oct 05 03:03:31 UTC 2026","passed","Mon Oct 05 03:03:48 UTC 2026","AuTestCatalogTask","","",""
"","31033","Каталог заданий: НОДА ""История. 6.1"" — Класс 2","default","Mon Oct 05 03:44:05 UTC 2026","passed","Mon Oct 05 03:44:36 UTC 2026","AuTestCatalogTask","","",""
"","56163","346. EORS: https://edu.ismart.org/catalog/c0b22a-russkii-yazik-narushenie-sluha/yazyk-i-rech-tekst_ma9rto?view=tasks&categoryCode=774c5c-russkii-yazik-7-kl&auth=eyJhbGciOiJIUzI1NiIsInR5cCI6IkpXVCJ9.eyJpZCI6IjY1YzM0MWIyYjkyYzdhNWZiYWZlYjYwNyIsImlzQWN0aXZlIjp0cnVlLCJpc0d1ZXN0IjpmYWxzZSwiaXNSZWdpc3RyYXRpb25Db21wbGV0ZSI6dHJ1ZSwiaXNDb25maXJtRW1haWwiOmZhbHNlLCJzdHVkZW50cyI6W10sInV0Y09mZnNldCI6MTgwLCJyb2xlIjoic2Nob29sLXRlYWNoZXIiLCJsYXN0TmFtZSI6IiIsImZpcnN0TmFtZSI6ItCf0YDQvtGE0LXRgdGB0LjQvtC90LDQu9GM0L3Ri9C5IiwicGhvbmVOdW1iZXIiOiIiLCJsb2dpbiI6InRlYWNoZXJfZnVsbEBpc21hcnQub3JnIiwiZW1haWwiOiJ0ZWFjaGVyX2Z1bGxAaXNtYXJ0Lm9yZyIsImNvbnRyYWN0VHlwZSI6InByaXZhdGUiLCJleHRlcm5hbFVzZXJTb3VyY2UiOm51bGwsImdvZE1vZGUiOnRydWUsImVkdWNvbnQiOnt9LCJfaWQiOiI2NWMzNDFiMmI5MmM3YTVmYmFmZWI2MDcifQ.g8I_2Btv7rGXWFT_jbBB9c0iAVhZshRxVIA8nbNqh0s","default","Mon Oct 05 01:08:12 UTC 2026","failed","Mon Oct 05 01:09:08 UTC 2026","Tests Eors","","",""
"","26535","199. EORS: https://edu.ismart.org/catalog/47a566-obschestvoznanie/199-nachalo-podgotovki?view=tasks&class=61890fee84e9f601793b0348&auth=eyJhbGciOiJIUzI1NiIsInR5cCI6IkpXVCJ9.eyJpZCI6IjY1YzM0MWIyYjkyYzdhNWZiYWZlYjYwNyIsImlzQWN0aXZlIjp0cnVlLCJpc0d1ZXN0IjpmYWxzZSwiaXNSZWdpc3RyYXRpb25Db21wbGV0ZSI6dHJ1ZSwiaXNDb25maXJtRW1haWwiOmZhbHNlLCJzdHVkZW50cyI6W10sInV0Y09mZnNldCI6MTgwLCJyb2xlIjoic2Nob29sLXRlYWNoZXIiLCJsYXN0TmFtZSI6IiIsImZpcnN0TmFtZSI6ItCf0YDQvtGE0LXRgdGB0LjQvtC90LDQu9GM0L3Ri9C5IiwicGhvbmVOdW1iZXIiOiIiLCJsb2dpbiI6InRlYWNoZXJfZnVsbEBpc21hcnQub3JnIiwiZW1haWwiOiJ0ZWFjaGVyX2Z1bGxAaXNtYXJ0Lm9yZyIsImNvbnRyYWN0VHlwZSI6InByaXZhdGUiLCJleHRlcm5hbFVzZXJTb3VyY2UiOm51bGwsImdvZE1vZGUiOnRydWUsImVkdWNvbnQiOnt9LCJfaWQiOiI2NWMzNDFiMmI5MmM3YTVmYmFmZWI2MDcifQ.g8I_2Btv7rGXWFT_jbBB9c0iAVhZshRxVIA8nbNqh0s","default","Mon Oct 05 00:48:13 UTC 2026","passed","Mon Oct 05 00:48:39 UTC 2026","Tests Eors","","",""
"","25603","397. EORS: https://edu.ismart.org/catalog/856d86-istoriya-zpr/1-teoriya_3PRKfz_bgPRxz?view=tasks&categoryCode=8a3ce1-5-kl&auth=eyJhbGciOiJIUzI1NiIsInR5cCI6IkpXVCJ9.eyJpZCI6IjY1YzM0MWIyYjkyYzdhNWZiYWZlYjYwNyIsImlzQWN0aXZlIjp0cnVlLCJpc0d1ZXN0IjpmYWxzZSwiaXNSZWdpc3RyYXRpb25Db21wbGV0ZSI6dHJ1ZSwiaXNDb25maXJtRW1haWwiOmZhbHNlLCJzdHVkZW50cyI6W10sInV0Y09mZnNldCI6MTgwLCJyb2xlIjoic2Nob29sLXRlYWNoZXIiLCJsYXN0TmFtZSI6IiIsImZpcnN0TmFtZSI6ItCf0YDQvtGE0LXRgdGB0LjQvtC90LDQu9GM0L3Ri9C5IiwicGhvbmVOdW1iZXIiOiIiLCJsb2dpbiI6InRlYWNoZXJfZnVsbEBpc21hcnQub3JnIiwiZW1haWwiOiJ0ZWFjaGVyX2Z1bGxAaXNtYXJ0Lm9yZyIsImNvbnRyYWN0VHlwZSI6InByaXZhdGUiLCJleHRlcm5hbFVzZXJTb3VyY2UiOm51bGwsImdvZE1vZGUiOnRydWUsImVkdWNvbnQiOnt9LCJfaWQiOiI2NWMzNDFiMmI5MmM3YTVmYmFmZWI2MDcifQ.g8I_2Btv7rGXWFT_jbBB9c0iAVhZshRxVIA8nbNqh0s","default","Mon Oct 05 01:14:08 UTC 2026","passed","Mon Oct 05 01:14:34 UTC 2026","Tests Eors","","",""
"","21958","148. EORS: https://edu.ismart.org/catalog/976d47-matematika-slabovidyaschie-uchaschiesya/1-naturalnye-chisla-i-nul_NUVy2r?view=tasks&categoryCode=33b923-matematika-5-kl&auth=eyJhbGciOiJIUzI1NiIsInR5cCI6IkpXVCJ9.eyJpZCI6IjY1YzM0MWIyYjkyYzdhNWZiYWZlYjYwNyIsImlzQWN0aXZlIjp0cnVlLCJpc0d1ZXN0IjpmYWxzZSwiaXNSZWdpc3RyYXRpb25Db21wbGV0ZSI6dHJ1ZSwiaXNDb25maXJtRW1haWwiOmZhbHNlLCJzdHVkZW50cyI6W10sInV0Y09mZnNldCI6MTgwLCJyb2xlIjoic2Nob29sLXRlYWNoZXIiLCJsYXN0TmFtZSI6IiIsImZpcnN0TmFtZSI6ItCf0YDQvtGE0LXRgdGB0LjQvtC90LDQu9GM0L3Ri9C5IiwicGhvbmVOdW1iZXIiOiIiLCJsb2dpbiI6InRlYWNoZXJfZnVsbEBpc21hcnQub3JnIiwiZW1haWwiOiJ0ZWFjaGVyX2Z1bGxAaXNtYXJ0Lm9yZyIsImNvbnRyYWN0VHlwZSI6InByaXZhdGUiLCJleHRlcm5hbFVzZXJTb3VyY2UiOm51bGwsImdvZE1vZGUiOnRydWUsImVkdWNvbnQiOnt9LCJfaWQiOiI2NWMzNDFiMmI5MmM3YTVmYmFmZWI2MDcifQ.g8I_2Btv7rGXWFT_jbBB9c0iAVhZshRxVIA8nbNqh0s","default","Mon Oct 05 00:42:03 UTC 2026","passed","Mon Oct 05 00:42:25 UTC 2026","Tests Eors","","",""
"","23983","322. EORS: https://edu.ismart.org/catalog/856d86-istoriya-zpr/1-vvedenie-_mnvJh9_DQmDpm?view=tasks&categoryCode=6ebd7f-11-kl&auth=eyJhbGciOiJIUzI1NiIsInR5cCI6IkpXVCJ9.eyJpZCI6IjY1YzM0MWIyYjkyYzdhNWZiYWZlYjYwNyIsImlzQWN0aXZlIjp0cnVlLCJpc0d1ZXN0IjpmYWxzZSwiaXNSZWdpc3RyYXRpb25Db21wbGV0ZSI6dHJ1ZSwiaXNDb25maXJtRW1haWwiOmZhbHNlLCJzdHVkZW50cyI6W10sInV0Y09mZnNldCI6MTgwLCJyb2xlIjoic2Nob29sLXRlYWNoZXIiLCJsYXN0TmFtZSI6IiIsImZpcnN0TmFtZSI6ItCf0YDQvtGE0LXRgdGB0LjQvtC90LDQu9GM0L3Ri9C5IiwicGhvbmVOdW1iZXIiOiIiLCJsb2dpbiI6InRlYWNoZXJfZnVsbEBpc21hcnQub3JnIiwiZW1haWwiOiJ0ZWFjaGVyX2Z1bGxAaXNtYXJ0Lm9yZyIsImNvbnRyYWN0VHlwZSI6InByaXZhdGUiLCJleHRlcm5hbFVzZXJTb3VyY2UiOm51bGwsImdvZE1vZGUiOnRydWUsImVkdWNvbnQiOnt9LCJfaWQiOiI2NWMzNDFiMmI5MmM3YTVmYmFmZWI2MDcifQ.g8I_2Btv7rGXWFT_jbBB9c0iAVhZshRxVIA8nbNqh0s","default","Mon Oct 05 01:04:45 UTC 2026","passed","Mon Oct 05 01:05:09 UTC 2026","Tests Eors","","",""
"","25883","Каталог заданий: Подготовка к ВПР ""Окружающий мир"" — Класс 1","default","Mon Oct 05 02:21:35 UTC 2026","passed","Mon Oct 05 02:22:01 UTC 2026","AuTestCatalogTask","","",""
"","18370","Каталог заданий: НОДА ""Русский язык. 6.1"" — Класс 5","default","Mon Oct 05 03:40:05 UTC 2026","passed","Mon Oct 05 03:40:24 UTC 2026","AuTestCatalogTask","","",""
"","14902","Каталог заданий: ТНР ""Информатика. 5.1"" — Класс 2","default","Mon Oct 05 02:52:34 UTC 2026","passed","Mon Oct 05 02:52:49 UTC 2026","AuTestCatalogTask","","",""
"","23674","327. EORS: https://edu.ismart.org/catalog/3560fe-veroyatnost-i-statistika-1-1/10-elementy-kombinatoriki-veroyatnost-i-statistika_xRd8ot_0ceBMA?view=tasks&categoryCode=70a070-9-kl&auth=eyJhbGciOiJIUzI1NiIsInR5cCI6IkpXVCJ9.eyJpZCI6IjY1YzM0MWIyYjkyYzdhNWZiYWZlYjYwNyIsImlzQWN0aXZlIjp0cnVlLCJpc0d1ZXN0IjpmYWxzZSwiaXNSZWdpc3RyYXRpb25Db21wbGV0ZSI6dHJ1ZSwiaXNDb25maXJtRW1haWwiOmZhbHNlLCJzdHVkZW50cyI6W10sInV0Y09mZnNldCI6MTgwLCJyb2xlIjoic2Nob29sLXRlYWNoZXIiLCJsYXN0TmFtZSI6IiIsImZpcnN0TmFtZSI6ItCf0YDQvtGE0LXRgdGB0LjQvtC90LDQu9GM0L3Ri9C5IiwicGhvbmVOdW1iZXIiOiIiLCJsb2dpbiI6InRlYWNoZXJfZnVsbEBpc21hcnQub3JnIiwiZW1haWwiOiJ0ZWFjaGVyX2Z1bGxAaXNtYXJ0Lm9yZyIsImNvbnRyYWN0VHlwZSI6InByaXZhdGUiLCJleHRlcm5hbFVzZXJTb3VyY2UiOm51bGwsImdvZE1vZGUiOnRydWUsImVkdWNvbnQiOnt9LCJfaWQiOiI2NWMzNDFiMmI5MmM3YTVmYmFmZWI2MDcifQ.g8I_2Btv7rGXWFT_jbBB9c0iAVhZshRxVIA8nbNqh0s","default","Mon Oct 05 01:05:24 UTC 2026","passed","Mon Oct 05 01:05:47 UTC 2026","Tests Eors","","",""
"","19262","Каталог заданий: Дополнительное образование ""Практикум по английскому языку"" — Класс 3","default","Mon Oct 05 02:17:19 UTC 2026","passed","Mon Oct 05 02:17:38 UTC 2026","AuTestCatalogTask","","",""
"","24671","Каталог заданий: Повторение пройденного материала ""Алгебра"" — Класс 2","default","Mon Oct 05 02:36:03 UTC 2026","passed","Mon Oct 05 02:36:28 UTC 2026","AuTestCatalogTask","","",""
"","25243","Каталог заданий: Повторение пройденного материала ""Геометрия"" — Класс 2","default","Mon Oct 05 02:36:24 UTC 2026","passed","Mon Oct 05 02:36:49 UTC 2026","AuTestCatalogTask","","",""
"","21257","Каталог заданий: Школьная программа ""Алгебра"" — Класс 2","default","Mon Oct 05 02:10:15 UTC 2026","passed","Mon Oct 05 02:10:36 UTC 2026","AuTestCatalogTask","","",""
"","23376","Каталог заданий: НОДА ""Английский язык. 6.1"" — Класс 5","default","Mon Oct 05 03:48:04 UTC 2026","passed","Mon Oct 05 03:48:27 UTC 2026","AuTestCatalogTask","","",""
"","21986","7. EORS: https://edu.ismart.org/catalog/044873-istoriya/199-nachalo-podgotovki?view=tasks&class=61a71c551b0ad63754c198e9&auth=eyJhbGciOiJIUzI1NiIsInR5cCI6IkpXVCJ9.eyJpZCI6IjY1YzM0MWIyYjkyYzdhNWZiYWZlYjYwNyIsImlzQWN0aXZlIjp0cnVlLCJpc0d1ZXN0IjpmYWxzZSwiaXNSZWdpc3RyYXRpb25Db21wbGV0ZSI6dHJ1ZSwiaXNDb25maXJtRW1haWwiOmZhbHNlLCJzdHVkZW50cyI6W10sInV0Y09mZnNldCI6MTgwLCJyb2xlIjoic2Nob29sLXRlYWNoZXIiLCJsYXN0TmFtZSI6IiIsImZpcnN0TmFtZSI6ItCf0YDQvtGE0LXRgdGB0LjQvtC90LDQu9GM0L3Ri9C5IiwicGhvbmVOdW1iZXIiOiIiLCJsb2dpbiI6InRlYWNoZXJfZnVsbEBpc21hcnQub3JnIiwiZW1haWwiOiJ0ZWFjaGVyX2Z1bGxAaXNtYXJ0Lm9yZyIsImNvbnRyYWN0VHlwZSI6InByaXZhdGUiLCJleHRlcm5hbFVzZXJTb3VyY2UiOm51bGwsImdvZE1vZGUiOnRydWUsImVkdWNvbnQiOnt9LCJfaWQiOiI2NWMzNDFiMmI5MmM3YTVmYmFmZWI2MDcifQ.g8I_2Btv7rGXWFT_jbBB9c0iAVhZshRxVIA8nbNqh0s","default","Mon Oct 05 00:22:52 UTC 2026","passed","Mon Oct 05 00:23:14 UTC 2026","Tests Eors","","",""
"","29536","Каталог заданий: РАС ""Химия. 8.1"" — Класс 1","default","Mon Oct 05 03:56:21 UTC 2026","passed","Mon Oct 05 03:56:51 UTC 2026","AuTestCatalogTask","","",""
"","36336","Каталог заданий: Школьная программа ""Литература"" — Класс 2","default","Mon Oct 05 02:08:06 UTC 2026","passed","Mon Oct 05 02:08:43 UTC 2026","AuTestCatalogTask","","",""
"","22692","Каталог заданий: Школьная программа ""Окружающий мир"" — Класс 2","default","Mon Oct 05 02:11:17 UTC 2026","passed","Mon Oct 05 02:11:40 UTC 2026","AuTestCatalogTask","","",""
"","29845","473. EORS: https://edu.ismart.org/catalog/a95870-matematika-1-klass/10-1-nedelya-vspominaem-vse-osnovy-scheta?view=tasks&class=5a3cef0b8409440019b57b36&auth=eyJhbGciOiJIUzI1NiIsInR5cCI6IkpXVCJ9.eyJpZCI6IjY1YzM0MWIyYjkyYzdhNWZiYWZlYjYwNyIsImlzQWN0aXZlIjp0cnVlLCJpc0d1ZXN0IjpmYWxzZSwiaXNSZWdpc3RyYXRpb25Db21wbGV0ZSI6dHJ1ZSwiaXNDb25maXJtRW1haWwiOmZhbHNlLCJzdHVkZW50cyI6W10sInV0Y09mZnNldCI6MTgwLCJyb2xlIjoic2Nob29sLXRlYWNoZXIiLCJsYXN0TmFtZSI6IiIsImZpcnN0TmFtZSI6ItCf0YDQvtGE0LXRgdGB0LjQvtC90LDQu9GM0L3Ri9C5IiwicGhvbmVOdW1iZXIiOiIiLCJsb2dpbiI6InRlYWNoZXJfZnVsbEBpc21hcnQub3JnIiwiZW1haWwiOiJ0ZWFjaGVyX2Z1bGxAaXNtYXJ0Lm9yZyIsImNvbnRyYWN0VHlwZSI6InByaXZhdGUiLCJleHRlcm5hbFVzZXJTb3VyY2UiOm51bGwsImdvZE1vZGUiOnRydWUsImVkdWNvbnQiOnt9LCJfaWQiOiI2NWMzNDFiMmI5MmM3YTVmYmFmZWI2MDcifQ.g8I_2Btv7rGXWFT_jbBB9c0iAVhZshRxVIA8nbNqh0s","default","Mon Oct 05 01:23:52 UTC 2026","passed","Mon Oct 05 01:24:22 UTC 2026","Tests Eors","","",""
"","13186","Каталог заданий: ЗПР ""Обществознание. 7.1"" — Класс 4","default","Mon Oct 05 03:35:41 UTC 2026","passed","Mon Oct 05 03:35:54 UTC 2026","AuTestCatalogTask","","",""
"","13190","Каталог заданий: Слепые ""Обществознание. 3.1"" — Класс 6","default","Mon Oct 05 02:59:25 UTC 2026","passed","Mon Oct 05 02:59:38 UTC 2026","AuTestCatalogTask","","",""
"","49841","263. EORS: https://edu.ismart.org/catalog/f7d221-informatika-7-1/1-kommunikacionnye-tehnologii_VJFgeg_CppjEv?view=tasks&categoryCode=57d319-9-kl&auth=eyJhbGciOiJIUzI1NiIsInR5cCI6IkpXVCJ9.eyJpZCI6IjY1YzM0MWIyYjkyYzdhNWZiYWZlYjYwNyIsImlzQWN0aXZlIjp0cnVlLCJpc0d1ZXN0IjpmYWxzZSwiaXNSZWdpc3RyYXRpb25Db21wbGV0ZSI6dHJ1ZSwiaXNDb25maXJtRW1haWwiOmZhbHNlLCJzdHVkZW50cyI6W10sInV0Y09mZnNldCI6MTgwLCJyb2xlIjoic2Nob29sLXRlYWNoZXIiLCJsYXN0TmFtZSI6IiIsImZpcnN0TmFtZSI6ItCf0YDQvtGE0LXRgdGB0LjQvtC90LDQu9GM0L3Ri9C5IiwicGhvbmVOdW1iZXIiOiIiLCJsb2dpbiI6InRlYWNoZXJfZnVsbEBpc21hcnQub3JnIiwiZW1haWwiOiJ0ZWFjaGVyX2Z1bGxAaXNtYXJ0Lm9yZyIsImNvbnRyYWN0VHlwZSI6InByaXZhdGUiLCJleHRlcm5hbFVzZXJTb3VyY2UiOm51bGwsImdvZE1vZGUiOnRydWUsImVkdWNvbnQiOnt9LCJfaWQiOiI2NWMzNDFiMmI5MmM3YTVmYmFmZWI2MDcifQ.g8I_2Btv7rGXWFT_jbBB9c0iAVhZshRxVIA8nbNqh0s","default","Mon Oct 05 00:56:55 UTC 2026","failed","Mon Oct 05 00:57:45 UTC 2026","Tests Eors","","",""
"","23322","350. EORS: https://edu.ismart.org/catalog/77a70c-uchimsya-pisat-sochinenie/300-osnovnye-tipy-i-stili-rechi?view=tasks&class=5f63090daee1af001b415303&auth=eyJhbGciOiJIUzI1NiIsInR5cCI6IkpXVCJ9.eyJpZCI6IjY1YzM0MWIyYjkyYzdhNWZiYWZlYjYwNyIsImlzQWN0aXZlIjp0cnVlLCJpc0d1ZXN0IjpmYWxzZSwiaXNSZWdpc3RyYXRpb25Db21wbGV0ZSI6dHJ1ZSwiaXNDb25maXJtRW1haWwiOmZhbHNlLCJzdHVkZW50cyI6W10sInV0Y09mZnNldCI6MTgwLCJyb2xlIjoic2Nob29sLXRlYWNoZXIiLCJsYXN0TmFtZSI6IiIsImZpcnN0TmFtZSI6ItCf0YDQvtGE0LXRgdGB0LjQvtC90LDQu9GM0L3Ri9C5IiwicGhvbmVOdW1iZXIiOiIiLCJsb2dpbiI6InRlYWNoZXJfZnVsbEBpc21hcnQub3JnIiwiZW1haWwiOiJ0ZWFjaGVyX2Z1bGxAaXNtYXJ0Lm9yZyIsImNvbnRyYWN0VHlwZSI6InByaXZhdGUiLCJleHRlcm5hbFVzZXJTb3VyY2UiOm51bGwsImdvZE1vZGUiOnRydWUsImVkdWNvbnQiOnt9LCJfaWQiOiI2NWMzNDFiMmI5MmM3YTVmYmFmZWI2MDcifQ.g8I_2Btv7rGXWFT_jbBB9c0iAVhZshRxVIA8nbNqh0s","default","Mon Oct 05 01:08:43 UTC 2026","passed","Mon Oct 05 01:09:06 UTC 2026","Tests Eors","","",""
"","16793","Каталог заданий: ТНР ""Алгебра. 5.1"" — Класс 3","default","Mon Oct 05 02:46:40 UTC 2026","passed","Mon Oct 05 02:46:57 UTC 2026","AuTestCatalogTask","","",""
"","47130","731. EORS: https://edu.ismart.org/catalog/2e0c72-informatika-6-1/1-cifrovaya-gramotnost_NZqNKD_MW66EP?view=tasks&categoryCode=fb9aa5-7-kl&auth=eyJhbGciOiJIUzI1NiIsInR5cCI6IkpXVCJ9.eyJpZCI6IjY1YzM0MWIyYjkyYzdhNWZiYWZlYjYwNyIsImlzQWN0aXZlIjp0cnVlLCJpc0d1ZXN0IjpmYWxzZSwiaXNSZWdpc3RyYXRpb25Db21wbGV0ZSI6dHJ1ZSwiaXNDb25maXJtRW1haWwiOmZhbHNlLCJzdHVkZW50cyI6W10sInV0Y09mZnNldCI6MTgwLCJyb2xlIjoic2Nob29sLXRlYWNoZXIiLCJsYXN0TmFtZSI6IiIsImZpcnN0TmFtZSI6ItCf0YDQvtGE0LXRgdGB0LjQvtC90LDQu9GM0L3Ri9C5IiwicGhvbmVOdW1iZXIiOiIiLCJsb2dpbiI6InRlYWNoZXJfZnVsbEBpc21hcnQub3JnIiwiZW1haWwiOiJ0ZWFjaGVyX2Z1bGxAaXNtYXJ0Lm9yZyIsImNvbnRyYWN0VHlwZSI6InByaXZhdGUiLCJleHRlcm5hbFVzZXJTb3VyY2UiOm51bGwsImdvZE1vZGUiOnRydWUsImVkdWNvbnQiOnt9LCJfaWQiOiI2NWMzNDFiMmI5MmM3YTVmYmFmZWI2MDcifQ.g8I_2Btv7rGXWFT_jbBB9c0iAVhZshRxVIA8nbNqh0s","default","Mon Oct 05 02:00:50 UTC 2026","failed","Mon Oct 05 02:01:37 UTC 2026","Tests Eors","","",""
"","38336","Каталог заданий: ЗПР ""Математика. 7.1"" — Класс 5","default","Mon Oct 05 03:31:48 UTC 2026","passed","Mon Oct 05 03:32:26 UTC 2026","AuTestCatalogTask","","",""
"","23970","Каталог заданий: ЗПР ""Английский язык. 7.1"" — Класс 6","default","Mon Oct 05 03:38:25 UTC 2026","passed","Mon Oct 05 03:38:49 UTC 2026","AuTestCatalogTask","","",""
"","23188","695. EORS: https://edu.ismart.org/catalog/a60457-okruzhayuschii-mir-ras/01-chelovek-i-obshchestvo-nasha-rodina--rossiya_cD2T2I?view=tasks&categoryCode=edfd43-okruzhayuschii-2-kl&auth=eyJhbGciOiJIUzI1NiIsInR5cCI6IkpXVCJ9.eyJpZCI6IjY1YzM0MWIyYjkyYzdhNWZiYWZlYjYwNyIsImlzQWN0aXZlIjp0cnVlLCJpc0d1ZXN0IjpmYWxzZSwiaXNSZWdpc3RyYXRpb25Db21wbGV0ZSI6dHJ1ZSwiaXNDb25maXJtRW1haWwiOmZhbHNlLCJzdHVkZW50cyI6W10sInV0Y09mZnNldCI6MTgwLCJyb2xlIjoic2Nob29sLXRlYWNoZXIiLCJsYXN0TmFtZSI6IiIsImZpcnN0TmFtZSI6ItCf0YDQvtGE0LXRgdGB0LjQvtC90LDQu9GM0L3Ri9C5IiwicGhvbmVOdW1iZXIiOiIiLCJsb2dpbiI6InRlYWNoZXJfZnVsbEBpc21hcnQub3JnIiwiZW1haWwiOiJ0ZWFjaGVyX2Z1bGxAaXNtYXJ0Lm9yZyIsImNvbnRyYWN0VHlwZSI6InByaXZhdGUiLCJleHRlcm5hbFVzZXJTb3VyY2UiOm51bGwsImdvZE1vZGUiOnRydWUsImVkdWNvbnQiOnt9LCJfaWQiOiI2NWMzNDFiMmI5MmM3YTVmYmFmZWI2MDcifQ.g8I_2Btv7rGXWFT_jbBB9c0iAVhZshRxVIA8nbNqh0s","default","Mon Oct 05 01:56:25 UTC 2026","passed","Mon Oct 05 01:56:48 UTC 2026","Tests Eors","","",""
"","26579","Каталог заданий: Нарушение слуха ""Биология. 1.1"" — Класс 5","default","Mon Oct 05 03:19:54 UTC 2026","passed","Mon Oct 05 03:20:21 UTC 2026","AuTestCatalogTask","","",""
"","23263","Каталог заданий: Школьная программа ""Окружающий мир"" — Класс 3","default","Mon Oct 05 02:11:26 UTC 2026","passed","Mon Oct 05 02:11:50 UTC 2026","AuTestCatalogTask","","",""
"","44651","Каталог заданий: РАС ""Биология. 8.1"" — Класс 3","default","Mon Oct 05 03:55:29 UTC 2026","passed","Mon Oct 05 03:56:14 UTC 2026","AuTestCatalogTask","","",""
"","29099","Каталог заданий: СПО ""Английский язык. 144 ч.""","default","Mon Oct 05 02:40:49 UTC 2026","passed","Mon Oct 05 02:41:18 UTC 2026","AuTestCatalogTask","","",""
"","36672","37. EORS: https://edu.ismart.org/catalog/1168f5-literaturura-1-1/1-slovo-o-polku-igoreve_zb7NxL_HlKJI4?view=tasks&categoryCode=0fd09a-9-klass&auth=eyJhbGciOiJIUzI1NiIsInR5cCI6IkpXVCJ9.eyJpZCI6IjY1YzM0MWIyYjkyYzdhNWZiYWZlYjYwNyIsImlzQWN0aXZlIjp0cnVlLCJpc0d1ZXN0IjpmYWxzZSwiaXNSZWdpc3RyYXRpb25Db21wbGV0ZSI6dHJ1ZSwiaXNDb25maXJtRW1haWwiOmZhbHNlLCJzdHVkZW50cyI6W10sInV0Y09mZnNldCI6MTgwLCJyb2xlIjoic2Nob29sLXRlYWNoZXIiLCJsYXN0TmFtZSI6IiIsImZpcnN0TmFtZSI6ItCf0YDQvtGE0LXRgdGB0LjQvtC90LDQu9GM0L3Ri9C5IiwicGhvbmVOdW1iZXIiOiIiLCJsb2dpbiI6InRlYWNoZXJfZnVsbEBpc21hcnQub3JnIiwiZW1haWwiOiJ0ZWFjaGVyX2Z1bGxAaXNtYXJ0Lm9yZyIsImNvbnRyYWN0VHlwZSI6InByaXZhdGUiLCJleHRlcm5hbFVzZXJTb3VyY2UiOm51bGwsImdvZE1vZGUiOnRydWUsImVkdWNvbnQiOnt9LCJfaWQiOiI2NWMzNDFiMmI5MmM3YTVmYmFmZWI2MDcifQ.g8I_2Btv7rGXWFT_jbBB9c0iAVhZshRxVIA8nbNqh0s","default","Mon Oct 05 00:27:20 UTC 2026","passed","Mon Oct 05 00:27:56 UTC 2026","Tests Eors","","",""
"","27658","486. EORS: https://edu.ismart.org/catalog/ab7a1e-algebra-i-nachala-matematicheskogo-analiza/1-mnojestva-racionalnyh-i-destvitelnyh-chisel?view=tasks&class=64bfa63cd00b08794c3f8b29&auth=eyJhbGciOiJIUzI1NiIsInR5cCI6IkpXVCJ9.eyJpZCI6IjY1YzM0MWIyYjkyYzdhNWZiYWZlYjYwNyIsImlzQWN0aXZlIjp0cnVlLCJpc0d1ZXN0IjpmYWxzZSwiaXNSZWdpc3RyYXRpb25Db21wbGV0ZSI6dHJ1ZSwiaXNDb25maXJtRW1haWwiOmZhbHNlLCJzdHVkZW50cyI6W10sInV0Y09mZnNldCI6MTgwLCJyb2xlIjoic2Nob29sLXRlYWNoZXIiLCJsYXN0TmFtZSI6IiIsImZpcnN0TmFtZSI6ItCf0YDQvtGE0LXRgdGB0LjQvtC90LDQu9GM0L3Ri9C5IiwicGhvbmVOdW1iZXIiOiIiLCJsb2dpbiI6InRlYWNoZXJfZnVsbEBpc21hcnQub3JnIiwiZW1haWwiOiJ0ZWFjaGVyX2Z1bGxAaXNtYXJ0Lm9yZyIsImNvbnRyYWN0VHlwZSI6InByaXZhdGUiLCJleHRlcm5hbFVzZXJTb3VyY2UiOm51bGwsImdvZE1vZGUiOnRydWUsImVkdWNvbnQiOnt9LCJfaWQiOiI2NWMzNDFiMmI5MmM3YTVmYmFmZWI2MDcifQ.g8I_2Btv7rGXWFT_jbBB9c0iAVhZshRxVIA8nbNqh0s","default","Mon Oct 05 01:25:48 UTC 2026","passed","Mon Oct 05 01:26:15 UTC 2026","Tests Eors","","",""
"","47702","258. EORS: https://edu.ismart.org/catalog/574f8c-geometriya/100-vhodnaya-kontrolnaya-rabota?view=tasks&class=5f63090daee1af001b415303&auth=eyJhbGciOiJIUzI1NiIsInR5cCI6IkpXVCJ9.eyJpZCI6IjY1YzM0MWIyYjkyYzdhNWZiYWZlYjYwNyIsImlzQWN0aXZlIjp0cnVlLCJpc0d1ZXN0IjpmYWxzZSwiaXNSZWdpc3RyYXRpb25Db21wbGV0ZSI6dHJ1ZSwiaXNDb25maXJtRW1haWwiOmZhbHNlLCJzdHVkZW50cyI6W10sInV0Y09mZnNldCI6MTgwLCJyb2xlIjoic2Nob29sLXRlYWNoZXIiLCJsYXN0TmFtZSI6IiIsImZpcnN0TmFtZSI6ItCf0YDQvtGE0LXRgdGB0LjQvtC90LDQu9GM0L3Ri9C5IiwicGhvbmVOdW1iZXIiOiIiLCJsb2dpbiI6InRlYWNoZXJfZnVsbEBpc21hcnQub3JnIiwiZW1haWwiOiJ0ZWFjaGVyX2Z1bGxAaXNtYXJ0Lm9yZyIsImNvbnRyYWN0VHlwZSI6InByaXZhdGUiLCJleHRlcm5hbFVzZXJTb3VyY2UiOm51bGwsImdvZE1vZGUiOnRydWUsImVkdWNvbnQiOnt9LCJfaWQiOiI2NWMzNDFiMmI5MmM3YTVmYmFmZWI2MDcifQ.g8I_2Btv7rGXWFT_jbBB9c0iAVhZshRxVIA8nbNqh0s","default","Mon Oct 05 00:56:10 UTC 2026","failed","Mon Oct 05 00:56:58 UTC 2026","Tests Eors","","",""
"","17108","Каталог заданий: Школьная программа ""Информатика"" — Класс 1","default","Mon Oct 05 02:08:44 UTC 2026","passed","Mon Oct 05 02:09:02 UTC 2026","AuTestCatalogTask","","",""
"","26153","727. EORS: https://edu.ismart.org/catalog/f846e1-angliiskii-yazik/1-v-gostyah-welcome-home?view=tasks&class=64bfa63cd00b08794c3f8b29&auth=eyJhbGciOiJIUzI1NiIsInR5cCI6IkpXVCJ9.eyJpZCI6IjY1YzM0MWIyYjkyYzdhNWZiYWZlYjYwNyIsImlzQWN0aXZlIjp0cnVlLCJpc0d1ZXN0IjpmYWxzZSwiaXNSZWdpc3RyYXRpb25Db21wbGV0ZSI6dHJ1ZSwiaXNDb25maXJtRW1haWwiOmZhbHNlLCJzdHVkZW50cyI6W10sInV0Y09mZnNldCI6MTgwLCJyb2xlIjoic2Nob29sLXRlYWNoZXIiLCJsYXN0TmFtZSI6IiIsImZpcnN0TmFtZSI6ItCf0YDQvtGE0LXRgdGB0LjQvtC90LDQu9GM0L3Ri9C5IiwicGhvbmVOdW1iZXIiOiIiLCJsb2dpbiI6InRlYWNoZXJfZnVsbEBpc21hcnQub3JnIiwiZW1haWwiOiJ0ZWFjaGVyX2Z1bGxAaXNtYXJ0Lm9yZyIsImNvbnRyYWN0VHlwZSI6InByaXZhdGUiLCJleHRlcm5hbFVzZXJTb3VyY2UiOm51bGwsImdvZE1vZGUiOnRydWUsImVkdWNvbnQiOnt9LCJfaWQiOiI2NWMzNDFiMmI5MmM3YTVmYmFmZWI2MDcifQ.g8I_2Btv7rGXWFT_jbBB9c0iAVhZshRxVIA8nbNqh0s","default","Mon Oct 05 02:00:24 UTC 2026","passed","Mon Oct 05 02:00:50 UTC 2026","Tests Eors","","",""
"","37635","Каталог заданий: ЗПР ""История. 7.1"" — Класс 5","default","Mon Oct 05 03:34:48 UTC 2026","passed","Mon Oct 05 03:35:26 UTC 2026","AuTestCatalogTask","","",""
"","30527","539. EORS: https://edu.ismart.org/catalog/0ac4a2-geometriya/5-chetyrehugolniki-geometriya?view=tasks&categoryCode=be17f0-geometriya-8-klass&auth=eyJhbGciOiJIUzI1NiIsInR5cCI6IkpXVCJ9.eyJpZCI6IjY1YzM0MWIyYjkyYzdhNWZiYWZlYjYwNyIsImlzQWN0aXZlIjp0cnVlLCJpc0d1ZXN0IjpmYWxzZSwiaXNSZWdpc3RyYXRpb25Db21wbGV0ZSI6dHJ1ZSwiaXNDb25maXJtRW1haWwiOmZhbHNlLCJzdHVkZW50cyI6W10sInV0Y09mZnNldCI6MTgwLCJyb2xlIjoic2Nob29sLXRlYWNoZXIiLCJsYXN0TmFtZSI6IiIsImZpcnN0TmFtZSI6ItCf0YDQvtGE0LXRgdGB0LjQvtC90LDQu9GM0L3Ri9C5IiwicGhvbmVOdW1iZXIiOiIiLCJsb2dpbiI6InRlYWNoZXJfZnVsbEBpc21hcnQub3JnIiwiZW1haWwiOiJ0ZWFjaGVyX2Z1bGxAaXNtYXJ0Lm9yZyIsImNvbnRyYWN0VHlwZSI6InByaXZhdGUiLCJleHRlcm5hbFVzZXJTb3VyY2UiOm51bGwsImdvZE1vZGUiOnRydWUsImVkdWNvbnQiOnt9LCJfaWQiOiI2NWMzNDFiMmI5MmM3YTVmYmFmZWI2MDcifQ.g8I_2Btv7rGXWFT_jbBB9c0iAVhZshRxVIA8nbNqh0s","default","Mon Oct 05 01:33:37 UTC 2026","passed","Mon Oct 05 01:34:07 UTC 2026","Tests Eors","","",""
"","23321","311. EORS: https://edu.ismart.org/catalog/0e569f-literatura-tnr/1-ai-kuprin-rasskazy--i-povesti_uvJFQX?view=tasks&categoryCode=6927ca-literatura-tnr-11-kl&auth=eyJhbGciOiJIUzI1NiIsInR5cCI6IkpXVCJ9.eyJpZCI6IjY1YzM0MWIyYjkyYzdhNWZiYWZlYjYwNyIsImlzQWN0aXZlIjp0cnVlLCJpc0d1ZXN0IjpmYWxzZSwiaXNSZWdpc3RyYXRpb25Db21wbGV0ZSI6dHJ1ZSwiaXNDb25maXJtRW1haWwiOmZhbHNlLCJzdHVkZW50cyI6W10sInV0Y09mZnNldCI6MTgwLCJyb2xlIjoic2Nob29sLXRlYWNoZXIiLCJsYXN0TmFtZSI6IiIsImZpcnN0TmFtZSI6ItCf0YDQvtGE0LXRgdGB0LjQvtC90LDQu9GM0L3Ri9C5IiwicGhvbmVOdW1iZXIiOiIiLCJsb2dpbiI6InRlYWNoZXJfZnVsbEBpc21hcnQub3JnIiwiZW1haWwiOiJ0ZWFjaGVyX2Z1bGxAaXNtYXJ0Lm9yZyIsImNvbnRyYWN0VHlwZSI6InByaXZhdGUiLCJleHRlcm5hbFVzZXJTb3VyY2UiOm51bGwsImdvZE1vZGUiOnRydWUsImVkdWNvbnQiOnt9LCJfaWQiOiI2NWMzNDFiMmI5MmM3YTVmYmFmZWI2MDcifQ.g8I_2Btv7rGXWFT_jbBB9c0iAVhZshRxVIA8nbNqh0s","default","Mon Oct 05 01:02:49 UTC 2026","passed","Mon Oct 05 01:03:12 UTC 2026","Tests Eors","","",""
"","29192","Каталог заданий: ТНР ""Литература. 5.1"" — Класс 6","default","Mon Oct 05 02:49:37 UTC 2026","passed","Mon Oct 05 02:50:06 UTC 2026","AuTestCatalogTask","","",""
"","62502","143. EORS: https://edu.ismart.org/catalog/815602-informatika-1-1/1-sistemy-schisleniya_Fc0UiS_K9K7PH?view=tasks&categoryCode=310bc5-8-kl&auth=eyJhbGciOiJIUzI1NiIsInR5cCI6IkpXVCJ9.eyJpZCI6IjY1YzM0MWIyYjkyYzdhNWZiYWZlYjYwNyIsImlzQWN0aXZlIjp0cnVlLCJpc0d1ZXN0IjpmYWxzZSwiaXNSZWdpc3RyYXRpb25Db21wbGV0ZSI6dHJ1ZSwiaXNDb25maXJtRW1haWwiOmZhbHNlLCJzdHVkZW50cyI6W10sInV0Y09mZnNldCI6MTgwLCJyb2xlIjoic2Nob29sLXRlYWNoZXIiLCJsYXN0TmFtZSI6IiIsImZpcnN0TmFtZSI6ItCf0YDQvtGE0LXRgdGB0LjQvtC90LDQu9GM0L3Ri9C5IiwicGhvbmVOdW1iZXIiOiIiLCJsb2dpbiI6InRlYWNoZXJfZnVsbEBpc21hcnQub3JnIiwiZW1haWwiOiJ0ZWFjaGVyX2Z1bGxAaXNtYXJ0Lm9yZyIsImNvbnRyYWN0VHlwZSI6InByaXZhdGUiLCJleHRlcm5hbFVzZXJTb3VyY2UiOm51bGwsImdvZE1vZGUiOnRydWUsImVkdWNvbnQiOnt9LCJfaWQiOiI2NWMzNDFiMmI5MmM3YTVmYmFmZWI2MDcifQ.g8I_2Btv7rGXWFT_jbBB9c0iAVhZshRxVIA8nbNqh0s","default","Mon Oct 05 00:41:10 UTC 2026","failed","Mon Oct 05 00:42:12 UTC 2026","Tests Eors","","",""
"","14649","Каталог заданий: ЗПР ""Информатика. 7.1"" — Класс 3","default","Mon Oct 05 03:39:30 UTC 2026","passed","Mon Oct 05 03:39:45 UTC 2026","AuTestCatalogTask","","",""
"","22989","416. EORS: https://edu.ismart.org/catalog/c3aa52-angliiskii-yazik-6-1/01-vzaimootnosheniya-v-seme-i-s-druzyami-konflikty-i-ih-razreshenie_JGd1HZ_Q4gD6R?view=tasks&categoryCode=91c8de-9-kl&auth=eyJhbGciOiJIUzI1NiIsInR5cCI6IkpXVCJ9.eyJpZCI6IjY1YzM0MWIyYjkyYzdhNWZiYWZlYjYwNyIsImlzQWN0aXZlIjp0cnVlLCJpc0d1ZXN0IjpmYWxzZSwiaXNSZWdpc3RyYXRpb25Db21wbGV0ZSI6dHJ1ZSwiaXNDb25maXJtRW1haWwiOmZhbHNlLCJzdHVkZW50cyI6W10sInV0Y09mZnNldCI6MTgwLCJyb2xlIjoic2Nob29sLXRlYWNoZXIiLCJsYXN0TmFtZSI6IiIsImZpcnN0TmFtZSI6ItCf0YDQvtGE0LXRgdGB0LjQvtC90LDQu9GM0L3Ri9C5IiwicGhvbmVOdW1iZXIiOiIiLCJsb2dpbiI6InRlYWNoZXJfZnVsbEBpc21hcnQub3JnIiwiZW1haWwiOiJ0ZWFjaGVyX2Z1bGxAaXNtYXJ0Lm9yZyIsImNvbnRyYWN0VHlwZSI6InByaXZhdGUiLCJleHRlcm5hbFVzZXJTb3VyY2UiOm51bGwsImdvZE1vZGUiOnRydWUsImVkdWNvbnQiOnt9LCJfaWQiOiI2NWMzNDFiMmI5MmM3YTVmYmFmZWI2MDcifQ.g8I_2Btv7rGXWFT_jbBB9c0iAVhZshRxVIA8nbNqh0s","default","Mon Oct 05 01:16:29 UTC 2026","passed","Mon Oct 05 01:16:52 UTC 2026","Tests Eors","","",""
"","21068","Каталог заданий: Подготовка к контрольным работам ""История"" — Класс 5","default","Mon Oct 05 02:29:43 UTC 2026","passed","Mon Oct 05 02:30:04 UTC 2026","AuTestCatalogTask","","",""
"","26192","Каталог заданий: ЗПР ""Русский язык. 7.1"" — Класс 8","default","Mon Oct 05 03:30:53 UTC 2026","passed","Mon Oct 05 03:31:19 UTC 2026","AuTestCatalogTask","","",""
"","23764","463. EORS: https://edu.ismart.org/catalog/a3de43-algebra/49-1-nedelya-arifmeticheski-kvadratny-koren?view=tasks&class=5f63090daee1af001b415303&auth=eyJhbGciOiJIUzI1NiIsInR5cCI6IkpXVCJ9.eyJpZCI6IjY1YzM0MWIyYjkyYzdhNWZiYWZlYjYwNyIsImlzQWN0aXZlIjp0cnVlLCJpc0d1ZXN0IjpmYWxzZSwiaXNSZWdpc3RyYXRpb25Db21wbGV0ZSI6dHJ1ZSwiaXNDb25maXJtRW1haWwiOmZhbHNlLCJzdHVkZW50cyI6W10sInV0Y09mZnNldCI6MTgwLCJyb2xlIjoic2Nob29sLXRlYWNoZXIiLCJsYXN0TmFtZSI6IiIsImZpcnN0TmFtZSI6ItCf0YDQvtGE0LXRgdGB0LjQvtC90LDQu9GM0L3Ri9C5IiwicGhvbmVOdW1iZXIiOiIiLCJsb2dpbiI6InRlYWNoZXJfZnVsbEBpc21hcnQub3JnIiwiZW1haWwiOiJ0ZWFjaGVyX2Z1bGxAaXNtYXJ0Lm9yZyIsImNvbnRyYWN0VHlwZSI6InByaXZhdGUiLCJleHRlcm5hbFVzZXJTb3VyY2UiOm51bGwsImdvZE1vZGUiOnRydWUsImVkdWNvbnQiOnt9LCJfaWQiOiI2NWMzNDFiMmI5MmM3YTVmYmFmZWI2MDcifQ.g8I_2Btv7rGXWFT_jbBB9c0iAVhZshRxVIA8nbNqh0s","default","Mon Oct 05 01:22:57 UTC 2026","passed","Mon Oct 05 01:23:20 UTC 2026","Tests Eors","","",""
"","47026","655. EORS: https://edu.ismart.org/catalog/b845ac-veroyatnost-i-statistika-tnr/15-opisatelnaya-statistika-veroyatnost-i-statistika_1pykOy?view=tasks&categoryCode=e1d186-10-klass&auth=eyJhbGciOiJIUzI1NiIsInR5cCI6IkpXVCJ9.eyJpZCI6IjY1YzM0MWIyYjkyYzdhNWZiYWZlYjYwNyIsImlzQWN0aXZlIjp0cnVlLCJpc0d1ZXN0IjpmYWxzZSwiaXNSZWdpc3RyYXRpb25Db21wbGV0ZSI6dHJ1ZSwiaXNDb25maXJtRW1haWwiOmZhbHNlLCJzdHVkZW50cyI6W10sInV0Y09mZnNldCI6MTgwLCJyb2xlIjoic2Nob29sLXRlYWNoZXIiLCJsYXN0TmFtZSI6IiIsImZpcnN0TmFtZSI6ItCf0YDQvtGE0LXRgdGB0LjQvtC90LDQu9GM0L3Ri9C5IiwicGhvbmVOdW1iZXIiOiIiLCJsb2dpbiI6InRlYWNoZXJfZnVsbEBpc21hcnQub3JnIiwiZW1haWwiOiJ0ZWFjaGVyX2Z1bGxAaXNtYXJ0Lm9yZyIsImNvbnRyYWN0VHlwZSI6InByaXZhdGUiLCJleHRlcm5hbFVzZXJTb3VyY2UiOm51bGwsImdvZE1vZGUiOnRydWUsImVkdWNvbnQiOnt9LCJfaWQiOiI2NWMzNDFiMmI5MmM3YTVmYmFmZWI2MDcifQ.g8I_2Btv7rGXWFT_jbBB9c0iAVhZshRxVIA8nbNqh0s","default","Mon Oct 05 01:51:27 UTC 2026","failed","Mon Oct 05 01:52:14 UTC 2026","Tests Eors","","",""
"","36090","478. EORS: https://edu.ismart.org/catalog/a95870-matematika-1-klass/25-1-nedelya-arifmeticheskie-destviya-s-naturalnymi-chislami?view=tasks&class=5f197003b96284001b29733d&auth=eyJhbGciOiJIUzI1NiIsInR5cCI6IkpXVCJ9.eyJpZCI6IjY1YzM0MWIyYjkyYzdhNWZiYWZlYjYwNyIsImlzQWN0aXZlIjp0cnVlLCJpc0d1ZXN0IjpmYWxzZSwiaXNSZWdpc3RyYXRpb25Db21wbGV0ZSI6dHJ1ZSwiaXNDb25maXJtRW1haWwiOmZhbHNlLCJzdHVkZW50cyI6W10sInV0Y09mZnNldCI6MTgwLCJyb2xlIjoic2Nob29sLXRlYWNoZXIiLCJsYXN0TmFtZSI6IiIsImZpcnN0TmFtZSI6ItCf0YDQvtGE0LXRgdGB0LjQvtC90LDQu9GM0L3Ri9C5IiwicGhvbmVOdW1iZXIiOiIiLCJsb2dpbiI6InRlYWNoZXJfZnVsbEBpc21hcnQub3JnIiwiZW1haWwiOiJ0ZWFjaGVyX2Z1bGxAaXNtYXJ0Lm9yZyIsImNvbnRyYWN0VHlwZSI6InByaXZhdGUiLCJleHRlcm5hbFVzZXJTb3VyY2UiOm51bGwsImdvZE1vZGUiOnRydWUsImVkdWNvbnQiOnt9LCJfaWQiOiI2NWMzNDFiMmI5MmM3YTVmYmFmZWI2MDcifQ.g8I_2Btv7rGXWFT_jbBB9c0iAVhZshRxVIA8nbNqh0s","default","Mon Oct 05 01:24:48 UTC 2026","passed","Mon Oct 05 01:25:24 UTC 2026","Tests Eors","","",""
"","16866","Каталог заданий: Подготовка к контрольным работам ""Русский язык"" — Класс 10","default","Mon Oct 05 02:26:08 UTC 2026","passed","Mon Oct 05 02:26:25 UTC 2026","AuTestCatalogTask","","",""
"","21781","657. EORS: https://edu.ismart.org/catalog/0a2d94-literatura-6-1/1-ai-kuprin-rasskazy--i-povesti_uvJFQX_UgSPcH?view=tasks&categoryCode=e310c7-11-kl&auth=eyJhbGciOiJIUzI1NiIsInR5cCI6IkpXVCJ9.eyJpZCI6IjY1YzM0MWIyYjkyYzdhNWZiYWZlYjYwNyIsImlzQWN0aXZlIjp0cnVlLCJpc0d1ZXN0IjpmYWxzZSwiaXNSZWdpc3RyYXRpb25Db21wbGV0ZSI6dHJ1ZSwiaXNDb25maXJtRW1haWwiOmZhbHNlLCJzdHVkZW50cyI6W10sInV0Y09mZnNldCI6MTgwLCJyb2xlIjoic2Nob29sLXRlYWNoZXIiLCJsYXN0TmFtZSI6IiIsImZpcnN0TmFtZSI6ItCf0YDQvtGE0LXRgdGB0LjQvtC90LDQu9GM0L3Ri9C5IiwicGhvbmVOdW1iZXIiOiIiLCJsb2dpbiI6InRlYWNoZXJfZnVsbEBpc21hcnQub3JnIiwiZW1haWwiOiJ0ZWFjaGVyX2Z1bGxAaXNtYXJ0Lm9yZyIsImNvbnRyYWN0VHlwZSI6InByaXZhdGUiLCJleHRlcm5hbFVzZXJTb3VyY2UiOm51bGwsImdvZE1vZGUiOnRydWUsImVkdWNvbnQiOnt9LCJfaWQiOiI2NWMzNDFiMmI5MmM3YTVmYmFmZWI2MDcifQ.g8I_2Btv7rGXWFT_jbBB9c0iAVhZshRxVIA8nbNqh0s","default","Mon Oct 05 01:51:47 UTC 2026","passed","Mon Oct 05 01:52:09 UTC 2026","Tests Eors","","",""
"","25615","309. EORS: https://edu.ismart.org/catalog/d9cdcf-veroyatnost-i-statistika-7-1/8-predstavlenie-dannyh-veroyatnost-i-statistika_rEQ5f1_TVS8Ze?view=tasks&categoryCode=68dbb2-7-kl&auth=eyJhbGciOiJIUzI1NiIsInR5cCI6IkpXVCJ9.eyJpZCI6IjY1YzM0MWIyYjkyYzdhNWZiYWZlYjYwNyIsImlzQWN0aXZlIjp0cnVlLCJpc0d1ZXN0IjpmYWxzZSwiaXNSZWdpc3RyYXRpb25Db21wbGV0ZSI6dHJ1ZSwiaXNDb25maXJtRW1haWwiOmZhbHNlLCJzdHVkZW50cyI6W10sInV0Y09mZnNldCI6MTgwLCJyb2xlIjoic2Nob29sLXRlYWNoZXIiLCJsYXN0TmFtZSI6IiIsImZpcnN0TmFtZSI6ItCf0YDQvtGE0LXRgdGB0LjQvtC90LDQu9GM0L3Ri9C5IiwicGhvbmVOdW1iZXIiOiIiLCJsb2dpbiI6InRlYWNoZXJfZnVsbEBpc21hcnQub3JnIiwiZW1haWwiOiJ0ZWFjaGVyX2Z1bGxAaXNtYXJ0Lm9yZyIsImNvbnRyYWN0VHlwZSI6InByaXZhdGUiLCJleHRlcm5hbFVzZXJTb3VyY2UiOm51bGwsImdvZE1vZGUiOnRydWUsImVkdWNvbnQiOnt9LCJfaWQiOiI2NWMzNDFiMmI5MmM3YTVmYmFmZWI2MDcifQ.g8I_2Btv7rGXWFT_jbBB9c0iAVhZshRxVIA8nbNqh0s","default","Mon Oct 05 01:02:27 UTC 2026","passed","Mon Oct 05 01:02:52 UTC 2026","Tests Eors","","",""
"","15904","Каталог заданий: Подготовка к контрольным работам ""Биология"" — Класс 2","default","Mon Oct 05 02:30:21 UTC 2026","passed","Mon Oct 05 02:30:37 UTC 2026","AuTestCatalogTask","","",""
"","27141","Каталог заданий: ЗПР ""Английский язык. 7.1"" — Класс 4","default","Mon Oct 05 03:38:17 UTC 2026","passed","Mon Oct 05 03:38:44 UTC 2026","AuTestCatalogTask","","",""
"","20896","Каталог заданий: НОДА ""Вероятность и статистика. 6.1"" — Класс 4","default","Mon Oct 05 03:48:56 UTC 2026","passed","Mon Oct 05 03:49:17 UTC 2026","AuTestCatalogTask","","",""
"","14564","Каталог заданий: Нарушение слуха ""Информатика. 1.1"" — Класс 3","default","Mon Oct 05 03:21:52 UTC 2026","passed","Mon Oct 05 03:22:07 UTC 2026","AuTestCatalogTask","","",""
"","19325","Каталог заданий: Подготовка к ОГЭ ""Математика. Варианты КИМ""","default","Mon Oct 05 02:18:44 UTC 2026","passed","Mon Oct 05 02:19:03 UTC 2026","AuTestCatalogTask","","",""
"","17515","Каталог заданий: Слепые ""Обществознание. 3.1"" — Класс 5","default","Mon Oct 05 02:59:19 UTC 2026","passed","Mon Oct 05 02:59:37 UTC 2026","AuTestCatalogTask","","",""
"","52696","135. EORS: https://edu.ismart.org/catalog/2a5e18-russkii-yazik-1-ntr/9-chto-mi-znaem-o-predlozhenii_YlFWao?view=tasks&categoryCode=2f0184-russkii-yazik-3-klass&auth=eyJhbGciOiJIUzI1NiIsInR5cCI6IkpXVCJ9.eyJpZCI6IjY1YzM0MWIyYjkyYzdhNWZiYWZlYjYwNyIsImlzQWN0aXZlIjp0cnVlLCJpc0d1ZXN0IjpmYWxzZSwiaXNSZWdpc3RyYXRpb25Db21wbGV0ZSI6dHJ1ZSwiaXNDb25maXJtRW1haWwiOmZhbHNlLCJzdHVkZW50cyI6W10sInV0Y09mZnNldCI6MTgwLCJyb2xlIjoic2Nob29sLXRlYWNoZXIiLCJsYXN0TmFtZSI6IiIsImZpcnN0TmFtZSI6ItCf0YDQvtGE0LXRgdGB0LjQvtC90LDQu9GM0L3Ri9C5IiwicGhvbmVOdW1iZXIiOiIiLCJsb2dpbiI6InRlYWNoZXJfZnVsbEBpc21hcnQub3JnIiwiZW1haWwiOiJ0ZWFjaGVyX2Z1bGxAaXNtYXJ0Lm9yZyIsImNvbnRyYWN0VHlwZSI6InByaXZhdGUiLCJleHRlcm5hbFVzZXJTb3VyY2UiOm51bGwsImdvZE1vZGUiOnRydWUsImVkdWNvbnQiOnt9LCJfaWQiOiI2NWMzNDFiMmI5MmM3YTVmYmFmZWI2MDcifQ.g8I_2Btv7rGXWFT_jbBB9c0iAVhZshRxVIA8nbNqh0s","default","Mon Oct 05 00:40:05 UTC 2026","failed","Mon Oct 05 00:40:58 UTC 2026","Tests Eors","","",""
"","40534","Каталог заданий: Слепые ""Биология. 3.1"" — Класс 2","default","Mon Oct 05 03:00:32 UTC 2026","passed","Mon Oct 05 03:01:12 UTC 2026","AuTestCatalogTask","","",""
"","20520","Каталог заданий: РАС ""Вероятность и статистика. 8.1"" — Класс 4","default","Mon Oct 05 03:58:43 UTC 2026","passed","Mon Oct 05 03:59:04 UTC 2026","AuTestCatalogTask","","",""
"","48562","340. EORS: https://edu.ismart.org/catalog/7561b0-razvitie-orfograficheskoi-zorkosti/201-razvitie-orfografichesko-zorkosti?view=tasks&class=5a3cef238409440019b57b38&auth=eyJhbGciOiJIUzI1NiIsInR5cCI6IkpXVCJ9.eyJpZCI6IjY1YzM0MWIyYjkyYzdhNWZiYWZlYjYwNyIsImlzQWN0aXZlIjp0cnVlLCJpc0d1ZXN0IjpmYWxzZSwiaXNSZWdpc3RyYXRpb25Db21wbGV0ZSI6dHJ1ZSwiaXNDb25maXJtRW1haWwiOmZhbHNlLCJzdHVkZW50cyI6W10sInV0Y09mZnNldCI6MTgwLCJyb2xlIjoic2Nob29sLXRlYWNoZXIiLCJsYXN0TmFtZSI6IiIsImZpcnN0TmFtZSI6ItCf0YDQvtGE0LXRgdGB0LjQvtC90LDQu9GM0L3Ri9C5IiwicGhvbmVOdW1iZXIiOiIiLCJsb2dpbiI6InRlYWNoZXJfZnVsbEBpc21hcnQub3JnIiwiZW1haWwiOiJ0ZWFjaGVyX2Z1bGxAaXNtYXJ0Lm9yZyIsImNvbnRyYWN0VHlwZSI6InByaXZhdGUiLCJleHRlcm5hbFVzZXJTb3VyY2UiOm51bGwsImdvZE1vZGUiOnRydWUsImVkdWNvbnQiOnt9LCJfaWQiOiI2NWMzNDFiMmI5MmM3YTVmYmFmZWI2MDcifQ.g8I_2Btv7rGXWFT_jbBB9c0iAVhZshRxVIA8nbNqh0s","default","Mon Oct 05 01:06:59 UTC 2026","failed","Mon Oct 05 01:07:47 UTC 2026","Tests Eors","","",""
"","14286","Каталог заданий: Слепые ""Вероятность и статистика. 3.1"" — Класс 3","default","Mon Oct 05 03:02:46 UTC 2026","passed","Mon Oct 05 03:03:00 UTC 2026","AuTestCatalogTask","","",""
"","20272","273. EORS: https://edu.ismart.org/catalog/5a8b10-himiya/1-zadanie--1-vpr?view=tasks&class=64bfa63cd00b08794c3f8b29&auth=eyJhbGciOiJIUzI1NiIsInR5cCI6IkpXVCJ9.eyJpZCI6IjY1YzM0MWIyYjkyYzdhNWZiYWZlYjYwNyIsImlzQWN0aXZlIjp0cnVlLCJpc0d1ZXN0IjpmYWxzZSwiaXNSZWdpc3RyYXRpb25Db21wbGV0ZSI6dHJ1ZSwiaXNDb25maXJtRW1haWwiOmZhbHNlLCJzdHVkZW50cyI6W10sInV0Y09mZnNldCI6MTgwLCJyb2xlIjoic2Nob29sLXRlYWNoZXIiLCJsYXN0TmFtZSI6IiIsImZpcnN0TmFtZSI6ItCf0YDQvtGE0LXRgdGB0LjQvtC90LDQu9GM0L3Ri9C5IiwicGhvbmVOdW1iZXIiOiIiLCJsb2dpbiI6InRlYWNoZXJfZnVsbEBpc21hcnQub3JnIiwiZW1haWwiOiJ0ZWFjaGVyX2Z1bGxAaXNtYXJ0Lm9yZyIsImNvbnRyYWN0VHlwZSI6InByaXZhdGUiLCJleHRlcm5hbFVzZXJTb3VyY2UiOm51bGwsImdvZE1vZGUiOnRydWUsImVkdWNvbnQiOnt9LCJfaWQiOiI2NWMzNDFiMmI5MmM3YTVmYmFmZWI2MDcifQ.g8I_2Btv7rGXWFT_jbBB9c0iAVhZshRxVIA8nbNqh0s","default","Mon Oct 05 00:58:21 UTC 2026","passed","Mon Oct 05 00:58:41 UTC 2026","Tests Eors","","",""
"","28227","112. EORS: https://edu.ismart.org/catalog/bce39d-algebra-i-nachala-matematicheskogo-analiza-tnr/1-mnojestva-racionalnyh-i-destvitelnyh-chisel_7vYunt?view=tasks&categoryCode=27bcd2-algebra-i-nachalo-matem-analiza-10-kl&auth=eyJhbGciOiJIUzI1NiIsInR5cCI6IkpXVCJ9.eyJpZCI6IjY1YzM0MWIyYjkyYzdhNWZiYWZlYjYwNyIsImlzQWN0aXZlIjp0cnVlLCJpc0d1ZXN0IjpmYWxzZSwiaXNSZWdpc3RyYXRpb25Db21wbGV0ZSI6dHJ1ZSwiaXNDb25maXJtRW1haWwiOmZhbHNlLCJzdHVkZW50cyI6W10sInV0Y09mZnNldCI6MTgwLCJyb2xlIjoic2Nob29sLXRlYWNoZXIiLCJsYXN0TmFtZSI6IiIsImZpcnN0TmFtZSI6ItCf0YDQvtGE0LXRgdGB0LjQvtC90LDQu9GM0L3Ri9C5IiwicGhvbmVOdW1iZXIiOiIiLCJsb2dpbiI6InRlYWNoZXJfZnVsbEBpc21hcnQub3JnIiwiZW1haWwiOiJ0ZWFjaGVyX2Z1bGxAaXNtYXJ0Lm9yZyIsImNvbnRyYWN0VHlwZSI6InByaXZhdGUiLCJleHRlcm5hbFVzZXJTb3VyY2UiOm51bGwsImdvZE1vZGUiOnRydWUsImVkdWNvbnQiOnt9LCJfaWQiOiI2NWMzNDFiMmI5MmM3YTVmYmFmZWI2MDcifQ.g8I_2Btv7rGXWFT_jbBB9c0iAVhZshRxVIA8nbNqh0s","default","Mon Oct 05 00:37:15 UTC 2026","passed","Mon Oct 05 00:37:43 UTC 2026","Tests Eors","","",""
"","31462","Каталог заданий: Нарушение слуха ""Окружающий мир. 1.1"" — Класс 3","default","Mon Oct 05 03:15:12 UTC 2026","passed","Mon Oct 05 03:15:44 UTC 2026","AuTestCatalogTask","","",""
"","34018","Каталог заданий: Школьная программа ""История"" — Класс 1","default","Mon Oct 05 02:03:18 UTC 2026","passed","Mon Oct 05 02:03:52 UTC 2026","AuTestCatalogTask","","",""
"","19306","Каталог заданий: Слепые ""Русский язык. 3.1"" — Класс 6","default","Mon Oct 05 02:54:33 UTC 2026","passed","Mon Oct 05 02:54:53 UTC 2026","AuTestCatalogTask","","",""
"","29595","Каталог заданий: Нарушение слуха ""Химия. 1.1"" — Класс 1","default","Mon Oct 05 03:20:13 UTC 2026","passed","Mon Oct 05 03:20:42 UTC 2026","AuTestCatalogTask","","",""
"","27056","Каталог заданий: Нарушение слуха ""Химия. 1.1"" — Класс 4","default","Mon Oct 05 03:20:47 UTC 2026","passed","Mon Oct 05 03:21:14 UTC 2026","AuTestCatalogTask","","",""
"","21047","161. EORS: https://edu.ismart.org/catalog/05cee6-russkii-yazik-2-1/fonetika-grafika-orfoepiya_vLmiSe_rqTeGf?view=tasks&categoryCode=38feec-9-klass&auth=eyJhbGciOiJIUzI1NiIsInR5cCI6IkpXVCJ9.eyJpZCI6IjY1YzM0MWIyYjkyYzdhNWZiYWZlYjYwNyIsImlzQWN0aXZlIjp0cnVlLCJpc0d1ZXN0IjpmYWxzZSwiaXNSZWdpc3RyYXRpb25Db21wbGV0ZSI6dHJ1ZSwiaXNDb25maXJtRW1haWwiOmZhbHNlLCJzdHVkZW50cyI6W10sInV0Y09mZnNldCI6MTgwLCJyb2xlIjoic2Nob29sLXRlYWNoZXIiLCJsYXN0TmFtZSI6IiIsImZpcnN0TmFtZSI6ItCf0YDQvtGE0LXRgdGB0LjQvtC90LDQu9GM0L3Ri9C5IiwicGhvbmVOdW1iZXIiOiIiLCJsb2dpbiI6InRlYWNoZXJfZnVsbEBpc21hcnQub3JnIiwiZW1haWwiOiJ0ZWFjaGVyX2Z1bGxAaXNtYXJ0Lm9yZyIsImNvbnRyYWN0VHlwZSI6InByaXZhdGUiLCJleHRlcm5hbFVzZXJTb3VyY2UiOm51bGwsImdvZE1vZGUiOnRydWUsImVkdWNvbnQiOnt9LCJfaWQiOiI2NWMzNDFiMmI5MmM3YTVmYmFmZWI2MDcifQ.g8I_2Btv7rGXWFT_jbBB9c0iAVhZshRxVIA8nbNqh0s","default","Mon Oct 05 00:43:28 UTC 2026","passed","Mon Oct 05 00:43:49 UTC 2026","Tests Eors","","",""
"","21205","643. EORS: https://edu.ismart.org/catalog/208f8d-russkii-yazik-zpr/fonetika-grafika-orfoepiya_oI1rCJ?view=tasks&categoryCode=dda493-russkii-yazik-9-kl&auth=eyJhbGciOiJIUzI1NiIsInR5cCI6IkpXVCJ9.eyJpZCI6IjY1YzM0MWIyYjkyYzdhNWZiYWZlYjYwNyIsImlzQWN0aXZlIjp0cnVlLCJpc0d1ZXN0IjpmYWxzZSwiaXNSZWdpc3RyYXRpb25Db21wbGV0ZSI6dHJ1ZSwiaXNDb25maXJtRW1haWwiOmZhbHNlLCJzdHVkZW50cyI6W10sInV0Y09mZnNldCI6MTgwLCJyb2xlIjoic2Nob29sLXRlYWNoZXIiLCJsYXN0TmFtZSI6IiIsImZpcnN0TmFtZSI6ItCf0YDQvtGE0LXRgdGB0LjQvtC90LDQu9GM0L3Ri9C5IiwicGhvbmVOdW1iZXIiOiIiLCJsb2dpbiI6InRlYWNoZXJfZnVsbEBpc21hcnQub3JnIiwiZW1haWwiOiJ0ZWFjaGVyX2Z1bGxAaXNtYXJ0Lm9yZyIsImNvbnRyYWN0VHlwZSI6InByaXZhdGUiLCJleHRlcm5hbFVzZXJTb3VyY2UiOm51bGwsImdvZE1vZGUiOnRydWUsImVkdWNvbnQiOnt9LCJfaWQiOiI2NWMzNDFiMmI5MmM3YTVmYmFmZWI2MDcifQ.g8I_2Btv7rGXWFT_jbBB9c0iAVhZshRxVIA8nbNqh0s","default","Mon Oct 05 01:49:39 UTC 2026","passed","Mon Oct 05 01:50:01 UTC 2026","Tests Eors","","",""
"","11446","Каталог заданий: Русский язык пакеты ""Орфографическая грамотность (5-9 кл.)"" — Класс 3","default","Mon Oct 05 02:43:11 UTC 2026","passed","Mon Oct 05 02:43:22 UTC 2026","AuTestCatalogTask","","",""
"","49974","611. EORS: https://edu.ismart.org/catalog/5bd47f-okruzhayuschii-mir-noda/01-chelovek-i-obshchestvo-shkola-i-shkolnaya-jizn_eEfHD4?view=tasks&categoryCode=ceb54e-okruzhayuschii-1-kl&auth=eyJhbGciOiJIUzI1NiIsInR5cCI6IkpXVCJ9.eyJpZCI6IjY1YzM0MWIyYjkyYzdhNWZiYWZlYjYwNyIsImlzQWN0aXZlIjp0cnVlLCJpc0d1ZXN0IjpmYWxzZSwiaXNSZWdpc3RyYXRpb25Db21wbGV0ZSI6dHJ1ZSwiaXNDb25maXJtRW1haWwiOmZhbHNlLCJzdHVkZW50cyI6W10sInV0Y09mZnNldCI6MTgwLCJyb2xlIjoic2Nob29sLXRlYWNoZXIiLCJsYXN0TmFtZSI6IiIsImZpcnN0TmFtZSI6ItCf0YDQvtGE0LXRgdGB0LjQvtC90LDQu9GM0L3Ri9C5IiwicGhvbmVOdW1iZXIiOiIiLCJsb2dpbiI6InRlYWNoZXJfZnVsbEBpc21hcnQub3JnIiwiZW1haWwiOiJ0ZWFjaGVyX2Z1bGxAaXNtYXJ0Lm9yZyIsImNvbnRyYWN0VHlwZSI6InByaXZhdGUiLCJleHRlcm5hbFVzZXJTb3VyY2UiOm51bGwsImdvZE1vZGUiOnRydWUsImVkdWNvbnQiOnt9LCJfaWQiOiI2NWMzNDFiMmI5MmM3YTVmYmFmZWI2MDcifQ.g8I_2Btv7rGXWFT_jbBB9c0iAVhZshRxVIA8nbNqh0s","default","Mon Oct 05 01:45:10 UTC 2026","failed","Mon Oct 05 01:46:00 UTC 2026","Tests Eors","","",""
"","25650","355. EORS: https://edu.ismart.org/catalog/4f1fcc-angliiskii-yazik-7-1/1-mir-moego-ya-osnovno_qqX3xP_PjOsnW?view=tasks&categoryCode=79a772-4-kl&auth=eyJhbGciOiJIUzI1NiIsInR5cCI6IkpXVCJ9.eyJpZCI6IjY1YzM0MWIyYjkyYzdhNWZiYWZlYjYwNyIsImlzQWN0aXZlIjp0cnVlLCJpc0d1ZXN0IjpmYWxzZSwiaXNSZWdpc3RyYXRpb25Db21wbGV0ZSI6dHJ1ZSwiaXNDb25maXJtRW1haWwiOmZhbHNlLCJzdHVkZW50cyI6W10sInV0Y09mZnNldCI6MTgwLCJyb2xlIjoic2Nob29sLXRlYWNoZXIiLCJsYXN0TmFtZSI6IiIsImZpcnN0TmFtZSI6ItCf0YDQvtGE0LXRgdGB0LjQvtC90LDQu9GM0L3Ri9C5IiwicGhvbmVOdW1iZXIiOiIiLCJsb2dpbiI6InRlYWNoZXJfZnVsbEBpc21hcnQub3JnIiwiZW1haWwiOiJ0ZWFjaGVyX2Z1bGxAaXNtYXJ0Lm9yZyIsImNvbnRyYWN0VHlwZSI6InByaXZhdGUiLCJleHRlcm5hbFVzZXJTb3VyY2UiOm51bGwsImdvZE1vZGUiOnRydWUsImVkdWNvbnQiOnt9LCJfaWQiOiI2NWMzNDFiMmI5MmM3YTVmYmFmZWI2MDcifQ.g8I_2Btv7rGXWFT_jbBB9c0iAVhZshRxVIA8nbNqh0s","default","Mon Oct 05 01:09:18 UTC 2026","passed","Mon Oct 05 01:09:44 UTC 2026","Tests Eors","","",""
"","56615","661. EORS: https://edu.ismart.org/catalog/8dc0be-algebra/1-chisla-i-vychisleniya?categoryCode=e5a931-algebra-7-klass&view=tasks&auth=eyJhbGciOiJIUzI1NiIsInR5cCI6IkpXVCJ9.eyJpZCI6IjY1YzM0MWIyYjkyYzdhNWZiYWZlYjYwNyIsImlzQWN0aXZlIjp0cnVlLCJpc0d1ZXN0IjpmYWxzZSwiaXNSZWdpc3RyYXRpb25Db21wbGV0ZSI6dHJ1ZSwiaXNDb25maXJtRW1haWwiOmZhbHNlLCJzdHVkZW50cyI6W10sInV0Y09mZnNldCI6MTgwLCJyb2xlIjoic2Nob29sLXRlYWNoZXIiLCJsYXN0TmFtZSI6IiIsImZpcnN0TmFtZSI6ItCf0YDQvtGE0LXRgdGB0LjQvtC90LDQu9GM0L3Ri9C5IiwicGhvbmVOdW1iZXIiOiIiLCJsb2dpbiI6InRlYWNoZXJfZnVsbEBpc21hcnQub3JnIiwiZW1haWwiOiJ0ZWFjaGVyX2Z1bGxAaXNtYXJ0Lm9yZyIsImNvbnRyYWN0VHlwZSI6InByaXZhdGUiLCJleHRlcm5hbFVzZXJTb3VyY2UiOm51bGwsImdvZE1vZGUiOnRydWUsImVkdWNvbnQiOnt9LCJfaWQiOiI2NWMzNDFiMmI5MmM3YTVmYmFmZWI2MDcifQ.g8I_2Btv7rGXWFT_jbBB9c0iAVhZshRxVIA8nbNqh0s","default","Mon Oct 05 01:52:15 UTC 2026","failed","Mon Oct 05 01:53:12 UTC 2026","Tests Eors","","",""
"","11838","Каталог заданий: Русский язык пакеты ""Орфографическая грамотность (5-9 кл.)"" — Класс 5","default","Mon Oct 05 02:43:18 UTC 2026","passed","Mon Oct 05 02:43:30 UTC 2026","AuTestCatalogTask","","",""
"","64594","Каталог заданий: НОДА ""Биология. 6.1"" — Класс 6","default","Mon Oct 05 03:46:25 UTC 2026","passed","Mon Oct 05 03:47:30 UTC 2026","AuTestCatalogTask","","",""
"","26105","Каталог заданий: Повторение пройденного материала ""Информатика"" — Класс 2","default","Mon Oct 05 02:39:52 UTC 2026","passed","Mon Oct 05 02:40:18 UTC 2026","AuTestCatalogTask","","",""
"","13401","Каталог заданий: Слепые ""Геометрия. 3.1"" — Класс 5","default","Mon Oct 05 02:56:23 UTC 2026","passed","Mon Oct 05 02:56:36 UTC 2026","AuTestCatalogTask","","",""
"","22886","Каталог заданий: Нарушение слуха ""Русский язык. 1.1"" — Класс 6","default","Mon Oct 05 03:12:59 UTC 2026","passed","Mon Oct 05 03:13:22 UTC 2026","AuTestCatalogTask","","",""
"","25410","440. EORS: https://edu.ismart.org/catalog/3941ec-fizika-6-1/1-mehanika_xOqlNV_T7y9MC?view=tasks&categoryCode=9865b8-9-kl&auth=eyJhbGciOiJIUzI1NiIsInR5cCI6IkpXVCJ9.eyJpZCI6IjY1YzM0MWIyYjkyYzdhNWZiYWZlYjYwNyIsImlzQWN0aXZlIjp0cnVlLCJpc0d1ZXN0IjpmYWxzZSwiaXNSZWdpc3RyYXRpb25Db21wbGV0ZSI6dHJ1ZSwiaXNDb25maXJtRW1haWwiOmZhbHNlLCJzdHVkZW50cyI6W10sInV0Y09mZnNldCI6MTgwLCJyb2xlIjoic2Nob29sLXRlYWNoZXIiLCJsYXN0TmFtZSI6IiIsImZpcnN0TmFtZSI6ItCf0YDQvtGE0LXRgdGB0LjQvtC90LDQu9GM0L3Ri9C5IiwicGhvbmVOdW1iZXIiOiIiLCJsb2dpbiI6InRlYWNoZXJfZnVsbEBpc21hcnQub3JnIiwiZW1haWwiOiJ0ZWFjaGVyX2Z1bGxAaXNtYXJ0Lm9yZyIsImNvbnRyYWN0VHlwZSI6InByaXZhdGUiLCJleHRlcm5hbFVzZXJTb3VyY2UiOm51bGwsImdvZE1vZGUiOnRydWUsImVkdWNvbnQiOnt9LCJfaWQiOiI2NWMzNDFiMmI5MmM3YTVmYmFmZWI2MDcifQ.g8I_2Btv7rGXWFT_jbBB9c0iAVhZshRxVIA8nbNqh0s","default","Mon Oct 05 01:19:29 UTC 2026","passed","Mon Oct 05 01:19:54 UTC 2026","Tests Eors","","",""
"","25730","Каталог заданий: РАС ""Английский язык. 8.1"" — Класс 7","default","Mon Oct 05 03:58:07 UTC 2026","passed","Mon Oct 05 03:58:33 UTC 2026","AuTestCatalogTask","","",""
"","20590","Каталог заданий: Русский язык пакеты ""Орфографическая грамотность (1-4 кл.)"" — Класс 3","default","Mon Oct 05 02:42:52 UTC 2026","passed","Mon Oct 05 02:43:12 UTC 2026","AuTestCatalogTask","","",""
"","23825","352. EORS: https://edu.ismart.org/catalog/815602-informatika-1-1/1-cifrovaya-gramotnost_j2UT1T_JK96Lu?view=tasks&categoryCode=787b03-11-kl&auth=eyJhbGciOiJIUzI1NiIsInR5cCI6IkpXVCJ9.eyJpZCI6IjY1YzM0MWIyYjkyYzdhNWZiYWZlYjYwNyIsImlzQWN0aXZlIjp0cnVlLCJpc0d1ZXN0IjpmYWxzZSwiaXNSZWdpc3RyYXRpb25Db21wbGV0ZSI6dHJ1ZSwiaXNDb25maXJtRW1haWwiOmZhbHNlLCJzdHVkZW50cyI6W10sInV0Y09mZnNldCI6MTgwLCJyb2xlIjoic2Nob29sLXRlYWNoZXIiLCJsYXN0TmFtZSI6IiIsImZpcnN0TmFtZSI6ItCf0YDQvtGE0LXRgdGB0LjQvtC90LDQu9GM0L3Ri9C5IiwicGhvbmVOdW1iZXIiOiIiLCJsb2dpbiI6InRlYWNoZXJfZnVsbEBpc21hcnQub3JnIiwiZW1haWwiOiJ0ZWFjaGVyX2Z1bGxAaXNtYXJ0Lm9yZyIsImNvbnRyYWN0VHlwZSI6InByaXZhdGUiLCJleHRlcm5hbFVzZXJTb3VyY2UiOm51bGwsImdvZE1vZGUiOnRydWUsImVkdWNvbnQiOnt9LCJfaWQiOiI2NWMzNDFiMmI5MmM3YTVmYmFmZWI2MDcifQ.g8I_2Btv7rGXWFT_jbBB9c0iAVhZshRxVIA8nbNqh0s","default","Mon Oct 05 01:09:02 UTC 2026","passed","Mon Oct 05 01:09:26 UTC 2026","Tests Eors","","",""
"","26437","407. EORS: https://edu.ismart.org/catalog/8e5bf2-biologiya/1-sistematika-i-klassifikaciya-rasteni?view=tasks&class=5f3fa2c7f00eca001c8bd3f9&auth=eyJhbGciOiJIUzI1NiIsInR5cCI6IkpXVCJ9.eyJpZCI6IjY1YzM0MWIyYjkyYzdhNWZiYWZlYjYwNyIsImlzQWN0aXZlIjp0cnVlLCJpc0d1ZXN0IjpmYWxzZSwiaXNSZWdpc3RyYXRpb25Db21wbGV0ZSI6dHJ1ZSwiaXNDb25maXJtRW1haWwiOmZhbHNlLCJzdHVkZW50cyI6W10sInV0Y09mZnNldCI6MTgwLCJyb2xlIjoic2Nob29sLXRlYWNoZXIiLCJsYXN0TmFtZSI6IiIsImZpcnN0TmFtZSI6ItCf0YDQvtGE0LXRgdGB0LjQvtC90LDQu9GM0L3Ri9C5IiwicGhvbmVOdW1iZXIiOiIiLCJsb2dpbiI6InRlYWNoZXJfZnVsbEBpc21hcnQub3JnIiwiZW1haWwiOiJ0ZWFjaGVyX2Z1bGxAaXNtYXJ0Lm9yZyIsImNvbnRyYWN0VHlwZSI6InByaXZhdGUiLCJleHRlcm5hbFVzZXJTb3VyY2UiOm51bGwsImdvZE1vZGUiOnRydWUsImVkdWNvbnQiOnt9LCJfaWQiOiI2NWMzNDFiMmI5MmM3YTVmYmFmZWI2MDcifQ.g8I_2Btv7rGXWFT_jbBB9c0iAVhZshRxVIA8nbNqh0s","default","Mon Oct 05 01:15:41 UTC 2026","passed","Mon Oct 05 01:16:08 UTC 2026","Tests Eors","","",""
"","24677","177. EORS: https://edu.ismart.org/catalog/f5f53c-matematika-ras/1-naturalnye-chisla_SEU8AN?view=tasks&categoryCode=3efa9b-matematika-6-kl&auth=eyJhbGciOiJIUzI1NiIsInR5cCI6IkpXVCJ9.eyJpZCI6IjY1YzM0MWIyYjkyYzdhNWZiYWZlYjYwNyIsImlzQWN0aXZlIjp0cnVlLCJpc0d1ZXN0IjpmYWxzZSwiaXNSZWdpc3RyYXRpb25Db21wbGV0ZSI6dHJ1ZSwiaXNDb25maXJtRW1haWwiOmZhbHNlLCJzdHVkZW50cyI6W10sInV0Y09mZnNldCI6MTgwLCJyb2xlIjoic2Nob29sLXRlYWNoZXIiLCJsYXN0TmFtZSI6IiIsImZpcnN0TmFtZSI6ItCf0YDQvtGE0LXRgdGB0LjQvtC90LDQu9GM0L3Ri9C5IiwicGhvbmVOdW1iZXIiOiIiLCJsb2dpbiI6InRlYWNoZXJfZnVsbEBpc21hcnQub3JnIiwiZW1haWwiOiJ0ZWFjaGVyX2Z1bGxAaXNtYXJ0Lm9yZyIsImNvbnRyYWN0VHlwZSI6InByaXZhdGUiLCJleHRlcm5hbFVzZXJTb3VyY2UiOm51bGwsImdvZE1vZGUiOnRydWUsImVkdWNvbnQiOnt9LCJfaWQiOiI2NWMzNDFiMmI5MmM3YTVmYmFmZWI2MDcifQ.g8I_2Btv7rGXWFT_jbBB9c0iAVhZshRxVIA8nbNqh0s","default","Mon Oct 05 00:45:05 UTC 2026","passed","Mon Oct 05 00:45:29 UTC 2026","Tests Eors","","",""
"","26400","Каталог заданий: Повторение пройденного материала ""Обществознание"" — Класс 1","default","Mon Oct 05 02:39:03 UTC 2026","passed","Mon Oct 05 02:39:29 UTC 2026","AuTestCatalogTask","","",""
"","50609","313. EORS: https://edu.ismart.org/catalog/1aa8e2-okruzhayuschii-mir-narushenie-sluha/01-chelovek-i-obshchestvo-shkola-i-shkolnaya-jizn_zSChOE?view=tasks&categoryCode=69c335-okruzhayuschii-1-kl&auth=eyJhbGciOiJIUzI1NiIsInR5cCI6IkpXVCJ9.eyJpZCI6IjY1YzM0MWIyYjkyYzdhNWZiYWZlYjYwNyIsImlzQWN0aXZlIjp0cnVlLCJpc0d1ZXN0IjpmYWxzZSwiaXNSZWdpc3RyYXRpb25Db21wbGV0ZSI6dHJ1ZSwiaXNDb25maXJtRW1haWwiOmZhbHNlLCJzdHVkZW50cyI6W10sInV0Y09mZnNldCI6MTgwLCJyb2xlIjoic2Nob29sLXRlYWNoZXIiLCJsYXN0TmFtZSI6IiIsImZpcnN0TmFtZSI6ItCf0YDQvtGE0LXRgdGB0LjQvtC90LDQu9GM0L3Ri9C5IiwicGhvbmVOdW1iZXIiOiIiLCJsb2dpbiI6InRlYWNoZXJfZnVsbEBpc21hcnQub3JnIiwiZW1haWwiOiJ0ZWFjaGVyX2Z1bGxAaXNtYXJ0Lm9yZyIsImNvbnRyYWN0VHlwZSI6InByaXZhdGUiLCJleHRlcm5hbFVzZXJTb3VyY2UiOm51bGwsImdvZE1vZGUiOnRydWUsImVkdWNvbnQiOnt9LCJfaWQiOiI2NWMzNDFiMmI5MmM3YTVmYmFmZWI2MDcifQ.g8I_2Btv7rGXWFT_jbBB9c0iAVhZshRxVIA8nbNqh0s","default","Mon Oct 05 01:02:56 UTC 2026","failed","Mon Oct 05 01:03:46 UTC 2026","Tests Eors","","",""
"","45921","618. EORS: https://edu.ismart.org/catalog/d07a03-chto-nuzhno-znat-o-pravopisanii-slov-dlya-5-9-klassov/200-chto-nujno-znat-o-pravopisanii-slov?view=tasks&class=61a71c551b0ad63754c198e9&auth=eyJhbGciOiJIUzI1NiIsInR5cCI6IkpXVCJ9.eyJpZCI6IjY1YzM0MWIyYjkyYzdhNWZiYWZlYjYwNyIsImlzQWN0aXZlIjp0cnVlLCJpc0d1ZXN0IjpmYWxzZSwiaXNSZWdpc3RyYXRpb25Db21wbGV0ZSI6dHJ1ZSwiaXNDb25maXJtRW1haWwiOmZhbHNlLCJzdHVkZW50cyI6W10sInV0Y09mZnNldCI6MTgwLCJyb2xlIjoic2Nob29sLXRlYWNoZXIiLCJsYXN0TmFtZSI6IiIsImZpcnN0TmFtZSI6ItCf0YDQvtGE0LXRgdGB0LjQvtC90LDQu9GM0L3Ri9C5IiwicGhvbmVOdW1iZXIiOiIiLCJsb2dpbiI6InRlYWNoZXJfZnVsbEBpc21hcnQub3JnIiwiZW1haWwiOiJ0ZWFjaGVyX2Z1bGxAaXNtYXJ0Lm9yZyIsImNvbnRyYWN0VHlwZSI6InByaXZhdGUiLCJleHRlcm5hbFVzZXJTb3VyY2UiOm51bGwsImdvZE1vZGUiOnRydWUsImVkdWNvbnQiOnt9LCJfaWQiOiI2NWMzNDFiMmI5MmM3YTVmYmFmZWI2MDcifQ.g8I_2Btv7rGXWFT_jbBB9c0iAVhZshRxVIA8nbNqh0s","default","Mon Oct 05 01:46:12 UTC 2026","failed","Mon Oct 05 01:46:58 UTC 2026","Tests Eors","","",""
"","12296","Каталог заданий: ЗПР ""Обществознание. 7.1"" — Класс 3","default","Mon Oct 05 03:35:39 UTC 2026","passed","Mon Oct 05 03:35:52 UTC 2026","AuTestCatalogTask","","",""
"","14171","Каталог заданий: ТНР ""Обществознание. 5.1"" — Класс 2","default","Mon Oct 05 02:52:52 UTC 2026","passed","Mon Oct 05 02:53:06 UTC 2026","AuTestCatalogTask","","",""
"","13372","Каталог заданий: Школьная программа ""Родной язык (русский)"" — Класс 2","default","Mon Oct 05 02:11:59 UTC 2026","passed","Mon Oct 05 02:12:12 UTC 2026","AuTestCatalogTask","","",""
"","15160","Каталог заданий: ТНР ""Информатика. 5.1"" — Класс 1","default","Mon Oct 05 02:52:28 UTC 2026","passed","Mon Oct 05 02:52:43 UTC 2026","AuTestCatalogTask","","",""
"","15432","Каталог заданий: НОДА ""Обществознание. 6.1"" — Класс 2","default","Mon Oct 05 03:45:13 UTC 2026","passed","Mon Oct 05 03:45:29 UTC 2026","AuTestCatalogTask","","",""
"","27023","25. EORS: https://edu.ismart.org/catalog/lang-eng/01-vzaimootnosheniya-v-seme-i-s-druzyami-konflikty-i-ih-razreshenie?view=tasks&categoryCode=07af4d-angliiskii-yazik-9-klass&auth=eyJhbGciOiJIUzI1NiIsInR5cCI6IkpXVCJ9.eyJpZCI6IjY1YzM0MWIyYjkyYzdhNWZiYWZlYjYwNyIsImlzQWN0aXZlIjp0cnVlLCJpc0d1ZXN0IjpmYWxzZSwiaXNSZWdpc3RyYXRpb25Db21wbGV0ZSI6dHJ1ZSwiaXNDb25maXJtRW1haWwiOmZhbHNlLCJzdHVkZW50cyI6W10sInV0Y09mZnNldCI6MTgwLCJyb2xlIjoic2Nob29sLXRlYWNoZXIiLCJsYXN0TmFtZSI6IiIsImZpcnN0TmFtZSI6ItCf0YDQvtGE0LXRgdGB0LjQvtC90LDQu9GM0L3Ri9C5IiwicGhvbmVOdW1iZXIiOiIiLCJsb2dpbiI6InRlYWNoZXJfZnVsbEBpc21hcnQub3JnIiwiZW1haWwiOiJ0ZWFjaGVyX2Z1bGxAaXNtYXJ0Lm9yZyIsImNvbnRyYWN0VHlwZSI6InByaXZhdGUiLCJleHRlcm5hbFVzZXJTb3VyY2UiOm51bGwsImdvZE1vZGUiOnRydWUsImVkdWNvbnQiOnt9LCJfaWQiOiI2NWMzNDFiMmI5MmM3YTVmYmFmZWI2MDcifQ.g8I_2Btv7rGXWFT_jbBB9c0iAVhZshRxVIA8nbNqh0s","default","Mon Oct 05 00:25:25 UTC 2026","passed","Mon Oct 05 00:25:52 UTC 2026","Tests Eors","","",""
"","22268","147. EORS: https://edu.ismart.org/catalog/4c5ed4-literatura-8-1/1-osnovnye-etapy-russkogo-literaturnogo-processa-s-drevnerussko-literatury-do-xix-veka_PNycqO_ohhPi9?view=tasks&categoryCode=338c50-10-kl&auth=eyJhbGciOiJIUzI1NiIsInR5cCI6IkpXVCJ9.eyJpZCI6IjY1YzM0MWIyYjkyYzdhNWZiYWZlYjYwNyIsImlzQWN0aXZlIjp0cnVlLCJpc0d1ZXN0IjpmYWxzZSwiaXNSZWdpc3RyYXRpb25Db21wbGV0ZSI6dHJ1ZSwiaXNDb25maXJtRW1haWwiOmZhbHNlLCJzdHVkZW50cyI6W10sInV0Y09mZnNldCI6MTgwLCJyb2xlIjoic2Nob29sLXRlYWNoZXIiLCJsYXN0TmFtZSI6IiIsImZpcnN0TmFtZSI6ItCf0YDQvtGE0LXRgdGB0LjQvtC90LDQu9GM0L3Ri9C5IiwicGhvbmVOdW1iZXIiOiIiLCJsb2dpbiI6InRlYWNoZXJfZnVsbEBpc21hcnQub3JnIiwiZW1haWwiOiJ0ZWFjaGVyX2Z1bGxAaXNtYXJ0Lm9yZyIsImNvbnRyYWN0VHlwZSI6InByaXZhdGUiLCJleHRlcm5hbFVzZXJTb3VyY2UiOm51bGwsImdvZE1vZGUiOnRydWUsImVkdWNvbnQiOnt9LCJfaWQiOiI2NWMzNDFiMmI5MmM3YTVmYmFmZWI2MDcifQ.g8I_2Btv7rGXWFT_jbBB9c0iAVhZshRxVIA8nbNqh0s","default","Mon Oct 05 00:42:03 UTC 2026","passed","Mon Oct 05 00:42:25 UTC 2026","Tests Eors","","",""
"","23977","15. EORS: https://edu.ismart.org/catalog/04e661-angliiskii-yazik/00-vhodnoe-testirovanie?view=tasks&class=5f63090daee1af001b415303&auth=eyJhbGciOiJIUzI1NiIsInR5cCI6IkpXVCJ9.eyJpZCI6IjY1YzM0MWIyYjkyYzdhNWZiYWZlYjYwNyIsImlzQWN0aXZlIjp0cnVlLCJpc0d1ZXN0IjpmYWxzZSwiaXNSZWdpc3RyYXRpb25Db21wbGV0ZSI6dHJ1ZSwiaXNDb25maXJtRW1haWwiOmZhbHNlLCJzdHVkZW50cyI6W10sInV0Y09mZnNldCI6MTgwLCJyb2xlIjoic2Nob29sLXRlYWNoZXIiLCJsYXN0TmFtZSI6IiIsImZpcnN0TmFtZSI6ItCf0YDQvtGE0LXRgdGB0LjQvtC90LDQu9GM0L3Ri9C5IiwicGhvbmVOdW1iZXIiOiIiLCJsb2dpbiI6InRlYWNoZXJfZnVsbEBpc21hcnQub3JnIiwiZW1haWwiOiJ0ZWFjaGVyX2Z1bGxAaXNtYXJ0Lm9yZyIsImNvbnRyYWN0VHlwZSI6InByaXZhdGUiLCJleHRlcm5hbFVzZXJTb3VyY2UiOm51bGwsImdvZE1vZGUiOnRydWUsImVkdWNvbnQiOnt9LCJfaWQiOiI2NWMzNDFiMmI5MmM3YTVmYmFmZWI2MDcifQ.g8I_2Btv7rGXWFT_jbBB9c0iAVhZshRxVIA8nbNqh0s","default","Mon Oct 05 00:23:59 UTC 2026","passed","Mon Oct 05 00:24:23 UTC 2026","Tests Eors","","",""
"","51673","236. EORS: https://edu.ismart.org/catalog/4e3834-okruzhayuschii-mir/100-prakticheskaya-rabota--9-po-teme--chelovek-i-obshchestvo?view=tasks&class=5a3cef308409440019b57b39&auth=eyJhbGciOiJIUzI1NiIsInR5cCI6IkpXVCJ9.eyJpZCI6IjY1YzM0MWIyYjkyYzdhNWZiYWZlYjYwNyIsImlzQWN0aXZlIjp0cnVlLCJpc0d1ZXN0IjpmYWxzZSwiaXNSZWdpc3RyYXRpb25Db21wbGV0ZSI6dHJ1ZSwiaXNDb25maXJtRW1haWwiOmZhbHNlLCJzdHVkZW50cyI6W10sInV0Y09mZnNldCI6MTgwLCJyb2xlIjoic2Nob29sLXRlYWNoZXIiLCJsYXN0TmFtZSI6IiIsImZpcnN0TmFtZSI6ItCf0YDQvtGE0LXRgdGB0LjQvtC90LDQu9GM0L3Ri9C5IiwicGhvbmVOdW1iZXIiOiIiLCJsb2dpbiI6InRlYWNoZXJfZnVsbEBpc21hcnQub3JnIiwiZW1haWwiOiJ0ZWFjaGVyX2Z1bGxAaXNtYXJ0Lm9yZyIsImNvbnRyYWN0VHlwZSI6InByaXZhdGUiLCJleHRlcm5hbFVzZXJTb3VyY2UiOm51bGwsImdvZE1vZGUiOnRydWUsImVkdWNvbnQiOnt9LCJfaWQiOiI2NWMzNDFiMmI5MmM3YTVmYmFmZWI2MDcifQ.g8I_2Btv7rGXWFT_jbBB9c0iAVhZshRxVIA8nbNqh0s","default","Mon Oct 05 00:53:00 UTC 2026","failed","Mon Oct 05 00:53:52 UTC 2026","Tests Eors","","",""
"","23283","432. EORS: https://edu.ismart.org/catalog/lang-eng/1-vzaimootnosheniya-v-seme-i-s-druzyami?view=tasks&categoryCode=94b387-angliiskii-yazik-8-klass&auth=eyJhbGciOiJIUzI1NiIsInR5cCI6IkpXVCJ9.eyJpZCI6IjY1YzM0MWIyYjkyYzdhNWZiYWZlYjYwNyIsImlzQWN0aXZlIjp0cnVlLCJpc0d1ZXN0IjpmYWxzZSwiaXNSZWdpc3RyYXRpb25Db21wbGV0ZSI6dHJ1ZSwiaXNDb25maXJtRW1haWwiOmZhbHNlLCJzdHVkZW50cyI6W10sInV0Y09mZnNldCI6MTgwLCJyb2xlIjoic2Nob29sLXRlYWNoZXIiLCJsYXN0TmFtZSI6IiIsImZpcnN0TmFtZSI6ItCf0YDQvtGE0LXRgdGB0LjQvtC90LDQu9GM0L3Ri9C5IiwicGhvbmVOdW1iZXIiOiIiLCJsb2dpbiI6InRlYWNoZXJfZnVsbEBpc21hcnQub3JnIiwiZW1haWwiOiJ0ZWFjaGVyX2Z1bGxAaXNtYXJ0Lm9yZyIsImNvbnRyYWN0VHlwZSI6InByaXZhdGUiLCJleHRlcm5hbFVzZXJTb3VyY2UiOm51bGwsImdvZE1vZGUiOnRydWUsImVkdWNvbnQiOnt9LCJfaWQiOiI2NWMzNDFiMmI5MmM3YTVmYmFmZWI2MDcifQ.g8I_2Btv7rGXWFT_jbBB9c0iAVhZshRxVIA8nbNqh0s","default","Mon Oct 05 01:18:33 UTC 2026","passed","Mon Oct 05 01:18:56 UTC 2026","Tests Eors","","",""
"","26212","Каталог заданий: Подготовка к ОГЭ ""Информатика""","default","Mon Oct 05 02:18:23 UTC 2026","passed","Mon Oct 05 02:18:50 UTC 2026","AuTestCatalogTask","","",""
"","23467","114. EORS: https://edu.ismart.org/catalog/2918b3-matematika-2-klass/1000-povtorenie-na-leto-1-nedelya?view=tasks&class=5a3cef0b8409440019b57b36&auth=eyJhbGciOiJIUzI1NiIsInR5cCI6IkpXVCJ9.eyJpZCI6IjY1YzM0MWIyYjkyYzdhNWZiYWZlYjYwNyIsImlzQWN0aXZlIjp0cnVlLCJpc0d1ZXN0IjpmYWxzZSwiaXNSZWdpc3RyYXRpb25Db21wbGV0ZSI6dHJ1ZSwiaXNDb25maXJtRW1haWwiOmZhbHNlLCJzdHVkZW50cyI6W10sInV0Y09mZnNldCI6MTgwLCJyb2xlIjoic2Nob29sLXRlYWNoZXIiLCJsYXN0TmFtZSI6IiIsImZpcnN0TmFtZSI6ItCf0YDQvtGE0LXRgdGB0LjQvtC90LDQu9GM0L3Ri9C5IiwicGhvbmVOdW1iZXIiOiIiLCJsb2dpbiI6InRlYWNoZXJfZnVsbEBpc21hcnQub3JnIiwiZW1haWwiOiJ0ZWFjaGVyX2Z1bGxAaXNtYXJ0Lm9yZyIsImNvbnRyYWN0VHlwZSI6InByaXZhdGUiLCJleHRlcm5hbFVzZXJTb3VyY2UiOm51bGwsImdvZE1vZGUiOnRydWUsImVkdWNvbnQiOnt9LCJfaWQiOiI2NWMzNDFiMmI5MmM3YTVmYmFmZWI2MDcifQ.g8I_2Btv7rGXWFT_jbBB9c0iAVhZshRxVIA8nbNqh0s","default","Mon Oct 05 00:37:36 UTC 2026","passed","Mon Oct 05 00:37:59 UTC 2026","Tests Eors","","",""
"","22182","562. EORS: https://edu.ismart.org/catalog/c350f7-istoriya-1-1/1-vvedenie_W6WVrS_sgQr63?view=tasks&categoryCode=c7630b-8-klass&auth=eyJhbGciOiJIUzI1NiIsInR5cCI6IkpXVCJ9.eyJpZCI6IjY1YzM0MWIyYjkyYzdhNWZiYWZlYjYwNyIsImlzQWN0aXZlIjp0cnVlLCJpc0d1ZXN0IjpmYWxzZSwiaXNSZWdpc3RyYXRpb25Db21wbGV0ZSI6dHJ1ZSwiaXNDb25maXJtRW1haWwiOmZhbHNlLCJzdHVkZW50cyI6W10sInV0Y09mZnNldCI6MTgwLCJyb2xlIjoic2Nob29sLXRlYWNoZXIiLCJsYXN0TmFtZSI6IiIsImZpcnN0TmFtZSI6ItCf0YDQvtGE0LXRgdGB0LjQvtC90LDQu9GM0L3Ri9C5IiwicGhvbmVOdW1iZXIiOiIiLCJsb2dpbiI6InRlYWNoZXJfZnVsbEBpc21hcnQub3JnIiwiZW1haWwiOiJ0ZWFjaGVyX2Z1bGxAaXNtYXJ0Lm9yZyIsImNvbnRyYWN0VHlwZSI6InByaXZhdGUiLCJleHRlcm5hbFVzZXJTb3VyY2UiOm51bGwsImdvZE1vZGUiOnRydWUsImVkdWNvbnQiOnt9LCJfaWQiOiI2NWMzNDFiMmI5MmM3YTVmYmFmZWI2MDcifQ.g8I_2Btv7rGXWFT_jbBB9c0iAVhZshRxVIA8nbNqh0s","default","Mon Oct 05 01:36:56 UTC 2026","passed","Mon Oct 05 01:37:18 UTC 2026","Tests Eors","","",""
"","21965","406. EORS: https://edu.ismart.org/catalog/8e5bf2-biologiya/1-botanika--nauka-o-rasteniyah?view=tasks&class=5f197003b96284001b29733d&auth=eyJhbGciOiJIUzI1NiIsInR5cCI6IkpXVCJ9.eyJpZCI6IjY1YzM0MWIyYjkyYzdhNWZiYWZlYjYwNyIsImlzQWN0aXZlIjp0cnVlLCJpc0d1ZXN0IjpmYWxzZSwiaXNSZWdpc3RyYXRpb25Db21wbGV0ZSI6dHJ1ZSwiaXNDb25maXJtRW1haWwiOmZhbHNlLCJzdHVkZW50cyI6W10sInV0Y09mZnNldCI6MTgwLCJyb2xlIjoic2Nob29sLXRlYWNoZXIiLCJsYXN0TmFtZSI6IiIsImZpcnN0TmFtZSI6ItCf0YDQvtGE0LXRgdGB0LjQvtC90LDQu9GM0L3Ri9C5IiwicGhvbmVOdW1iZXIiOiIiLCJsb2dpbiI6InRlYWNoZXJfZnVsbEBpc21hcnQub3JnIiwiZW1haWwiOiJ0ZWFjaGVyX2Z1bGxAaXNtYXJ0Lm9yZyIsImNvbnRyYWN0VHlwZSI6InByaXZhdGUiLCJleHRlcm5hbFVzZXJTb3VyY2UiOm51bGwsImdvZE1vZGUiOnRydWUsImVkdWNvbnQiOnt9LCJfaWQiOiI2NWMzNDFiMmI5MmM3YTVmYmFmZWI2MDcifQ.g8I_2Btv7rGXWFT_jbBB9c0iAVhZshRxVIA8nbNqh0s","default","Mon Oct 05 01:15:36 UTC 2026","passed","Mon Oct 05 01:15:58 UTC 2026","Tests Eors","","",""
"","50945","Каталог заданий: Слабовидящие ""Биология. 4.1"" — Класс 4","default","Mon Oct 05 03:09:54 UTC 2026","passed","Mon Oct 05 03:10:45 UTC 2026","AuTestCatalogTask","","",""
"","21115","620. EORS: https://edu.ismart.org/catalog/7b5069-geometriya-tnr/6-vektory_q7slmf?view=tasks&categoryCode=d1ad7a-geometriya-9-kl&auth=eyJhbGciOiJIUzI1NiIsInR5cCI6IkpXVCJ9.eyJpZCI6IjY1YzM0MWIyYjkyYzdhNWZiYWZlYjYwNyIsImlzQWN0aXZlIjp0cnVlLCJpc0d1ZXN0IjpmYWxzZSwiaXNSZWdpc3RyYXRpb25Db21wbGV0ZSI6dHJ1ZSwiaXNDb25maXJtRW1haWwiOmZhbHNlLCJzdHVkZW50cyI6W10sInV0Y09mZnNldCI6MTgwLCJyb2xlIjoic2Nob29sLXRlYWNoZXIiLCJsYXN0TmFtZSI6IiIsImZpcnN0TmFtZSI6ItCf0YDQvtGE0LXRgdGB0LjQvtC90LDQu9GM0L3Ri9C5IiwicGhvbmVOdW1iZXIiOiIiLCJsb2dpbiI6InRlYWNoZXJfZnVsbEBpc21hcnQub3JnIiwiZW1haWwiOiJ0ZWFjaGVyX2Z1bGxAaXNtYXJ0Lm9yZyIsImNvbnRyYWN0VHlwZSI6InByaXZhdGUiLCJleHRlcm5hbFVzZXJTb3VyY2UiOm51bGwsImdvZE1vZGUiOnRydWUsImVkdWNvbnQiOnt9LCJfaWQiOiI2NWMzNDFiMmI5MmM3YTVmYmFmZWI2MDcifQ.g8I_2Btv7rGXWFT_jbBB9c0iAVhZshRxVIA8nbNqh0s","default","Mon Oct 05 01:46:37 UTC 2026","passed","Mon Oct 05 01:46:58 UTC 2026","Tests Eors","","",""
"","24993","Каталог заданий: Повторение пройденного материала ""Биология"" — Класс 4","default","Mon Oct 05 02:38:38 UTC 2026","passed","Mon Oct 05 02:39:03 UTC 2026","AuTestCatalogTask","","",""
"","26180","248. EORS: https://edu.ismart.org/catalog/acb475-angliiskii-yazik-8-1/1-family--friends_3tTW7x_x93ddp?view=tasks&categoryCode=538adf-11-kl&auth=eyJhbGciOiJIUzI1NiIsInR5cCI6IkpXVCJ9.eyJpZCI6IjY1YzM0MWIyYjkyYzdhNWZiYWZlYjYwNyIsImlzQWN0aXZlIjp0cnVlLCJpc0d1ZXN0IjpmYWxzZSwiaXNSZWdpc3RyYXRpb25Db21wbGV0ZSI6dHJ1ZSwiaXNDb25maXJtRW1haWwiOmZhbHNlLCJzdHVkZW50cyI6W10sInV0Y09mZnNldCI6MTgwLCJyb2xlIjoic2Nob29sLXRlYWNoZXIiLCJsYXN0TmFtZSI6IiIsImZpcnN0TmFtZSI6ItCf0YDQvtGE0LXRgdGB0LjQvtC90LDQu9GM0L3Ri9C5IiwicGhvbmVOdW1iZXIiOiIiLCJsb2dpbiI6InRlYWNoZXJfZnVsbEBpc21hcnQub3JnIiwiZW1haWwiOiJ0ZWFjaGVyX2Z1bGxAaXNtYXJ0Lm9yZyIsImNvbnRyYWN0VHlwZSI6InByaXZhdGUiLCJleHRlcm5hbFVzZXJTb3VyY2UiOm51bGwsImdvZE1vZGUiOnRydWUsImVkdWNvbnQiOnt9LCJfaWQiOiI2NWMzNDFiMmI5MmM3YTVmYmFmZWI2MDcifQ.g8I_2Btv7rGXWFT_jbBB9c0iAVhZshRxVIA8nbNqh0s","default","Mon Oct 05 00:54:38 UTC 2026","passed","Mon Oct 05 00:55:04 UTC 2026","Tests Eors","","",""
"","17551","Каталог заданий: РАС ""Русский язык. 8.1"" — Класс 9","default","Mon Oct 05 03:50:31 UTC 2026","passed","Mon Oct 05 03:50:49 UTC 2026","AuTestCatalogTask","","",""
"","46048","Каталог заданий: Дополнительное образование ""Биология"" — Класс 1","default","Mon Oct 05 02:14:39 UTC 2026","passed","Mon Oct 05 02:15:25 UTC 2026","AuTestCatalogTask","","",""
"","15256","Каталог заданий: Слабослышащие ""Английский язык. 2.1"" — Класс 2","default","Mon Oct 05 03:28:47 UTC 2026","passed","Mon Oct 05 03:29:03 UTC 2026","AuTestCatalogTask","","",""
"","22942","Каталог заданий: РАС ""Английский язык. 8.1"" — Класс 3","default","Mon Oct 05 03:57:44 UTC 2026","passed","Mon Oct 05 03:58:07 UTC 2026","AuTestCatalogTask","","",""
"","25874","Каталог заданий: НОДА ""Алгебра и начала мат. анализа. 6.1"" — Класс 2","default","Mon Oct 05 03:42:01 UTC 2026","passed","Mon Oct 05 03:42:27 UTC 2026","AuTestCatalogTask","","",""
"","24804","Каталог заданий: ТНР ""Английский язык. 5.1"" — Класс 9","default","Mon Oct 05 02:53:47 UTC 2026","passed","Mon Oct 05 02:54:12 UTC 2026","AuTestCatalogTask","","",""
"","21553","245. EORS: https://edu.ismart.org/catalog/0a2d94-literatura-6-1/1-slovo-o-polku-igoreve_zb7NxL_hHR9SN?view=tasks&categoryCode=51f5da-9-kl&auth=eyJhbGciOiJIUzI1NiIsInR5cCI6IkpXVCJ9.eyJpZCI6IjY1YzM0MWIyYjkyYzdhNWZiYWZlYjYwNyIsImlzQWN0aXZlIjp0cnVlLCJpc0d1ZXN0IjpmYWxzZSwiaXNSZWdpc3RyYXRpb25Db21wbGV0ZSI6dHJ1ZSwiaXNDb25maXJtRW1haWwiOmZhbHNlLCJzdHVkZW50cyI6W10sInV0Y09mZnNldCI6MTgwLCJyb2xlIjoic2Nob29sLXRlYWNoZXIiLCJsYXN0TmFtZSI6IiIsImZpcnN0TmFtZSI6ItCf0YDQvtGE0LXRgdGB0LjQvtC90LDQu9GM0L3Ri9C5IiwicGhvbmVOdW1iZXIiOiIiLCJsb2dpbiI6InRlYWNoZXJfZnVsbEBpc21hcnQub3JnIiwiZW1haWwiOiJ0ZWFjaGVyX2Z1bGxAaXNtYXJ0Lm9yZyIsImNvbnRyYWN0VHlwZSI6InByaXZhdGUiLCJleHRlcm5hbFVzZXJTb3VyY2UiOm51bGwsImdvZE1vZGUiOnRydWUsImVkdWNvbnQiOnt9LCJfaWQiOiI2NWMzNDFiMmI5MmM3YTVmYmFmZWI2MDcifQ.g8I_2Btv7rGXWFT_jbBB9c0iAVhZshRxVIA8nbNqh0s","default","Mon Oct 05 00:54:16 UTC 2026","passed","Mon Oct 05 00:54:38 UTC 2026","Tests Eors","","",""
"","23279","Каталог заданий: ТНР ""Английский язык. 5.1"" — Класс 10","default","Mon Oct 05 02:53:48 UTC 2026","passed","Mon Oct 05 02:54:11 UTC 2026","AuTestCatalogTask","","",""
"","31972","Каталог заданий: Подготовка к ВПР ""Биология"" — Класс 1","default","Mon Oct 05 02:23:04 UTC 2026","passed","Mon Oct 05 02:23:36 UTC 2026","AuTestCatalogTask","","",""
"","21492","691. EORS: https://edu.ismart.org/catalog/edd3ff-geometriya/00-1-nedelya-nachalnye-geometricheskie-svedeniya?view=tasks&class=5f3fa2c7f00eca001c8bd3f9&auth=eyJhbGciOiJIUzI1NiIsInR5cCI6IkpXVCJ9.eyJpZCI6IjY1YzM0MWIyYjkyYzdhNWZiYWZlYjYwNyIsImlzQWN0aXZlIjp0cnVlLCJpc0d1ZXN0IjpmYWxzZSwiaXNSZWdpc3RyYXRpb25Db21wbGV0ZSI6dHJ1ZSwiaXNDb25maXJtRW1haWwiOmZhbHNlLCJzdHVkZW50cyI6W10sInV0Y09mZnNldCI6MTgwLCJyb2xlIjoic2Nob29sLXRlYWNoZXIiLCJsYXN0TmFtZSI6IiIsImZpcnN0TmFtZSI6ItCf0YDQvtGE0LXRgdGB0LjQvtC90LDQu9GM0L3Ri9C5IiwicGhvbmVOdW1iZXIiOiIiLCJsb2dpbiI6InRlYWNoZXJfZnVsbEBpc21hcnQub3JnIiwiZW1haWwiOiJ0ZWFjaGVyX2Z1bGxAaXNtYXJ0Lm9yZyIsImNvbnRyYWN0VHlwZSI6InByaXZhdGUiLCJleHRlcm5hbFVzZXJTb3VyY2UiOm51bGwsImdvZE1vZGUiOnRydWUsImVkdWNvbnQiOnt9LCJfaWQiOiI2NWMzNDFiMmI5MmM3YTVmYmFmZWI2MDcifQ.g8I_2Btv7rGXWFT_jbBB9c0iAVhZshRxVIA8nbNqh0s","default","Mon Oct 05 01:56:04 UTC 2026","passed","Mon Oct 05 01:56:25 UTC 2026","Tests Eors","","",""
"","26265","Каталог заданий: Слабовидящие ""Русский язык. 4.1"" — Класс 4","default","Mon Oct 05 03:03:26 UTC 2026","passed","Mon Oct 05 03:03:52 UTC 2026","AuTestCatalogTask","","",""
"","51886","698. EORS: https://edu.ismart.org/catalog/32ade4-fizika-1-1/1-vvedenie-v-predmet-fizika_62KvSu_9R3xFe?view=tasks&categoryCode=efe8f7-7-klass&auth=eyJhbGciOiJIUzI1NiIsInR5cCI6IkpXVCJ9.eyJpZCI6IjY1YzM0MWIyYjkyYzdhNWZiYWZlYjYwNyIsImlzQWN0aXZlIjp0cnVlLCJpc0d1ZXN0IjpmYWxzZSwiaXNSZWdpc3RyYXRpb25Db21wbGV0ZSI6dHJ1ZSwiaXNDb25maXJtRW1haWwiOmZhbHNlLCJzdHVkZW50cyI6W10sInV0Y09mZnNldCI6MTgwLCJyb2xlIjoic2Nob29sLXRlYWNoZXIiLCJsYXN0TmFtZSI6IiIsImZpcnN0TmFtZSI6ItCf0YDQvtGE0LXRgdGB0LjQvtC90LDQu9GM0L3Ri9C5IiwicGhvbmVOdW1iZXIiOiIiLCJsb2dpbiI6InRlYWNoZXJfZnVsbEBpc21hcnQub3JnIiwiZW1haWwiOiJ0ZWFjaGVyX2Z1bGxAaXNtYXJ0Lm9yZyIsImNvbnRyYWN0VHlwZSI6InByaXZhdGUiLCJleHRlcm5hbFVzZXJTb3VyY2UiOm51bGwsImdvZE1vZGUiOnRydWUsImVkdWNvbnQiOnt9LCJfaWQiOiI2NWMzNDFiMmI5MmM3YTVmYmFmZWI2MDcifQ.g8I_2Btv7rGXWFT_jbBB9c0iAVhZshRxVIA8nbNqh0s","default","Mon Oct 05 01:56:47 UTC 2026","failed","Mon Oct 05 01:57:39 UTC 2026","Tests Eors","","",""
"","23514","Каталог заданий: Повторение пройденного материала ""Физика"" — Класс 5","default","Mon Oct 05 02:37:50 UTC 2026","passed","Mon Oct 05 02:38:13 UTC 2026","AuTestCatalogTask","","",""
"","17924","Каталог заданий: Подготовка к ЕГЭ ""Английский язык""","default","Mon Oct 05 02:19:17 UTC 2026","passed","Mon Oct 05 02:19:35 UTC 2026","AuTestCatalogTask","","",""
"","45544","154. EORS: https://edu.ismart.org/catalog/lang-rus-full/1-obshchie-svedeniya-o-yazyke?view=tasks&categoryCode=3669bf-11-klass&auth=eyJhbGciOiJIUzI1NiIsInR5cCI6IkpXVCJ9.eyJpZCI6IjY1YzM0MWIyYjkyYzdhNWZiYWZlYjYwNyIsImlzQWN0aXZlIjp0cnVlLCJpc0d1ZXN0IjpmYWxzZSwiaXNSZWdpc3RyYXRpb25Db21wbGV0ZSI6dHJ1ZSwiaXNDb25maXJtRW1haWwiOmZhbHNlLCJzdHVkZW50cyI6W10sInV0Y09mZnNldCI6MTgwLCJyb2xlIjoic2Nob29sLXRlYWNoZXIiLCJsYXN0TmFtZSI6IiIsImZpcnN0TmFtZSI6ItCf0YDQvtGE0LXRgdGB0LjQvtC90LDQu9GM0L3Ri9C5IiwicGhvbmVOdW1iZXIiOiIiLCJsb2dpbiI6InRlYWNoZXJfZnVsbEBpc21hcnQub3JnIiwiZW1haWwiOiJ0ZWFjaGVyX2Z1bGxAaXNtYXJ0Lm9yZyIsImNvbnRyYWN0VHlwZSI6InByaXZhdGUiLCJleHRlcm5hbFVzZXJTb3VyY2UiOm51bGwsImdvZE1vZGUiOnRydWUsImVkdWNvbnQiOnt9LCJfaWQiOiI2NWMzNDFiMmI5MmM3YTVmYmFmZWI2MDcifQ.g8I_2Btv7rGXWFT_jbBB9c0iAVhZshRxVIA8nbNqh0s","default","Mon Oct 05 00:42:40 UTC 2026","failed","Mon Oct 05 00:43:25 UTC 2026","Tests Eors","","",""
"","12908","Каталог заданий: Слабовидящие ""Обществознание. 4.1"" — Класс 3","default","Mon Oct 05 03:09:27 UTC 2026","passed","Mon Oct 05 03:09:40 UTC 2026","AuTestCatalogTask","","",""
"","19912","Каталог заданий: Дополнительное образование ""Практикум по английскому языку"" — Класс 5","default","Mon Oct 05 02:17:33 UTC 2026","passed","Mon Oct 05 02:17:53 UTC 2026","AuTestCatalogTask","","",""
"","22545","381. EORS: https://edu.ismart.org/catalog/3478fa-russkii-yazik-slepie-uchaschiesya/morfemika_SqjzT6?view=tasks&categoryCode=8104bd-russkii-yazik-5-kl&auth=eyJhbGciOiJIUzI1NiIsInR5cCI6IkpXVCJ9.eyJpZCI6IjY1YzM0MWIyYjkyYzdhNWZiYWZlYjYwNyIsImlzQWN0aXZlIjp0cnVlLCJpc0d1ZXN0IjpmYWxzZSwiaXNSZWdpc3RyYXRpb25Db21wbGV0ZSI6dHJ1ZSwiaXNDb25maXJtRW1haWwiOmZhbHNlLCJzdHVkZW50cyI6W10sInV0Y09mZnNldCI6MTgwLCJyb2xlIjoic2Nob29sLXRlYWNoZXIiLCJsYXN0TmFtZSI6IiIsImZpcnN0TmFtZSI6ItCf0YDQvtGE0LXRgdGB0LjQvtC90LDQu9GM0L3Ri9C5IiwicGhvbmVOdW1iZXIiOiIiLCJsb2dpbiI6InRlYWNoZXJfZnVsbEBpc21hcnQub3JnIiwiZW1haWwiOiJ0ZWFjaGVyX2Z1bGxAaXNtYXJ0Lm9yZyIsImNvbnRyYWN0VHlwZSI6InByaXZhdGUiLCJleHRlcm5hbFVzZXJTb3VyY2UiOm51bGwsImdvZE1vZGUiOnRydWUsImVkdWNvbnQiOnt9LCJfaWQiOiI2NWMzNDFiMmI5MmM3YTVmYmFmZWI2MDcifQ.g8I_2Btv7rGXWFT_jbBB9c0iAVhZshRxVIA8nbNqh0s","default","Mon Oct 05 01:12:32 UTC 2026","passed","Mon Oct 05 01:12:54 UTC 2026","Tests Eors","","",""
"","43001","505. EORS: https://edu.ismart.org/catalog/2e0c72-informatika-6-1/1-sistemy-schisleniya_Fc0UiS_8YU1Yo?view=tasks&categoryCode=b228ca-8-kl&auth=eyJhbGciOiJIUzI1NiIsInR5cCI6IkpXVCJ9.eyJpZCI6IjY1YzM0MWIyYjkyYzdhNWZiYWZlYjYwNyIsImlzQWN0aXZlIjp0cnVlLCJpc0d1ZXN0IjpmYWxzZSwiaXNSZWdpc3RyYXRpb25Db21wbGV0ZSI6dHJ1ZSwiaXNDb25maXJtRW1haWwiOmZhbHNlLCJzdHVkZW50cyI6W10sInV0Y09mZnNldCI6MTgwLCJyb2xlIjoic2Nob29sLXRlYWNoZXIiLCJsYXN0TmFtZSI6IiIsImZpcnN0TmFtZSI6ItCf0YDQvtGE0LXRgdGB0LjQvtC90LDQu9GM0L3Ri9C5IiwicGhvbmVOdW1iZXIiOiIiLCJsb2dpbiI6InRlYWNoZXJfZnVsbEBpc21hcnQub3JnIiwiZW1haWwiOiJ0ZWFjaGVyX2Z1bGxAaXNtYXJ0Lm9yZyIsImNvbnRyYWN0VHlwZSI6InByaXZhdGUiLCJleHRlcm5hbFVzZXJTb3VyY2UiOm51bGwsImdvZE1vZGUiOnRydWUsImVkdWNvbnQiOnt9LCJfaWQiOiI2NWMzNDFiMmI5MmM3YTVmYmFmZWI2MDcifQ.g8I_2Btv7rGXWFT_jbBB9c0iAVhZshRxVIA8nbNqh0s","default","Mon Oct 05 01:28:46 UTC 2026","passed","Mon Oct 05 01:29:29 UTC 2026","Tests Eors","","",""
"","25420","Каталог заданий: РАС ""Английский язык. 8.1"" — Класс 6","default","Mon Oct 05 03:57:52 UTC 2026","passed","Mon Oct 05 03:58:18 UTC 2026","AuTestCatalogTask","","",""
"","43533","566. EORS: https://edu.ismart.org/catalog/52c0ce-veroyatnost-i-statistika-8-1/13-matematicheskoe-ojidanie-sluchano-velichiny-veroyatnost-i-statistika_B70xF8_DkL3e5?view=tasks&categoryCode=c8394b-11-kl&auth=eyJhbGciOiJIUzI1NiIsInR5cCI6IkpXVCJ9.eyJpZCI6IjY1YzM0MWIyYjkyYzdhNWZiYWZlYjYwNyIsImlzQWN0aXZlIjp0cnVlLCJpc0d1ZXN0IjpmYWxzZSwiaXNSZWdpc3RyYXRpb25Db21wbGV0ZSI6dHJ1ZSwiaXNDb25maXJtRW1haWwiOmZhbHNlLCJzdHVkZW50cyI6W10sInV0Y09mZnNldCI6MTgwLCJyb2xlIjoic2Nob29sLXRlYWNoZXIiLCJsYXN0TmFtZSI6IiIsImZpcnN0TmFtZSI6ItCf0YDQvtGE0LXRgdGB0LjQvtC90LDQu9GM0L3Ri9C5IiwicGhvbmVOdW1iZXIiOiIiLCJsb2dpbiI6InRlYWNoZXJfZnVsbEBpc21hcnQub3JnIiwiZW1haWwiOiJ0ZWFjaGVyX2Z1bGxAaXNtYXJ0Lm9yZyIsImNvbnRyYWN0VHlwZSI6InByaXZhdGUiLCJleHRlcm5hbFVzZXJTb3VyY2UiOm51bGwsImdvZE1vZGUiOnRydWUsImVkdWNvbnQiOnt9LCJfaWQiOiI2NWMzNDFiMmI5MmM3YTVmYmFmZWI2MDcifQ.g8I_2Btv7rGXWFT_jbBB9c0iAVhZshRxVIA8nbNqh0s","default","Mon Oct 05 01:37:18 UTC 2026","failed","Mon Oct 05 01:38:02 UTC 2026","Tests Eors","","",""
"","23943","205. EORS: https://edu.ismart.org/catalog/491af9-diagnostika-dlya-7-klassa/kes-1?view=tasks&class=5f3fa2c7f00eca001c8bd3f9&auth=eyJhbGciOiJIUzI1NiIsInR5cCI6IkpXVCJ9.eyJpZCI6IjY1YzM0MWIyYjkyYzdhNWZiYWZlYjYwNyIsImlzQWN0aXZlIjp0cnVlLCJpc0d1ZXN0IjpmYWxzZSwiaXNSZWdpc3RyYXRpb25Db21wbGV0ZSI6dHJ1ZSwiaXNDb25maXJtRW1haWwiOmZhbHNlLCJzdHVkZW50cyI6W10sInV0Y09mZnNldCI6MTgwLCJyb2xlIjoic2Nob29sLXRlYWNoZXIiLCJsYXN0TmFtZSI6IiIsImZpcnN0TmFtZSI6ItCf0YDQvtGE0LXRgdGB0LjQvtC90LDQu9GM0L3Ri9C5IiwicGhvbmVOdW1iZXIiOiIiLCJsb2dpbiI6InRlYWNoZXJfZnVsbEBpc21hcnQub3JnIiwiZW1haWwiOiJ0ZWFjaGVyX2Z1bGxAaXNtYXJ0Lm9yZyIsImNvbnRyYWN0VHlwZSI6InByaXZhdGUiLCJleHRlcm5hbFVzZXJTb3VyY2UiOm51bGwsImdvZE1vZGUiOnRydWUsImVkdWNvbnQiOnt9LCJfaWQiOiI2NWMzNDFiMmI5MmM3YTVmYmFmZWI2MDcifQ.g8I_2Btv7rGXWFT_jbBB9c0iAVhZshRxVIA8nbNqh0s","default","Mon Oct 05 00:49:12 UTC 2026","passed","Mon Oct 05 00:49:36 UTC 2026","Tests Eors","","",""
"","16916","Каталог заданий: Школьная программа ""Геометрия"" — Класс 2","default","Mon Oct 05 02:03:01 UTC 2026","passed","Mon Oct 05 02:03:18 UTC 2026","AuTestCatalogTask","","",""
"","23042","125. EORS: https://edu.ismart.org/catalog/eac093-biologiya/1-chelovek--biosocialny-vid?view=tasks&categoryCode=2b6e0b-9-klass&auth=eyJhbGciOiJIUzI1NiIsInR5cCI6IkpXVCJ9.eyJpZCI6IjY1YzM0MWIyYjkyYzdhNWZiYWZlYjYwNyIsImlzQWN0aXZlIjp0cnVlLCJpc0d1ZXN0IjpmYWxzZSwiaXNSZWdpc3RyYXRpb25Db21wbGV0ZSI6dHJ1ZSwiaXNDb25maXJtRW1haWwiOmZhbHNlLCJzdHVkZW50cyI6W10sInV0Y09mZnNldCI6MTgwLCJyb2xlIjoic2Nob29sLXRlYWNoZXIiLCJsYXN0TmFtZSI6IiIsImZpcnN0TmFtZSI6ItCf0YDQvtGE0LXRgdGB0LjQvtC90LDQu9GM0L3Ri9C5IiwicGhvbmVOdW1iZXIiOiIiLCJsb2dpbiI6InRlYWNoZXJfZnVsbEBpc21hcnQub3JnIiwiZW1haWwiOiJ0ZWFjaGVyX2Z1bGxAaXNtYXJ0Lm9yZyIsImNvbnRyYWN0VHlwZSI6InByaXZhdGUiLCJleHRlcm5hbFVzZXJTb3VyY2UiOm51bGwsImdvZE1vZGUiOnRydWUsImVkdWNvbnQiOnt9LCJfaWQiOiI2NWMzNDFiMmI5MmM3YTVmYmFmZWI2MDcifQ.g8I_2Btv7rGXWFT_jbBB9c0iAVhZshRxVIA8nbNqh0s","default","Mon Oct 05 00:38:52 UTC 2026","passed","Mon Oct 05 00:39:15 UTC 2026","Tests Eors","","",""
"","54592","530. EORS: https://edu.ismart.org/catalog/208f8d-russkii-yazik-zpr/yazyk-i-rech_wCArVa?view=tasks&categoryCode=bc52dd-russkii-yazik-5-kl&auth=eyJhbGciOiJIUzI1NiIsInR5cCI6IkpXVCJ9.eyJpZCI6IjY1YzM0MWIyYjkyYzdhNWZiYWZlYjYwNyIsImlzQWN0aXZlIjp0cnVlLCJpc0d1ZXN0IjpmYWxzZSwiaXNSZWdpc3RyYXRpb25Db21wbGV0ZSI6dHJ1ZSwiaXNDb25maXJtRW1haWwiOmZhbHNlLCJzdHVkZW50cyI6W10sInV0Y09mZnNldCI6MTgwLCJyb2xlIjoic2Nob29sLXRlYWNoZXIiLCJsYXN0TmFtZSI6IiIsImZpcnN0TmFtZSI6ItCf0YDQvtGE0LXRgdGB0LjQvtC90LDQu9GM0L3Ri9C5IiwicGhvbmVOdW1iZXIiOiIiLCJsb2dpbiI6InRlYWNoZXJfZnVsbEBpc21hcnQub3JnIiwiZW1haWwiOiJ0ZWFjaGVyX2Z1bGxAaXNtYXJ0Lm9yZyIsImNvbnRyYWN0VHlwZSI6InByaXZhdGUiLCJleHRlcm5hbFVzZXJTb3VyY2UiOm51bGwsImdvZE1vZGUiOnRydWUsImVkdWNvbnQiOnt9LCJfaWQiOiI2NWMzNDFiMmI5MmM3YTVmYmFmZWI2MDcifQ.g8I_2Btv7rGXWFT_jbBB9c0iAVhZshRxVIA8nbNqh0s","default","Mon Oct 05 01:32:35 UTC 2026","failed","Mon Oct 05 01:33:30 UTC 2026","Tests Eors","","",""
"","16388","Каталог заданий: Школьная программа ""Русский язык"" — Класс 8","default","Mon Oct 05 02:05:23 UTC 2026","passed","Mon Oct 05 02:05:40 UTC 2026","AuTestCatalogTask","","",""
"","30455","Каталог заданий: НОДА ""Химия. 6.1"" — Класс 3","default","Mon Oct 05 03:47:11 UTC 2026","passed","Mon Oct 05 03:47:42 UTC 2026","AuTestCatalogTask","","",""
"","16258","Каталог заданий: Подготовка к контрольным работам ""Геометрия"" — Класс 4","default","Mon Oct 05 02:27:55 UTC 2026","passed","Mon Oct 05 02:28:12 UTC 2026","AuTestCatalogTask","","",""
"","19936","Каталог заданий: Дополнительное образование ""Геометрия"" — Класс 1","default","Mon Oct 05 02:16:29 UTC 2026","passed","Mon Oct 05 02:16:49 UTC 2026","AuTestCatalogTask","","",""
"","13223","Каталог заданий: НОДА ""Обществознание. 6.1"" — Класс 4","default","Mon Oct 05 03:45:29 UTC 2026","passed","Mon Oct 05 03:45:42 UTC 2026","AuTestCatalogTask","","",""
"","15165","Каталог заданий: Слабовидящие ""Вероятность и статистика. 4.1"" — Класс 1","default","Mon Oct 05 03:11:53 UTC 2026","passed","Mon Oct 05 03:12:08 UTC 2026","AuTestCatalogTask","","",""
"","29595","298. EORS: https://edu.ismart.org/catalog/4f1fcc-angliiskii-yazik-7-1/01-vzaimootnosheniya-v-seme-i-s-druzyami-konflikty-i-ih-razreshenie_JGd1HZ_0BOn7F?view=tasks&categoryCode=650c89-9-kl&auth=eyJhbGciOiJIUzI1NiIsInR5cCI6IkpXVCJ9.eyJpZCI6IjY1YzM0MWIyYjkyYzdhNWZiYWZlYjYwNyIsImlzQWN0aXZlIjp0cnVlLCJpc0d1ZXN0IjpmYWxzZSwiaXNSZWdpc3RyYXRpb25Db21wbGV0ZSI6dHJ1ZSwiaXNDb25maXJtRW1haWwiOmZhbHNlLCJzdHVkZW50cyI6W10sInV0Y09mZnNldCI6MTgwLCJyb2xlIjoic2Nob29sLXRlYWNoZXIiLCJsYXN0TmFtZSI6IiIsImZpcnN0TmFtZSI6ItCf0YDQvtGE0LXRgdGB0LjQvtC90LDQu9GM0L3Ri9C5IiwicGhvbmVOdW1iZXIiOiIiLCJsb2dpbiI6InRlYWNoZXJfZnVsbEBpc21hcnQub3JnIiwiZW1haWwiOiJ0ZWFjaGVyX2Z1bGxAaXNtYXJ0Lm9yZyIsImNvbnRyYWN0VHlwZSI6InByaXZhdGUiLCJleHRlcm5hbFVzZXJTb3VyY2UiOm51bGwsImdvZE1vZGUiOnRydWUsImVkdWNvbnQiOnt9LCJfaWQiOiI2NWMzNDFiMmI5MmM3YTVmYmFmZWI2MDcifQ.g8I_2Btv7rGXWFT_jbBB9c0iAVhZshRxVIA8nbNqh0s","default","Mon Oct 05 01:01:08 UTC 2026","passed","Mon Oct 05 01:01:37 UTC 2026","Tests Eors","","",""
"","24591","Каталог заданий: Повторение пройденного материала ""Литература"" — Класс 1","default","Mon Oct 05 02:35:14 UTC 2026","passed","Mon Oct 05 02:35:39 UTC 2026","AuTestCatalogTask","","",""
"","15634","Каталог заданий: Дополнительное образование ""Геометрия"" — Класс 2","default","Mon Oct 05 02:16:30 UTC 2026","passed","Mon Oct 05 02:16:46 UTC 2026","AuTestCatalogTask","","",""
"","33318","Каталог заданий: Подготовка к ЕГЭ ""Математика""","default","Mon Oct 05 02:19:17 UTC 2026","passed","Mon Oct 05 02:19:50 UTC 2026","AuTestCatalogTask","","",""
"","30230","Каталог заданий: Слепые ""Химия. 3.1"" — Класс 3","default","Mon Oct 05 03:01:56 UTC 2026","passed","Mon Oct 05 03:02:26 UTC 2026","AuTestCatalogTask","","",""
"","44877","Каталог заданий: Слабовидящие ""Биология. 4.1"" — Класс 7","default","Mon Oct 05 03:10:35 UTC 2026","passed","Mon Oct 05 03:11:20 UTC 2026","AuTestCatalogTask","","",""
"","47800","59. EORS: https://edu.ismart.org/catalog/245c28-informatika-tnr/1-cifrovaya-gramotnost_NZqNKD?view=tasks&categoryCode=1843b2-7-klass&auth=eyJhbGciOiJIUzI1NiIsInR5cCI6IkpXVCJ9.eyJpZCI6IjY1YzM0MWIyYjkyYzdhNWZiYWZlYjYwNyIsImlzQWN0aXZlIjp0cnVlLCJpc0d1ZXN0IjpmYWxzZSwiaXNSZWdpc3RyYXRpb25Db21wbGV0ZSI6dHJ1ZSwiaXNDb25maXJtRW1haWwiOmZhbHNlLCJzdHVkZW50cyI6W10sInV0Y09mZnNldCI6MTgwLCJyb2xlIjoic2Nob29sLXRlYWNoZXIiLCJsYXN0TmFtZSI6IiIsImZpcnN0TmFtZSI6ItCf0YDQvtGE0LXRgdGB0LjQvtC90LDQu9GM0L3Ri9C5IiwicGhvbmVOdW1iZXIiOiIiLCJsb2dpbiI6InRlYWNoZXJfZnVsbEBpc21hcnQub3JnIiwiZW1haWwiOiJ0ZWFjaGVyX2Z1bGxAaXNtYXJ0Lm9yZyIsImNvbnRyYWN0VHlwZSI6InByaXZhdGUiLCJleHRlcm5hbFVzZXJTb3VyY2UiOm51bGwsImdvZE1vZGUiOnRydWUsImVkdWNvbnQiOnt9LCJfaWQiOiI2NWMzNDFiMmI5MmM3YTVmYmFmZWI2MDcifQ.g8I_2Btv7rGXWFT_jbBB9c0iAVhZshRxVIA8nbNqh0s","default","Mon Oct 05 00:29:46 UTC 2026","failed","Mon Oct 05 00:30:34 UTC 2026","Tests Eors","","",""
"","22354","Каталог заданий: Подготовка к контрольным работам ""Английский язык"" — Класс 6","default","Mon Oct 05 02:26:36 UTC 2026","passed","Mon Oct 05 02:26:58 UTC 2026","AuTestCatalogTask","","",""
"","25776","300. EORS: https://edu.ismart.org/catalog/7b5069-geometriya-tnr/9-vvedenie-v-stereometriu_B8srTl?view=tasks&categoryCode=660d88-geometriya-10-kl&auth=eyJhbGciOiJIUzI1NiIsInR5cCI6IkpXVCJ9.eyJpZCI6IjY1YzM0MWIyYjkyYzdhNWZiYWZlYjYwNyIsImlzQWN0aXZlIjp0cnVlLCJpc0d1ZXN0IjpmYWxzZSwiaXNSZWdpc3RyYXRpb25Db21wbGV0ZSI6dHJ1ZSwiaXNDb25maXJtRW1haWwiOmZhbHNlLCJzdHVkZW50cyI6W10sInV0Y09mZnNldCI6MTgwLCJyb2xlIjoic2Nob29sLXRlYWNoZXIiLCJsYXN0TmFtZSI6IiIsImZpcnN0TmFtZSI6ItCf0YDQvtGE0LXRgdGB0LjQvtC90LDQu9GM0L3Ri9C5IiwicGhvbmVOdW1iZXIiOiIiLCJsb2dpbiI6InRlYWNoZXJfZnVsbEBpc21hcnQub3JnIiwiZW1haWwiOiJ0ZWFjaGVyX2Z1bGxAaXNtYXJ0Lm9yZyIsImNvbnRyYWN0VHlwZSI6InByaXZhdGUiLCJleHRlcm5hbFVzZXJTb3VyY2UiOm51bGwsImdvZE1vZGUiOnRydWUsImVkdWNvbnQiOnt9LCJfaWQiOiI2NWMzNDFiMmI5MmM3YTVmYmFmZWI2MDcifQ.g8I_2Btv7rGXWFT_jbBB9c0iAVhZshRxVIA8nbNqh0s","default","Mon Oct 05 01:01:31 UTC 2026","passed","Mon Oct 05 01:01:57 UTC 2026","Tests Eors","","",""
"","15651","Каталог заданий: Слепые ""Информатика. 3.1"" — Класс 3","default","Mon Oct 05 03:03:06 UTC 2026","passed","Mon Oct 05 03:03:22 UTC 2026","AuTestCatalogTask","","",""
"","43719","Каталог заданий: Нарушение слуха ""История. 1.1"" — Класс 7","default","Mon Oct 05 03:17:20 UTC 2026","passed","Mon Oct 05 03:18:04 UTC 2026","AuTestCatalogTask","","",""
"","28074","Каталог заданий: Слепые ""Математика. 3.1"" — Класс 6","default","Mon Oct 05 02:55:30 UTC 2026","passed","Mon Oct 05 02:55:58 UTC 2026","AuTestCatalogTask","","",""
"","24509","Каталог заданий: Нарушение слуха ""Русский язык. 1.1"" — Класс 3","default","Mon Oct 05 03:12:42 UTC 2026","passed","Mon Oct 05 03:13:07 UTC 2026","AuTestCatalogTask","","",""
"","23726","496. EORS: https://edu.ismart.org/catalog/adf034-okruzhayuschii-mir/4-chelovek-i-obschestvo-full-full?view=tasks&class=5a3cef308409440019b57b39&auth=eyJhbGciOiJIUzI1NiIsInR5cCI6IkpXVCJ9.eyJpZCI6IjY1YzM0MWIyYjkyYzdhNWZiYWZlYjYwNyIsImlzQWN0aXZlIjp0cnVlLCJpc0d1ZXN0IjpmYWxzZSwiaXNSZWdpc3RyYXRpb25Db21wbGV0ZSI6dHJ1ZSwiaXNDb25maXJtRW1haWwiOmZhbHNlLCJzdHVkZW50cyI6W10sInV0Y09mZnNldCI6MTgwLCJyb2xlIjoic2Nob29sLXRlYWNoZXIiLCJsYXN0TmFtZSI6IiIsImZpcnN0TmFtZSI6ItCf0YDQvtGE0LXRgdGB0LjQvtC90LDQu9GM0L3Ri9C5IiwicGhvbmVOdW1iZXIiOiIiLCJsb2dpbiI6InRlYWNoZXJfZnVsbEBpc21hcnQub3JnIiwiZW1haWwiOiJ0ZWFjaGVyX2Z1bGxAaXNtYXJ0Lm9yZyIsImNvbnRyYWN0VHlwZSI6InByaXZhdGUiLCJleHRlcm5hbFVzZXJTb3VyY2UiOm51bGwsImdvZE1vZGUiOnRydWUsImVkdWNvbnQiOnt9LCJfaWQiOiI2NWMzNDFiMmI5MmM3YTVmYmFmZWI2MDcifQ.g8I_2Btv7rGXWFT_jbBB9c0iAVhZshRxVIA8nbNqh0s","default","Mon Oct 05 01:27:30 UTC 2026","passed","Mon Oct 05 01:27:54 UTC 2026","Tests Eors","","",""
"","26358","471. EORS: https://edu.ismart.org/catalog/7f3b68-geometriya-narushenie-sluha/5-chetyrehugolniki-geometriya_ff3gTY?view=tasks&categoryCode=a7982b-geometriya-8-kl&auth=eyJhbGciOiJIUzI1NiIsInR5cCI6IkpXVCJ9.eyJpZCI6IjY1YzM0MWIyYjkyYzdhNWZiYWZlYjYwNyIsImlzQWN0aXZlIjp0cnVlLCJpc0d1ZXN0IjpmYWxzZSwiaXNSZWdpc3RyYXRpb25Db21wbGV0ZSI6dHJ1ZSwiaXNDb25maXJtRW1haWwiOmZhbHNlLCJzdHVkZW50cyI6W10sInV0Y09mZnNldCI6MTgwLCJyb2xlIjoic2Nob29sLXRlYWNoZXIiLCJsYXN0TmFtZSI6IiIsImZpcnN0TmFtZSI6ItCf0YDQvtGE0LXRgdGB0LjQvtC90LDQu9GM0L3Ri9C5IiwicGhvbmVOdW1iZXIiOiIiLCJsb2dpbiI6InRlYWNoZXJfZnVsbEBpc21hcnQub3JnIiwiZW1haWwiOiJ0ZWFjaGVyX2Z1bGxAaXNtYXJ0Lm9yZyIsImNvbnRyYWN0VHlwZSI6InByaXZhdGUiLCJleHRlcm5hbFVzZXJTb3VyY2UiOm51bGwsImdvZE1vZGUiOnRydWUsImVkdWNvbnQiOnt9LCJfaWQiOiI2NWMzNDFiMmI5MmM3YTVmYmFmZWI2MDcifQ.g8I_2Btv7rGXWFT_jbBB9c0iAVhZshRxVIA8nbNqh0s","default","Mon Oct 05 01:23:45 UTC 2026","passed","Mon Oct 05 01:24:11 UTC 2026","Tests Eors","","",""
"","22656","214. EORS: https://edu.ismart.org/catalog/3478fa-russkii-yazik-slepie-uchaschiesya/yazyk-i-rech_EIbA1I?view=tasks&categoryCode=4b1a11-russkii-yazik-6-kl&auth=eyJhbGciOiJIUzI1NiIsInR5cCI6IkpXVCJ9.eyJpZCI6IjY1YzM0MWIyYjkyYzdhNWZiYWZlYjYwNyIsImlzQWN0aXZlIjp0cnVlLCJpc0d1ZXN0IjpmYWxzZSwiaXNSZWdpc3RyYXRpb25Db21wbGV0ZSI6dHJ1ZSwiaXNDb25maXJtRW1haWwiOmZhbHNlLCJzdHVkZW50cyI6W10sInV0Y09mZnNldCI6MTgwLCJyb2xlIjoic2Nob29sLXRlYWNoZXIiLCJsYXN0TmFtZSI6IiIsImZpcnN0TmFtZSI6ItCf0YDQvtGE0LXRgdGB0LjQvtC90LDQu9GM0L3Ri9C5IiwicGhvbmVOdW1iZXIiOiIiLCJsb2dpbiI6InRlYWNoZXJfZnVsbEBpc21hcnQub3JnIiwiZW1haWwiOiJ0ZWFjaGVyX2Z1bGxAaXNtYXJ0Lm9yZyIsImNvbnRyYWN0VHlwZSI6InByaXZhdGUiLCJleHRlcm5hbFVzZXJTb3VyY2UiOm51bGwsImdvZE1vZGUiOnRydWUsImVkdWNvbnQiOnt9LCJfaWQiOiI2NWMzNDFiMmI5MmM3YTVmYmFmZWI2MDcifQ.g8I_2Btv7rGXWFT_jbBB9c0iAVhZshRxVIA8nbNqh0s","default","Mon Oct 05 00:50:09 UTC 2026","passed","Mon Oct 05 00:50:32 UTC 2026","Tests Eors","","",""
"","15608","Каталог заданий: Слабовидящие ""Информатика. 4.1"" — Класс 3","default","Mon Oct 05 03:12:24 UTC 2026","passed","Mon Oct 05 03:12:39 UTC 2026","AuTestCatalogTask","","",""
"","45316","140. EORS: https://edu.ismart.org/catalog/f0648d-obschestvoznanie-8-1/1-obshchestvo_5VBV1L_6Kq1pJ?view=tasks&categoryCode=30b97f-10-kl&auth=eyJhbGciOiJIUzI1NiIsInR5cCI6IkpXVCJ9.eyJpZCI6IjY1YzM0MWIyYjkyYzdhNWZiYWZlYjYwNyIsImlzQWN0aXZlIjp0cnVlLCJpc0d1ZXN0IjpmYWxzZSwiaXNSZWdpc3RyYXRpb25Db21wbGV0ZSI6dHJ1ZSwiaXNDb25maXJtRW1haWwiOmZhbHNlLCJzdHVkZW50cyI6W10sInV0Y09mZnNldCI6MTgwLCJyb2xlIjoic2Nob29sLXRlYWNoZXIiLCJsYXN0TmFtZSI6IiIsImZpcnN0TmFtZSI6ItCf0YDQvtGE0LXRgdGB0LjQvtC90LDQu9GM0L3Ri9C5IiwicGhvbmVOdW1iZXIiOiIiLCJsb2dpbiI6InRlYWNoZXJfZnVsbEBpc21hcnQub3JnIiwiZW1haWwiOiJ0ZWFjaGVyX2Z1bGxAaXNtYXJ0Lm9yZyIsImNvbnRyYWN0VHlwZSI6InByaXZhdGUiLCJleHRlcm5hbFVzZXJTb3VyY2UiOm51bGwsImdvZE1vZGUiOnRydWUsImVkdWNvbnQiOnt9LCJfaWQiOiI2NWMzNDFiMmI5MmM3YTVmYmFmZWI2MDcifQ.g8I_2Btv7rGXWFT_jbBB9c0iAVhZshRxVIA8nbNqh0s","default","Mon Oct 05 00:40:44 UTC 2026","failed","Mon Oct 05 00:41:29 UTC 2026","Tests Eors","","",""
"","20807","26. EORS: https://edu.ismart.org/catalog/0a2d94-literatura-6-1/1-mifologiya_zWl9mA_RmcbSy?view=tasks&categoryCode=07ce10-5-kl&auth=eyJhbGciOiJIUzI1NiIsInR5cCI6IkpXVCJ9.eyJpZCI6IjY1YzM0MWIyYjkyYzdhNWZiYWZlYjYwNyIsImlzQWN0aXZlIjp0cnVlLCJpc0d1ZXN0IjpmYWxzZSwiaXNSZWdpc3RyYXRpb25Db21wbGV0ZSI6dHJ1ZSwiaXNDb25maXJtRW1haWwiOmZhbHNlLCJzdHVkZW50cyI6W10sInV0Y09mZnNldCI6MTgwLCJyb2xlIjoic2Nob29sLXRlYWNoZXIiLCJsYXN0TmFtZSI6IiIsImZpcnN0TmFtZSI6ItCf0YDQvtGE0LXRgdGB0LjQvtC90LDQu9GM0L3Ri9C5IiwicGhvbmVOdW1iZXIiOiIiLCJsb2dpbiI6InRlYWNoZXJfZnVsbEBpc21hcnQub3JnIiwiZW1haWwiOiJ0ZWFjaGVyX2Z1bGxAaXNtYXJ0Lm9yZyIsImNvbnRyYWN0VHlwZSI6InByaXZhdGUiLCJleHRlcm5hbFVzZXJTb3VyY2UiOm51bGwsImdvZE1vZGUiOnRydWUsImVkdWNvbnQiOnt9LCJfaWQiOiI2NWMzNDFiMmI5MmM3YTVmYmFmZWI2MDcifQ.g8I_2Btv7rGXWFT_jbBB9c0iAVhZshRxVIA8nbNqh0s","default","Mon Oct 05 00:25:53 UTC 2026","passed","Mon Oct 05 00:26:13 UTC 2026","Tests Eors","","",""
"","28495","Каталог заданий: Школьная программа ""Английский язык"" — Класс 1","default","Mon Oct 05 02:06:22 UTC 2026","passed","Mon Oct 05 02:06:51 UTC 2026","AuTestCatalogTask","","",""
"","30902","Каталог заданий: Слабовидящие ""История. 4.1"" — Класс 2","default","Mon Oct 05 03:07:10 UTC 2026","passed","Mon Oct 05 03:07:41 UTC 2026","AuTestCatalogTask","","",""
"","30177","Каталог заданий: ТНР ""Русский язык. 5.1"" — Класс 1","default","Mon Oct 05 02:44:59 UTC 2026","passed","Mon Oct 05 02:45:29 UTC 2026","AuTestCatalogTask","","",""
"","14554","Каталог заданий: СПО ""Рус. яз. Особенности проф. коммуникации""","default","Mon Oct 05 02:40:30 UTC 2026","passed","Mon Oct 05 02:40:45 UTC 2026","AuTestCatalogTask","","",""
"","26667","Каталог заданий: НОДА ""Химия. 6.1"" — Класс 4","default","Mon Oct 05 03:47:16 UTC 2026","passed","Mon Oct 05 03:47:43 UTC 2026","AuTestCatalogTask","","",""
"","25107","Каталог заданий: ТНР ""Геометрия. 5.1"" — Класс 1","default","Mon Oct 05 02:46:57 UTC 2026","passed","Mon Oct 05 02:47:22 UTC 2026","AuTestCatalogTask","","",""
"","18031","Каталог заданий: НОДА ""Русский язык. 6.1"" — Класс 7","default","Mon Oct 05 03:40:24 UTC 2026","passed","Mon Oct 05 03:40:42 UTC 2026","AuTestCatalogTask","","",""
"","13647","Каталог заданий: ТНР ""Вероятность и статистика. 5.1"" — Класс 3","default","Mon Oct 05 02:51:45 UTC 2026","passed","Mon Oct 05 02:51:58 UTC 2026","AuTestCatalogTask","","",""
"","34242","Каталог заданий: Слабовидящие ""История. 4.1"" — Класс 1","default","Mon Oct 05 03:06:56 UTC 2026","passed","Mon Oct 05 03:07:30 UTC 2026","AuTestCatalogTask","","",""
"","26539","445. EORS: https://edu.ismart.org/catalog/lang-eng/1-moya-semya--moi-druzya-semenye-prazdniki--den-rojdeniya-novy-god?view=tasks&categoryCode=9ad04d-novii-razdel&auth=eyJhbGciOiJIUzI1NiIsInR5cCI6IkpXVCJ9.eyJpZCI6IjY1YzM0MWIyYjkyYzdhNWZiYWZlYjYwNyIsImlzQWN0aXZlIjp0cnVlLCJpc0d1ZXN0IjpmYWxzZSwiaXNSZWdpc3RyYXRpb25Db21wbGV0ZSI6dHJ1ZSwiaXNDb25maXJtRW1haWwiOmZhbHNlLCJzdHVkZW50cyI6W10sInV0Y09mZnNldCI6MTgwLCJyb2xlIjoic2Nob29sLXRlYWNoZXIiLCJsYXN0TmFtZSI6IiIsImZpcnN0TmFtZSI6ItCf0YDQvtGE0LXRgdGB0LjQvtC90LDQu9GM0L3Ri9C5IiwicGhvbmVOdW1iZXIiOiIiLCJsb2dpbiI6InRlYWNoZXJfZnVsbEBpc21hcnQub3JnIiwiZW1haWwiOiJ0ZWFjaGVyX2Z1bGxAaXNtYXJ0Lm9yZyIsImNvbnRyYWN0VHlwZSI6InByaXZhdGUiLCJleHRlcm5hbFVzZXJTb3VyY2UiOm51bGwsImdvZE1vZGUiOnRydWUsImVkdWNvbnQiOnt9LCJfaWQiOiI2NWMzNDFiMmI5MmM3YTVmYmFmZWI2MDcifQ.g8I_2Btv7rGXWFT_jbBB9c0iAVhZshRxVIA8nbNqh0s","default","Mon Oct 05 01:20:15 UTC 2026","passed","Mon Oct 05 01:20:42 UTC 2026","Tests Eors","","",""
"","14427","Каталог заданий: Школьная программа ""Обществознание"" — Класс 2","default","Mon Oct 05 02:09:52 UTC 2026","passed","Mon Oct 05 02:10:06 UTC 2026","AuTestCatalogTask","","",""
"","47255","379. EORS: https://edu.ismart.org/catalog/9efff0-veroyatnost-i-statistika-4-1/8-predstavlenie-dannyh-veroyatnost-i-statistika_rEQ5f1_8dZ6hy?view=tasks&categoryCode=8001fe-7-kl&auth=eyJhbGciOiJIUzI1NiIsInR5cCI6IkpXVCJ9.eyJpZCI6IjY1YzM0MWIyYjkyYzdhNWZiYWZlYjYwNyIsImlzQWN0aXZlIjp0cnVlLCJpc0d1ZXN0IjpmYWxzZSwiaXNSZWdpc3RyYXRpb25Db21wbGV0ZSI6dHJ1ZSwiaXNDb25maXJtRW1haWwiOmZhbHNlLCJzdHVkZW50cyI6W10sInV0Y09mZnNldCI6MTgwLCJyb2xlIjoic2Nob29sLXRlYWNoZXIiLCJsYXN0TmFtZSI6IiIsImZpcnN0TmFtZSI6ItCf0YDQvtGE0LXRgdGB0LjQvtC90LDQu9GM0L3Ri9C5IiwicGhvbmVOdW1iZXIiOiIiLCJsb2dpbiI6InRlYWNoZXJfZnVsbEBpc21hcnQub3JnIiwiZW1haWwiOiJ0ZWFjaGVyX2Z1bGxAaXNtYXJ0Lm9yZyIsImNvbnRyYWN0VHlwZSI6InByaXZhdGUiLCJleHRlcm5hbFVzZXJTb3VyY2UiOm51bGwsImdvZE1vZGUiOnRydWUsImVkdWNvbnQiOnt9LCJfaWQiOiI2NWMzNDFiMmI5MmM3YTVmYmFmZWI2MDcifQ.g8I_2Btv7rGXWFT_jbBB9c0iAVhZshRxVIA8nbNqh0s","default","Mon Oct 05 01:12:06 UTC 2026","failed","Mon Oct 05 01:12:54 UTC 2026","Tests Eors","","",""
"","30299","718. EORS: https://edu.ismart.org/catalog/df7ab7-russkii-yazik-ras/1-chto-mi-znaem-o-zvukah-i-bukvah_vgHO5W?view=tasks&categoryCode=f6e324-russkii-yazik-1-kl&auth=eyJhbGciOiJIUzI1NiIsInR5cCI6IkpXVCJ9.eyJpZCI6IjY1YzM0MWIyYjkyYzdhNWZiYWZlYjYwNyIsImlzQWN0aXZlIjp0cnVlLCJpc0d1ZXN0IjpmYWxzZSwiaXNSZWdpc3RyYXRpb25Db21wbGV0ZSI6dHJ1ZSwiaXNDb25maXJtRW1haWwiOmZhbHNlLCJzdHVkZW50cyI6W10sInV0Y09mZnNldCI6MTgwLCJyb2xlIjoic2Nob29sLXRlYWNoZXIiLCJsYXN0TmFtZSI6IiIsImZpcnN0TmFtZSI6ItCf0YDQvtGE0LXRgdGB0LjQvtC90LDQu9GM0L3Ri9C5IiwicGhvbmVOdW1iZXIiOiIiLCJsb2dpbiI6InRlYWNoZXJfZnVsbEBpc21hcnQub3JnIiwiZW1haWwiOiJ0ZWFjaGVyX2Z1bGxAaXNtYXJ0Lm9yZyIsImNvbnRyYWN0VHlwZSI6InByaXZhdGUiLCJleHRlcm5hbFVzZXJTb3VyY2UiOm51bGwsImdvZE1vZGUiOnRydWUsImVkdWNvbnQiOnt9LCJfaWQiOiI2NWMzNDFiMmI5MmM3YTVmYmFmZWI2MDcifQ.g8I_2Btv7rGXWFT_jbBB9c0iAVhZshRxVIA8nbNqh0s","default","Mon Oct 05 01:59:20 UTC 2026","passed","Mon Oct 05 01:59:51 UTC 2026","Tests Eors","","",""
"","28946","Каталог заданий: ЗПР ""Химия. 7.1"" — Класс 1","default","Mon Oct 05 03:36:55 UTC 2026","passed","Mon Oct 05 03:37:24 UTC 2026","AuTestCatalogTask","","",""
"","18025","Каталог заданий: ТНР ""Русский язык. 5.1"" — Класс 5","default","Mon Oct 05 02:45:22 UTC 2026","passed","Mon Oct 05 02:45:40 UTC 2026","AuTestCatalogTask","","",""
"","28708","729. EORS: https://edu.ismart.org/catalog/d3c7d3-geometriya-ras/5-chetyrehugolniki-geometriya_7GTW54?view=tasks&categoryCode=f90353-geometriya-8-kl&auth=eyJhbGciOiJIUzI1NiIsInR5cCI6IkpXVCJ9.eyJpZCI6IjY1YzM0MWIyYjkyYzdhNWZiYWZlYjYwNyIsImlzQWN0aXZlIjp0cnVlLCJpc0d1ZXN0IjpmYWxzZSwiaXNSZWdpc3RyYXRpb25Db21wbGV0ZSI6dHJ1ZSwiaXNDb25maXJtRW1haWwiOmZhbHNlLCJzdHVkZW50cyI6W10sInV0Y09mZnNldCI6MTgwLCJyb2xlIjoic2Nob29sLXRlYWNoZXIiLCJsYXN0TmFtZSI6IiIsImZpcnN0TmFtZSI6ItCf0YDQvtGE0LXRgdGB0LjQvtC90LDQu9GM0L3Ri9C5IiwicGhvbmVOdW1iZXIiOiIiLCJsb2dpbiI6InRlYWNoZXJfZnVsbEBpc21hcnQub3JnIiwiZW1haWwiOiJ0ZWFjaGVyX2Z1bGxAaXNtYXJ0Lm9yZyIsImNvbnRyYWN0VHlwZSI6InByaXZhdGUiLCJleHRlcm5hbFVzZXJTb3VyY2UiOm51bGwsImdvZE1vZGUiOnRydWUsImVkdWNvbnQiOnt9LCJfaWQiOiI2NWMzNDFiMmI5MmM3YTVmYmFmZWI2MDcifQ.g8I_2Btv7rGXWFT_jbBB9c0iAVhZshRxVIA8nbNqh0s","default","Mon Oct 05 02:00:44 UTC 2026","passed","Mon Oct 05 02:01:13 UTC 2026","Tests Eors","","",""
"","15523","Каталог заданий: Слепые ""Физика. 3.1"" — Класс 1","default","Mon Oct 05 03:02:09 UTC 2026","passed","Mon Oct 05 03:02:24 UTC 2026","AuTestCatalogTask","","",""
"","36272","607. EORS: https://edu.ismart.org/catalog/3dd564-veroyatnost-i-statistika/13-matematicheskoe-ojidanie-sluchano-velichiny-veroyatnost-i-statistika?view=tasks&categoryCode=cce0a6-veroyatnost-i-statistika-11-klass&auth=eyJhbGciOiJIUzI1NiIsInR5cCI6IkpXVCJ9.eyJpZCI6IjY1YzM0MWIyYjkyYzdhNWZiYWZlYjYwNyIsImlzQWN0aXZlIjp0cnVlLCJpc0d1ZXN0IjpmYWxzZSwiaXNSZWdpc3RyYXRpb25Db21wbGV0ZSI6dHJ1ZSwiaXNDb25maXJtRW1haWwiOmZhbHNlLCJzdHVkZW50cyI6W10sInV0Y09mZnNldCI6MTgwLCJyb2xlIjoic2Nob29sLXRlYWNoZXIiLCJsYXN0TmFtZSI6IiIsImZpcnN0TmFtZSI6ItCf0YDQvtGE0LXRgdGB0LjQvtC90LDQu9GM0L3Ri9C5IiwicGhvbmVOdW1iZXIiOiIiLCJsb2dpbiI6InRlYWNoZXJfZnVsbEBpc21hcnQub3JnIiwiZW1haWwiOiJ0ZWFjaGVyX2Z1bGxAaXNtYXJ0Lm9yZyIsImNvbnRyYWN0VHlwZSI6InByaXZhdGUiLCJleHRlcm5hbFVzZXJTb3VyY2UiOm51bGwsImdvZE1vZGUiOnRydWUsImVkdWNvbnQiOnt9LCJfaWQiOiI2NWMzNDFiMmI5MmM3YTVmYmFmZWI2MDcifQ.g8I_2Btv7rGXWFT_jbBB9c0iAVhZshRxVIA8nbNqh0s","default","Mon Oct 05 01:44:38 UTC 2026","passed","Mon Oct 05 01:45:14 UTC 2026","Tests Eors","","",""
"","20803","Каталог заданий: Слабовидящие ""Физика. 4.1"" — Класс 4","default","Mon Oct 05 03:11:45 UTC 2026","passed","Mon Oct 05 03:12:06 UTC 2026","AuTestCatalogTask","","",""
"","24762","144. EORS: https://edu.ismart.org/catalog/acb475-angliiskii-yazik-8-1/1-vzaimootnosheniya-v-seme-i-s-druzyami-semenye-prazdniki-obyazannosti-po-domu_K7sW9O_4GljiY?view=tasks&categoryCode=31b7e5-8-kl&auth=eyJhbGciOiJIUzI1NiIsInR5cCI6IkpXVCJ9.eyJpZCI6IjY1YzM0MWIyYjkyYzdhNWZiYWZlYjYwNyIsImlzQWN0aXZlIjp0cnVlLCJpc0d1ZXN0IjpmYWxzZSwiaXNSZWdpc3RyYXRpb25Db21wbGV0ZSI6dHJ1ZSwiaXNDb25maXJtRW1haWwiOmZhbHNlLCJzdHVkZW50cyI6W10sInV0Y09mZnNldCI6MTgwLCJyb2xlIjoic2Nob29sLXRlYWNoZXIiLCJsYXN0TmFtZSI6IiIsImZpcnN0TmFtZSI6ItCf0YDQvtGE0LXRgdGB0LjQvtC90LDQu9GM0L3Ri9C5IiwicGhvbmVOdW1iZXIiOiIiLCJsb2dpbiI6InRlYWNoZXJfZnVsbEBpc21hcnQub3JnIiwiZW1haWwiOiJ0ZWFjaGVyX2Z1bGxAaXNtYXJ0Lm9yZyIsImNvbnRyYWN0VHlwZSI6InByaXZhdGUiLCJleHRlcm5hbFVzZXJTb3VyY2UiOm51bGwsImdvZE1vZGUiOnRydWUsImVkdWNvbnQiOnt9LCJfaWQiOiI2NWMzNDFiMmI5MmM3YTVmYmFmZWI2MDcifQ.g8I_2Btv7rGXWFT_jbBB9c0iAVhZshRxVIA8nbNqh0s","default","Mon Oct 05 00:41:32 UTC 2026","passed","Mon Oct 05 00:41:57 UTC 2026","Tests Eors","","",""
"","27196","46. EORS: https://edu.ismart.org/catalog/4f1fcc-angliiskii-yazik-7-1/1-moya-semya--moi-druzya-semenye-prazdniki--den-rojdeniya-novy-god_juPw1Z_LyjSAr?view=tasks&categoryCode=1352b1-5-kl&auth=eyJhbGciOiJIUzI1NiIsInR5cCI6IkpXVCJ9.eyJpZCI6IjY1YzM0MWIyYjkyYzdhNWZiYWZlYjYwNyIsImlzQWN0aXZlIjp0cnVlLCJpc0d1ZXN0IjpmYWxzZSwiaXNSZWdpc3RyYXRpb25Db21wbGV0ZSI6dHJ1ZSwiaXNDb25maXJtRW1haWwiOmZhbHNlLCJzdHVkZW50cyI6W10sInV0Y09mZnNldCI6MTgwLCJyb2xlIjoic2Nob29sLXRlYWNoZXIiLCJsYXN0TmFtZSI6IiIsImZpcnN0TmFtZSI6ItCf0YDQvtGE0LXRgdGB0LjQvtC90LDQu9GM0L3Ri9C5IiwicGhvbmVOdW1iZXIiOiIiLCJsb2dpbiI6InRlYWNoZXJfZnVsbEBpc21hcnQub3JnIiwiZW1haWwiOiJ0ZWFjaGVyX2Z1bGxAaXNtYXJ0Lm9yZyIsImNvbnRyYWN0VHlwZSI6InByaXZhdGUiLCJleHRlcm5hbFVzZXJTb3VyY2UiOm51bGwsImdvZE1vZGUiOnRydWUsImVkdWNvbnQiOnt9LCJfaWQiOiI2NWMzNDFiMmI5MmM3YTVmYmFmZWI2MDcifQ.g8I_2Btv7rGXWFT_jbBB9c0iAVhZshRxVIA8nbNqh0s","default","Mon Oct 05 00:28:28 UTC 2026","passed","Mon Oct 05 00:28:55 UTC 2026","Tests Eors","","",""
"","37967","Каталог заданий: Слепые ""История. 3.1"" — Класс 5","default","Mon Oct 05 02:58:26 UTC 2026","passed","Mon Oct 05 02:59:04 UTC 2026","AuTestCatalogTask","","",""
"","35995","118. EORS: https://edu.ismart.org/catalog/293867-algebra/100-vhodnaya-kontrolnaya-rabota?view=tasks&class=5f3fa2c7f00eca001c8bd3f9&auth=eyJhbGciOiJIUzI1NiIsInR5cCI6IkpXVCJ9.eyJpZCI6IjY1YzM0MWIyYjkyYzdhNWZiYWZlYjYwNyIsImlzQWN0aXZlIjp0cnVlLCJpc0d1ZXN0IjpmYWxzZSwiaXNSZWdpc3RyYXRpb25Db21wbGV0ZSI6dHJ1ZSwiaXNDb25maXJtRW1haWwiOmZhbHNlLCJzdHVkZW50cyI6W10sInV0Y09mZnNldCI6MTgwLCJyb2xlIjoic2Nob29sLXRlYWNoZXIiLCJsYXN0TmFtZSI6IiIsImZpcnN0TmFtZSI6ItCf0YDQvtGE0LXRgdGB0LjQvtC90LDQu9GM0L3Ri9C5IiwicGhvbmVOdW1iZXIiOiIiLCJsb2dpbiI6InRlYWNoZXJfZnVsbEBpc21hcnQub3JnIiwiZW1haWwiOiJ0ZWFjaGVyX2Z1bGxAaXNtYXJ0Lm9yZyIsImNvbnRyYWN0VHlwZSI6InByaXZhdGUiLCJleHRlcm5hbFVzZXJTb3VyY2UiOm51bGwsImdvZE1vZGUiOnRydWUsImVkdWNvbnQiOnt9LCJfaWQiOiI2NWMzNDFiMmI5MmM3YTVmYmFmZWI2MDcifQ.g8I_2Btv7rGXWFT_jbBB9c0iAVhZshRxVIA8nbNqh0s","default","Mon Oct 05 00:37:59 UTC 2026","passed","Mon Oct 05 00:38:35 UTC 2026","Tests Eors","","",""
"","47253","Каталог заданий: НОДА ""Литература. 6.1"" — Класс 2","default","Mon Oct 05 03:43:02 UTC 2026","passed","Mon Oct 05 03:43:49 UTC 2026","AuTestCatalogTask","","",""
"","24562","705. EORS: https://edu.ismart.org/catalog/lang-eng/1-povsednevnaya-jizn-semi-mejlichnostnye-otnosheniya-v-seme-s-druzyami-i-znakomymi-konfliktnye-situacii-ih-preduprejdenie-i-razreshenie?view=tasks&categoryCode=f2196d-angliiskii-yazik-10-klass&auth=eyJhbGciOiJIUzI1NiIsInR5cCI6IkpXVCJ9.eyJpZCI6IjY1YzM0MWIyYjkyYzdhNWZiYWZlYjYwNyIsImlzQWN0aXZlIjp0cnVlLCJpc0d1ZXN0IjpmYWxzZSwiaXNSZWdpc3RyYXRpb25Db21wbGV0ZSI6dHJ1ZSwiaXNDb25maXJtRW1haWwiOmZhbHNlLCJzdHVkZW50cyI6W10sInV0Y09mZnNldCI6MTgwLCJyb2xlIjoic2Nob29sLXRlYWNoZXIiLCJsYXN0TmFtZSI6IiIsImZpcnN0TmFtZSI6ItCf0YDQvtGE0LXRgdGB0LjQvtC90LDQu9GM0L3Ri9C5IiwicGhvbmVOdW1iZXIiOiIiLCJsb2dpbiI6InRlYWNoZXJfZnVsbEBpc21hcnQub3JnIiwiZW1haWwiOiJ0ZWFjaGVyX2Z1bGxAaXNtYXJ0Lm9yZyIsImNvbnRyYWN0VHlwZSI6InByaXZhdGUiLCJleHRlcm5hbFVzZXJTb3VyY2UiOm51bGwsImdvZE1vZGUiOnRydWUsImVkdWNvbnQiOnt9LCJfaWQiOiI2NWMzNDFiMmI5MmM3YTVmYmFmZWI2MDcifQ.g8I_2Btv7rGXWFT_jbBB9c0iAVhZshRxVIA8nbNqh0s","default","Mon Oct 05 01:57:46 UTC 2026","passed","Mon Oct 05 01:58:10 UTC 2026","Tests Eors","","",""
"","11494","Каталог заданий: Специальные курсы ""Экология""","default","Mon Oct 05 02:42:17 UTC 2026","passed","Mon Oct 05 02:42:28 UTC 2026","AuTestCatalogTask","","",""
"","17928","Каталог заданий: ЗПР ""Русский язык. 7.1"" — Класс 5","default","Mon Oct 05 03:30:33 UTC 2026","passed","Mon Oct 05 03:30:51 UTC 2026","AuTestCatalogTask","","",""
"","30153","547. EORS: https://edu.ismart.org/catalog/d284c2-matematika-narushenie-sluha/100-1-chisla-i-velichiny-chisla-v-predelah-1-000-000_fqwrzz?view=tasks&categoryCode=c15657-matematika-4-kl&auth=eyJhbGciOiJIUzI1NiIsInR5cCI6IkpXVCJ9.eyJpZCI6IjY1YzM0MWIyYjkyYzdhNWZiYWZlYjYwNyIsImlzQWN0aXZlIjp0cnVlLCJpc0d1ZXN0IjpmYWxzZSwiaXNSZWdpc3RyYXRpb25Db21wbGV0ZSI6dHJ1ZSwiaXNDb25maXJtRW1haWwiOmZhbHNlLCJzdHVkZW50cyI6W10sInV0Y09mZnNldCI6MTgwLCJyb2xlIjoic2Nob29sLXRlYWNoZXIiLCJsYXN0TmFtZSI6IiIsImZpcnN0TmFtZSI6ItCf0YDQvtGE0LXRgdGB0LjQvtC90LDQu9GM0L3Ri9C5IiwicGhvbmVOdW1iZXIiOiIiLCJsb2dpbiI6InRlYWNoZXJfZnVsbEBpc21hcnQub3JnIiwiZW1haWwiOiJ0ZWFjaGVyX2Z1bGxAaXNtYXJ0Lm9yZyIsImNvbnRyYWN0VHlwZSI6InByaXZhdGUiLCJleHRlcm5hbFVzZXJTb3VyY2UiOm51bGwsImdvZE1vZGUiOnRydWUsImVkdWNvbnQiOnt9LCJfaWQiOiI2NWMzNDFiMmI5MmM3YTVmYmFmZWI2MDcifQ.g8I_2Btv7rGXWFT_jbBB9c0iAVhZshRxVIA8nbNqh0s","default","Mon Oct 05 01:34:39 UTC 2026","passed","Mon Oct 05 01:35:09 UTC 2026","Tests Eors","","",""
"","26428","409. EORS: https://edu.ismart.org/catalog/8e5bf2-biologiya/1-chelovek--biosocialny-vid?view=tasks&class=61a71c551b0ad63754c198e9&auth=eyJhbGciOiJIUzI1NiIsInR5cCI6IkpXVCJ9.eyJpZCI6IjY1YzM0MWIyYjkyYzdhNWZiYWZlYjYwNyIsImlzQWN0aXZlIjp0cnVlLCJpc0d1ZXN0IjpmYWxzZSwiaXNSZWdpc3RyYXRpb25Db21wbGV0ZSI6dHJ1ZSwiaXNDb25maXJtRW1haWwiOmZhbHNlLCJzdHVkZW50cyI6W10sInV0Y09mZnNldCI6MTgwLCJyb2xlIjoic2Nob29sLXRlYWNoZXIiLCJsYXN0TmFtZSI6IiIsImZpcnN0TmFtZSI6ItCf0YDQvtGE0LXRgdGB0LjQvtC90LDQu9GM0L3Ri9C5IiwicGhvbmVOdW1iZXIiOiIiLCJsb2dpbiI6InRlYWNoZXJfZnVsbEBpc21hcnQub3JnIiwiZW1haWwiOiJ0ZWFjaGVyX2Z1bGxAaXNtYXJ0Lm9yZyIsImNvbnRyYWN0VHlwZSI6InByaXZhdGUiLCJleHRlcm5hbFVzZXJTb3VyY2UiOm51bGwsImdvZE1vZGUiOnRydWUsImVkdWNvbnQiOnt9LCJfaWQiOiI2NWMzNDFiMmI5MmM3YTVmYmFmZWI2MDcifQ.g8I_2Btv7rGXWFT_jbBB9c0iAVhZshRxVIA8nbNqh0s","default","Mon Oct 05 01:15:43 UTC 2026","passed","Mon Oct 05 01:16:09 UTC 2026","Tests Eors","","",""
"","24147","Каталог заданий: Повторение пройденного материала ""Вероятность и статистика"" — Класс 3","default","Mon Oct 05 02:37:14 UTC 2026","passed","Mon Oct 05 02:37:38 UTC 2026","AuTestCatalogTask","","",""
"","53339","652. EORS: https://edu.ismart.org/catalog/dff6dd-angliiskii-yazik/1101-leksicheskaya-storona-rechi?view=tasks&class=61a71c551b0ad63754c198e9&auth=eyJhbGciOiJIUzI1NiIsInR5cCI6IkpXVCJ9.eyJpZCI6IjY1YzM0MWIyYjkyYzdhNWZiYWZlYjYwNyIsImlzQWN0aXZlIjp0cnVlLCJpc0d1ZXN0IjpmYWxzZSwiaXNSZWdpc3RyYXRpb25Db21wbGV0ZSI6dHJ1ZSwiaXNDb25maXJtRW1haWwiOmZhbHNlLCJzdHVkZW50cyI6W10sInV0Y09mZnNldCI6MTgwLCJyb2xlIjoic2Nob29sLXRlYWNoZXIiLCJsYXN0TmFtZSI6IiIsImZpcnN0TmFtZSI6ItCf0YDQvtGE0LXRgdGB0LjQvtC90LDQu9GM0L3Ri9C5IiwicGhvbmVOdW1iZXIiOiIiLCJsb2dpbiI6InRlYWNoZXJfZnVsbEBpc21hcnQub3JnIiwiZW1haWwiOiJ0ZWFjaGVyX2Z1bGxAaXNtYXJ0Lm9yZyIsImNvbnRyYWN0VHlwZSI6InByaXZhdGUiLCJleHRlcm5hbFVzZXJTb3VyY2UiOm51bGwsImdvZE1vZGUiOnRydWUsImVkdWNvbnQiOnt9LCJfaWQiOiI2NWMzNDFiMmI5MmM3YTVmYmFmZWI2MDcifQ.g8I_2Btv7rGXWFT_jbBB9c0iAVhZshRxVIA8nbNqh0s","default","Mon Oct 05 01:50:41 UTC 2026","failed","Mon Oct 05 01:51:35 UTC 2026","Tests Eors","","",""
"","61530","589. EORS: https://edu.ismart.org/catalog/cat-prepare-test-work-math/200-vhodnaya-kontrolnaya-rabota?view=tasks&class=5a3cef238409440019b57b38&auth=eyJhbGciOiJIUzI1NiIsInR5cCI6IkpXVCJ9.eyJpZCI6IjY1YzM0MWIyYjkyYzdhNWZiYWZlYjYwNyIsImlzQWN0aXZlIjp0cnVlLCJpc0d1ZXN0IjpmYWxzZSwiaXNSZWdpc3RyYXRpb25Db21wbGV0ZSI6dHJ1ZSwiaXNDb25maXJtRW1haWwiOmZhbHNlLCJzdHVkZW50cyI6W10sInV0Y09mZnNldCI6MTgwLCJyb2xlIjoic2Nob29sLXRlYWNoZXIiLCJsYXN0TmFtZSI6IiIsImZpcnN0TmFtZSI6ItCf0YDQvtGE0LXRgdGB0LjQvtC90LDQu9GM0L3Ri9C5IiwicGhvbmVOdW1iZXIiOiIiLCJsb2dpbiI6InRlYWNoZXJfZnVsbEBpc21hcnQub3JnIiwiZW1haWwiOiJ0ZWFjaGVyX2Z1bGxAaXNtYXJ0Lm9yZyIsImNvbnRyYWN0VHlwZSI6InByaXZhdGUiLCJleHRlcm5hbFVzZXJTb3VyY2UiOm51bGwsImdvZE1vZGUiOnRydWUsImVkdWNvbnQiOnt9LCJfaWQiOiI2NWMzNDFiMmI5MmM3YTVmYmFmZWI2MDcifQ.g8I_2Btv7rGXWFT_jbBB9c0iAVhZshRxVIA8nbNqh0s","default","Mon Oct 05 01:40:46 UTC 2026","failed","Mon Oct 05 01:41:48 UTC 2026","Tests Eors","","",""
"","48320","235. EORS: https://edu.ismart.org/catalog/4e3834-okruzhayuschii-mir/100-kontrolnaya-rabota-po-teme-chelovek-i-obshchestvo-nasha-rodina--rossiya?view=tasks&class=5a3cef238409440019b57b38&auth=eyJhbGciOiJIUzI1NiIsInR5cCI6IkpXVCJ9.eyJpZCI6IjY1YzM0MWIyYjkyYzdhNWZiYWZlYjYwNyIsImlzQWN0aXZlIjp0cnVlLCJpc0d1ZXN0IjpmYWxzZSwiaXNSZWdpc3RyYXRpb25Db21wbGV0ZSI6dHJ1ZSwiaXNDb25maXJtRW1haWwiOmZhbHNlLCJzdHVkZW50cyI6W10sInV0Y09mZnNldCI6MTgwLCJyb2xlIjoic2Nob29sLXRlYWNoZXIiLCJsYXN0TmFtZSI6IiIsImZpcnN0TmFtZSI6ItCf0YDQvtGE0LXRgdGB0LjQvtC90LDQu9GM0L3Ri9C5IiwicGhvbmVOdW1iZXIiOiIiLCJsb2dpbiI6InRlYWNoZXJfZnVsbEBpc21hcnQub3JnIiwiZW1haWwiOiJ0ZWFjaGVyX2Z1bGxAaXNtYXJ0Lm9yZyIsImNvbnRyYWN0VHlwZSI6InByaXZhdGUiLCJleHRlcm5hbFVzZXJTb3VyY2UiOm51bGwsImdvZE1vZGUiOnRydWUsImVkdWNvbnQiOnt9LCJfaWQiOiI2NWMzNDFiMmI5MmM3YTVmYmFmZWI2MDcifQ.g8I_2Btv7rGXWFT_jbBB9c0iAVhZshRxVIA8nbNqh0s","default","Mon Oct 05 00:52:58 UTC 2026","failed","Mon Oct 05 00:53:46 UTC 2026","Tests Eors","","",""
"","27302","Каталог заданий: Подготовка к ВПР ""Информатика"" — Класс 1","default","Mon Oct 05 02:23:36 UTC 2026","passed","Mon Oct 05 02:24:03 UTC 2026","AuTestCatalogTask","","",""
"","21940","158. EORS: https://edu.ismart.org/catalog/377d5a-veroyatnost-i-statistika/49--1-nedelya-predstavlenie-dannyh-i-opisatelnaya-statistika?view=tasks&class=64bfa63cd00b08794c3f8b29&auth=eyJhbGciOiJIUzI1NiIsInR5cCI6IkpXVCJ9.eyJpZCI6IjY1YzM0MWIyYjkyYzdhNWZiYWZlYjYwNyIsImlzQWN0aXZlIjp0cnVlLCJpc0d1ZXN0IjpmYWxzZSwiaXNSZWdpc3RyYXRpb25Db21wbGV0ZSI6dHJ1ZSwiaXNDb25maXJtRW1haWwiOmZhbHNlLCJzdHVkZW50cyI6W10sInV0Y09mZnNldCI6MTgwLCJyb2xlIjoic2Nob29sLXRlYWNoZXIiLCJsYXN0TmFtZSI6IiIsImZpcnN0TmFtZSI6ItCf0YDQvtGE0LXRgdGB0LjQvtC90LDQu9GM0L3Ri9C5IiwicGhvbmVOdW1iZXIiOiIiLCJsb2dpbiI6InRlYWNoZXJfZnVsbEBpc21hcnQub3JnIiwiZW1haWwiOiJ0ZWFjaGVyX2Z1bGxAaXNtYXJ0Lm9yZyIsImNvbnRyYWN0VHlwZSI6InByaXZhdGUiLCJleHRlcm5hbFVzZXJTb3VyY2UiOm51bGwsImdvZE1vZGUiOnRydWUsImVkdWNvbnQiOnt9LCJfaWQiOiI2NWMzNDFiMmI5MmM3YTVmYmFmZWI2MDcifQ.g8I_2Btv7rGXWFT_jbBB9c0iAVhZshRxVIA8nbNqh0s","default","Mon Oct 05 00:43:12 UTC 2026","passed","Mon Oct 05 00:43:33 UTC 2026","Tests Eors","","",""
"","14639","Каталог заданий: Нарушение слуха ""Русский язык. 1.1"" — Класс 11","default","Mon Oct 05 03:13:26 UTC 2026","passed","Mon Oct 05 03:13:41 UTC 2026","AuTestCatalogTask","","",""
"","14139","Каталог заданий: Слабовидящие ""Вероятность и статистика. 4.1"" — Класс 3","default","Mon Oct 05 03:12:06 UTC 2026","passed","Mon Oct 05 03:12:20 UTC 2026","AuTestCatalogTask","","",""
"","20372","Каталог заданий: Сложные темы ""Математика"" — Класс 2","default","Mon Oct 05 02:44:27 UTC 2026","passed","Mon Oct 05 02:44:47 UTC 2026","AuTestCatalogTask","","",""
"","18113","Каталог заданий: Слабовидящие ""Вероятность и статистика. 4.1"" — Класс 4","default","Mon Oct 05 03:12:08 UTC 2026","passed","Mon Oct 05 03:12:26 UTC 2026","AuTestCatalogTask","","",""
"","26722","29. EORS: https://edu.ismart.org/catalog/a24668-okruzhayuschii-mir-zpr/01-chelovek-i-obshchestvo-nasha-rodina--rossiya_eqM3TI?view=tasks&categoryCode=08fc4b-okruzhayuschii-2-kl&auth=eyJhbGciOiJIUzI1NiIsInR5cCI6IkpXVCJ9.eyJpZCI6IjY1YzM0MWIyYjkyYzdhNWZiYWZlYjYwNyIsImlzQWN0aXZlIjp0cnVlLCJpc0d1ZXN0IjpmYWxzZSwiaXNSZWdpc3RyYXRpb25Db21wbGV0ZSI6dHJ1ZSwiaXNDb25maXJtRW1haWwiOmZhbHNlLCJzdHVkZW50cyI6W10sInV0Y09mZnNldCI6MTgwLCJyb2xlIjoic2Nob29sLXRlYWNoZXIiLCJsYXN0TmFtZSI6IiIsImZpcnN0TmFtZSI6ItCf0YDQvtGE0LXRgdGB0LjQvtC90LDQu9GM0L3Ri9C5IiwicGhvbmVOdW1iZXIiOiIiLCJsb2dpbiI6InRlYWNoZXJfZnVsbEBpc21hcnQub3JnIiwiZW1haWwiOiJ0ZWFjaGVyX2Z1bGxAaXNtYXJ0Lm9yZyIsImNvbnRyYWN0VHlwZSI6InByaXZhdGUiLCJleHRlcm5hbFVzZXJTb3VyY2UiOm51bGwsImdvZE1vZGUiOnRydWUsImVkdWNvbnQiOnt9LCJfaWQiOiI2NWMzNDFiMmI5MmM3YTVmYmFmZWI2MDcifQ.g8I_2Btv7rGXWFT_jbBB9c0iAVhZshRxVIA8nbNqh0s","default","Mon Oct 05 00:26:13 UTC 2026","passed","Mon Oct 05 00:26:40 UTC 2026","Tests Eors","","",""
"","16654","Каталог заданий: Слабослышащие ""Информатика. 2.1"" — Класс 4","default","Mon Oct 05 03:30:11 UTC 2026","passed","Mon Oct 05 03:30:28 UTC 2026","AuTestCatalogTask","","",""
"","24500","395. EORS: https://edu.ismart.org/catalog/4f1fcc-angliiskii-yazik-7-1/1-family--friends_3tTW7x_RQpDug?view=tasks&categoryCode=86ce79-11-kl&auth=eyJhbGciOiJIUzI1NiIsInR5cCI6IkpXVCJ9.eyJpZCI6IjY1YzM0MWIyYjkyYzdhNWZiYWZlYjYwNyIsImlzQWN0aXZlIjp0cnVlLCJpc0d1ZXN0IjpmYWxzZSwiaXNSZWdpc3RyYXRpb25Db21wbGV0ZSI6dHJ1ZSwiaXNDb25maXJtRW1haWwiOmZhbHNlLCJzdHVkZW50cyI6W10sInV0Y09mZnNldCI6MTgwLCJyb2xlIjoic2Nob29sLXRlYWNoZXIiLCJsYXN0TmFtZSI6IiIsImZpcnN0TmFtZSI6ItCf0YDQvtGE0LXRgdGB0LjQvtC90LDQu9GM0L3Ri9C5IiwicGhvbmVOdW1iZXIiOiIiLCJsb2dpbiI6InRlYWNoZXJfZnVsbEBpc21hcnQub3JnIiwiZW1haWwiOiJ0ZWFjaGVyX2Z1bGxAaXNtYXJ0Lm9yZyIsImNvbnRyYWN0VHlwZSI6InByaXZhdGUiLCJleHRlcm5hbFVzZXJTb3VyY2UiOm51bGwsImdvZE1vZGUiOnRydWUsImVkdWNvbnQiOnt9LCJfaWQiOiI2NWMzNDFiMmI5MmM3YTVmYmFmZWI2MDcifQ.g8I_2Btv7rGXWFT_jbBB9c0iAVhZshRxVIA8nbNqh0s","default","Mon Oct 05 01:13:54 UTC 2026","passed","Mon Oct 05 01:14:18 UTC 2026","Tests Eors","","",""
"","25557","Каталог заданий: Повторение пройденного материала ""Русский язык"" — Класс 4","default","Mon Oct 05 02:32:16 UTC 2026","passed","Mon Oct 05 02:32:42 UTC 2026","AuTestCatalogTask","","",""
"","50461","722. EORS: https://edu.ismart.org/catalog/f846e1-angliiskii-yazik/1101-leksicheskaya-storona-rechi?view=tasks&class=5f197003b96284001b29733d&auth=eyJhbGciOiJIUzI1NiIsInR5cCI6IkpXVCJ9.eyJpZCI6IjY1YzM0MWIyYjkyYzdhNWZiYWZlYjYwNyIsImlzQWN0aXZlIjp0cnVlLCJpc0d1ZXN0IjpmYWxzZSwiaXNSZWdpc3RyYXRpb25Db21wbGV0ZSI6dHJ1ZSwiaXNDb25maXJtRW1haWwiOmZhbHNlLCJzdHVkZW50cyI6W10sInV0Y09mZnNldCI6MTgwLCJyb2xlIjoic2Nob29sLXRlYWNoZXIiLCJsYXN0TmFtZSI6IiIsImZpcnN0TmFtZSI6ItCf0YDQvtGE0LXRgdGB0LjQvtC90LDQu9GM0L3Ri9C5IiwicGhvbmVOdW1iZXIiOiIiLCJsb2dpbiI6InRlYWNoZXJfZnVsbEBpc21hcnQub3JnIiwiZW1haWwiOiJ0ZWFjaGVyX2Z1bGxAaXNtYXJ0Lm9yZyIsImNvbnRyYWN0VHlwZSI6InByaXZhdGUiLCJleHRlcm5hbFVzZXJTb3VyY2UiOm51bGwsImdvZE1vZGUiOnRydWUsImVkdWNvbnQiOnt9LCJfaWQiOiI2NWMzNDFiMmI5MmM3YTVmYmFmZWI2MDcifQ.g8I_2Btv7rGXWFT_jbBB9c0iAVhZshRxVIA8nbNqh0s","default","Mon Oct 05 01:59:51 UTC 2026","failed","Mon Oct 05 02:00:41 UTC 2026","Tests Eors","","",""
"","17465","Каталог заданий: Подготовка к контрольным работам ""Геометрия"" — Класс 1","default","Mon Oct 05 02:27:38 UTC 2026","passed","Mon Oct 05 02:27:55 UTC 2026","AuTestCatalogTask","","",""
"","42186","Каталог заданий: Слабовидящие ""Биология. 4.1"" — Класс 2","default","Mon Oct 05 03:09:43 UTC 2026","passed","Mon Oct 05 03:10:26 UTC 2026","AuTestCatalogTask","","",""
"","24552","Каталог заданий: РАС ""Английский язык. 8.1"" — Класс 5","default","Mon Oct 05 03:57:52 UTC 2026","passed","Mon Oct 05 03:58:17 UTC 2026","AuTestCatalogTask","","",""
"","24870","390. EORS: https://edu.ismart.org/catalog/0ac4a2-geometriya/5-sootnosheniya-v-treugolnike?view=tasks&categoryCode=846014-geometriya-9-klass&auth=eyJhbGciOiJIUzI1NiIsInR5cCI6IkpXVCJ9.eyJpZCI6IjY1YzM0MWIyYjkyYzdhNWZiYWZlYjYwNyIsImlzQWN0aXZlIjp0cnVlLCJpc0d1ZXN0IjpmYWxzZSwiaXNSZWdpc3RyYXRpb25Db21wbGV0ZSI6dHJ1ZSwiaXNDb25maXJtRW1haWwiOmZhbHNlLCJzdHVkZW50cyI6W10sInV0Y09mZnNldCI6MTgwLCJyb2xlIjoic2Nob29sLXRlYWNoZXIiLCJsYXN0TmFtZSI6IiIsImZpcnN0TmFtZSI6ItCf0YDQvtGE0LXRgdGB0LjQvtC90LDQu9GM0L3Ri9C5IiwicGhvbmVOdW1iZXIiOiIiLCJsb2dpbiI6InRlYWNoZXJfZnVsbEBpc21hcnQub3JnIiwiZW1haWwiOiJ0ZWFjaGVyX2Z1bGxAaXNtYXJ0Lm9yZyIsImNvbnRyYWN0VHlwZSI6InByaXZhdGUiLCJleHRlcm5hbFVzZXJTb3VyY2UiOm51bGwsImdvZE1vZGUiOnRydWUsImVkdWNvbnQiOnt9LCJfaWQiOiI2NWMzNDFiMmI5MmM3YTVmYmFmZWI2MDcifQ.g8I_2Btv7rGXWFT_jbBB9c0iAVhZshRxVIA8nbNqh0s","default","Mon Oct 05 01:13:27 UTC 2026","passed","Mon Oct 05 01:13:52 UTC 2026","Tests Eors","","",""
"","18983","Каталог заданий: Школьная программа ""Окружающий мир (2)"" — Класс 1","default","Mon Oct 05 02:11:38 UTC 2026","passed","Mon Oct 05 02:11:57 UTC 2026","AuTestCatalogTask","","",""
"","30945","Каталог заданий: НОДА ""Окружающий мир. 6.1"" — Класс 3","default","Mon Oct 05 03:42:35 UTC 2026","passed","Mon Oct 05 03:43:06 UTC 2026","AuTestCatalogTask","","",""
"","25871","387. EORS: https://edu.ismart.org/catalog/cb216c-obschestvoznanie-1-1/1-biologicheskoe-i-socialnoe-v-cheloveke-potrebnosti-cheloveka_FgWHsy_JnBLTU?view=tasks&categoryCode=835765-6-klass&auth=eyJhbGciOiJIUzI1NiIsInR5cCI6IkpXVCJ9.eyJpZCI6IjY1YzM0MWIyYjkyYzdhNWZiYWZlYjYwNyIsImlzQWN0aXZlIjp0cnVlLCJpc0d1ZXN0IjpmYWxzZSwiaXNSZWdpc3RyYXRpb25Db21wbGV0ZSI6dHJ1ZSwiaXNDb25maXJtRW1haWwiOmZhbHNlLCJzdHVkZW50cyI6W10sInV0Y09mZnNldCI6MTgwLCJyb2xlIjoic2Nob29sLXRlYWNoZXIiLCJsYXN0TmFtZSI6IiIsImZpcnN0TmFtZSI6ItCf0YDQvtGE0LXRgdGB0LjQvtC90LDQu9GM0L3Ri9C5IiwicGhvbmVOdW1iZXIiOiIiLCJsb2dpbiI6InRlYWNoZXJfZnVsbEBpc21hcnQub3JnIiwiZW1haWwiOiJ0ZWFjaGVyX2Z1bGxAaXNtYXJ0Lm9yZyIsImNvbnRyYWN0VHlwZSI6InByaXZhdGUiLCJleHRlcm5hbFVzZXJTb3VyY2UiOm51bGwsImdvZE1vZGUiOnRydWUsImVkdWNvbnQiOnt9LCJfaWQiOiI2NWMzNDFiMmI5MmM3YTVmYmFmZWI2MDcifQ.g8I_2Btv7rGXWFT_jbBB9c0iAVhZshRxVIA8nbNqh0s","default","Mon Oct 05 01:13:01 UTC 2026","passed","Mon Oct 05 01:13:27 UTC 2026","Tests Eors","","",""
"","15799","Каталог заданий: ТНР ""Обществознание. 5.1"" — Класс 5","default","Mon Oct 05 02:53:02 UTC 2026","passed","Mon Oct 05 02:53:18 UTC 2026","AuTestCatalogTask","","",""
"","24980","Каталог заданий: СПО ""Элементы высшей математики"" — Класс 1","default","Mon Oct 05 02:40:18 UTC 2026","passed","Mon Oct 05 02:40:43 UTC 2026","AuTestCatalogTask","","",""
"","64200","Каталог заданий: ТНР ""Биология. 5.1"" — Класс 6","default","Mon Oct 05 02:48:33 UTC 2026","passed","Mon Oct 05 02:49:37 UTC 2026","AuTestCatalogTask","","",""
"","23544","85. EORS: https://edu.ismart.org/catalog/3478fa-russkii-yazik-slepie-uchaschiesya/yazyk-i-rech-tekst_Qkqe9G?view=tasks&categoryCode=1e715c-russkii-yazik-9-kl&auth=eyJhbGciOiJIUzI1NiIsInR5cCI6IkpXVCJ9.eyJpZCI6IjY1YzM0MWIyYjkyYzdhNWZiYWZlYjYwNyIsImlzQWN0aXZlIjp0cnVlLCJpc0d1ZXN0IjpmYWxzZSwiaXNSZWdpc3RyYXRpb25Db21wbGV0ZSI6dHJ1ZSwiaXNDb25maXJtRW1haWwiOmZhbHNlLCJzdHVkZW50cyI6W10sInV0Y09mZnNldCI6MTgwLCJyb2xlIjoic2Nob29sLXRlYWNoZXIiLCJsYXN0TmFtZSI6IiIsImZpcnN0TmFtZSI6ItCf0YDQvtGE0LXRgdGB0LjQvtC90LDQu9GM0L3Ri9C5IiwicGhvbmVOdW1iZXIiOiIiLCJsb2dpbiI6InRlYWNoZXJfZnVsbEBpc21hcnQub3JnIiwiZW1haWwiOiJ0ZWFjaGVyX2Z1bGxAaXNtYXJ0Lm9yZyIsImNvbnRyYWN0VHlwZSI6InByaXZhdGUiLCJleHRlcm5hbFVzZXJTb3VyY2UiOm51bGwsImdvZE1vZGUiOnRydWUsImVkdWNvbnQiOnt9LCJfaWQiOiI2NWMzNDFiMmI5MmM3YTVmYmFmZWI2MDcifQ.g8I_2Btv7rGXWFT_jbBB9c0iAVhZshRxVIA8nbNqh0s","default","Mon Oct 05 00:33:31 UTC 2026","passed","Mon Oct 05 00:33:54 UTC 2026","Tests Eors","","",""
"","18331","Каталог заданий: Слепые ""Вероятность и статистика. 3.1"" — Класс 4","default","Mon Oct 05 03:02:49 UTC 2026","passed","Mon Oct 05 03:03:07 UTC 2026","AuTestCatalogTask","","",""
"","48150","71. EORS: https://edu.ismart.org/catalog/ee319e-fizika-7-1/1-mehanika_xOqlNV_ZtACji?view=tasks&categoryCode=197c88-9-kl&auth=eyJhbGciOiJIUzI1NiIsInR5cCI6IkpXVCJ9.eyJpZCI6IjY1YzM0MWIyYjkyYzdhNWZiYWZlYjYwNyIsImlzQWN0aXZlIjp0cnVlLCJpc0d1ZXN0IjpmYWxzZSwiaXNSZWdpc3RyYXRpb25Db21wbGV0ZSI6dHJ1ZSwiaXNDb25maXJtRW1haWwiOmZhbHNlLCJzdHVkZW50cyI6W10sInV0Y09mZnNldCI6MTgwLCJyb2xlIjoic2Nob29sLXRlYWNoZXIiLCJsYXN0TmFtZSI6IiIsImZpcnN0TmFtZSI6ItCf0YDQvtGE0LXRgdGB0LjQvtC90LDQu9GM0L3Ri9C5IiwicGhvbmVOdW1iZXIiOiIiLCJsb2dpbiI6InRlYWNoZXJfZnVsbEBpc21hcnQub3JnIiwiZW1haWwiOiJ0ZWFjaGVyX2Z1bGxAaXNtYXJ0Lm9yZyIsImNvbnRyYWN0VHlwZSI6InByaXZhdGUiLCJleHRlcm5hbFVzZXJTb3VyY2UiOm51bGwsImdvZE1vZGUiOnRydWUsImVkdWNvbnQiOnt9LCJfaWQiOiI2NWMzNDFiMmI5MmM3YTVmYmFmZWI2MDcifQ.g8I_2Btv7rGXWFT_jbBB9c0iAVhZshRxVIA8nbNqh0s","default","Mon Oct 05 00:31:42 UTC 2026","failed","Mon Oct 05 00:32:30 UTC 2026","Tests Eors","","",""
"","26670","347. EORS: https://edu.ismart.org/catalog/77a70c-uchimsya-pisat-sochinenie/200-organizaciya--teksta?view=tasks&class=5ef1b652250d56001b4f771b&auth=eyJhbGciOiJIUzI1NiIsInR5cCI6IkpXVCJ9.eyJpZCI6IjY1YzM0MWIyYjkyYzdhNWZiYWZlYjYwNyIsImlzQWN0aXZlIjp0cnVlLCJpc0d1ZXN0IjpmYWxzZSwiaXNSZWdpc3RyYXRpb25Db21wbGV0ZSI6dHJ1ZSwiaXNDb25maXJtRW1haWwiOmZhbHNlLCJzdHVkZW50cyI6W10sInV0Y09mZnNldCI6MTgwLCJyb2xlIjoic2Nob29sLXRlYWNoZXIiLCJsYXN0TmFtZSI6IiIsImZpcnN0TmFtZSI6ItCf0YDQvtGE0LXRgdGB0LjQvtC90LDQu9GM0L3Ri9C5IiwicGhvbmVOdW1iZXIiOiIiLCJsb2dpbiI6InRlYWNoZXJfZnVsbEBpc21hcnQub3JnIiwiZW1haWwiOiJ0ZWFjaGVyX2Z1bGxAaXNtYXJ0Lm9yZyIsImNvbnRyYWN0VHlwZSI6InByaXZhdGUiLCJleHRlcm5hbFVzZXJTb3VyY2UiOm51bGwsImdvZE1vZGUiOnRydWUsImVkdWNvbnQiOnt9LCJfaWQiOiI2NWMzNDFiMmI5MmM3YTVmYmFmZWI2MDcifQ.g8I_2Btv7rGXWFT_jbBB9c0iAVhZshRxVIA8nbNqh0s","default","Mon Oct 05 01:08:16 UTC 2026","passed","Mon Oct 05 01:08:43 UTC 2026","Tests Eors","","",""
"","23603","239. EORS: https://edu.ismart.org/catalog/lang-eng/1-vzaimootnosheniya-v-seme-i-s-druzyami-semenye-prazdniki?view=tasks&categoryCode=4f9320-novii-razdel&auth=eyJhbGciOiJIUzI1NiIsInR5cCI6IkpXVCJ9.eyJpZCI6IjY1YzM0MWIyYjkyYzdhNWZiYWZlYjYwNyIsImlzQWN0aXZlIjp0cnVlLCJpc0d1ZXN0IjpmYWxzZSwiaXNSZWdpc3RyYXRpb25Db21wbGV0ZSI6dHJ1ZSwiaXNDb25maXJtRW1haWwiOmZhbHNlLCJzdHVkZW50cyI6W10sInV0Y09mZnNldCI6MTgwLCJyb2xlIjoic2Nob29sLXRlYWNoZXIiLCJsYXN0TmFtZSI6IiIsImZpcnN0TmFtZSI6ItCf0YDQvtGE0LXRgdGB0LjQvtC90LDQu9GM0L3Ri9C5IiwicGhvbmVOdW1iZXIiOiIiLCJsb2dpbiI6InRlYWNoZXJfZnVsbEBpc21hcnQub3JnIiwiZW1haWwiOiJ0ZWFjaGVyX2Z1bGxAaXNtYXJ0Lm9yZyIsImNvbnRyYWN0VHlwZSI6InByaXZhdGUiLCJleHRlcm5hbFVzZXJTb3VyY2UiOm51bGwsImdvZE1vZGUiOnRydWUsImVkdWNvbnQiOnt9LCJfaWQiOiI2NWMzNDFiMmI5MmM3YTVmYmFmZWI2MDcifQ.g8I_2Btv7rGXWFT_jbBB9c0iAVhZshRxVIA8nbNqh0s","default","Mon Oct 05 00:53:45 UTC 2026","passed","Mon Oct 05 00:54:09 UTC 2026","Tests Eors","","",""
"","13369","Каталог заданий: Подготовка к ОГЭ ""Литература. Варианты КИМ""","default","Mon Oct 05 02:19:03 UTC 2026","passed","Mon Oct 05 02:19:17 UTC 2026","AuTestCatalogTask","","",""
"","21584","1. EORS: https://edu.ismart.org/catalog/0188e4-diagnostika-dlya-4-klassa/roverochnaya-rabota-es--1-entyabr-oktyabr?view=tasks&class=5a3cef308409440019b57b39&auth=eyJhbGciOiJIUzI1NiIsInR5cCI6IkpXVCJ9.eyJpZCI6IjY1YzM0MWIyYjkyYzdhNWZiYWZlYjYwNyIsImlzQWN0aXZlIjp0cnVlLCJpc0d1ZXN0IjpmYWxzZSwiaXNSZWdpc3RyYXRpb25Db21wbGV0ZSI6dHJ1ZSwiaXNDb25maXJtRW1haWwiOmZhbHNlLCJzdHVkZW50cyI6W10sInV0Y09mZnNldCI6MTgwLCJyb2xlIjoic2Nob29sLXRlYWNoZXIiLCJsYXN0TmFtZSI6IiIsImZpcnN0TmFtZSI6ItCf0YDQvtGE0LXRgdGB0LjQvtC90LDQu9GM0L3Ri9C5IiwicGhvbmVOdW1iZXIiOiIiLCJsb2dpbiI6InRlYWNoZXJfZnVsbEBpc21hcnQub3JnIiwiZW1haWwiOiJ0ZWFjaGVyX2Z1bGxAaXNtYXJ0Lm9yZyIsImNvbnRyYWN0VHlwZSI6InByaXZhdGUiLCJleHRlcm5hbFVzZXJTb3VyY2UiOm51bGwsImdvZE1vZGUiOnRydWUsImVkdWNvbnQiOnt9LCJfaWQiOiI2NWMzNDFiMmI5MmM3YTVmYmFmZWI2MDcifQ.g8I_2Btv7rGXWFT_jbBB9c0iAVhZshRxVIA8nbNqh0s","default","Mon Oct 05 00:22:05 UTC 2026","passed","Mon Oct 05 00:22:26 UTC 2026","Tests Eors","","",""
"","16043","Каталог заданий: Слепые ""Геометрия. 3.1"" — Класс 2","default","Mon Oct 05 02:56:08 UTC 2026","passed","Mon Oct 05 02:56:24 UTC 2026","AuTestCatalogTask","","",""
"","24448","Каталог заданий: Повторение пройденного материала ""Вероятность и статистика"" — Класс 5","default","Mon Oct 05 02:37:24 UTC 2026","passed","Mon Oct 05 02:37:48 UTC 2026","AuTestCatalogTask","","",""
"","25581","Каталог заданий: Повторение пройденного материала ""Окружающий мир"" — Класс 4","default","Mon Oct 05 02:33:16 UTC 2026","passed","Mon Oct 05 02:33:42 UTC 2026","AuTestCatalogTask","","",""
"","14380","Каталог заданий: РАС ""Информатика. 8.1"" — Класс 5","default","Mon Oct 05 03:59:14 UTC 2026","passed","Mon Oct 05 03:59:28 UTC 2026","AuTestCatalogTask","","",""
"","54451","5. EORS: https://edu.ismart.org/catalog/c0b22a-russkii-yazik-narushenie-sluha/1-chto-mi-znaem-o-zvukah-i-bukvah_obfSUe?view=tasks&categoryCode=043523-russkii-yazik-3-kl&auth=eyJhbGciOiJIUzI1NiIsInR5cCI6IkpXVCJ9.eyJpZCI6IjY1YzM0MWIyYjkyYzdhNWZiYWZlYjYwNyIsImlzQWN0aXZlIjp0cnVlLCJpc0d1ZXN0IjpmYWxzZSwiaXNSZWdpc3RyYXRpb25Db21wbGV0ZSI6dHJ1ZSwiaXNDb25maXJtRW1haWwiOmZhbHNlLCJzdHVkZW50cyI6W10sInV0Y09mZnNldCI6MTgwLCJyb2xlIjoic2Nob29sLXRlYWNoZXIiLCJsYXN0TmFtZSI6IiIsImZpcnN0TmFtZSI6ItCf0YDQvtGE0LXRgdGB0LjQvtC90LDQu9GM0L3Ri9C5IiwicGhvbmVOdW1iZXIiOiIiLCJsb2dpbiI6InRlYWNoZXJfZnVsbEBpc21hcnQub3JnIiwiZW1haWwiOiJ0ZWFjaGVyX2Z1bGxAaXNtYXJ0Lm9yZyIsImNvbnRyYWN0VHlwZSI6InByaXZhdGUiLCJleHRlcm5hbFVzZXJTb3VyY2UiOm51bGwsImdvZE1vZGUiOnRydWUsImVkdWNvbnQiOnt9LCJfaWQiOiI2NWMzNDFiMmI5MmM3YTVmYmFmZWI2MDcifQ.g8I_2Btv7rGXWFT_jbBB9c0iAVhZshRxVIA8nbNqh0s","default","Mon Oct 05 00:22:28 UTC 2026","failed","Mon Oct 05 00:23:23 UTC 2026","Tests Eors","","",""
"","36666","602. EORS: https://edu.ismart.org/catalog/cat-prepare-test-work-ru-lang/100-kontrolnaya-rabota-leksikologiya-i-frazeologiya-leksicheskie-normy?view=tasks&class=64bfa63cd00b08794c3f8b29&auth=eyJhbGciOiJIUzI1NiIsInR5cCI6IkpXVCJ9.eyJpZCI6IjY1YzM0MWIyYjkyYzdhNWZiYWZlYjYwNyIsImlzQWN0aXZlIjp0cnVlLCJpc0d1ZXN0IjpmYWxzZSwiaXNSZWdpc3RyYXRpb25Db21wbGV0ZSI6dHJ1ZSwiaXNDb25maXJtRW1haWwiOmZhbHNlLCJzdHVkZW50cyI6W10sInV0Y09mZnNldCI6MTgwLCJyb2xlIjoic2Nob29sLXRlYWNoZXIiLCJsYXN0TmFtZSI6IiIsImZpcnN0TmFtZSI6ItCf0YDQvtGE0LXRgdGB0LjQvtC90LDQu9GM0L3Ri9C5IiwicGhvbmVOdW1iZXIiOiIiLCJsb2dpbiI6InRlYWNoZXJfZnVsbEBpc21hcnQub3JnIiwiZW1haWwiOiJ0ZWFjaGVyX2Z1bGxAaXNtYXJ0Lm9yZyIsImNvbnRyYWN0VHlwZSI6InByaXZhdGUiLCJleHRlcm5hbFVzZXJTb3VyY2UiOm51bGwsImdvZE1vZGUiOnRydWUsImVkdWNvbnQiOnt9LCJfaWQiOiI2NWMzNDFiMmI5MmM3YTVmYmFmZWI2MDcifQ.g8I_2Btv7rGXWFT_jbBB9c0iAVhZshRxVIA8nbNqh0s","default","Mon Oct 05 01:43:43 UTC 2026","passed","Mon Oct 05 01:44:20 UTC 2026","Tests Eors","","",""
"","17549","Каталог заданий: НОДА ""Информатика. 6.1"" — Класс 4","default","Mon Oct 05 03:49:21 UTC 2026","passed","Mon Oct 05 03:49:39 UTC 2026","AuTestCatalogTask","","",""
"","26615","Каталог заданий: ЗПР ""Химия. 7.1"" — Класс 4","default","Mon Oct 05 03:37:31 UTC 2026","passed","Mon Oct 05 03:37:58 UTC 2026","AuTestCatalogTask","","",""
"","23444","115. EORS: https://edu.ismart.org/catalog/2918b3-matematika-2-klass/1000-povtorenie-na-leto-1-nedelya?view=tasks&class=5a3cef178409440019b57b37&auth=eyJhbGciOiJIUzI1NiIsInR5cCI6IkpXVCJ9.eyJpZCI6IjY1YzM0MWIyYjkyYzdhNWZiYWZlYjYwNyIsImlzQWN0aXZlIjp0cnVlLCJpc0d1ZXN0IjpmYWxzZSwiaXNSZWdpc3RyYXRpb25Db21wbGV0ZSI6dHJ1ZSwiaXNDb25maXJtRW1haWwiOmZhbHNlLCJzdHVkZW50cyI6W10sInV0Y09mZnNldCI6MTgwLCJyb2xlIjoic2Nob29sLXRlYWNoZXIiLCJsYXN0TmFtZSI6IiIsImZpcnN0TmFtZSI6ItCf0YDQvtGE0LXRgdGB0LjQvtC90LDQu9GM0L3Ri9C5IiwicGhvbmVOdW1iZXIiOiIiLCJsb2dpbiI6InRlYWNoZXJfZnVsbEBpc21hcnQub3JnIiwiZW1haWwiOiJ0ZWFjaGVyX2Z1bGxAaXNtYXJ0Lm9yZyIsImNvbnRyYWN0VHlwZSI6InByaXZhdGUiLCJleHRlcm5hbFVzZXJTb3VyY2UiOm51bGwsImdvZE1vZGUiOnRydWUsImVkdWNvbnQiOnt9LCJfaWQiOiI2NWMzNDFiMmI5MmM3YTVmYmFmZWI2MDcifQ.g8I_2Btv7rGXWFT_jbBB9c0iAVhZshRxVIA8nbNqh0s","default","Mon Oct 05 00:37:44 UTC 2026","passed","Mon Oct 05 00:38:07 UTC 2026","Tests Eors","","",""
"","12964","Каталог заданий: Слабослышащие ""Обществознание. 2.1"" — Класс 1","default","Mon Oct 05 03:28:13 UTC 2026","passed","Mon Oct 05 03:28:26 UTC 2026","AuTestCatalogTask","","",""
"","23915","640. EORS: https://edu.ismart.org/catalog/dd749a-matematika/1-zadanie-1-chisla-i-vychisleniya?view=tasks&class=5f3fa2c7f00eca001c8bd3f9&auth=eyJhbGciOiJIUzI1NiIsInR5cCI6IkpXVCJ9.eyJpZCI6IjY1YzM0MWIyYjkyYzdhNWZiYWZlYjYwNyIsImlzQWN0aXZlIjp0cnVlLCJpc0d1ZXN0IjpmYWxzZSwiaXNSZWdpc3RyYXRpb25Db21wbGV0ZSI6dHJ1ZSwiaXNDb25maXJtRW1haWwiOmZhbHNlLCJzdHVkZW50cyI6W10sInV0Y09mZnNldCI6MTgwLCJyb2xlIjoic2Nob29sLXRlYWNoZXIiLCJsYXN0TmFtZSI6IiIsImZpcnN0TmFtZSI6ItCf0YDQvtGE0LXRgdGB0LjQvtC90LDQu9GM0L3Ri9C5IiwicGhvbmVOdW1iZXIiOiIiLCJsb2dpbiI6InRlYWNoZXJfZnVsbEBpc21hcnQub3JnIiwiZW1haWwiOiJ0ZWFjaGVyX2Z1bGxAaXNtYXJ0Lm9yZyIsImNvbnRyYWN0VHlwZSI6InByaXZhdGUiLCJleHRlcm5hbFVzZXJTb3VyY2UiOm51bGwsImdvZE1vZGUiOnRydWUsImVkdWNvbnQiOnt9LCJfaWQiOiI2NWMzNDFiMmI5MmM3YTVmYmFmZWI2MDcifQ.g8I_2Btv7rGXWFT_jbBB9c0iAVhZshRxVIA8nbNqh0s","default","Mon Oct 05 01:49:17 UTC 2026","passed","Mon Oct 05 01:49:41 UTC 2026","Tests Eors","","",""
"","14910","Каталог заданий: Подготовка к ЕГЭ ""Информатика. Варианты КИМ""","default","Mon Oct 05 02:20:58 UTC 2026","passed","Mon Oct 05 02:21:13 UTC 2026","AuTestCatalogTask","","",""
"","31615","Каталог заданий: Слабовидящие ""Окружающий мир. 4.1"" — Класс 2","default","Mon Oct 05 03:05:49 UTC 2026","passed","Mon Oct 05 03:06:20 UTC 2026","AuTestCatalogTask","","",""
"","18628","Каталог заданий: Подготовка к контрольным работам ""Литература"" — Класс 3","default","Mon Oct 05 02:28:57 UTC 2026","passed","Mon Oct 05 02:29:15 UTC 2026","AuTestCatalogTask","","",""
"","25396","196. EORS: https://edu.ismart.org/catalog/c350f7-istoriya-1-1/1-teoriya_3PRKfz_7yTqWA?view=tasks&categoryCode=46dc95-5-klass&auth=eyJhbGciOiJIUzI1NiIsInR5cCI6IkpXVCJ9.eyJpZCI6IjY1YzM0MWIyYjkyYzdhNWZiYWZlYjYwNyIsImlzQWN0aXZlIjp0cnVlLCJpc0d1ZXN0IjpmYWxzZSwiaXNSZWdpc3RyYXRpb25Db21wbGV0ZSI6dHJ1ZSwiaXNDb25maXJtRW1haWwiOmZhbHNlLCJzdHVkZW50cyI6W10sInV0Y09mZnNldCI6MTgwLCJyb2xlIjoic2Nob29sLXRlYWNoZXIiLCJsYXN0TmFtZSI6IiIsImZpcnN0TmFtZSI6ItCf0YDQvtGE0LXRgdGB0LjQvtC90LDQu9GM0L3Ri9C5IiwicGhvbmVOdW1iZXIiOiIiLCJsb2dpbiI6InRlYWNoZXJfZnVsbEBpc21hcnQub3JnIiwiZW1haWwiOiJ0ZWFjaGVyX2Z1bGxAaXNtYXJ0Lm9yZyIsImNvbnRyYWN0VHlwZSI6InByaXZhdGUiLCJleHRlcm5hbFVzZXJTb3VyY2UiOm51bGwsImdvZE1vZGUiOnRydWUsImVkdWNvbnQiOnt9LCJfaWQiOiI2NWMzNDFiMmI5MmM3YTVmYmFmZWI2MDcifQ.g8I_2Btv7rGXWFT_jbBB9c0iAVhZshRxVIA8nbNqh0s","default","Mon Oct 05 00:47:47 UTC 2026","passed","Mon Oct 05 00:48:13 UTC 2026","Tests Eors","","",""
"","14968","Каталог заданий: Слепые ""Русский язык. 3.1"" — Класс 11","default","Mon Oct 05 02:54:52 UTC 2026","passed","Mon Oct 05 02:55:07 UTC 2026","AuTestCatalogTask","","",""
"","33297","Каталог заданий: Подготовка к ОГЭ ""Обществознание""","default","Mon Oct 05 02:18:11 UTC 2026","passed","Mon Oct 05 02:18:44 UTC 2026","AuTestCatalogTask","","",""
"","27867","Каталог заданий: РАС ""Русский язык. 8.1"" — Класс 7","default","Mon Oct 05 03:50:17 UTC 2026","passed","Mon Oct 05 03:50:45 UTC 2026","AuTestCatalogTask","","",""
"","20439","360. EORS: https://edu.ismart.org/catalog/7b14ff-istoriya/1-zadanie-1-rabota-s-fakticheskim-materialom?view=tasks&class=5f3fa2c7f00eca001c8bd3f9&auth=eyJhbGciOiJIUzI1NiIsInR5cCI6IkpXVCJ9.eyJpZCI6IjY1YzM0MWIyYjkyYzdhNWZiYWZlYjYwNyIsImlzQWN0aXZlIjp0cnVlLCJpc0d1ZXN0IjpmYWxzZSwiaXNSZWdpc3RyYXRpb25Db21wbGV0ZSI6dHJ1ZSwiaXNDb25maXJtRW1haWwiOmZhbHNlLCJzdHVkZW50cyI6W10sInV0Y09mZnNldCI6MTgwLCJyb2xlIjoic2Nob29sLXRlYWNoZXIiLCJsYXN0TmFtZSI6IiIsImZpcnN0TmFtZSI6ItCf0YDQvtGE0LXRgdGB0LjQvtC90LDQu9GM0L3Ri9C5IiwicGhvbmVOdW1iZXIiOiIiLCJsb2dpbiI6InRlYWNoZXJfZnVsbEBpc21hcnQub3JnIiwiZW1haWwiOiJ0ZWFjaGVyX2Z1bGxAaXNtYXJ0Lm9yZyIsImNvbnRyYWN0VHlwZSI6InByaXZhdGUiLCJleHRlcm5hbFVzZXJTb3VyY2UiOm51bGwsImdvZE1vZGUiOnRydWUsImVkdWNvbnQiOnt9LCJfaWQiOiI2NWMzNDFiMmI5MmM3YTVmYmFmZWI2MDcifQ.g8I_2Btv7rGXWFT_jbBB9c0iAVhZshRxVIA8nbNqh0s","default","Mon Oct 05 01:09:56 UTC 2026","passed","Mon Oct 05 01:10:17 UTC 2026","Tests Eors","","",""
"","25781","294. EORS: https://edu.ismart.org/catalog/d8cefd-himiya-8-1/1-teoreticheskie-osnovy-organichesko-himii-_SvX2Mh_nyOUBZ?view=tasks&categoryCode=63ddd6-10-kl&auth=eyJhbGciOiJIUzI1NiIsInR5cCI6IkpXVCJ9.eyJpZCI6IjY1YzM0MWIyYjkyYzdhNWZiYWZlYjYwNyIsImlzQWN0aXZlIjp0cnVlLCJpc0d1ZXN0IjpmYWxzZSwiaXNSZWdpc3RyYXRpb25Db21wbGV0ZSI6dHJ1ZSwiaXNDb25maXJtRW1haWwiOmZhbHNlLCJzdHVkZW50cyI6W10sInV0Y09mZnNldCI6MTgwLCJyb2xlIjoic2Nob29sLXRlYWNoZXIiLCJsYXN0TmFtZSI6IiIsImZpcnN0TmFtZSI6ItCf0YDQvtGE0LXRgdGB0LjQvtC90LDQu9GM0L3Ri9C5IiwicGhvbmVOdW1iZXIiOiIiLCJsb2dpbiI6InRlYWNoZXJfZnVsbEBpc21hcnQub3JnIiwiZW1haWwiOiJ0ZWFjaGVyX2Z1bGxAaXNtYXJ0Lm9yZyIsImNvbnRyYWN0VHlwZSI6InByaXZhdGUiLCJleHRlcm5hbFVzZXJTb3VyY2UiOm51bGwsImdvZE1vZGUiOnRydWUsImVkdWNvbnQiOnt9LCJfaWQiOiI2NWMzNDFiMmI5MmM3YTVmYmFmZWI2MDcifQ.g8I_2Btv7rGXWFT_jbBB9c0iAVhZshRxVIA8nbNqh0s","default","Mon Oct 05 01:00:41 UTC 2026","passed","Mon Oct 05 01:01:07 UTC 2026","Tests Eors","","",""
"","18033","Каталог заданий: Подготовка к контрольным работам ""Литература"" — Класс 2","default","Mon Oct 05 02:28:48 UTC 2026","passed","Mon Oct 05 02:29:06 UTC 2026","AuTestCatalogTask","","",""
"","26019","Каталог заданий: ТНР ""Английский язык. 5.1"" — Класс 8","default","Mon Oct 05 02:53:45 UTC 2026","passed","Mon Oct 05 02:54:11 UTC 2026","AuTestCatalogTask","","",""
"","14072","Каталог заданий: ЗПР ""Обществознание. 7.1"" — Класс 6","default","Mon Oct 05 03:35:47 UTC 2026","passed","Mon Oct 05 03:36:01 UTC 2026","AuTestCatalogTask","","",""
"","15364","Каталог заданий: Нарушение слуха ""Геометрия. 1.1"" — Класс 5","default","Mon Oct 05 03:14:57 UTC 2026","passed","Mon Oct 05 03:15:12 UTC 2026","AuTestCatalogTask","","",""
"","21947","Каталог заданий: Подготовка к контрольным работам ""Математика"" — Класс 5","default","Mon Oct 05 02:25:12 UTC 2026","passed","Mon Oct 05 02:25:34 UTC 2026","AuTestCatalogTask","","",""
"","18128","Каталог заданий: Школьная программа ""Русский язык"" — Класс 5","default","Mon Oct 05 02:04:57 UTC 2026","passed","Mon Oct 05 02:05:15 UTC 2026","AuTestCatalogTask","","",""
"","50570","403. EORS: https://edu.ismart.org/catalog/14a93a-istoriya-8-1/01-vvedenie_X6R7oi_PjLH7P?view=tasks&categoryCode=8d4a23-9-kl&auth=eyJhbGciOiJIUzI1NiIsInR5cCI6IkpXVCJ9.eyJpZCI6IjY1YzM0MWIyYjkyYzdhNWZiYWZlYjYwNyIsImlzQWN0aXZlIjp0cnVlLCJpc0d1ZXN0IjpmYWxzZSwiaXNSZWdpc3RyYXRpb25Db21wbGV0ZSI6dHJ1ZSwiaXNDb25maXJtRW1haWwiOmZhbHNlLCJzdHVkZW50cyI6W10sInV0Y09mZnNldCI6MTgwLCJyb2xlIjoic2Nob29sLXRlYWNoZXIiLCJsYXN0TmFtZSI6IiIsImZpcnN0TmFtZSI6ItCf0YDQvtGE0LXRgdGB0LjQvtC90LDQu9GM0L3Ri9C5IiwicGhvbmVOdW1iZXIiOiIiLCJsb2dpbiI6InRlYWNoZXJfZnVsbEBpc21hcnQub3JnIiwiZW1haWwiOiJ0ZWFjaGVyX2Z1bGxAaXNtYXJ0Lm9yZyIsImNvbnRyYWN0VHlwZSI6InByaXZhdGUiLCJleHRlcm5hbFVzZXJTb3VyY2UiOm51bGwsImdvZE1vZGUiOnRydWUsImVkdWNvbnQiOnt9LCJfaWQiOiI2NWMzNDFiMmI5MmM3YTVmYmFmZWI2MDcifQ.g8I_2Btv7rGXWFT_jbBB9c0iAVhZshRxVIA8nbNqh0s","default","Mon Oct 05 01:14:44 UTC 2026","failed","Mon Oct 05 01:15:35 UTC 2026","Tests Eors","","",""
"","33081","39. EORS: https://edu.ismart.org/catalog/124c05-informatika/1-1-chetvert?view=tasks&class=5f3fa2c7f00eca001c8bd3f9&auth=eyJhbGciOiJIUzI1NiIsInR5cCI6IkpXVCJ9.eyJpZCI6IjY1YzM0MWIyYjkyYzdhNWZiYWZlYjYwNyIsImlzQWN0aXZlIjp0cnVlLCJpc0d1ZXN0IjpmYWxzZSwiaXNSZWdpc3RyYXRpb25Db21wbGV0ZSI6dHJ1ZSwiaXNDb25maXJtRW1haWwiOmZhbHNlLCJzdHVkZW50cyI6W10sInV0Y09mZnNldCI6MTgwLCJyb2xlIjoic2Nob29sLXRlYWNoZXIiLCJsYXN0TmFtZSI6IiIsImZpcnN0TmFtZSI6ItCf0YDQvtGE0LXRgdGB0LjQvtC90LDQu9GM0L3Ri9C5IiwicGhvbmVOdW1iZXIiOiIiLCJsb2dpbiI6InRlYWNoZXJfZnVsbEBpc21hcnQub3JnIiwiZW1haWwiOiJ0ZWFjaGVyX2Z1bGxAaXNtYXJ0Lm9yZyIsImNvbnRyYWN0VHlwZSI6InByaXZhdGUiLCJleHRlcm5hbFVzZXJTb3VyY2UiOm51bGwsImdvZE1vZGUiOnRydWUsImVkdWNvbnQiOnt9LCJfaWQiOiI2NWMzNDFiMmI5MmM3YTVmYmFmZWI2MDcifQ.g8I_2Btv7rGXWFT_jbBB9c0iAVhZshRxVIA8nbNqh0s","default","Mon Oct 05 00:27:30 UTC 2026","passed","Mon Oct 05 00:28:03 UTC 2026","Tests Eors","","",""
"","39313","Каталог заданий: Слабовидящие ""Литература. 4.1"" — Класс 1","default","Mon Oct 05 03:06:03 UTC 2026","passed","Mon Oct 05 03:06:42 UTC 2026","AuTestCatalogTask","","",""
"","12672","Каталог заданий: Дополнительное образование ""Геометрия"" — Класс 5","default","Mon Oct 05 02:16:46 UTC 2026","passed","Mon Oct 05 02:16:59 UTC 2026","AuTestCatalogTask","","",""
"","21029","164. EORS: https://edu.ismart.org/catalog/3a0a1f-russkii-yazik/1-zadanie-1?view=tasks&class=5a3cef308409440019b57b39&auth=eyJhbGciOiJIUzI1NiIsInR5cCI6IkpXVCJ9.eyJpZCI6IjY1YzM0MWIyYjkyYzdhNWZiYWZlYjYwNyIsImlzQWN0aXZlIjp0cnVlLCJpc0d1ZXN0IjpmYWxzZSwiaXNSZWdpc3RyYXRpb25Db21wbGV0ZSI6dHJ1ZSwiaXNDb25maXJtRW1haWwiOmZhbHNlLCJzdHVkZW50cyI6W10sInV0Y09mZnNldCI6MTgwLCJyb2xlIjoic2Nob29sLXRlYWNoZXIiLCJsYXN0TmFtZSI6IiIsImZpcnN0TmFtZSI6ItCf0YDQvtGE0LXRgdGB0LjQvtC90LDQu9GM0L3Ri9C5IiwicGhvbmVOdW1iZXIiOiIiLCJsb2dpbiI6InRlYWNoZXJfZnVsbEBpc21hcnQub3JnIiwiZW1haWwiOiJ0ZWFjaGVyX2Z1bGxAaXNtYXJ0Lm9yZyIsImNvbnRyYWN0VHlwZSI6InByaXZhdGUiLCJleHRlcm5hbFVzZXJTb3VyY2UiOm51bGwsImdvZE1vZGUiOnRydWUsImVkdWNvbnQiOnt9LCJfaWQiOiI2NWMzNDFiMmI5MmM3YTVmYmFmZWI2MDcifQ.g8I_2Btv7rGXWFT_jbBB9c0iAVhZshRxVIA8nbNqh0s","default","Mon Oct 05 00:43:49 UTC 2026","passed","Mon Oct 05 00:44:10 UTC 2026","Tests Eors","","",""
"","22307","272. EORS: https://edu.ismart.org/catalog/5a8b10-himiya/1-zadanie--1-vpr?view=tasks&class=5f63090daee1af001b415303&auth=eyJhbGciOiJIUzI1NiIsInR5cCI6IkpXVCJ9.eyJpZCI6IjY1YzM0MWIyYjkyYzdhNWZiYWZlYjYwNyIsImlzQWN0aXZlIjp0cnVlLCJpc0d1ZXN0IjpmYWxzZSwiaXNSZWdpc3RyYXRpb25Db21wbGV0ZSI6dHJ1ZSwiaXNDb25maXJtRW1haWwiOmZhbHNlLCJzdHVkZW50cyI6W10sInV0Y09mZnNldCI6MTgwLCJyb2xlIjoic2Nob29sLXRlYWNoZXIiLCJsYXN0TmFtZSI6IiIsImZpcnN0TmFtZSI6ItCf0YDQvtGE0LXRgdGB0LjQvtC90LDQu9GM0L3Ri9C5IiwicGhvbmVOdW1iZXIiOiIiLCJsb2dpbiI6InRlYWNoZXJfZnVsbEBpc21hcnQub3JnIiwiZW1haWwiOiJ0ZWFjaGVyX2Z1bGxAaXNtYXJ0Lm9yZyIsImNvbnRyYWN0VHlwZSI6InByaXZhdGUiLCJleHRlcm5hbFVzZXJTb3VyY2UiOm51bGwsImdvZE1vZGUiOnRydWUsImVkdWNvbnQiOnt9LCJfaWQiOiI2NWMzNDFiMmI5MmM3YTVmYmFmZWI2MDcifQ.g8I_2Btv7rGXWFT_jbBB9c0iAVhZshRxVIA8nbNqh0s","default","Mon Oct 05 00:58:20 UTC 2026","passed","Mon Oct 05 00:58:42 UTC 2026","Tests Eors","","",""
"","15084","Каталог заданий: Школьная программа ""Русский язык"" — Класс 11","default","Mon Oct 05 02:05:38 UTC 2026","passed","Mon Oct 05 02:05:53 UTC 2026","AuTestCatalogTask","","",""
"","26200","21. EORS: https://edu.ismart.org/catalog/d8cefd-himiya-8-1/1-vvedenie-v-himiu_QCHMy0_lHntNs?view=tasks&categoryCode=069b7c-8-kl&auth=eyJhbGciOiJIUzI1NiIsInR5cCI6IkpXVCJ9.eyJpZCI6IjY1YzM0MWIyYjkyYzdhNWZiYWZlYjYwNyIsImlzQWN0aXZlIjp0cnVlLCJpc0d1ZXN0IjpmYWxzZSwiaXNSZWdpc3RyYXRpb25Db21wbGV0ZSI6dHJ1ZSwiaXNDb25maXJtRW1haWwiOmZhbHNlLCJzdHVkZW50cyI6W10sInV0Y09mZnNldCI6MTgwLCJyb2xlIjoic2Nob29sLXRlYWNoZXIiLCJsYXN0TmFtZSI6IiIsImZpcnN0TmFtZSI6ItCf0YDQvtGE0LXRgdGB0LjQvtC90LDQu9GM0L3Ri9C5IiwicGhvbmVOdW1iZXIiOiIiLCJsb2dpbiI6InRlYWNoZXJfZnVsbEBpc21hcnQub3JnIiwiZW1haWwiOiJ0ZWFjaGVyX2Z1bGxAaXNtYXJ0Lm9yZyIsImNvbnRyYWN0VHlwZSI6InByaXZhdGUiLCJleHRlcm5hbFVzZXJTb3VyY2UiOm51bGwsImdvZE1vZGUiOnRydWUsImVkdWNvbnQiOnt9LCJfaWQiOiI2NWMzNDFiMmI5MmM3YTVmYmFmZWI2MDcifQ.g8I_2Btv7rGXWFT_jbBB9c0iAVhZshRxVIA8nbNqh0s","default","Mon Oct 05 00:24:57 UTC 2026","passed","Mon Oct 05 00:25:23 UTC 2026","Tests Eors","","",""
"","11471","Каталог заданий: Русский язык пакеты ""Развитие речи (1-4 кл.)"" — Класс 4","default","Mon Oct 05 02:42:40 UTC 2026","passed","Mon Oct 05 02:42:52 UTC 2026","AuTestCatalogTask","","",""
"","14827","Каталог заданий: Слабовидящие ""Обществознание. 4.1"" — Класс 2","default","Mon Oct 05 03:09:27 UTC 2026","passed","Mon Oct 05 03:09:42 UTC 2026","AuTestCatalogTask","","",""
"","19763","157. EORS: https://edu.ismart.org/catalog/377d5a-veroyatnost-i-statistika/37-1-nedelya-matematicheskoe-ojidanie-primenenie-matematicheskogo-ojidaniya?view=tasks&class=61890fee84e9f601793b0348&auth=eyJhbGciOiJIUzI1NiIsInR5cCI6IkpXVCJ9.eyJpZCI6IjY1YzM0MWIyYjkyYzdhNWZiYWZlYjYwNyIsImlzQWN0aXZlIjp0cnVlLCJpc0d1ZXN0IjpmYWxzZSwiaXNSZWdpc3RyYXRpb25Db21wbGV0ZSI6dHJ1ZSwiaXNDb25maXJtRW1haWwiOmZhbHNlLCJzdHVkZW50cyI6W10sInV0Y09mZnNldCI6MTgwLCJyb2xlIjoic2Nob29sLXRlYWNoZXIiLCJsYXN0TmFtZSI6IiIsImZpcnN0TmFtZSI6ItCf0YDQvtGE0LXRgdGB0LjQvtC90LDQu9GM0L3Ri9C5IiwicGhvbmVOdW1iZXIiOiIiLCJsb2dpbiI6InRlYWNoZXJfZnVsbEBpc21hcnQub3JnIiwiZW1haWwiOiJ0ZWFjaGVyX2Z1bGxAaXNtYXJ0Lm9yZyIsImNvbnRyYWN0VHlwZSI6InByaXZhdGUiLCJleHRlcm5hbFVzZXJTb3VyY2UiOm51bGwsImdvZE1vZGUiOnRydWUsImVkdWNvbnQiOnt9LCJfaWQiOiI2NWMzNDFiMmI5MmM3YTVmYmFmZWI2MDcifQ.g8I_2Btv7rGXWFT_jbBB9c0iAVhZshRxVIA8nbNqh0s","default","Mon Oct 05 00:43:08 UTC 2026","passed","Mon Oct 05 00:43:28 UTC 2026","Tests Eors","","",""
"","55207","216. EORS: https://edu.ismart.org/catalog/4c36f3-razvitie-rechi-1-kl/200-razvitie-rechi?view=tasks&class=5a3cef178409440019b57b37&auth=eyJhbGciOiJIUzI1NiIsInR5cCI6IkpXVCJ9.eyJpZCI6IjY1YzM0MWIyYjkyYzdhNWZiYWZlYjYwNyIsImlzQWN0aXZlIjp0cnVlLCJpc0d1ZXN0IjpmYWxzZSwiaXNSZWdpc3RyYXRpb25Db21wbGV0ZSI6dHJ1ZSwiaXNDb25maXJtRW1haWwiOmZhbHNlLCJzdHVkZW50cyI6W10sInV0Y09mZnNldCI6MTgwLCJyb2xlIjoic2Nob29sLXRlYWNoZXIiLCJsYXN0TmFtZSI6IiIsImZpcnN0TmFtZSI6ItCf0YDQvtGE0LXRgdGB0LjQvtC90LDQu9GM0L3Ri9C5IiwicGhvbmVOdW1iZXIiOiIiLCJsb2dpbiI6InRlYWNoZXJfZnVsbEBpc21hcnQub3JnIiwiZW1haWwiOiJ0ZWFjaGVyX2Z1bGxAaXNtYXJ0Lm9yZyIsImNvbnRyYWN0VHlwZSI6InByaXZhdGUiLCJleHRlcm5hbFVzZXJTb3VyY2UiOm51bGwsImdvZE1vZGUiOnRydWUsImVkdWNvbnQiOnt9LCJfaWQiOiI2NWMzNDFiMmI5MmM3YTVmYmFmZWI2MDcifQ.g8I_2Btv7rGXWFT_jbBB9c0iAVhZshRxVIA8nbNqh0s","default","Mon Oct 05 00:50:29 UTC 2026","failed","Mon Oct 05 00:51:25 UTC 2026","Tests Eors","","",""
"","70973","276. EORS: https://edu.ismart.org/catalog/eb5fcd-okruzhayuschii-mir/01-chelovek-i-obshchestvo-nasha-rodina--rossiya?view=tasks&categoryCode=5c1c97-2-kl&auth=eyJhbGciOiJIUzI1NiIsInR5cCI6IkpXVCJ9.eyJpZCI6IjY1YzM0MWIyYjkyYzdhNWZiYWZlYjYwNyIsImlzQWN0aXZlIjp0cnVlLCJpc0d1ZXN0IjpmYWxzZSwiaXNSZWdpc3RyYXRpb25Db21wbGV0ZSI6dHJ1ZSwiaXNDb25maXJtRW1haWwiOmZhbHNlLCJzdHVkZW50cyI6W10sInV0Y09mZnNldCI6MTgwLCJyb2xlIjoic2Nob29sLXRlYWNoZXIiLCJsYXN0TmFtZSI6IiIsImZpcnN0TmFtZSI6ItCf0YDQvtGE0LXRgdGB0LjQvtC90LDQu9GM0L3Ri9C5IiwicGhvbmVOdW1iZXIiOiIiLCJsb2dpbiI6InRlYWNoZXJfZnVsbEBpc21hcnQub3JnIiwiZW1haWwiOiJ0ZWFjaGVyX2Z1bGxAaXNtYXJ0Lm9yZyIsImNvbnRyYWN0VHlwZSI6InByaXZhdGUiLCJleHRlcm5hbFVzZXJTb3VyY2UiOm51bGwsImdvZE1vZGUiOnRydWUsImVkdWNvbnQiOnt9LCJfaWQiOiI2NWMzNDFiMmI5MmM3YTVmYmFmZWI2MDcifQ.g8I_2Btv7rGXWFT_jbBB9c0iAVhZshRxVIA8nbNqh0s","default","Mon Oct 05 00:58:42 UTC 2026","failed","Mon Oct 05 00:59:53 UTC 2026","Tests Eors","","",""
"","15790","Каталог заданий: Нарушение слуха ""Обществознание. 1.1"" — Класс 5","default","Mon Oct 05 03:18:04 UTC 2026","passed","Mon Oct 05 03:18:20 UTC 2026","AuTestCatalogTask","","",""
"","36033","371. EORS: https://edu.ismart.org/catalog/0d7d9c-algebra-i-nachala-matematicheskogo-analiza-slabovidyaschie-uchaschiesya/1-stepen-s-racionalnym-pokazatelem_zmfSVd?view=tasks&categoryCode=7ce7e9-algebra-i-nachala-matem-analiza-11-kl&auth=eyJhbGciOiJIUzI1NiIsInR5cCI6IkpXVCJ9.eyJpZCI6IjY1YzM0MWIyYjkyYzdhNWZiYWZlYjYwNyIsImlzQWN0aXZlIjp0cnVlLCJpc0d1ZXN0IjpmYWxzZSwiaXNSZWdpc3RyYXRpb25Db21wbGV0ZSI6dHJ1ZSwiaXNDb25maXJtRW1haWwiOmZhbHNlLCJzdHVkZW50cyI6W10sInV0Y09mZnNldCI6MTgwLCJyb2xlIjoic2Nob29sLXRlYWNoZXIiLCJsYXN0TmFtZSI6IiIsImZpcnN0TmFtZSI6ItCf0YDQvtGE0LXRgdGB0LjQvtC90LDQu9GM0L3Ri9C5IiwicGhvbmVOdW1iZXIiOiIiLCJsb2dpbiI6InRlYWNoZXJfZnVsbEBpc21hcnQub3JnIiwiZW1haWwiOiJ0ZWFjaGVyX2Z1bGxAaXNtYXJ0Lm9yZyIsImNvbnRyYWN0VHlwZSI6InByaXZhdGUiLCJleHRlcm5hbFVzZXJTb3VyY2UiOm51bGwsImdvZE1vZGUiOnRydWUsImVkdWNvbnQiOnt9LCJfaWQiOiI2NWMzNDFiMmI5MmM3YTVmYmFmZWI2MDcifQ.g8I_2Btv7rGXWFT_jbBB9c0iAVhZshRxVIA8nbNqh0s","default","Mon Oct 05 01:11:05 UTC 2026","passed","Mon Oct 05 01:11:41 UTC 2026","Tests Eors","","",""
"","44523","Каталог заданий: ЗПР ""Биология. 7.1"" — Класс 7","default","Mon Oct 05 03:36:47 UTC 2026","passed","Mon Oct 05 03:37:31 UTC 2026","AuTestCatalogTask","","",""
"","57123","Каталог заданий: Нарушение слуха ""История. 1.1"" — Класс 6","default","Mon Oct 05 03:17:15 UTC 2026","passed","Mon Oct 05 03:18:12 UTC 2026","AuTestCatalogTask","","",""
"","25732","Каталог заданий: ЗПР ""Английский язык. 7.1"" — Класс 9","default","Mon Oct 05 03:38:44 UTC 2026","passed","Mon Oct 05 03:39:10 UTC 2026","AuTestCatalogTask","","",""
"","77444","123. EORS: https://edu.ismart.org/catalog/f48fcc-geometriya-slabovidyaschie-uchaschiesya/5-chetyrehugolniki-geometriya_Te3hSE?view=tasks&categoryCode=2a2f08-geometriya-8-kl&auth=eyJhbGciOiJIUzI1NiIsInR5cCI6IkpXVCJ9.eyJpZCI6IjY1YzM0MWIyYjkyYzdhNWZiYWZlYjYwNyIsImlzQWN0aXZlIjp0cnVlLCJpc0d1ZXN0IjpmYWxzZSwiaXNSZWdpc3RyYXRpb25Db21wbGV0ZSI6dHJ1ZSwiaXNDb25maXJtRW1haWwiOmZhbHNlLCJzdHVkZW50cyI6W10sInV0Y09mZnNldCI6MTgwLCJyb2xlIjoic2Nob29sLXRlYWNoZXIiLCJsYXN0TmFtZSI6IiIsImZpcnN0TmFtZSI6ItCf0YDQvtGE0LXRgdGB0LjQvtC90LDQu9GM0L3Ri9C5IiwicGhvbmVOdW1iZXIiOiIiLCJsb2dpbiI6InRlYWNoZXJfZnVsbEBpc21hcnQub3JnIiwiZW1haWwiOiJ0ZWFjaGVyX2Z1bGxAaXNtYXJ0Lm9yZyIsImNvbnRyYWN0VHlwZSI6InByaXZhdGUiLCJleHRlcm5hbFVzZXJTb3VyY2UiOm51bGwsImdvZE1vZGUiOnRydWUsImVkdWNvbnQiOnt9LCJfaWQiOiI2NWMzNDFiMmI5MmM3YTVmYmFmZWI2MDcifQ.g8I_2Btv7rGXWFT_jbBB9c0iAVhZshRxVIA8nbNqh0s","default","Mon Oct 05 00:38:36 UTC 2026","passed","Mon Oct 05 00:39:53 UTC 2026","Tests Eors","","",""
"","57361","572. EORS: https://edu.ismart.org/catalog/f78aab-russkii-yazik-slabovidyaschie-uchaschiesya/yazyk-i-rech_DvU0ak?view=tasks&categoryCode=c976b2-russkii-yazik-5-kl&auth=eyJhbGciOiJIUzI1NiIsInR5cCI6IkpXVCJ9.eyJpZCI6IjY1YzM0MWIyYjkyYzdhNWZiYWZlYjYwNyIsImlzQWN0aXZlIjp0cnVlLCJpc0d1ZXN0IjpmYWxzZSwiaXNSZWdpc3RyYXRpb25Db21wbGV0ZSI6dHJ1ZSwiaXNDb25maXJtRW1haWwiOmZhbHNlLCJzdHVkZW50cyI6W10sInV0Y09mZnNldCI6MTgwLCJyb2xlIjoic2Nob29sLXRlYWNoZXIiLCJsYXN0TmFtZSI6IiIsImZpcnN0TmFtZSI6ItCf0YDQvtGE0LXRgdGB0LjQvtC90LDQu9GM0L3Ri9C5IiwicGhvbmVOdW1iZXIiOiIiLCJsb2dpbiI6InRlYWNoZXJfZnVsbEBpc21hcnQub3JnIiwiZW1haWwiOiJ0ZWFjaGVyX2Z1bGxAaXNtYXJ0Lm9yZyIsImNvbnRyYWN0VHlwZSI6InByaXZhdGUiLCJleHRlcm5hbFVzZXJTb3VyY2UiOm51bGwsImdvZE1vZGUiOnRydWUsImVkdWNvbnQiOnt9LCJfaWQiOiI2NWMzNDFiMmI5MmM3YTVmYmFmZWI2MDcifQ.g8I_2Btv7rGXWFT_jbBB9c0iAVhZshRxVIA8nbNqh0s","default","Mon Oct 05 01:38:12 UTC 2026","failed","Mon Oct 05 01:39:10 UTC 2026","Tests Eors","","",""
"","26159","Каталог заданий: Слабовидящие ""Английский язык. 4.1"" — Класс 9","default","Mon Oct 05 03:09:02 UTC 2026","passed","Mon Oct 05 03:09:28 UTC 2026","AuTestCatalogTask","","",""
"","15084","Каталог заданий: Дополнительное образование ""Вероятность и статистика"" — Класс 3","default","Mon Oct 05 02:16:59 UTC 2026","passed","Mon Oct 05 02:17:14 UTC 2026","AuTestCatalogTask","","",""
"","23775","690. EORS: https://edu.ismart.org/catalog/e1a3dc-biologiya-7-1/1-evoluciya-i-metody-ee-izucheniya_1T6EDw_aqJoPk?view=tasks&categoryCode=edb94c-11-kl&auth=eyJhbGciOiJIUzI1NiIsInR5cCI6IkpXVCJ9.eyJpZCI6IjY1YzM0MWIyYjkyYzdhNWZiYWZlYjYwNyIsImlzQWN0aXZlIjp0cnVlLCJpc0d1ZXN0IjpmYWxzZSwiaXNSZWdpc3RyYXRpb25Db21wbGV0ZSI6dHJ1ZSwiaXNDb25maXJtRW1haWwiOmZhbHNlLCJzdHVkZW50cyI6W10sInV0Y09mZnNldCI6MTgwLCJyb2xlIjoic2Nob29sLXRlYWNoZXIiLCJsYXN0TmFtZSI6IiIsImZpcnN0TmFtZSI6ItCf0YDQvtGE0LXRgdGB0LjQvtC90LDQu9GM0L3Ri9C5IiwicGhvbmVOdW1iZXIiOiIiLCJsb2dpbiI6InRlYWNoZXJfZnVsbEBpc21hcnQub3JnIiwiZW1haWwiOiJ0ZWFjaGVyX2Z1bGxAaXNtYXJ0Lm9yZyIsImNvbnRyYWN0VHlwZSI6InByaXZhdGUiLCJleHRlcm5hbFVzZXJTb3VyY2UiOm51bGwsImdvZE1vZGUiOnRydWUsImVkdWNvbnQiOnt9LCJfaWQiOiI2NWMzNDFiMmI5MmM3YTVmYmFmZWI2MDcifQ.g8I_2Btv7rGXWFT_jbBB9c0iAVhZshRxVIA8nbNqh0s","default","Mon Oct 05 01:56:01 UTC 2026","passed","Mon Oct 05 01:56:25 UTC 2026","Tests Eors","","",""
"","14643","Каталог заданий: Слабослышащие ""Информатика. 2.1"" — Класс 5","default","Mon Oct 05 03:30:14 UTC 2026","passed","Mon Oct 05 03:30:29 UTC 2026","AuTestCatalogTask","","",""
"","18152","Каталог заданий: ЗПР ""Геометрия. 7.1"" — Класс 1","default","Mon Oct 05 03:32:22 UTC 2026","passed","Mon Oct 05 03:32:41 UTC 2026","AuTestCatalogTask","","",""
"","23418","385. EORS: https://edu.ismart.org/catalog/df7ab7-russkii-yazik-ras/orfografiya_K85ZSh?view=tasks&categoryCode=82c685-russkii-yazik-8-kl&auth=eyJhbGciOiJIUzI1NiIsInR5cCI6IkpXVCJ9.eyJpZCI6IjY1YzM0MWIyYjkyYzdhNWZiYWZlYjYwNyIsImlzQWN0aXZlIjp0cnVlLCJpc0d1ZXN0IjpmYWxzZSwiaXNSZWdpc3RyYXRpb25Db21wbGV0ZSI6dHJ1ZSwiaXNDb25maXJtRW1haWwiOmZhbHNlLCJzdHVkZW50cyI6W10sInV0Y09mZnNldCI6MTgwLCJyb2xlIjoic2Nob29sLXRlYWNoZXIiLCJsYXN0TmFtZSI6IiIsImZpcnN0TmFtZSI6ItCf0YDQvtGE0LXRgdGB0LjQvtC90LDQu9GM0L3Ri9C5IiwicGhvbmVOdW1iZXIiOiIiLCJsb2dpbiI6InRlYWNoZXJfZnVsbEBpc21hcnQub3JnIiwiZW1haWwiOiJ0ZWFjaGVyX2Z1bGxAaXNtYXJ0Lm9yZyIsImNvbnRyYWN0VHlwZSI6InByaXZhdGUiLCJleHRlcm5hbFVzZXJTb3VyY2UiOm51bGwsImdvZE1vZGUiOnRydWUsImVkdWNvbnQiOnt9LCJfaWQiOiI2NWMzNDFiMmI5MmM3YTVmYmFmZWI2MDcifQ.g8I_2Btv7rGXWFT_jbBB9c0iAVhZshRxVIA8nbNqh0s","default","Mon Oct 05 01:12:55 UTC 2026","passed","Mon Oct 05 01:13:18 UTC 2026","Tests Eors","","",""
"","17825","Каталог заданий: Слабослышащие ""Русский язык. 2.1"" — Класс 9","default","Mon Oct 05 03:22:46 UTC 2026","passed","Mon Oct 05 03:23:04 UTC 2026","AuTestCatalogTask","","",""
"","24101","468. EORS: https://edu.ismart.org/catalog/b33f31-himiya/1-teoreticheskie-osnovy-organichesko-himii-?categoryCode=a56ef5-himiya-11-klass&auth=eyJhbGciOiJIUzI1NiIsInR5cCI6IkpXVCJ9.eyJpZCI6IjY1YzM0MWIyYjkyYzdhNWZiYWZlYjYwNyIsImlzQWN0aXZlIjp0cnVlLCJpc0d1ZXN0IjpmYWxzZSwiaXNSZWdpc3RyYXRpb25Db21wbGV0ZSI6dHJ1ZSwiaXNDb25maXJtRW1haWwiOmZhbHNlLCJzdHVkZW50cyI6W10sInV0Y09mZnNldCI6MTgwLCJyb2xlIjoic2Nob29sLXRlYWNoZXIiLCJsYXN0TmFtZSI6IiIsImZpcnN0TmFtZSI6ItCf0YDQvtGE0LXRgdGB0LjQvtC90LDQu9GM0L3Ri9C5IiwicGhvbmVOdW1iZXIiOiIiLCJsb2dpbiI6InRlYWNoZXJfZnVsbEBpc21hcnQub3JnIiwiZW1haWwiOiJ0ZWFjaGVyX2Z1bGxAaXNtYXJ0Lm9yZyIsImNvbnRyYWN0VHlwZSI6InByaXZhdGUiLCJleHRlcm5hbFVzZXJTb3VyY2UiOm51bGwsImdvZE1vZGUiOnRydWUsImVkdWNvbnQiOnt9LCJfaWQiOiI2NWMzNDFiMmI5MmM3YTVmYmFmZWI2MDcifQ.g8I_2Btv7rGXWFT_jbBB9c0iAVhZshRxVIA8nbNqh0s&view=tasks","default","Mon Oct 05 01:23:21 UTC 2026","passed","Mon Oct 05 01:23:45 UTC 2026","Tests Eors","","",""
"","21036","642. EORS: https://edu.ismart.org/catalog/dd749a-matematika/1-zadanie-1-chisla-i-vychisleniya-prosteshie-tekstovye-zadachi?view=tasks&class=64bfa63cd00b08794c3f8b29&auth=eyJhbGciOiJIUzI1NiIsInR5cCI6IkpXVCJ9.eyJpZCI6IjY1YzM0MWIyYjkyYzdhNWZiYWZlYjYwNyIsImlzQWN0aXZlIjp0cnVlLCJpc0d1ZXN0IjpmYWxzZSwiaXNSZWdpc3RyYXRpb25Db21wbGV0ZSI6dHJ1ZSwiaXNDb25maXJtRW1haWwiOmZhbHNlLCJzdHVkZW50cyI6W10sInV0Y09mZnNldCI6MTgwLCJyb2xlIjoic2Nob29sLXRlYWNoZXIiLCJsYXN0TmFtZSI6IiIsImZpcnN0TmFtZSI6ItCf0YDQvtGE0LXRgdGB0LjQvtC90LDQu9GM0L3Ri9C5IiwicGhvbmVOdW1iZXIiOiIiLCJsb2dpbiI6InRlYWNoZXJfZnVsbEBpc21hcnQub3JnIiwiZW1haWwiOiJ0ZWFjaGVyX2Z1bGxAaXNtYXJ0Lm9yZyIsImNvbnRyYWN0VHlwZSI6InByaXZhdGUiLCJleHRlcm5hbFVzZXJTb3VyY2UiOm51bGwsImdvZE1vZGUiOnRydWUsImVkdWNvbnQiOnt9LCJfaWQiOiI2NWMzNDFiMmI5MmM3YTVmYmFmZWI2MDcifQ.g8I_2Btv7rGXWFT_jbBB9c0iAVhZshRxVIA8nbNqh0s","default","Mon Oct 05 01:49:34 UTC 2026","passed","Mon Oct 05 01:49:55 UTC 2026","Tests Eors","","",""
"","23209","Каталог заданий: Слепые ""Алгебра и начала мат. анализа. 3.1"" — Класс 1","default","Mon Oct 05 02:55:58 UTC 2026","passed","Mon Oct 05 02:56:21 UTC 2026","AuTestCatalogTask","","",""
"","20273","203. EORS: https://edu.ismart.org/catalog/c0b22a-russkii-yazik-narushenie-sluha/1-obshchie-svedeniya-o-yazyke_6nkySI?view=tasks&categoryCode=487109-russkii-yazik-11-kl&auth=eyJhbGciOiJIUzI1NiIsInR5cCI6IkpXVCJ9.eyJpZCI6IjY1YzM0MWIyYjkyYzdhNWZiYWZlYjYwNyIsImlzQWN0aXZlIjp0cnVlLCJpc0d1ZXN0IjpmYWxzZSwiaXNSZWdpc3RyYXRpb25Db21wbGV0ZSI6dHJ1ZSwiaXNDb25maXJtRW1haWwiOmZhbHNlLCJzdHVkZW50cyI6W10sInV0Y09mZnNldCI6MTgwLCJyb2xlIjoic2Nob29sLXRlYWNoZXIiLCJsYXN0TmFtZSI6IiIsImZpcnN0TmFtZSI6ItCf0YDQvtGE0LXRgdGB0LjQvtC90LDQu9GM0L3Ri9C5IiwicGhvbmVOdW1iZXIiOiIiLCJsb2dpbiI6InRlYWNoZXJfZnVsbEBpc21hcnQub3JnIiwiZW1haWwiOiJ0ZWFjaGVyX2Z1bGxAaXNtYXJ0Lm9yZyIsImNvbnRyYWN0VHlwZSI6InByaXZhdGUiLCJleHRlcm5hbFVzZXJTb3VyY2UiOm51bGwsImdvZE1vZGUiOnRydWUsImVkdWNvbnQiOnt9LCJfaWQiOiI2NWMzNDFiMmI5MmM3YTVmYmFmZWI2MDcifQ.g8I_2Btv7rGXWFT_jbBB9c0iAVhZshRxVIA8nbNqh0s","default","Mon Oct 05 00:48:49 UTC 2026","passed","Mon Oct 05 00:49:09 UTC 2026","Tests Eors","","",""
"","25643","Каталог заданий: Слабовидящие ""Английский язык. 4.1"" — Класс 7","default","Mon Oct 05 03:08:56 UTC 2026","passed","Mon Oct 05 03:09:22 UTC 2026","AuTestCatalogTask","","",""
"","26100","367. EORS: https://edu.ismart.org/catalog/7b3bfd-biologiya/101-kontrolnaya-rabota-1-po-teme-evolucionnaya-biologiya?view=tasks&class=61890fee84e9f601793b0348&auth=eyJhbGciOiJIUzI1NiIsInR5cCI6IkpXVCJ9.eyJpZCI6IjY1YzM0MWIyYjkyYzdhNWZiYWZlYjYwNyIsImlzQWN0aXZlIjp0cnVlLCJpc0d1ZXN0IjpmYWxzZSwiaXNSZWdpc3RyYXRpb25Db21wbGV0ZSI6dHJ1ZSwiaXNDb25maXJtRW1haWwiOmZhbHNlLCJzdHVkZW50cyI6W10sInV0Y09mZnNldCI6MTgwLCJyb2xlIjoic2Nob29sLXRlYWNoZXIiLCJsYXN0TmFtZSI6IiIsImZpcnN0TmFtZSI6ItCf0YDQvtGE0LXRgdGB0LjQvtC90LDQu9GM0L3Ri9C5IiwicGhvbmVOdW1iZXIiOiIiLCJsb2dpbiI6InRlYWNoZXJfZnVsbEBpc21hcnQub3JnIiwiZW1haWwiOiJ0ZWFjaGVyX2Z1bGxAaXNtYXJ0Lm9yZyIsImNvbnRyYWN0VHlwZSI6InByaXZhdGUiLCJleHRlcm5hbFVzZXJTb3VyY2UiOm51bGwsImdvZE1vZGUiOnRydWUsImVkdWNvbnQiOnt9LCJfaWQiOiI2NWMzNDFiMmI5MmM3YTVmYmFmZWI2MDcifQ.g8I_2Btv7rGXWFT_jbBB9c0iAVhZshRxVIA8nbNqh0s","default","Mon Oct 05 01:10:38 UTC 2026","passed","Mon Oct 05 01:11:05 UTC 2026","Tests Eors","","",""
"","28100","292. EORS: https://edu.ismart.org/catalog/0a2d94-literatura-6-1/1-osnovnye-etapy-russkogo-literaturnogo-processa-s-drevnerussko-literatury-do-xix-veka_PNycqO_UpQrXS?view=tasks&categoryCode=635316-10-kl&auth=eyJhbGciOiJIUzI1NiIsInR5cCI6IkpXVCJ9.eyJpZCI6IjY1YzM0MWIyYjkyYzdhNWZiYWZlYjYwNyIsImlzQWN0aXZlIjp0cnVlLCJpc0d1ZXN0IjpmYWxzZSwiaXNSZWdpc3RyYXRpb25Db21wbGV0ZSI6dHJ1ZSwiaXNDb25maXJtRW1haWwiOmZhbHNlLCJzdHVkZW50cyI6W10sInV0Y09mZnNldCI6MTgwLCJyb2xlIjoic2Nob29sLXRlYWNoZXIiLCJsYXN0TmFtZSI6IiIsImZpcnN0TmFtZSI6ItCf0YDQvtGE0LXRgdGB0LjQvtC90LDQu9GM0L3Ri9C5IiwicGhvbmVOdW1iZXIiOiIiLCJsb2dpbiI6InRlYWNoZXJfZnVsbEBpc21hcnQub3JnIiwiZW1haWwiOiJ0ZWFjaGVyX2Z1bGxAaXNtYXJ0Lm9yZyIsImNvbnRyYWN0VHlwZSI6InByaXZhdGUiLCJleHRlcm5hbFVzZXJTb3VyY2UiOm51bGwsImdvZE1vZGUiOnRydWUsImVkdWNvbnQiOnt9LCJfaWQiOiI2NWMzNDFiMmI5MmM3YTVmYmFmZWI2MDcifQ.g8I_2Btv7rGXWFT_jbBB9c0iAVhZshRxVIA8nbNqh0s","default","Mon Oct 05 01:00:39 UTC 2026","passed","Mon Oct 05 01:01:07 UTC 2026","Tests Eors","","",""
"","54438","320. EORS: https://edu.ismart.org/catalog/6e3c17-algebra-i-nachala-matematicheskogo-analiza/25--1-nedelya-mnojestvo-racionalnyh-chisel?view=tasks&class=64bfa63cd00b08794c3f8b29&auth=eyJhbGciOiJIUzI1NiIsInR5cCI6IkpXVCJ9.eyJpZCI6IjY1YzM0MWIyYjkyYzdhNWZiYWZlYjYwNyIsImlzQWN0aXZlIjp0cnVlLCJpc0d1ZXN0IjpmYWxzZSwiaXNSZWdpc3RyYXRpb25Db21wbGV0ZSI6dHJ1ZSwiaXNDb25maXJtRW1haWwiOmZhbHNlLCJzdHVkZW50cyI6W10sInV0Y09mZnNldCI6MTgwLCJyb2xlIjoic2Nob29sLXRlYWNoZXIiLCJsYXN0TmFtZSI6IiIsImZpcnN0TmFtZSI6ItCf0YDQvtGE0LXRgdGB0LjQvtC90LDQu9GM0L3Ri9C5IiwicGhvbmVOdW1iZXIiOiIiLCJsb2dpbiI6InRlYWNoZXJfZnVsbEBpc21hcnQub3JnIiwiZW1haWwiOiJ0ZWFjaGVyX2Z1bGxAaXNtYXJ0Lm9yZyIsImNvbnRyYWN0VHlwZSI6InByaXZhdGUiLCJleHRlcm5hbFVzZXJTb3VyY2UiOm51bGwsImdvZE1vZGUiOnRydWUsImVkdWNvbnQiOnt9LCJfaWQiOiI2NWMzNDFiMmI5MmM3YTVmYmFmZWI2MDcifQ.g8I_2Btv7rGXWFT_jbBB9c0iAVhZshRxVIA8nbNqh0s","default","Mon Oct 05 01:04:11 UTC 2026","passed","Mon Oct 05 01:05:06 UTC 2026","Tests Eors","","",""
"","14147","Каталог заданий: ТНР ""Информатика. 5.1"" — Класс 3","default","Mon Oct 05 02:52:37 UTC 2026","passed","Mon Oct 05 02:52:52 UTC 2026","AuTestCatalogTask","","",""
"","21542","641. EORS: https://edu.ismart.org/catalog/dd749a-matematika/1-zadanie-1-vychisleniya-s-drobyami?view=tasks&class=5f63090daee1af001b415303&auth=eyJhbGciOiJIUzI1NiIsInR5cCI6IkpXVCJ9.eyJpZCI6IjY1YzM0MWIyYjkyYzdhNWZiYWZlYjYwNyIsImlzQWN0aXZlIjp0cnVlLCJpc0d1ZXN0IjpmYWxzZSwiaXNSZWdpc3RyYXRpb25Db21wbGV0ZSI6dHJ1ZSwiaXNDb25maXJtRW1haWwiOmZhbHNlLCJzdHVkZW50cyI6W10sInV0Y09mZnNldCI6MTgwLCJyb2xlIjoic2Nob29sLXRlYWNoZXIiLCJsYXN0TmFtZSI6IiIsImZpcnN0TmFtZSI6ItCf0YDQvtGE0LXRgdGB0LjQvtC90LDQu9GM0L3Ri9C5IiwicGhvbmVOdW1iZXIiOiIiLCJsb2dpbiI6InRlYWNoZXJfZnVsbEBpc21hcnQub3JnIiwiZW1haWwiOiJ0ZWFjaGVyX2Z1bGxAaXNtYXJ0Lm9yZyIsImNvbnRyYWN0VHlwZSI6InByaXZhdGUiLCJleHRlcm5hbFVzZXJTb3VyY2UiOm51bGwsImdvZE1vZGUiOnRydWUsImVkdWNvbnQiOnt9LCJfaWQiOiI2NWMzNDFiMmI5MmM3YTVmYmFmZWI2MDcifQ.g8I_2Btv7rGXWFT_jbBB9c0iAVhZshRxVIA8nbNqh0s","default","Mon Oct 05 01:49:27 UTC 2026","passed","Mon Oct 05 01:49:49 UTC 2026","Tests Eors","","",""
"","19805","Каталог заданий: Подготовка к контрольным работам ""Русский язык"" — Класс 4","default","Mon Oct 05 02:25:34 UTC 2026","passed","Mon Oct 05 02:25:54 UTC 2026","AuTestCatalogTask","","",""
"","25007","Каталог заданий: Повторение пройденного материала ""Вероятность и статистика"" — Класс 2","default","Mon Oct 05 02:36:59 UTC 2026","passed","Mon Oct 05 02:37:24 UTC 2026","AuTestCatalogTask","","",""
"","48618","Каталог заданий: Подготовка к ЕГЭ ""Химия""","default","Mon Oct 05 02:19:20 UTC 2026","passed","Mon Oct 05 02:20:09 UTC 2026","AuTestCatalogTask","","",""
"","15772","Каталог заданий: Слепые ""Вероятность и статистика. 3.1"" — Класс 1","default","Mon Oct 05 03:02:30 UTC 2026","passed","Mon Oct 05 03:02:46 UTC 2026","AuTestCatalogTask","","",""
"","24120","290. EORS: https://edu.ismart.org/catalog/14a93a-istoriya-8-1/1-crednie-veka-hronologicheskie-ramki_I0Hujt_s0A3qs?view=tasks&categoryCode=62726e-6-kl&auth=eyJhbGciOiJIUzI1NiIsInR5cCI6IkpXVCJ9.eyJpZCI6IjY1YzM0MWIyYjkyYzdhNWZiYWZlYjYwNyIsImlzQWN0aXZlIjp0cnVlLCJpc0d1ZXN0IjpmYWxzZSwiaXNSZWdpc3RyYXRpb25Db21wbGV0ZSI6dHJ1ZSwiaXNDb25maXJtRW1haWwiOmZhbHNlLCJzdHVkZW50cyI6W10sInV0Y09mZnNldCI6MTgwLCJyb2xlIjoic2Nob29sLXRlYWNoZXIiLCJsYXN0TmFtZSI6IiIsImZpcnN0TmFtZSI6ItCf0YDQvtGE0LXRgdGB0LjQvtC90LDQu9GM0L3Ri9C5IiwicGhvbmVOdW1iZXIiOiIiLCJsb2dpbiI6InRlYWNoZXJfZnVsbEBpc21hcnQub3JnIiwiZW1haWwiOiJ0ZWFjaGVyX2Z1bGxAaXNtYXJ0Lm9yZyIsImNvbnRyYWN0VHlwZSI6InByaXZhdGUiLCJleHRlcm5hbFVzZXJTb3VyY2UiOm51bGwsImdvZE1vZGUiOnRydWUsImVkdWNvbnQiOnt9LCJfaWQiOiI2NWMzNDFiMmI5MmM3YTVmYmFmZWI2MDcifQ.g8I_2Btv7rGXWFT_jbBB9c0iAVhZshRxVIA8nbNqh0s","default","Mon Oct 05 01:00:17 UTC 2026","passed","Mon Oct 05 01:00:41 UTC 2026","Tests Eors","","",""
"","20889","267. EORS: https://edu.ismart.org/catalog/58d5f5-vneklassnie-chasi/emocionalny-intellekt-kak-obshchatsya-s-mirom?view=tasks&class=5a3cef0b8409440019b57b36&auth=eyJhbGciOiJIUzI1NiIsInR5cCI6IkpXVCJ9.eyJpZCI6IjY1YzM0MWIyYjkyYzdhNWZiYWZlYjYwNyIsImlzQWN0aXZlIjp0cnVlLCJpc0d1ZXN0IjpmYWxzZSwiaXNSZWdpc3RyYXRpb25Db21wbGV0ZSI6dHJ1ZSwiaXNDb25maXJtRW1haWwiOmZhbHNlLCJzdHVkZW50cyI6W10sInV0Y09mZnNldCI6MTgwLCJyb2xlIjoic2Nob29sLXRlYWNoZXIiLCJsYXN0TmFtZSI6IiIsImZpcnN0TmFtZSI6ItCf0YDQvtGE0LXRgdGB0LjQvtC90LDQu9GM0L3Ri9C5IiwicGhvbmVOdW1iZXIiOiIiLCJsb2dpbiI6InRlYWNoZXJfZnVsbEBpc21hcnQub3JnIiwiZW1haWwiOiJ0ZWFjaGVyX2Z1bGxAaXNtYXJ0Lm9yZyIsImNvbnRyYWN0VHlwZSI6InByaXZhdGUiLCJleHRlcm5hbFVzZXJTb3VyY2UiOm51bGwsImdvZE1vZGUiOnRydWUsImVkdWNvbnQiOnt9LCJfaWQiOiI2NWMzNDFiMmI5MmM3YTVmYmFmZWI2MDcifQ.g8I_2Btv7rGXWFT_jbBB9c0iAVhZshRxVIA8nbNqh0s","default","Mon Oct 05 00:57:28 UTC 2026","passed","Mon Oct 05 00:57:49 UTC 2026","Tests Eors","","",""
"","44717","Каталог заданий: Школьная программа ""Русский язык"" — Класс 4","default","Mon Oct 05 02:04:46 UTC 2026","passed","Mon Oct 05 02:05:31 UTC 2026","AuTestCatalogTask","","",""
"","24863","Каталог заданий: ЗПР ""Английский язык. 7.1"" — Класс 7","default","Mon Oct 05 03:38:38 UTC 2026","passed","Mon Oct 05 03:39:03 UTC 2026","AuTestCatalogTask","","",""
"","26960","Каталог заданий: Слабослышащие ""Русский язык. 2.1"" — Класс 4","default","Mon Oct 05 03:22:13 UTC 2026","passed","Mon Oct 05 03:22:40 UTC 2026","AuTestCatalogTask","","",""
"","44414","Каталог заданий: ТНР ""Биология. 5.1"" — Класс 7","default","Mon Oct 05 02:48:43 UTC 2026","passed","Mon Oct 05 02:49:27 UTC 2026","AuTestCatalogTask","","",""
"","23153","368. EORS: https://edu.ismart.org/catalog/7b3bfd-biologiya/101-kontrolnaya-rabota-1-po-teme-struktura-organizma-cheloveka?view=tasks&class=61a71c551b0ad63754c198e9&auth=eyJhbGciOiJIUzI1NiIsInR5cCI6IkpXVCJ9.eyJpZCI6IjY1YzM0MWIyYjkyYzdhNWZiYWZlYjYwNyIsImlzQWN0aXZlIjp0cnVlLCJpc0d1ZXN0IjpmYWxzZSwiaXNSZWdpc3RyYXRpb25Db21wbGV0ZSI6dHJ1ZSwiaXNDb25maXJtRW1haWwiOmZhbHNlLCJzdHVkZW50cyI6W10sInV0Y09mZnNldCI6MTgwLCJyb2xlIjoic2Nob29sLXRlYWNoZXIiLCJsYXN0TmFtZSI6IiIsImZpcnN0TmFtZSI6ItCf0YDQvtGE0LXRgdGB0LjQvtC90LDQu9GM0L3Ri9C5IiwicGhvbmVOdW1iZXIiOiIiLCJsb2dpbiI6InRlYWNoZXJfZnVsbEBpc21hcnQub3JnIiwiZW1haWwiOiJ0ZWFjaGVyX2Z1bGxAaXNtYXJ0Lm9yZyIsImNvbnRyYWN0VHlwZSI6InByaXZhdGUiLCJleHRlcm5hbFVzZXJTb3VyY2UiOm51bGwsImdvZE1vZGUiOnRydWUsImVkdWNvbnQiOnt9LCJfaWQiOiI2NWMzNDFiMmI5MmM3YTVmYmFmZWI2MDcifQ.g8I_2Btv7rGXWFT_jbBB9c0iAVhZshRxVIA8nbNqh0s","default","Mon Oct 05 01:10:52 UTC 2026","passed","Mon Oct 05 01:11:16 UTC 2026","Tests Eors","","",""
"","43201","Каталог заданий: Школьная программа ""История"" — Класс 5","default","Mon Oct 05 02:03:52 UTC 2026","passed","Mon Oct 05 02:04:35 UTC 2026","AuTestCatalogTask","","",""
"","52028","546. EORS: https://edu.ismart.org/catalog/3478fa-russkii-yazik-slepie-uchaschiesya/1-chto-mi-znaem-o-zvukah-i-bukvah_Kn6XUb?view=tasks&categoryCode=c0cf0f-russkii-yazik-3-kl&auth=eyJhbGciOiJIUzI1NiIsInR5cCI6IkpXVCJ9.eyJpZCI6IjY1YzM0MWIyYjkyYzdhNWZiYWZlYjYwNyIsImlzQWN0aXZlIjp0cnVlLCJpc0d1ZXN0IjpmYWxzZSwiaXNSZWdpc3RyYXRpb25Db21wbGV0ZSI6dHJ1ZSwiaXNDb25maXJtRW1haWwiOmZhbHNlLCJzdHVkZW50cyI6W10sInV0Y09mZnNldCI6MTgwLCJyb2xlIjoic2Nob29sLXRlYWNoZXIiLCJsYXN0TmFtZSI6IiIsImZpcnN0TmFtZSI6ItCf0YDQvtGE0LXRgdGB0LjQvtC90LDQu9GM0L3Ri9C5IiwicGhvbmVOdW1iZXIiOiIiLCJsb2dpbiI6InRlYWNoZXJfZnVsbEBpc21hcnQub3JnIiwiZW1haWwiOiJ0ZWFjaGVyX2Z1bGxAaXNtYXJ0Lm9yZyIsImNvbnRyYWN0VHlwZSI6InByaXZhdGUiLCJleHRlcm5hbFVzZXJTb3VyY2UiOm51bGwsImdvZE1vZGUiOnRydWUsImVkdWNvbnQiOnt9LCJfaWQiOiI2NWMzNDFiMmI5MmM3YTVmYmFmZWI2MDcifQ.g8I_2Btv7rGXWFT_jbBB9c0iAVhZshRxVIA8nbNqh0s","default","Mon Oct 05 01:34:24 UTC 2026","failed","Mon Oct 05 01:35:16 UTC 2026","Tests Eors","","",""
"","26983","78. EORS: https://edu.ismart.org/catalog/1b51b0-diagnostika-dlya-3-klassa/roverochnaya-rabota-es-1-entyabr-oktyabr?view=tasks&class=5a3cef238409440019b57b38&auth=eyJhbGciOiJIUzI1NiIsInR5cCI6IkpXVCJ9.eyJpZCI6IjY1YzM0MWIyYjkyYzdhNWZiYWZlYjYwNyIsImlzQWN0aXZlIjp0cnVlLCJpc0d1ZXN0IjpmYWxzZSwiaXNSZWdpc3RyYXRpb25Db21wbGV0ZSI6dHJ1ZSwiaXNDb25maXJtRW1haWwiOmZhbHNlLCJzdHVkZW50cyI6W10sInV0Y09mZnNldCI6MTgwLCJyb2xlIjoic2Nob29sLXRlYWNoZXIiLCJsYXN0TmFtZSI6IiIsImZpcnN0TmFtZSI6ItCf0YDQvtGE0LXRgdGB0LjQvtC90LDQu9GM0L3Ri9C5IiwicGhvbmVOdW1iZXIiOiIiLCJsb2dpbiI6InRlYWNoZXJfZnVsbEBpc21hcnQub3JnIiwiZW1haWwiOiJ0ZWFjaGVyX2Z1bGxAaXNtYXJ0Lm9yZyIsImNvbnRyYWN0VHlwZSI6InByaXZhdGUiLCJleHRlcm5hbFVzZXJTb3VyY2UiOm51bGwsImdvZE1vZGUiOnRydWUsImVkdWNvbnQiOnt9LCJfaWQiOiI2NWMzNDFiMmI5MmM3YTVmYmFmZWI2MDcifQ.g8I_2Btv7rGXWFT_jbBB9c0iAVhZshRxVIA8nbNqh0s","default","Mon Oct 05 00:32:41 UTC 2026","passed","Mon Oct 05 00:33:08 UTC 2026","Tests Eors","","",""
"","39045","Каталог заданий: РАС ""Русский язык. 8.1"" — Класс 2","default","Mon Oct 05 03:49:38 UTC 2026","passed","Mon Oct 05 03:50:17 UTC 2026","AuTestCatalogTask","","",""
"","41045","Каталог заданий: НОДА ""Литература. 6.1"" — Класс 4","default","Mon Oct 05 03:43:06 UTC 2026","passed","Mon Oct 05 03:43:47 UTC 2026","AuTestCatalogTask","","",""
"","17146","Каталог заданий: Нарушение слуха ""Алгебра. 1.1"" — Класс 3","default","Mon Oct 05 03:14:21 UTC 2026","passed","Mon Oct 05 03:14:38 UTC 2026","AuTestCatalogTask","","",""
"","33332","Каталог заданий: Дополнительное образование ""Математика"" — Класс 3","default","Mon Oct 05 02:12:46 UTC 2026","passed","Mon Oct 05 02:13:19 UTC 2026","AuTestCatalogTask","","",""
"","13523","Каталог заданий: Подготовка к контрольным работам ""Вероятность и статистика"" — Класс 4","default","Mon Oct 05 02:31:15 UTC 2026","passed","Mon Oct 05 02:31:29 UTC 2026","AuTestCatalogTask","","",""
"","21169","162. EORS: https://edu.ismart.org/catalog/920226-istoriya-6-1/1-vvedenie_W6WVrS_KYPIKo?view=tasks&categoryCode=396d62-8-kl&auth=eyJhbGciOiJIUzI1NiIsInR5cCI6IkpXVCJ9.eyJpZCI6IjY1YzM0MWIyYjkyYzdhNWZiYWZlYjYwNyIsImlzQWN0aXZlIjp0cnVlLCJpc0d1ZXN0IjpmYWxzZSwiaXNSZWdpc3RyYXRpb25Db21wbGV0ZSI6dHJ1ZSwiaXNDb25maXJtRW1haWwiOmZhbHNlLCJzdHVkZW50cyI6W10sInV0Y09mZnNldCI6MTgwLCJyb2xlIjoic2Nob29sLXRlYWNoZXIiLCJsYXN0TmFtZSI6IiIsImZpcnN0TmFtZSI6ItCf0YDQvtGE0LXRgdGB0LjQvtC90LDQu9GM0L3Ri9C5IiwicGhvbmVOdW1iZXIiOiIiLCJsb2dpbiI6InRlYWNoZXJfZnVsbEBpc21hcnQub3JnIiwiZW1haWwiOiJ0ZWFjaGVyX2Z1bGxAaXNtYXJ0Lm9yZyIsImNvbnRyYWN0VHlwZSI6InByaXZhdGUiLCJleHRlcm5hbFVzZXJTb3VyY2UiOm51bGwsImdvZE1vZGUiOnRydWUsImVkdWNvbnQiOnt9LCJfaWQiOiI2NWMzNDFiMmI5MmM3YTVmYmFmZWI2MDcifQ.g8I_2Btv7rGXWFT_jbBB9c0iAVhZshRxVIA8nbNqh0s","default","Mon Oct 05 00:43:34 UTC 2026","passed","Mon Oct 05 00:43:55 UTC 2026","Tests Eors","","",""
"","23981","711. EORS: https://edu.ismart.org/catalog/f5f53c-matematika-ras/011-chisla-i-velichiny-chisla-ot-1-do-9_3f7sxq?view=tasks&categoryCode=f46bdf-matematika-1-kl&auth=eyJhbGciOiJIUzI1NiIsInR5cCI6IkpXVCJ9.eyJpZCI6IjY1YzM0MWIyYjkyYzdhNWZiYWZlYjYwNyIsImlzQWN0aXZlIjp0cnVlLCJpc0d1ZXN0IjpmYWxzZSwiaXNSZWdpc3RyYXRpb25Db21wbGV0ZSI6dHJ1ZSwiaXNDb25maXJtRW1haWwiOmZhbHNlLCJzdHVkZW50cyI6W10sInV0Y09mZnNldCI6MTgwLCJyb2xlIjoic2Nob29sLXRlYWNoZXIiLCJsYXN0TmFtZSI6IiIsImZpcnN0TmFtZSI6ItCf0YDQvtGE0LXRgdGB0LjQvtC90LDQu9GM0L3Ri9C5IiwicGhvbmVOdW1iZXIiOiIiLCJsb2dpbiI6InRlYWNoZXJfZnVsbEBpc21hcnQub3JnIiwiZW1haWwiOiJ0ZWFjaGVyX2Z1bGxAaXNtYXJ0Lm9yZyIsImNvbnRyYWN0VHlwZSI6InByaXZhdGUiLCJleHRlcm5hbFVzZXJTb3VyY2UiOm51bGwsImdvZE1vZGUiOnRydWUsImVkdWNvbnQiOnt9LCJfaWQiOiI2NWMzNDFiMmI5MmM3YTVmYmFmZWI2MDcifQ.g8I_2Btv7rGXWFT_jbBB9c0iAVhZshRxVIA8nbNqh0s","default","Mon Oct 05 01:58:27 UTC 2026","passed","Mon Oct 05 01:58:51 UTC 2026","Tests Eors","","",""
"","25826","399. EORS: https://edu.ismart.org/catalog/2ef122-matematika-tnr/30-chisla-i-velichiny-chisla-ot-1-do-1000?view=tasks&categoryCode=8b2b0c-matematika-4-kl&auth=eyJhbGciOiJIUzI1NiIsInR5cCI6IkpXVCJ9.eyJpZCI6IjY1YzM0MWIyYjkyYzdhNWZiYWZlYjYwNyIsImlzQWN0aXZlIjp0cnVlLCJpc0d1ZXN0IjpmYWxzZSwiaXNSZWdpc3RyYXRpb25Db21wbGV0ZSI6dHJ1ZSwiaXNDb25maXJtRW1haWwiOmZhbHNlLCJzdHVkZW50cyI6W10sInV0Y09mZnNldCI6MTgwLCJyb2xlIjoic2Nob29sLXRlYWNoZXIiLCJsYXN0TmFtZSI6IiIsImZpcnN0TmFtZSI6ItCf0YDQvtGE0LXRgdGB0LjQvtC90LDQu9GM0L3Ri9C5IiwicGhvbmVOdW1iZXIiOiIiLCJsb2dpbiI6InRlYWNoZXJfZnVsbEBpc21hcnQub3JnIiwiZW1haWwiOiJ0ZWFjaGVyX2Z1bGxAaXNtYXJ0Lm9yZyIsImNvbnRyYWN0VHlwZSI6InByaXZhdGUiLCJleHRlcm5hbFVzZXJTb3VyY2UiOm51bGwsImdvZE1vZGUiOnRydWUsImVkdWNvbnQiOnt9LCJfaWQiOiI2NWMzNDFiMmI5MmM3YTVmYmFmZWI2MDcifQ.g8I_2Btv7rGXWFT_jbBB9c0iAVhZshRxVIA8nbNqh0s","default","Mon Oct 05 01:14:18 UTC 2026","passed","Mon Oct 05 01:14:44 UTC 2026","Tests Eors","","",""
"","33478","Каталог заданий: ЗПР ""Химия. 7.1"" — Класс 2","default","Mon Oct 05 03:37:05 UTC 2026","passed","Mon Oct 05 03:37:38 UTC 2026","AuTestCatalogTask","","",""
"","16964","Каталог заданий: НОДА ""Вероятность и статистика. 6.1"" — Класс 1","default","Mon Oct 05 03:48:49 UTC 2026","passed","Mon Oct 05 03:49:06 UTC 2026","AuTestCatalogTask","","",""
"","17457","Каталог заданий: Слабовидящие ""Русский язык. 4.1"" — Класс 9","default","Mon Oct 05 03:03:53 UTC 2026","passed","Mon Oct 05 03:04:10 UTC 2026","AuTestCatalogTask","","",""
"","28822","Каталог заданий: Слабослышащие ""Окружающий мир. 2.1"" — Класс 2","default","Mon Oct 05 03:23:35 UTC 2026","passed","Mon Oct 05 03:24:04 UTC 2026","AuTestCatalogTask","","",""
"","46765","510. EORS: https://edu.ismart.org/catalog/b32e37-chto-nuzhno-znat-o-pravopisanii-slov-dlya-5-9-klassov/201--chto-nujno-znat-o-predlojenii?view=tasks&class=5f63090daee1af001b415303&auth=eyJhbGciOiJIUzI1NiIsInR5cCI6IkpXVCJ9.eyJpZCI6IjY1YzM0MWIyYjkyYzdhNWZiYWZlYjYwNyIsImlzQWN0aXZlIjp0cnVlLCJpc0d1ZXN0IjpmYWxzZSwiaXNSZWdpc3RyYXRpb25Db21wbGV0ZSI6dHJ1ZSwiaXNDb25maXJtRW1haWwiOmZhbHNlLCJzdHVkZW50cyI6W10sInV0Y09mZnNldCI6MTgwLCJyb2xlIjoic2Nob29sLXRlYWNoZXIiLCJsYXN0TmFtZSI6IiIsImZpcnN0TmFtZSI6ItCf0YDQvtGE0LXRgdGB0LjQvtC90LDQu9GM0L3Ri9C5IiwicGhvbmVOdW1iZXIiOiIiLCJsb2dpbiI6InRlYWNoZXJfZnVsbEBpc21hcnQub3JnIiwiZW1haWwiOiJ0ZWFjaGVyX2Z1bGxAaXNtYXJ0Lm9yZyIsImNvbnRyYWN0VHlwZSI6InByaXZhdGUiLCJleHRlcm5hbFVzZXJTb3VyY2UiOm51bGwsImdvZE1vZGUiOnRydWUsImVkdWNvbnQiOnt9LCJfaWQiOiI2NWMzNDFiMmI5MmM3YTVmYmFmZWI2MDcifQ.g8I_2Btv7rGXWFT_jbBB9c0iAVhZshRxVIA8nbNqh0s","default","Mon Oct 05 01:29:29 UTC 2026","failed","Mon Oct 05 01:30:15 UTC 2026","Tests Eors","","",""
"","15318","Каталог заданий: ЗПР ""Английский язык. 7.1"" — Класс 1","default","Mon Oct 05 03:38:06 UTC 2026","passed","Mon Oct 05 03:38:22 UTC 2026","AuTestCatalogTask","","",""
"","21010","465. EORS: https://edu.ismart.org/catalog/4e11c9-himiya-6-1/1-stroenie-atoma-periodicheski-zakon-i-periodicheskaya-sistema_nsG4YF_cJltGE?view=tasks&categoryCode=a41029-11-kl&auth=eyJhbGciOiJIUzI1NiIsInR5cCI6IkpXVCJ9.eyJpZCI6IjY1YzM0MWIyYjkyYzdhNWZiYWZlYjYwNyIsImlzQWN0aXZlIjp0cnVlLCJpc0d1ZXN0IjpmYWxzZSwiaXNSZWdpc3RyYXRpb25Db21wbGV0ZSI6dHJ1ZSwiaXNDb25maXJtRW1haWwiOmZhbHNlLCJzdHVkZW50cyI6W10sInV0Y09mZnNldCI6MTgwLCJyb2xlIjoic2Nob29sLXRlYWNoZXIiLCJsYXN0TmFtZSI6IiIsImZpcnN0TmFtZSI6ItCf0YDQvtGE0LXRgdGB0LjQvtC90LDQu9GM0L3Ri9C5IiwicGhvbmVOdW1iZXIiOiIiLCJsb2dpbiI6InRlYWNoZXJfZnVsbEBpc21hcnQub3JnIiwiZW1haWwiOiJ0ZWFjaGVyX2Z1bGxAaXNtYXJ0Lm9yZyIsImNvbnRyYWN0VHlwZSI6InByaXZhdGUiLCJleHRlcm5hbFVzZXJTb3VyY2UiOm51bGwsImdvZE1vZGUiOnRydWUsImVkdWNvbnQiOnt9LCJfaWQiOiI2NWMzNDFiMmI5MmM3YTVmYmFmZWI2MDcifQ.g8I_2Btv7rGXWFT_jbBB9c0iAVhZshRxVIA8nbNqh0s","default","Mon Oct 05 01:23:01 UTC 2026","passed","Mon Oct 05 01:23:22 UTC 2026","Tests Eors","","",""
"","28878","Каталог заданий: ЗПР ""Окружающий мир. 7.1"" — Класс 2","default","Mon Oct 05 03:32:54 UTC 2026","passed","Mon Oct 05 03:33:23 UTC 2026","AuTestCatalogTask","","",""
"","26415","45. EORS: https://edu.ismart.org/catalog/a58645-biologiya-8-1/1-evoluciya-i-metody-ee-izucheniya_1T6EDw_ZFSC1m?view=tasks&categoryCode=13283d-11-kl&auth=eyJhbGciOiJIUzI1NiIsInR5cCI6IkpXVCJ9.eyJpZCI6IjY1YzM0MWIyYjkyYzdhNWZiYWZlYjYwNyIsImlzQWN0aXZlIjp0cnVlLCJpc0d1ZXN0IjpmYWxzZSwiaXNSZWdpc3RyYXRpb25Db21wbGV0ZSI6dHJ1ZSwiaXNDb25maXJtRW1haWwiOmZhbHNlLCJzdHVkZW50cyI6W10sInV0Y09mZnNldCI6MTgwLCJyb2xlIjoic2Nob29sLXRlYWNoZXIiLCJsYXN0TmFtZSI6IiIsImZpcnN0TmFtZSI6ItCf0YDQvtGE0LXRgdGB0LjQvtC90LDQu9GM0L3Ri9C5IiwicGhvbmVOdW1iZXIiOiIiLCJsb2dpbiI6InRlYWNoZXJfZnVsbEBpc21hcnQub3JnIiwiZW1haWwiOiJ0ZWFjaGVyX2Z1bGxAaXNtYXJ0Lm9yZyIsImNvbnRyYWN0VHlwZSI6InByaXZhdGUiLCJleHRlcm5hbFVzZXJTb3VyY2UiOm51bGwsImdvZE1vZGUiOnRydWUsImVkdWNvbnQiOnt9LCJfaWQiOiI2NWMzNDFiMmI5MmM3YTVmYmFmZWI2MDcifQ.g8I_2Btv7rGXWFT_jbBB9c0iAVhZshRxVIA8nbNqh0s","default","Mon Oct 05 00:28:26 UTC 2026","passed","Mon Oct 05 00:28:53 UTC 2026","Tests Eors","","",""
"","20242","Каталог заданий: Подготовка к контрольным работам ""История"" — Класс 1","default","Mon Oct 05 02:29:21 UTC 2026","passed","Mon Oct 05 02:29:41 UTC 2026","AuTestCatalogTask","","",""
"","32740","458. EORS: https://edu.ismart.org/catalog/8039e6-geometriya-zpr/1-nachalnye-ponyatiya-geometrii_bU0yz6?view=tasks&categoryCode=a27cb0-geometriya-7-kl&auth=eyJhbGciOiJIUzI1NiIsInR5cCI6IkpXVCJ9.eyJpZCI6IjY1YzM0MWIyYjkyYzdhNWZiYWZlYjYwNyIsImlzQWN0aXZlIjp0cnVlLCJpc0d1ZXN0IjpmYWxzZSwiaXNSZWdpc3RyYXRpb25Db21wbGV0ZSI6dHJ1ZSwiaXNDb25maXJtRW1haWwiOmZhbHNlLCJzdHVkZW50cyI6W10sInV0Y09mZnNldCI6MTgwLCJyb2xlIjoic2Nob29sLXRlYWNoZXIiLCJsYXN0TmFtZSI6IiIsImZpcnN0TmFtZSI6ItCf0YDQvtGE0LXRgdGB0LjQvtC90LDQu9GM0L3Ri9C5IiwicGhvbmVOdW1iZXIiOiIiLCJsb2dpbiI6InRlYWNoZXJfZnVsbEBpc21hcnQub3JnIiwiZW1haWwiOiJ0ZWFjaGVyX2Z1bGxAaXNtYXJ0Lm9yZyIsImNvbnRyYWN0VHlwZSI6InByaXZhdGUiLCJleHRlcm5hbFVzZXJTb3VyY2UiOm51bGwsImdvZE1vZGUiOnRydWUsImVkdWNvbnQiOnt9LCJfaWQiOiI2NWMzNDFiMmI5MmM3YTVmYmFmZWI2MDcifQ.g8I_2Btv7rGXWFT_jbBB9c0iAVhZshRxVIA8nbNqh0s","default","Mon Oct 05 01:22:10 UTC 2026","passed","Mon Oct 05 01:22:42 UTC 2026","Tests Eors","","",""
"","22161","304. EORS: https://edu.ismart.org/catalog/6c2d52-informatika-8-1/1-cifrovaya-gramotnost_NZqNKD_YzNg1l?view=tasks&categoryCode=66e405-7-kl&auth=eyJhbGciOiJIUzI1NiIsInR5cCI6IkpXVCJ9.eyJpZCI6IjY1YzM0MWIyYjkyYzdhNWZiYWZlYjYwNyIsImlzQWN0aXZlIjp0cnVlLCJpc0d1ZXN0IjpmYWxzZSwiaXNSZWdpc3RyYXRpb25Db21wbGV0ZSI6dHJ1ZSwiaXNDb25maXJtRW1haWwiOmZhbHNlLCJzdHVkZW50cyI6W10sInV0Y09mZnNldCI6MTgwLCJyb2xlIjoic2Nob29sLXRlYWNoZXIiLCJsYXN0TmFtZSI6IiIsImZpcnN0TmFtZSI6ItCf0YDQvtGE0LXRgdGB0LjQvtC90LDQu9GM0L3Ri9C5IiwicGhvbmVOdW1iZXIiOiIiLCJsb2dpbiI6InRlYWNoZXJfZnVsbEBpc21hcnQub3JnIiwiZW1haWwiOiJ0ZWFjaGVyX2Z1bGxAaXNtYXJ0Lm9yZyIsImNvbnRyYWN0VHlwZSI6InByaXZhdGUiLCJleHRlcm5hbFVzZXJTb3VyY2UiOm51bGwsImdvZE1vZGUiOnRydWUsImVkdWNvbnQiOnt9LCJfaWQiOiI2NWMzNDFiMmI5MmM3YTVmYmFmZWI2MDcifQ.g8I_2Btv7rGXWFT_jbBB9c0iAVhZshRxVIA8nbNqh0s","default","Mon Oct 05 01:01:57 UTC 2026","passed","Mon Oct 05 01:02:19 UTC 2026","Tests Eors","","",""
"","22650","193. EORS: https://edu.ismart.org/catalog/60ea13-geometriya-noda/5-sootnosheniya-v-treugolnike_a6nXJk?view=tasks&categoryCode=4655da-geometriya-9-kl&auth=eyJhbGciOiJIUzI1NiIsInR5cCI6IkpXVCJ9.eyJpZCI6IjY1YzM0MWIyYjkyYzdhNWZiYWZlYjYwNyIsImlzQWN0aXZlIjp0cnVlLCJpc0d1ZXN0IjpmYWxzZSwiaXNSZWdpc3RyYXRpb25Db21wbGV0ZSI6dHJ1ZSwiaXNDb25maXJtRW1haWwiOmZhbHNlLCJzdHVkZW50cyI6W10sInV0Y09mZnNldCI6MTgwLCJyb2xlIjoic2Nob29sLXRlYWNoZXIiLCJsYXN0TmFtZSI6IiIsImZpcnN0TmFtZSI6ItCf0YDQvtGE0LXRgdGB0LjQvtC90LDQu9GM0L3Ri9C5IiwicGhvbmVOdW1iZXIiOiIiLCJsb2dpbiI6InRlYWNoZXJfZnVsbEBpc21hcnQub3JnIiwiZW1haWwiOiJ0ZWFjaGVyX2Z1bGxAaXNtYXJ0Lm9yZyIsImNvbnRyYWN0VHlwZSI6InByaXZhdGUiLCJleHRlcm5hbFVzZXJTb3VyY2UiOm51bGwsImdvZE1vZGUiOnRydWUsImVkdWNvbnQiOnt9LCJfaWQiOiI2NWMzNDFiMmI5MmM3YTVmYmFmZWI2MDcifQ.g8I_2Btv7rGXWFT_jbBB9c0iAVhZshRxVIA8nbNqh0s","default","Mon Oct 05 00:47:24 UTC 2026","passed","Mon Oct 05 00:47:47 UTC 2026","Tests Eors","","",""
"","11766","Каталог заданий: Русский язык пакеты ""Развитие речи (1-4 кл.)"" — Класс 2","default","Mon Oct 05 02:42:28 UTC 2026","passed","Mon Oct 05 02:42:40 UTC 2026","AuTestCatalogTask","","",""
"","27051","Каталог заданий: РАС ""Литература. 8.1"" — Класс 5","default","Mon Oct 05 03:53:22 UTC 2026","passed","Mon Oct 05 03:53:49 UTC 2026","AuTestCatalogTask","","",""
"","28884","265. EORS: https://edu.ismart.org/catalog/b33f31-himiya/1-vvedenie-v-himiu?categoryCode=5828c1-8-klass&auth=eyJhbGciOiJIUzI1NiIsInR5cCI6IkpXVCJ9.eyJpZCI6IjY1YzM0MWIyYjkyYzdhNWZiYWZlYjYwNyIsImlzQWN0aXZlIjp0cnVlLCJpc0d1ZXN0IjpmYWxzZSwiaXNSZWdpc3RyYXRpb25Db21wbGV0ZSI6dHJ1ZSwiaXNDb25maXJtRW1haWwiOmZhbHNlLCJzdHVkZW50cyI6W10sInV0Y09mZnNldCI6MTgwLCJyb2xlIjoic2Nob29sLXRlYWNoZXIiLCJsYXN0TmFtZSI6IiIsImZpcnN0TmFtZSI6ItCf0YDQvtGE0LXRgdGB0LjQvtC90LDQu9GM0L3Ri9C5IiwicGhvbmVOdW1iZXIiOiIiLCJsb2dpbiI6InRlYWNoZXJfZnVsbEBpc21hcnQub3JnIiwiZW1haWwiOiJ0ZWFjaGVyX2Z1bGxAaXNtYXJ0Lm9yZyIsImNvbnRyYWN0VHlwZSI6InByaXZhdGUiLCJleHRlcm5hbFVzZXJTb3VyY2UiOm51bGwsImdvZE1vZGUiOnRydWUsImVkdWNvbnQiOnt9LCJfaWQiOiI2NWMzNDFiMmI5MmM3YTVmYmFmZWI2MDcifQ.g8I_2Btv7rGXWFT_jbBB9c0iAVhZshRxVIA8nbNqh0s&view=tasks","default","Mon Oct 05 00:56:59 UTC 2026","passed","Mon Oct 05 00:57:28 UTC 2026","Tests Eors","","",""
"","51390","264. EORS: https://edu.ismart.org/catalog/f48fcc-geometriya-slabovidyaschie-uchaschiesya/10-tela-vrashcheniya_IJWz0Q?view=tasks&categoryCode=5803d9-geometriya-11-kl&auth=eyJhbGciOiJIUzI1NiIsInR5cCI6IkpXVCJ9.eyJpZCI6IjY1YzM0MWIyYjkyYzdhNWZiYWZlYjYwNyIsImlzQWN0aXZlIjp0cnVlLCJpc0d1ZXN0IjpmYWxzZSwiaXNSZWdpc3RyYXRpb25Db21wbGV0ZSI6dHJ1ZSwiaXNDb25maXJtRW1haWwiOmZhbHNlLCJzdHVkZW50cyI6W10sInV0Y09mZnNldCI6MTgwLCJyb2xlIjoic2Nob29sLXRlYWNoZXIiLCJsYXN0TmFtZSI6IiIsImZpcnN0TmFtZSI6ItCf0YDQvtGE0LXRgdGB0LjQvtC90LDQu9GM0L3Ri9C5IiwicGhvbmVOdW1iZXIiOiIiLCJsb2dpbiI6InRlYWNoZXJfZnVsbEBpc21hcnQub3JnIiwiZW1haWwiOiJ0ZWFjaGVyX2Z1bGxAaXNtYXJ0Lm9yZyIsImNvbnRyYWN0VHlwZSI6InByaXZhdGUiLCJleHRlcm5hbFVzZXJTb3VyY2UiOm51bGwsImdvZE1vZGUiOnRydWUsImVkdWNvbnQiOnt9LCJfaWQiOiI2NWMzNDFiMmI5MmM3YTVmYmFmZWI2MDcifQ.g8I_2Btv7rGXWFT_jbBB9c0iAVhZshRxVIA8nbNqh0s","default","Mon Oct 05 00:56:59 UTC 2026","failed","Mon Oct 05 00:57:51 UTC 2026","Tests Eors","","",""
"","30313","Каталог заданий: Нарушение слуха ""История. 1.1"" — Класс 2","default","Mon Oct 05 03:16:37 UTC 2026","passed","Mon Oct 05 03:17:07 UTC 2026","AuTestCatalogTask","","",""
"","32972","Каталог заданий: Подготовка к ВПР ""Биология"" — Класс 3","default","Mon Oct 05 02:23:10 UTC 2026","passed","Mon Oct 05 02:23:43 UTC 2026","AuTestCatalogTask","","",""
"","14726","Каталог заданий: Слабовидящие ""Информатика. 4.1"" — Класс 5","default","Mon Oct 05 03:12:32 UTC 2026","passed","Mon Oct 05 03:12:46 UTC 2026","AuTestCatalogTask","","",""
"","43443","30. EORS: https://edu.ismart.org/catalog/9f31a3-veroyatnost-i-statistika-6-1/11-rasseivanie-dannyh-veroyatnost-i-statistika_AbuGS7_5Nr0lm?view=tasks&categoryCode=098308-8-kl&auth=eyJhbGciOiJIUzI1NiIsInR5cCI6IkpXVCJ9.eyJpZCI6IjY1YzM0MWIyYjkyYzdhNWZiYWZlYjYwNyIsImlzQWN0aXZlIjp0cnVlLCJpc0d1ZXN0IjpmYWxzZSwiaXNSZWdpc3RyYXRpb25Db21wbGV0ZSI6dHJ1ZSwiaXNDb25maXJtRW1haWwiOmZhbHNlLCJzdHVkZW50cyI6W10sInV0Y09mZnNldCI6MTgwLCJyb2xlIjoic2Nob29sLXRlYWNoZXIiLCJsYXN0TmFtZSI6IiIsImZpcnN0TmFtZSI6ItCf0YDQvtGE0LXRgdGB0LjQvtC90LDQu9GM0L3Ri9C5IiwicGhvbmVOdW1iZXIiOiIiLCJsb2dpbiI6InRlYWNoZXJfZnVsbEBpc21hcnQub3JnIiwiZW1haWwiOiJ0ZWFjaGVyX2Z1bGxAaXNtYXJ0Lm9yZyIsImNvbnRyYWN0VHlwZSI6InByaXZhdGUiLCJleHRlcm5hbFVzZXJTb3VyY2UiOm51bGwsImdvZE1vZGUiOnRydWUsImVkdWNvbnQiOnt9LCJfaWQiOiI2NWMzNDFiMmI5MmM3YTVmYmFmZWI2MDcifQ.g8I_2Btv7rGXWFT_jbBB9c0iAVhZshRxVIA8nbNqh0s","default","Mon Oct 05 00:26:18 UTC 2026","failed","Mon Oct 05 00:27:01 UTC 2026","Tests Eors","","",""
"","11784","Каталог заданий: Русский язык пакеты ""Орфографическая грамотность (5-9 кл.)"" — Класс 4","default","Mon Oct 05 02:43:12 UTC 2026","passed","Mon Oct 05 02:43:24 UTC 2026","AuTestCatalogTask","","",""
"","15738","Каталог заданий: ЗПР ""Геометрия. 7.1"" — Класс 2","default","Mon Oct 05 03:32:26 UTC 2026","passed","Mon Oct 05 03:32:42 UTC 2026","AuTestCatalogTask","","",""
"","22784","414. EORS: https://edu.ismart.org/catalog/f2fe0d-algebra-nachalo-matematicheskogo-analiza/1-mnojestva-racionalnyh-i-destvitelnyh-chisel?view=tasks&categoryCode=91abd3-novii-razdel&auth=eyJhbGciOiJIUzI1NiIsInR5cCI6IkpXVCJ9.eyJpZCI6IjY1YzM0MWIyYjkyYzdhNWZiYWZlYjYwNyIsImlzQWN0aXZlIjp0cnVlLCJpc0d1ZXN0IjpmYWxzZSwiaXNSZWdpc3RyYXRpb25Db21wbGV0ZSI6dHJ1ZSwiaXNDb25maXJtRW1haWwiOmZhbHNlLCJzdHVkZW50cyI6W10sInV0Y09mZnNldCI6MTgwLCJyb2xlIjoic2Nob29sLXRlYWNoZXIiLCJsYXN0TmFtZSI6IiIsImZpcnN0TmFtZSI6ItCf0YDQvtGE0LXRgdGB0LjQvtC90LDQu9GM0L3Ri9C5IiwicGhvbmVOdW1iZXIiOiIiLCJsb2dpbiI6InRlYWNoZXJfZnVsbEBpc21hcnQub3JnIiwiZW1haWwiOiJ0ZWFjaGVyX2Z1bGxAaXNtYXJ0Lm9yZyIsImNvbnRyYWN0VHlwZSI6InByaXZhdGUiLCJleHRlcm5hbFVzZXJTb3VyY2UiOm51bGwsImdvZE1vZGUiOnRydWUsImVkdWNvbnQiOnt9LCJfaWQiOiI2NWMzNDFiMmI5MmM3YTVmYmFmZWI2MDcifQ.g8I_2Btv7rGXWFT_jbBB9c0iAVhZshRxVIA8nbNqh0s","default","Mon Oct 05 01:16:23 UTC 2026","passed","Mon Oct 05 01:16:46 UTC 2026","Tests Eors","","",""
"","15217","Каталог заданий: Слабовидящие ""Информатика. 4.1"" — Класс 1","default","Mon Oct 05 03:12:16 UTC 2026","passed","Mon Oct 05 03:12:31 UTC 2026","AuTestCatalogTask","","",""
"","17038","Каталог заданий: Подготовка к контрольным работам ""Химия"" — Класс 2","default","Mon Oct 05 02:30:04 UTC 2026","passed","Mon Oct 05 02:30:21 UTC 2026","AuTestCatalogTask","","",""
"","17654","Каталог заданий: Школьная программа ""Вероятность и статистика"" — Класс 2","default","Mon Oct 05 02:11:00 UTC 2026","passed","Mon Oct 05 02:11:17 UTC 2026","AuTestCatalogTask","","",""
"","19155","Каталог заданий: СПО ""Русский язык"" — Класс 1","default","Mon Oct 05 02:40:29 UTC 2026","passed","Mon Oct 05 02:40:49 UTC 2026","AuTestCatalogTask","","",""
"","52287","Каталог заданий: ТНР ""Биология. 5.1"" — Класс 4","default","Mon Oct 05 02:48:00 UTC 2026","passed","Mon Oct 05 02:48:52 UTC 2026","AuTestCatalogTask","","",""
"","20668","359. EORS: https://edu.ismart.org/catalog/7b14ff-istoriya/1-1-zadanie-1-rabota-s-istoricheskimi-istochnikami?view=tasks&class=5f197003b96284001b29733d&auth=eyJhbGciOiJIUzI1NiIsInR5cCI6IkpXVCJ9.eyJpZCI6IjY1YzM0MWIyYjkyYzdhNWZiYWZlYjYwNyIsImlzQWN0aXZlIjp0cnVlLCJpc0d1ZXN0IjpmYWxzZSwiaXNSZWdpc3RyYXRpb25Db21wbGV0ZSI6dHJ1ZSwiaXNDb25maXJtRW1haWwiOmZhbHNlLCJzdHVkZW50cyI6W10sInV0Y09mZnNldCI6MTgwLCJyb2xlIjoic2Nob29sLXRlYWNoZXIiLCJsYXN0TmFtZSI6IiIsImZpcnN0TmFtZSI6ItCf0YDQvtGE0LXRgdGB0LjQvtC90LDQu9GM0L3Ri9C5IiwicGhvbmVOdW1iZXIiOiIiLCJsb2dpbiI6InRlYWNoZXJfZnVsbEBpc21hcnQub3JnIiwiZW1haWwiOiJ0ZWFjaGVyX2Z1bGxAaXNtYXJ0Lm9yZyIsImNvbnRyYWN0VHlwZSI6InByaXZhdGUiLCJleHRlcm5hbFVzZXJTb3VyY2UiOm51bGwsImdvZE1vZGUiOnRydWUsImVkdWNvbnQiOnt9LCJfaWQiOiI2NWMzNDFiMmI5MmM3YTVmYmFmZWI2MDcifQ.g8I_2Btv7rGXWFT_jbBB9c0iAVhZshRxVIA8nbNqh0s","default","Mon Oct 05 01:09:44 UTC 2026","passed","Mon Oct 05 01:10:05 UTC 2026","Tests Eors","","",""
"","14378","Каталог заданий: Школьная программа ""Информатика"" — Класс 2","default","Mon Oct 05 02:09:02 UTC 2026","passed","Mon Oct 05 02:09:16 UTC 2026","AuTestCatalogTask","","",""
"","41336","Каталог заданий: Нарушение слуха ""Окружающий мир. 1.1"" — Класс 2","default","Mon Oct 05 03:15:11 UTC 2026","passed","Mon Oct 05 03:15:53 UTC 2026","AuTestCatalogTask","","",""
"","44117","306. EORS: https://edu.ismart.org/catalog/0ac4a2-geometriya/1-nachalnye-ponyatiya-geometrii?view=tasks&categoryCode=675093-geometriya-7-klass&auth=eyJhbGciOiJIUzI1NiIsInR5cCI6IkpXVCJ9.eyJpZCI6IjY1YzM0MWIyYjkyYzdhNWZiYWZlYjYwNyIsImlzQWN0aXZlIjp0cnVlLCJpc0d1ZXN0IjpmYWxzZSwiaXNSZWdpc3RyYXRpb25Db21wbGV0ZSI6dHJ1ZSwiaXNDb25maXJtRW1haWwiOmZhbHNlLCJzdHVkZW50cyI6W10sInV0Y09mZnNldCI6MTgwLCJyb2xlIjoic2Nob29sLXRlYWNoZXIiLCJsYXN0TmFtZSI6IiIsImZpcnN0TmFtZSI6ItCf0YDQvtGE0LXRgdGB0LjQvtC90LDQu9GM0L3Ri9C5IiwicGhvbmVOdW1iZXIiOiIiLCJsb2dpbiI6InRlYWNoZXJfZnVsbEBpc21hcnQub3JnIiwiZW1haWwiOiJ0ZWFjaGVyX2Z1bGxAaXNtYXJ0Lm9yZyIsImNvbnRyYWN0VHlwZSI6InByaXZhdGUiLCJleHRlcm5hbFVzZXJTb3VyY2UiOm51bGwsImdvZE1vZGUiOnRydWUsImVkdWNvbnQiOnt9LCJfaWQiOiI2NWMzNDFiMmI5MmM3YTVmYmFmZWI2MDcifQ.g8I_2Btv7rGXWFT_jbBB9c0iAVhZshRxVIA8nbNqh0s","default","Mon Oct 05 01:02:02 UTC 2026","failed","Mon Oct 05 01:02:46 UTC 2026","Tests Eors","","",""
"","15526","Каталог заданий: Слабослышащие ""Физика. 2.1"" — Класс 3","default","Mon Oct 05 03:26:15 UTC 2026","passed","Mon Oct 05 03:26:31 UTC 2026","AuTestCatalogTask","","",""
"","26135","Каталог заданий: Повторение пройденного материала ""Английский язык"" — Класс 10","default","Mon Oct 05 02:34:23 UTC 2026","passed","Mon Oct 05 02:34:49 UTC 2026","AuTestCatalogTask","","",""
"","44100","Каталог заданий: ЗПР ""История. 7.1"" — Класс 7","default","Mon Oct 05 03:34:57 UTC 2026","passed","Mon Oct 05 03:35:41 UTC 2026","AuTestCatalogTask","","",""
"","25350","521. EORS: https://edu.ismart.org/catalog/acb475-angliiskii-yazik-8-1/1-mir-moego-ya-osnovno_qqX3xP_WFeaxJ?view=tasks&categoryCode=b5ea48-4-kl&auth=eyJhbGciOiJIUzI1NiIsInR5cCI6IkpXVCJ9.eyJpZCI6IjY1YzM0MWIyYjkyYzdhNWZiYWZlYjYwNyIsImlzQWN0aXZlIjp0cnVlLCJpc0d1ZXN0IjpmYWxzZSwiaXNSZWdpc3RyYXRpb25Db21wbGV0ZSI6dHJ1ZSwiaXNDb25maXJtRW1haWwiOmZhbHNlLCJzdHVkZW50cyI6W10sInV0Y09mZnNldCI6MTgwLCJyb2xlIjoic2Nob29sLXRlYWNoZXIiLCJsYXN0TmFtZSI6IiIsImZpcnN0TmFtZSI6ItCf0YDQvtGE0LXRgdGB0LjQvtC90LDQu9GM0L3Ri9C5IiwicGhvbmVOdW1iZXIiOiIiLCJsb2dpbiI6InRlYWNoZXJfZnVsbEBpc21hcnQub3JnIiwiZW1haWwiOiJ0ZWFjaGVyX2Z1bGxAaXNtYXJ0Lm9yZyIsImNvbnRyYWN0VHlwZSI6InByaXZhdGUiLCJleHRlcm5hbFVzZXJTb3VyY2UiOm51bGwsImdvZE1vZGUiOnRydWUsImVkdWNvbnQiOnt9LCJfaWQiOiI2NWMzNDFiMmI5MmM3YTVmYmFmZWI2MDcifQ.g8I_2Btv7rGXWFT_jbBB9c0iAVhZshRxVIA8nbNqh0s","default","Mon Oct 05 01:31:29 UTC 2026","passed","Mon Oct 05 01:31:54 UTC 2026","Tests Eors","","",""
"","47804","626. EORS: https://edu.ismart.org/catalog/7b5069-geometriya-tnr/10-tela-vrashcheniya_s3Vhz0?view=tasks&categoryCode=d59d85-geometriya-11-kl&auth=eyJhbGciOiJIUzI1NiIsInR5cCI6IkpXVCJ9.eyJpZCI6IjY1YzM0MWIyYjkyYzdhNWZiYWZlYjYwNyIsImlzQWN0aXZlIjp0cnVlLCJpc0d1ZXN0IjpmYWxzZSwiaXNSZWdpc3RyYXRpb25Db21wbGV0ZSI6dHJ1ZSwiaXNDb25maXJtRW1haWwiOmZhbHNlLCJzdHVkZW50cyI6W10sInV0Y09mZnNldCI6MTgwLCJyb2xlIjoic2Nob29sLXRlYWNoZXIiLCJsYXN0TmFtZSI6IiIsImZpcnN0TmFtZSI6ItCf0YDQvtGE0LXRgdGB0LjQvtC90LDQu9GM0L3Ri9C5IiwicGhvbmVOdW1iZXIiOiIiLCJsb2dpbiI6InRlYWNoZXJfZnVsbEBpc21hcnQub3JnIiwiZW1haWwiOiJ0ZWFjaGVyX2Z1bGxAaXNtYXJ0Lm9yZyIsImNvbnRyYWN0VHlwZSI6InByaXZhdGUiLCJleHRlcm5hbFVzZXJTb3VyY2UiOm51bGwsImdvZE1vZGUiOnRydWUsImVkdWNvbnQiOnt9LCJfaWQiOiI2NWMzNDFiMmI5MmM3YTVmYmFmZWI2MDcifQ.g8I_2Btv7rGXWFT_jbBB9c0iAVhZshRxVIA8nbNqh0s","default","Mon Oct 05 01:47:22 UTC 2026","passed","Mon Oct 05 01:48:09 UTC 2026","Tests Eors","","",""
"","30242","Каталог заданий: ТНР ""История. 5.1"" — Класс 2","default","Mon Oct 05 02:50:35 UTC 2026","passed","Mon Oct 05 02:51:05 UTC 2026","AuTestCatalogTask","","",""
"","32559","202. EORS: https://edu.ismart.org/catalog/2a5e18-russkii-yazik-1-ntr/1-obshchie-svedeniya-o-yazyke_nWTghv?view=tasks&categoryCode=48456c-russkii-yazik-11-klass&auth=eyJhbGciOiJIUzI1NiIsInR5cCI6IkpXVCJ9.eyJpZCI6IjY1YzM0MWIyYjkyYzdhNWZiYWZlYjYwNyIsImlzQWN0aXZlIjp0cnVlLCJpc0d1ZXN0IjpmYWxzZSwiaXNSZWdpc3RyYXRpb25Db21wbGV0ZSI6dHJ1ZSwiaXNDb25maXJtRW1haWwiOmZhbHNlLCJzdHVkZW50cyI6W10sInV0Y09mZnNldCI6MTgwLCJyb2xlIjoic2Nob29sLXRlYWNoZXIiLCJsYXN0TmFtZSI6IiIsImZpcnN0TmFtZSI6ItCf0YDQvtGE0LXRgdGB0LjQvtC90LDQu9GM0L3Ri9C5IiwicGhvbmVOdW1iZXIiOiIiLCJsb2dpbiI6InRlYWNoZXJfZnVsbEBpc21hcnQub3JnIiwiZW1haWwiOiJ0ZWFjaGVyX2Z1bGxAaXNtYXJ0Lm9yZyIsImNvbnRyYWN0VHlwZSI6InByaXZhdGUiLCJleHRlcm5hbFVzZXJTb3VyY2UiOm51bGwsImdvZE1vZGUiOnRydWUsImVkdWNvbnQiOnt9LCJfaWQiOiI2NWMzNDFiMmI5MmM3YTVmYmFmZWI2MDcifQ.g8I_2Btv7rGXWFT_jbBB9c0iAVhZshRxVIA8nbNqh0s","default","Mon Oct 05 00:48:39 UTC 2026","passed","Mon Oct 05 00:49:12 UTC 2026","Tests Eors","","",""
"","25650","Каталог заданий: Слабослышащие ""Английский язык. 2.1"" — Класс 9","default","Mon Oct 05 03:29:19 UTC 2026","passed","Mon Oct 05 03:29:45 UTC 2026","AuTestCatalogTask","","",""
"","22534","417. EORS: https://edu.ismart.org/catalog/05cee6-russkii-yazik-2-1/fonetika-grafika-orfoepiya_zqxEoS_hWRvKF?view=tasks&categoryCode=91e134-6-klass&auth=eyJhbGciOiJIUzI1NiIsInR5cCI6IkpXVCJ9.eyJpZCI6IjY1YzM0MWIyYjkyYzdhNWZiYWZlYjYwNyIsImlzQWN0aXZlIjp0cnVlLCJpc0d1ZXN0IjpmYWxzZSwiaXNSZWdpc3RyYXRpb25Db21wbGV0ZSI6dHJ1ZSwiaXNDb25maXJtRW1haWwiOmZhbHNlLCJzdHVkZW50cyI6W10sInV0Y09mZnNldCI6MTgwLCJyb2xlIjoic2Nob29sLXRlYWNoZXIiLCJsYXN0TmFtZSI6IiIsImZpcnN0TmFtZSI6ItCf0YDQvtGE0LXRgdGB0LjQvtC90LDQu9GM0L3Ri9C5IiwicGhvbmVOdW1iZXIiOiIiLCJsb2dpbiI6InRlYWNoZXJfZnVsbEBpc21hcnQub3JnIiwiZW1haWwiOiJ0ZWFjaGVyX2Z1bGxAaXNtYXJ0Lm9yZyIsImNvbnRyYWN0VHlwZSI6InByaXZhdGUiLCJleHRlcm5hbFVzZXJTb3VyY2UiOm51bGwsImdvZE1vZGUiOnRydWUsImVkdWNvbnQiOnt9LCJfaWQiOiI2NWMzNDFiMmI5MmM3YTVmYmFmZWI2MDcifQ.g8I_2Btv7rGXWFT_jbBB9c0iAVhZshRxVIA8nbNqh0s","default","Mon Oct 05 01:16:31 UTC 2026","passed","Mon Oct 05 01:16:54 UTC 2026","Tests Eors","","",""
"","32370","Каталог заданий: НОДА ""История. 6.1"" — Класс 3","default","Mon Oct 05 03:44:13 UTC 2026","passed","Mon Oct 05 03:44:46 UTC 2026","AuTestCatalogTask","","",""
"","31724","Каталог заданий: РАС ""Литература. 8.1"" — Класс 3","default","Mon Oct 05 03:52:56 UTC 2026","passed","Mon Oct 05 03:53:28 UTC 2026","AuTestCatalogTask","","",""
"","14272","Каталог заданий: НОДА ""Обществознание. 6.1"" — Класс 1","default","Mon Oct 05 03:45:13 UTC 2026","passed","Mon Oct 05 03:45:27 UTC 2026","AuTestCatalogTask","","",""
"","22734","Каталог заданий: Слепые ""Физика. 3.1"" — Класс 4","default","Mon Oct 05 03:02:26 UTC 2026","passed","Mon Oct 05 03:02:49 UTC 2026","AuTestCatalogTask","","",""
"","13137","Каталог заданий: Русский язык пакеты ""Орфографическая грамотность (5-9 кл.)"" — Класс 1","default","Mon Oct 05 02:42:57 UTC 2026","passed","Mon Oct 05 02:43:10 UTC 2026","AuTestCatalogTask","","",""
"","23648","Каталог заданий: Повторение пройденного материала ""Обществознание"" — Класс 5","default","Mon Oct 05 02:39:30 UTC 2026","passed","Mon Oct 05 02:39:53 UTC 2026","AuTestCatalogTask","","",""
"","25161","Каталог заданий: Повторение пройденного материала ""Биология"" — Класс 3","default","Mon Oct 05 02:38:38 UTC 2026","passed","Mon Oct 05 02:39:03 UTC 2026","AuTestCatalogTask","","",""
"","23262","482. EORS: https://edu.ismart.org/catalog/aa6c87-diagnostika-dlya-6-klassa/kes-1?view=tasks&class=5f197003b96284001b29733d&auth=eyJhbGciOiJIUzI1NiIsInR5cCI6IkpXVCJ9.eyJpZCI6IjY1YzM0MWIyYjkyYzdhNWZiYWZlYjYwNyIsImlzQWN0aXZlIjp0cnVlLCJpc0d1ZXN0IjpmYWxzZSwiaXNSZWdpc3RyYXRpb25Db21wbGV0ZSI6dHJ1ZSwiaXNDb25maXJtRW1haWwiOmZhbHNlLCJzdHVkZW50cyI6W10sInV0Y09mZnNldCI6MTgwLCJyb2xlIjoic2Nob29sLXRlYWNoZXIiLCJsYXN0TmFtZSI6IiIsImZpcnN0TmFtZSI6ItCf0YDQvtGE0LXRgdGB0LjQvtC90LDQu9GM0L3Ri9C5IiwicGhvbmVOdW1iZXIiOiIiLCJsb2dpbiI6InRlYWNoZXJfZnVsbEBpc21hcnQub3JnIiwiZW1haWwiOiJ0ZWFjaGVyX2Z1bGxAaXNtYXJ0Lm9yZyIsImNvbnRyYWN0VHlwZSI6InByaXZhdGUiLCJleHRlcm5hbFVzZXJTb3VyY2UiOm51bGwsImdvZE1vZGUiOnRydWUsImVkdWNvbnQiOnt9LCJfaWQiOiI2NWMzNDFiMmI5MmM3YTVmYmFmZWI2MDcifQ.g8I_2Btv7rGXWFT_jbBB9c0iAVhZshRxVIA8nbNqh0s","default","Mon Oct 05 01:25:24 UTC 2026","passed","Mon Oct 05 01:25:48 UTC 2026","Tests Eors","","",""
"","36781","401. EORS: https://edu.ismart.org/catalog/f78aab-russkii-yazik-slabovidyaschie-uchaschiesya/1-obshchie-svedeniya-o-yazyke_tGxBB4?view=tasks&categoryCode=8ba132-russkii-yazik-11-kl&auth=eyJhbGciOiJIUzI1NiIsInR5cCI6IkpXVCJ9.eyJpZCI6IjY1YzM0MWIyYjkyYzdhNWZiYWZlYjYwNyIsImlzQWN0aXZlIjp0cnVlLCJpc0d1ZXN0IjpmYWxzZSwiaXNSZWdpc3RyYXRpb25Db21wbGV0ZSI6dHJ1ZSwiaXNDb25maXJtRW1haWwiOmZhbHNlLCJzdHVkZW50cyI6W10sInV0Y09mZnNldCI6MTgwLCJyb2xlIjoic2Nob29sLXRlYWNoZXIiLCJsYXN0TmFtZSI6IiIsImZpcnN0TmFtZSI6ItCf0YDQvtGE0LXRgdGB0LjQvtC90LDQu9GM0L3Ri9C5IiwicGhvbmVOdW1iZXIiOiIiLCJsb2dpbiI6InRlYWNoZXJfZnVsbEBpc21hcnQub3JnIiwiZW1haWwiOiJ0ZWFjaGVyX2Z1bGxAaXNtYXJ0Lm9yZyIsImNvbnRyYWN0VHlwZSI6InByaXZhdGUiLCJleHRlcm5hbFVzZXJTb3VyY2UiOm51bGwsImdvZE1vZGUiOnRydWUsImVkdWNvbnQiOnt9LCJfaWQiOiI2NWMzNDFiMmI5MmM3YTVmYmFmZWI2MDcifQ.g8I_2Btv7rGXWFT_jbBB9c0iAVhZshRxVIA8nbNqh0s","default","Mon Oct 05 01:14:34 UTC 2026","passed","Mon Oct 05 01:15:11 UTC 2026","Tests Eors","","",""
"","27129","725. EORS: https://edu.ismart.org/catalog/f846e1-angliiskii-yazik/1-family--friends?view=tasks&class=61890fee84e9f601793b0348&auth=eyJhbGciOiJIUzI1NiIsInR5cCI6IkpXVCJ9.eyJpZCI6IjY1YzM0MWIyYjkyYzdhNWZiYWZlYjYwNyIsImlzQWN0aXZlIjp0cnVlLCJpc0d1ZXN0IjpmYWxzZSwiaXNSZWdpc3RyYXRpb25Db21wbGV0ZSI6dHJ1ZSwiaXNDb25maXJtRW1haWwiOmZhbHNlLCJzdHVkZW50cyI6W10sInV0Y09mZnNldCI6MTgwLCJyb2xlIjoic2Nob29sLXRlYWNoZXIiLCJsYXN0TmFtZSI6IiIsImZpcnN0TmFtZSI6ItCf0YDQvtGE0LXRgdGB0LjQvtC90LDQu9GM0L3Ri9C5IiwicGhvbmVOdW1iZXIiOiIiLCJsb2dpbiI6InRlYWNoZXJfZnVsbEBpc21hcnQub3JnIiwiZW1haWwiOiJ0ZWFjaGVyX2Z1bGxAaXNtYXJ0Lm9yZyIsImNvbnRyYWN0VHlwZSI6InByaXZhdGUiLCJleHRlcm5hbFVzZXJTb3VyY2UiOm51bGwsImdvZE1vZGUiOnRydWUsImVkdWNvbnQiOnt9LCJfaWQiOiI2NWMzNDFiMmI5MmM3YTVmYmFmZWI2MDcifQ.g8I_2Btv7rGXWFT_jbBB9c0iAVhZshRxVIA8nbNqh0s","default","Mon Oct 05 01:59:57 UTC 2026","passed","Mon Oct 05 02:00:24 UTC 2026","Tests Eors","","",""
"","33628","647. EORS: https://edu.ismart.org/catalog/ee319e-fizika-7-1/1-teplovye-yavleniya-_WIcPBf_A6os62?view=tasks&categoryCode=dfd7a2-8-kl&auth=eyJhbGciOiJIUzI1NiIsInR5cCI6IkpXVCJ9.eyJpZCI6IjY1YzM0MWIyYjkyYzdhNWZiYWZlYjYwNyIsImlzQWN0aXZlIjp0cnVlLCJpc0d1ZXN0IjpmYWxzZSwiaXNSZWdpc3RyYXRpb25Db21wbGV0ZSI6dHJ1ZSwiaXNDb25maXJtRW1haWwiOmZhbHNlLCJzdHVkZW50cyI6W10sInV0Y09mZnNldCI6MTgwLCJyb2xlIjoic2Nob29sLXRlYWNoZXIiLCJsYXN0TmFtZSI6IiIsImZpcnN0TmFtZSI6ItCf0YDQvtGE0LXRgdGB0LjQvtC90LDQu9GM0L3Ri9C5IiwicGhvbmVOdW1iZXIiOiIiLCJsb2dpbiI6InRlYWNoZXJfZnVsbEBpc21hcnQub3JnIiwiZW1haWwiOiJ0ZWFjaGVyX2Z1bGxAaXNtYXJ0Lm9yZyIsImNvbnRyYWN0VHlwZSI6InByaXZhdGUiLCJleHRlcm5hbFVzZXJTb3VyY2UiOm51bGwsImdvZE1vZGUiOnRydWUsImVkdWNvbnQiOnt9LCJfaWQiOiI2NWMzNDFiMmI5MmM3YTVmYmFmZWI2MDcifQ.g8I_2Btv7rGXWFT_jbBB9c0iAVhZshRxVIA8nbNqh0s","default","Mon Oct 05 01:50:01 UTC 2026","passed","Mon Oct 05 01:50:34 UTC 2026","Tests Eors","","",""
"","18966","Каталог заданий: Подготовка к контрольным работам ""Биология"" — Класс 1","default","Mon Oct 05 02:30:20 UTC 2026","passed","Mon Oct 05 02:30:39 UTC 2026","AuTestCatalogTask","","",""
"","17455","Каталог заданий: Дополнительное образование ""Вероятность и статистика"" — Класс 4","default","Mon Oct 05 02:17:01 UTC 2026","passed","Mon Oct 05 02:17:19 UTC 2026","AuTestCatalogTask","","",""
"","22306","689. EORS: https://edu.ismart.org/catalog/df7ab7-russkii-yazik-ras/yazyk-i-rech-tekst_Kgz6yw?view=tasks&categoryCode=ed8e20-russkii-yazik-7-kl&auth=eyJhbGciOiJIUzI1NiIsInR5cCI6IkpXVCJ9.eyJpZCI6IjY1YzM0MWIyYjkyYzdhNWZiYWZlYjYwNyIsImlzQWN0aXZlIjp0cnVlLCJpc0d1ZXN0IjpmYWxzZSwiaXNSZWdpc3RyYXRpb25Db21wbGV0ZSI6dHJ1ZSwiaXNDb25maXJtRW1haWwiOmZhbHNlLCJzdHVkZW50cyI6W10sInV0Y09mZnNldCI6MTgwLCJyb2xlIjoic2Nob29sLXRlYWNoZXIiLCJsYXN0TmFtZSI6IiIsImZpcnN0TmFtZSI6ItCf0YDQvtGE0LXRgdGB0LjQvtC90LDQu9GM0L3Ri9C5IiwicGhvbmVOdW1iZXIiOiIiLCJsb2dpbiI6InRlYWNoZXJfZnVsbEBpc21hcnQub3JnIiwiZW1haWwiOiJ0ZWFjaGVyX2Z1bGxAaXNtYXJ0Lm9yZyIsImNvbnRyYWN0VHlwZSI6InByaXZhdGUiLCJleHRlcm5hbFVzZXJTb3VyY2UiOm51bGwsImdvZE1vZGUiOnRydWUsImVkdWNvbnQiOnt9LCJfaWQiOiI2NWMzNDFiMmI5MmM3YTVmYmFmZWI2MDcifQ.g8I_2Btv7rGXWFT_jbBB9c0iAVhZshRxVIA8nbNqh0s","default","Mon Oct 05 01:55:55 UTC 2026","passed","Mon Oct 05 01:56:17 UTC 2026","Tests Eors","","",""
"","33968","Каталог заданий: Слепые ""Математика. 3.1"" — Класс 3","default","Mon Oct 05 02:55:07 UTC 2026","passed","Mon Oct 05 02:55:41 UTC 2026","AuTestCatalogTask","","",""
"","14684","Каталог заданий: НОДА ""Физика. 6.1"" — Класс 1","default","Mon Oct 05 03:47:24 UTC 2026","passed","Mon Oct 05 03:47:39 UTC 2026","AuTestCatalogTask","","",""
"","23950","228. EORS: https://edu.ismart.org/catalog/4d9a3c-fizika/37-1-nedelya-teplovye-yavleniya?view=tasks&class=5f63090daee1af001b415303&auth=eyJhbGciOiJIUzI1NiIsInR5cCI6IkpXVCJ9.eyJpZCI6IjY1YzM0MWIyYjkyYzdhNWZiYWZlYjYwNyIsImlzQWN0aXZlIjp0cnVlLCJpc0d1ZXN0IjpmYWxzZSwiaXNSZWdpc3RyYXRpb25Db21wbGV0ZSI6dHJ1ZSwiaXNDb25maXJtRW1haWwiOmZhbHNlLCJzdHVkZW50cyI6W10sInV0Y09mZnNldCI6MTgwLCJyb2xlIjoic2Nob29sLXRlYWNoZXIiLCJsYXN0TmFtZSI6IiIsImZpcnN0TmFtZSI6ItCf0YDQvtGE0LXRgdGB0LjQvtC90LDQu9GM0L3Ri9C5IiwicGhvbmVOdW1iZXIiOiIiLCJsb2dpbiI6InRlYWNoZXJfZnVsbEBpc21hcnQub3JnIiwiZW1haWwiOiJ0ZWFjaGVyX2Z1bGxAaXNtYXJ0Lm9yZyIsImNvbnRyYWN0VHlwZSI6InByaXZhdGUiLCJleHRlcm5hbFVzZXJTb3VyY2UiOm51bGwsImdvZE1vZGUiOnRydWUsImVkdWNvbnQiOnt9LCJfaWQiOiI2NWMzNDFiMmI5MmM3YTVmYmFmZWI2MDcifQ.g8I_2Btv7rGXWFT_jbBB9c0iAVhZshRxVIA8nbNqh0s","default","Mon Oct 05 00:52:12 UTC 2026","passed","Mon Oct 05 00:52:36 UTC 2026","Tests Eors","","",""
"","23421","470. EORS: https://edu.ismart.org/catalog/9f31a3-veroyatnost-i-statistika-6-1/13-matematicheskoe-ojidanie-sluchano-velichiny-veroyatnost-i-statistika_B70xF8_lnl9ZM?view=tasks&categoryCode=a6d76c-11-kl&auth=eyJhbGciOiJIUzI1NiIsInR5cCI6IkpXVCJ9.eyJpZCI6IjY1YzM0MWIyYjkyYzdhNWZiYWZlYjYwNyIsImlzQWN0aXZlIjp0cnVlLCJpc0d1ZXN0IjpmYWxzZSwiaXNSZWdpc3RyYXRpb25Db21wbGV0ZSI6dHJ1ZSwiaXNDb25maXJtRW1haWwiOmZhbHNlLCJzdHVkZW50cyI6W10sInV0Y09mZnNldCI6MTgwLCJyb2xlIjoic2Nob29sLXRlYWNoZXIiLCJsYXN0TmFtZSI6IiIsImZpcnN0TmFtZSI6ItCf0YDQvtGE0LXRgdGB0LjQvtC90LDQu9GM0L3Ri9C5IiwicGhvbmVOdW1iZXIiOiIiLCJsb2dpbiI6InRlYWNoZXJfZnVsbEBpc21hcnQub3JnIiwiZW1haWwiOiJ0ZWFjaGVyX2Z1bGxAaXNtYXJ0Lm9yZyIsImNvbnRyYWN0VHlwZSI6InByaXZhdGUiLCJleHRlcm5hbFVzZXJTb3VyY2UiOm51bGwsImdvZE1vZGUiOnRydWUsImVkdWNvbnQiOnt9LCJfaWQiOiI2NWMzNDFiMmI5MmM3YTVmYmFmZWI2MDcifQ.g8I_2Btv7rGXWFT_jbBB9c0iAVhZshRxVIA8nbNqh0s","default","Mon Oct 05 01:23:28 UTC 2026","passed","Mon Oct 05 01:23:52 UTC 2026","Tests Eors","","",""
"","29382","Каталог заданий: НОДА ""Литература. 6.1"" — Класс 6","default","Mon Oct 05 03:43:44 UTC 2026","passed","Mon Oct 05 03:44:13 UTC 2026","AuTestCatalogTask","","",""
"","35906","Каталог заданий: Дополнительное образование ""Математика"" — Класс 5","default","Mon Oct 05 02:13:15 UTC 2026","passed","Mon Oct 05 02:13:51 UTC 2026","AuTestCatalogTask","","",""
"","46265","110. EORS: https://edu.ismart.org/catalog/3941ec-fizika-6-1/1-osnovy-elektrodinamiki-_4rVVkw_VbHnxc?view=tasks&categoryCode=267d68-11-kl&auth=eyJhbGciOiJIUzI1NiIsInR5cCI6IkpXVCJ9.eyJpZCI6IjY1YzM0MWIyYjkyYzdhNWZiYWZlYjYwNyIsImlzQWN0aXZlIjp0cnVlLCJpc0d1ZXN0IjpmYWxzZSwiaXNSZWdpc3RyYXRpb25Db21wbGV0ZSI6dHJ1ZSwiaXNDb25maXJtRW1haWwiOmZhbHNlLCJzdHVkZW50cyI6W10sInV0Y09mZnNldCI6MTgwLCJyb2xlIjoic2Nob29sLXRlYWNoZXIiLCJsYXN0TmFtZSI6IiIsImZpcnN0TmFtZSI6ItCf0YDQvtGE0LXRgdGB0LjQvtC90LDQu9GM0L3Ri9C5IiwicGhvbmVOdW1iZXIiOiIiLCJsb2dpbiI6InRlYWNoZXJfZnVsbEBpc21hcnQub3JnIiwiZW1haWwiOiJ0ZWFjaGVyX2Z1bGxAaXNtYXJ0Lm9yZyIsImNvbnRyYWN0VHlwZSI6InByaXZhdGUiLCJleHRlcm5hbFVzZXJTb3VyY2UiOm51bGwsImdvZE1vZGUiOnRydWUsImVkdWNvbnQiOnt9LCJfaWQiOiI2NWMzNDFiMmI5MmM3YTVmYmFmZWI2MDcifQ.g8I_2Btv7rGXWFT_jbBB9c0iAVhZshRxVIA8nbNqh0s","default","Mon Oct 05 00:37:02 UTC 2026","failed","Mon Oct 05 00:37:48 UTC 2026","Tests Eors","","",""
"","23345","411. EORS: https://edu.ismart.org/catalog/eb5fcd-okruzhayuschii-mir/1-chelovek-i-obshchestvo-shkola-i-shkolnaya-jizn-?view=tasks&categoryCode=8f8fb3-1-kl&auth=eyJhbGciOiJIUzI1NiIsInR5cCI6IkpXVCJ9.eyJpZCI6IjY1YzM0MWIyYjkyYzdhNWZiYWZlYjYwNyIsImlzQWN0aXZlIjp0cnVlLCJpc0d1ZXN0IjpmYWxzZSwiaXNSZWdpc3RyYXRpb25Db21wbGV0ZSI6dHJ1ZSwiaXNDb25maXJtRW1haWwiOmZhbHNlLCJzdHVkZW50cyI6W10sInV0Y09mZnNldCI6MTgwLCJyb2xlIjoic2Nob29sLXRlYWNoZXIiLCJsYXN0TmFtZSI6IiIsImZpcnN0TmFtZSI6ItCf0YDQvtGE0LXRgdGB0LjQvtC90LDQu9GM0L3Ri9C5IiwicGhvbmVOdW1iZXIiOiIiLCJsb2dpbiI6InRlYWNoZXJfZnVsbEBpc21hcnQub3JnIiwiZW1haWwiOiJ0ZWFjaGVyX2Z1bGxAaXNtYXJ0Lm9yZyIsImNvbnRyYWN0VHlwZSI6InByaXZhdGUiLCJleHRlcm5hbFVzZXJTb3VyY2UiOm51bGwsImdvZE1vZGUiOnRydWUsImVkdWNvbnQiOnt9LCJfaWQiOiI2NWMzNDFiMmI5MmM3YTVmYmFmZWI2MDcifQ.g8I_2Btv7rGXWFT_jbBB9c0iAVhZshRxVIA8nbNqh0s","default","Mon Oct 05 01:16:02 UTC 2026","passed","Mon Oct 05 01:16:26 UTC 2026","Tests Eors","","",""
"","35946","34. EORS: https://edu.ismart.org/catalog/d284c2-matematika-narushenie-sluha/1-naturalnye-chisla_jrGOar?view=tasks&categoryCode=0e6a58-matematika-6-kl&auth=eyJhbGciOiJIUzI1NiIsInR5cCI6IkpXVCJ9.eyJpZCI6IjY1YzM0MWIyYjkyYzdhNWZiYWZlYjYwNyIsImlzQWN0aXZlIjp0cnVlLCJpc0d1ZXN0IjpmYWxzZSwiaXNSZWdpc3RyYXRpb25Db21wbGV0ZSI6dHJ1ZSwiaXNDb25maXJtRW1haWwiOmZhbHNlLCJzdHVkZW50cyI6W10sInV0Y09mZnNldCI6MTgwLCJyb2xlIjoic2Nob29sLXRlYWNoZXIiLCJsYXN0TmFtZSI6IiIsImZpcnN0TmFtZSI6ItCf0YDQvtGE0LXRgdGB0LjQvtC90LDQu9GM0L3Ri9C5IiwicGhvbmVOdW1iZXIiOiIiLCJsb2dpbiI6InRlYWNoZXJfZnVsbEBpc21hcnQub3JnIiwiZW1haWwiOiJ0ZWFjaGVyX2Z1bGxAaXNtYXJ0Lm9yZyIsImNvbnRyYWN0VHlwZSI6InByaXZhdGUiLCJleHRlcm5hbFVzZXJTb3VyY2UiOm51bGwsImdvZE1vZGUiOnRydWUsImVkdWNvbnQiOnt9LCJfaWQiOiI2NWMzNDFiMmI5MmM3YTVmYmFmZWI2MDcifQ.g8I_2Btv7rGXWFT_jbBB9c0iAVhZshRxVIA8nbNqh0s","default","Mon Oct 05 00:27:02 UTC 2026","passed","Mon Oct 05 00:27:38 UTC 2026","Tests Eors","","",""
"","22989","518. EORS: https://edu.ismart.org/catalog/b5408b-literatura/13-1-nedelya-antichnaya-literatura-ustnoe-narodnoe-tvorchestvo?view=tasks&class=5f3fa2c7f00eca001c8bd3f9&auth=eyJhbGciOiJIUzI1NiIsInR5cCI6IkpXVCJ9.eyJpZCI6IjY1YzM0MWIyYjkyYzdhNWZiYWZlYjYwNyIsImlzQWN0aXZlIjp0cnVlLCJpc0d1ZXN0IjpmYWxzZSwiaXNSZWdpc3RyYXRpb25Db21wbGV0ZSI6dHJ1ZSwiaXNDb25maXJtRW1haWwiOmZhbHNlLCJzdHVkZW50cyI6W10sInV0Y09mZnNldCI6MTgwLCJyb2xlIjoic2Nob29sLXRlYWNoZXIiLCJsYXN0TmFtZSI6IiIsImZpcnN0TmFtZSI6ItCf0YDQvtGE0LXRgdGB0LjQvtC90LDQu9GM0L3Ri9C5IiwicGhvbmVOdW1iZXIiOiIiLCJsb2dpbiI6InRlYWNoZXJfZnVsbEBpc21hcnQub3JnIiwiZW1haWwiOiJ0ZWFjaGVyX2Z1bGxAaXNtYXJ0Lm9yZyIsImNvbnRyYWN0VHlwZSI6InByaXZhdGUiLCJleHRlcm5hbFVzZXJTb3VyY2UiOm51bGwsImdvZE1vZGUiOnRydWUsImVkdWNvbnQiOnt9LCJfaWQiOiI2NWMzNDFiMmI5MmM3YTVmYmFmZWI2MDcifQ.g8I_2Btv7rGXWFT_jbBB9c0iAVhZshRxVIA8nbNqh0s","default","Mon Oct 05 01:31:07 UTC 2026","passed","Mon Oct 05 01:31:30 UTC 2026","Tests Eors","","",""
"","22819","384. EORS: https://edu.ismart.org/catalog/8f3705-russkii-yazik-noda/orfografiya_TIwvak?view=tasks&categoryCode=828b21-russkii-yazik-8-kl&auth=eyJhbGciOiJIUzI1NiIsInR5cCI6IkpXVCJ9.eyJpZCI6IjY1YzM0MWIyYjkyYzdhNWZiYWZlYjYwNyIsImlzQWN0aXZlIjp0cnVlLCJpc0d1ZXN0IjpmYWxzZSwiaXNSZWdpc3RyYXRpb25Db21wbGV0ZSI6dHJ1ZSwiaXNDb25maXJtRW1haWwiOmZhbHNlLCJzdHVkZW50cyI6W10sInV0Y09mZnNldCI6MTgwLCJyb2xlIjoic2Nob29sLXRlYWNoZXIiLCJsYXN0TmFtZSI6IiIsImZpcnN0TmFtZSI6ItCf0YDQvtGE0LXRgdGB0LjQvtC90LDQu9GM0L3Ri9C5IiwicGhvbmVOdW1iZXIiOiIiLCJsb2dpbiI6InRlYWNoZXJfZnVsbEBpc21hcnQub3JnIiwiZW1haWwiOiJ0ZWFjaGVyX2Z1bGxAaXNtYXJ0Lm9yZyIsImNvbnRyYWN0VHlwZSI6InByaXZhdGUiLCJleHRlcm5hbFVzZXJTb3VyY2UiOm51bGwsImdvZE1vZGUiOnRydWUsImVkdWNvbnQiOnt9LCJfaWQiOiI2NWMzNDFiMmI5MmM3YTVmYmFmZWI2MDcifQ.g8I_2Btv7rGXWFT_jbBB9c0iAVhZshRxVIA8nbNqh0s","default","Mon Oct 05 01:12:56 UTC 2026","passed","Mon Oct 05 01:13:19 UTC 2026","Tests Eors","","",""
"","23763","Каталог заданий: Повторение пройденного материала ""Алгебра и начала мат. анализа"" — Класс 2","default","Mon Oct 05 02:36:53 UTC 2026","passed","Mon Oct 05 02:37:17 UTC 2026","AuTestCatalogTask","","",""
"","16311","Каталог заданий: Дополнительное образование ""Вероятность и статистика"" — Класс 5","default","Mon Oct 05 02:17:04 UTC 2026","passed","Mon Oct 05 02:17:20 UTC 2026","AuTestCatalogTask","","",""
"","20840","280. EORS: https://edu.ismart.org/catalog/c0b22a-russkii-yazik-narushenie-sluha/fonetika-grafika-orfoepiya_xqFRdT?view=tasks&categoryCode=5f23cb-russkii-yazik-9-kl&auth=eyJhbGciOiJIUzI1NiIsInR5cCI6IkpXVCJ9.eyJpZCI6IjY1YzM0MWIyYjkyYzdhNWZiYWZlYjYwNyIsImlzQWN0aXZlIjp0cnVlLCJpc0d1ZXN0IjpmYWxzZSwiaXNSZWdpc3RyYXRpb25Db21wbGV0ZSI6dHJ1ZSwiaXNDb25maXJtRW1haWwiOmZhbHNlLCJzdHVkZW50cyI6W10sInV0Y09mZnNldCI6MTgwLCJyb2xlIjoic2Nob29sLXRlYWNoZXIiLCJsYXN0TmFtZSI6IiIsImZpcnN0TmFtZSI6ItCf0YDQvtGE0LXRgdGB0LjQvtC90LDQu9GM0L3Ri9C5IiwicGhvbmVOdW1iZXIiOiIiLCJsb2dpbiI6InRlYWNoZXJfZnVsbEBpc21hcnQub3JnIiwiZW1haWwiOiJ0ZWFjaGVyX2Z1bGxAaXNtYXJ0Lm9yZyIsImNvbnRyYWN0VHlwZSI6InByaXZhdGUiLCJleHRlcm5hbFVzZXJTb3VyY2UiOm51bGwsImdvZE1vZGUiOnRydWUsImVkdWNvbnQiOnt9LCJfaWQiOiI2NWMzNDFiMmI5MmM3YTVmYmFmZWI2MDcifQ.g8I_2Btv7rGXWFT_jbBB9c0iAVhZshRxVIA8nbNqh0s","default","Mon Oct 05 00:59:20 UTC 2026","passed","Mon Oct 05 00:59:41 UTC 2026","Tests Eors","","",""
"","24778","357. EORS: https://edu.ismart.org/catalog/2835c0-biologiya-6-1/1-botanika--nauka-o-rasteniyah_5dmWy5_yBp8JH?view=tasks&categoryCode=7b09ad-6-kl&auth=eyJhbGciOiJIUzI1NiIsInR5cCI6IkpXVCJ9.eyJpZCI6IjY1YzM0MWIyYjkyYzdhNWZiYWZlYjYwNyIsImlzQWN0aXZlIjp0cnVlLCJpc0d1ZXN0IjpmYWxzZSwiaXNSZWdpc3RyYXRpb25Db21wbGV0ZSI6dHJ1ZSwiaXNDb25maXJtRW1haWwiOmZhbHNlLCJzdHVkZW50cyI6W10sInV0Y09mZnNldCI6MTgwLCJyb2xlIjoic2Nob29sLXRlYWNoZXIiLCJsYXN0TmFtZSI6IiIsImZpcnN0TmFtZSI6ItCf0YDQvtGE0LXRgdGB0LjQvtC90LDQu9GM0L3Ri9C5IiwicGhvbmVOdW1iZXIiOiIiLCJsb2dpbiI6InRlYWNoZXJfZnVsbEBpc21hcnQub3JnIiwiZW1haWwiOiJ0ZWFjaGVyX2Z1bGxAaXNtYXJ0Lm9yZyIsImNvbnRyYWN0VHlwZSI6InByaXZhdGUiLCJleHRlcm5hbFVzZXJTb3VyY2UiOm51bGwsImdvZE1vZGUiOnRydWUsImVkdWNvbnQiOnt9LCJfaWQiOiI2NWMzNDFiMmI5MmM3YTVmYmFmZWI2MDcifQ.g8I_2Btv7rGXWFT_jbBB9c0iAVhZshRxVIA8nbNqh0s","default","Mon Oct 05 01:09:31 UTC 2026","passed","Mon Oct 05 01:09:56 UTC 2026","Tests Eors","","",""
"","47244","429. EORS: https://edu.ismart.org/catalog/52c0ce-veroyatnost-i-statistika-8-1/8-predstavlenie-dannyh-veroyatnost-i-statistika_rEQ5f1_P83A6P?view=tasks&categoryCode=945e2d-7-kl&auth=eyJhbGciOiJIUzI1NiIsInR5cCI6IkpXVCJ9.eyJpZCI6IjY1YzM0MWIyYjkyYzdhNWZiYWZlYjYwNyIsImlzQWN0aXZlIjp0cnVlLCJpc0d1ZXN0IjpmYWxzZSwiaXNSZWdpc3RyYXRpb25Db21wbGV0ZSI6dHJ1ZSwiaXNDb25maXJtRW1haWwiOmZhbHNlLCJzdHVkZW50cyI6W10sInV0Y09mZnNldCI6MTgwLCJyb2xlIjoic2Nob29sLXRlYWNoZXIiLCJsYXN0TmFtZSI6IiIsImZpcnN0TmFtZSI6ItCf0YDQvtGE0LXRgdGB0LjQvtC90LDQu9GM0L3Ri9C5IiwicGhvbmVOdW1iZXIiOiIiLCJsb2dpbiI6InRlYWNoZXJfZnVsbEBpc21hcnQub3JnIiwiZW1haWwiOiJ0ZWFjaGVyX2Z1bGxAaXNtYXJ0Lm9yZyIsImNvbnRyYWN0VHlwZSI6InByaXZhdGUiLCJleHRlcm5hbFVzZXJTb3VyY2UiOm51bGwsImdvZE1vZGUiOnRydWUsImVkdWNvbnQiOnt9LCJfaWQiOiI2NWMzNDFiMmI5MmM3YTVmYmFmZWI2MDcifQ.g8I_2Btv7rGXWFT_jbBB9c0iAVhZshRxVIA8nbNqh0s","default","Mon Oct 05 01:18:06 UTC 2026","failed","Mon Oct 05 01:18:53 UTC 2026","Tests Eors","","",""
"","19546","Каталог заданий: Подготовка к ОГЭ ""Русский язык. Варианты КИМ""","default","Mon Oct 05 02:18:49 UTC 2026","passed","Mon Oct 05 02:19:09 UTC 2026","AuTestCatalogTask","","",""
"","21603","153. EORS: https://edu.ismart.org/catalog/4c5ed4-literatura-8-1/1-drevnerusskaya-literatura-jitinaya-literatura_n2S6P3_pEAUF7?view=tasks&categoryCode=364667-8-kl&auth=eyJhbGciOiJIUzI1NiIsInR5cCI6IkpXVCJ9.eyJpZCI6IjY1YzM0MWIyYjkyYzdhNWZiYWZlYjYwNyIsImlzQWN0aXZlIjp0cnVlLCJpc0d1ZXN0IjpmYWxzZSwiaXNSZWdpc3RyYXRpb25Db21wbGV0ZSI6dHJ1ZSwiaXNDb25maXJtRW1haWwiOmZhbHNlLCJzdHVkZW50cyI6W10sInV0Y09mZnNldCI6MTgwLCJyb2xlIjoic2Nob29sLXRlYWNoZXIiLCJsYXN0TmFtZSI6IiIsImZpcnN0TmFtZSI6ItCf0YDQvtGE0LXRgdGB0LjQvtC90LDQu9GM0L3Ri9C5IiwicGhvbmVOdW1iZXIiOiIiLCJsb2dpbiI6InRlYWNoZXJfZnVsbEBpc21hcnQub3JnIiwiZW1haWwiOiJ0ZWFjaGVyX2Z1bGxAaXNtYXJ0Lm9yZyIsImNvbnRyYWN0VHlwZSI6InByaXZhdGUiLCJleHRlcm5hbFVzZXJTb3VyY2UiOm51bGwsImdvZE1vZGUiOnRydWUsImVkdWNvbnQiOnt9LCJfaWQiOiI2NWMzNDFiMmI5MmM3YTVmYmFmZWI2MDcifQ.g8I_2Btv7rGXWFT_jbBB9c0iAVhZshRxVIA8nbNqh0s","default","Mon Oct 05 00:42:34 UTC 2026","passed","Mon Oct 05 00:42:56 UTC 2026","Tests Eors","","",""
"","41094","Каталог заданий: РАС ""Биология. 8.1"" — Класс 2","default","Mon Oct 05 03:55:25 UTC 2026","passed","Mon Oct 05 03:56:06 UTC 2026","AuTestCatalogTask","","",""
"","24130","Каталог заданий: Дополнительное образование ""Алгебра"" — Класс 2","default","Mon Oct 05 02:16:06 UTC 2026","passed","Mon Oct 05 02:16:30 UTC 2026","AuTestCatalogTask","","",""
"","36344","Каталог заданий: Слабовидящие ""История. 4.1"" — Класс 5","default","Mon Oct 05 03:07:41 UTC 2026","passed","Mon Oct 05 03:08:17 UTC 2026","AuTestCatalogTask","","",""
"","49992","Каталог заданий: РАС ""История. 8.1"" — Класс 4","default","Mon Oct 05 03:54:07 UTC 2026","passed","Mon Oct 05 03:54:57 UTC 2026","AuTestCatalogTask","","",""
"","24131","501. EORS: https://edu.ismart.org/catalog/f0648d-obschestvoznanie-8-1/1-biologicheskoe-i-socialnoe-v-cheloveke-potrebnosti-cheloveka_FgWHsy_cBfO0P?view=tasks&categoryCode=b00e2d-6-kl&auth=eyJhbGciOiJIUzI1NiIsInR5cCI6IkpXVCJ9.eyJpZCI6IjY1YzM0MWIyYjkyYzdhNWZiYWZlYjYwNyIsImlzQWN0aXZlIjp0cnVlLCJpc0d1ZXN0IjpmYWxzZSwiaXNSZWdpc3RyYXRpb25Db21wbGV0ZSI6dHJ1ZSwiaXNDb25maXJtRW1haWwiOmZhbHNlLCJzdHVkZW50cyI6W10sInV0Y09mZnNldCI6MTgwLCJyb2xlIjoic2Nob29sLXRlYWNoZXIiLCJsYXN0TmFtZSI6IiIsImZpcnN0TmFtZSI6ItCf0YDQvtGE0LXRgdGB0LjQvtC90LDQu9GM0L3Ri9C5IiwicGhvbmVOdW1iZXIiOiIiLCJsb2dpbiI6InRlYWNoZXJfZnVsbEBpc21hcnQub3JnIiwiZW1haWwiOiJ0ZWFjaGVyX2Z1bGxAaXNtYXJ0Lm9yZyIsImNvbnRyYWN0VHlwZSI6InByaXZhdGUiLCJleHRlcm5hbFVzZXJTb3VyY2UiOm51bGwsImdvZE1vZGUiOnRydWUsImVkdWNvbnQiOnt9LCJfaWQiOiI2NWMzNDFiMmI5MmM3YTVmYmFmZWI2MDcifQ.g8I_2Btv7rGXWFT_jbBB9c0iAVhZshRxVIA8nbNqh0s","default","Mon Oct 05 01:28:21 UTC 2026","passed","Mon Oct 05 01:28:46 UTC 2026","Tests Eors","","",""
"","11715","Каталог заданий: Русский язык пакеты ""Развитие речи (1-4 кл.)"" — Класс 1","default","Mon Oct 05 02:42:23 UTC 2026","passed","Mon Oct 05 02:42:34 UTC 2026","AuTestCatalogTask","","",""
"","15294","Каталог заданий: РАС ""Английский язык. 8.1"" — Класс 2","default","Mon Oct 05 03:57:37 UTC 2026","passed","Mon Oct 05 03:57:52 UTC 2026","AuTestCatalogTask","","",""
"","52858","253. EORS: https://edu.ismart.org/catalog/f2fe0d-algebra-nachalo-matematicheskogo-analiza/1-stepen-s-racionalnym-pokazatelem?view=tasks&categoryCode=545242-novii-razdel&auth=eyJhbGciOiJIUzI1NiIsInR5cCI6IkpXVCJ9.eyJpZCI6IjY1YzM0MWIyYjkyYzdhNWZiYWZlYjYwNyIsImlzQWN0aXZlIjp0cnVlLCJpc0d1ZXN0IjpmYWxzZSwiaXNSZWdpc3RyYXRpb25Db21wbGV0ZSI6dHJ1ZSwiaXNDb25maXJtRW1haWwiOmZhbHNlLCJzdHVkZW50cyI6W10sInV0Y09mZnNldCI6MTgwLCJyb2xlIjoic2Nob29sLXRlYWNoZXIiLCJsYXN0TmFtZSI6IiIsImZpcnN0TmFtZSI6ItCf0YDQvtGE0LXRgdGB0LjQvtC90LDQu9GM0L3Ri9C5IiwicGhvbmVOdW1iZXIiOiIiLCJsb2dpbiI6InRlYWNoZXJfZnVsbEBpc21hcnQub3JnIiwiZW1haWwiOiJ0ZWFjaGVyX2Z1bGxAaXNtYXJ0Lm9yZyIsImNvbnRyYWN0VHlwZSI6InByaXZhdGUiLCJleHRlcm5hbFVzZXJTb3VyY2UiOm51bGwsImdvZE1vZGUiOnRydWUsImVkdWNvbnQiOnt9LCJfaWQiOiI2NWMzNDFiMmI5MmM3YTVmYmFmZWI2MDcifQ.g8I_2Btv7rGXWFT_jbBB9c0iAVhZshRxVIA8nbNqh0s","default","Mon Oct 05 00:55:07 UTC 2026","failed","Mon Oct 05 00:56:00 UTC 2026","Tests Eors","","",""
"","24163","Каталог заданий: Повторение пройденного материала ""Вероятность и статистика"" — Класс 4","default","Mon Oct 05 02:37:17 UTC 2026","passed","Mon Oct 05 02:37:41 UTC 2026","AuTestCatalogTask","","",""
"","50038","234. EORS: https://edu.ismart.org/catalog/4e3834-okruzhayuschii-mir/100-prakticheskaya-rabota--1-po-teme--chelovek-i-obshchestvo?view=tasks&class=5a3cef178409440019b57b37&auth=eyJhbGciOiJIUzI1NiIsInR5cCI6IkpXVCJ9.eyJpZCI6IjY1YzM0MWIyYjkyYzdhNWZiYWZlYjYwNyIsImlzQWN0aXZlIjp0cnVlLCJpc0d1ZXN0IjpmYWxzZSwiaXNSZWdpc3RyYXRpb25Db21wbGV0ZSI6dHJ1ZSwiaXNDb25maXJtRW1haWwiOmZhbHNlLCJzdHVkZW50cyI6W10sInV0Y09mZnNldCI6MTgwLCJyb2xlIjoic2Nob29sLXRlYWNoZXIiLCJsYXN0TmFtZSI6IiIsImZpcnN0TmFtZSI6ItCf0YDQvtGE0LXRgdGB0LjQvtC90LDQu9GM0L3Ri9C5IiwicGhvbmVOdW1iZXIiOiIiLCJsb2dpbiI6InRlYWNoZXJfZnVsbEBpc21hcnQub3JnIiwiZW1haWwiOiJ0ZWFjaGVyX2Z1bGxAaXNtYXJ0Lm9yZyIsImNvbnRyYWN0VHlwZSI6InByaXZhdGUiLCJleHRlcm5hbFVzZXJTb3VyY2UiOm51bGwsImdvZE1vZGUiOnRydWUsImVkdWNvbnQiOnt9LCJfaWQiOiI2NWMzNDFiMmI5MmM3YTVmYmFmZWI2MDcifQ.g8I_2Btv7rGXWFT_jbBB9c0iAVhZshRxVIA8nbNqh0s","default","Mon Oct 05 00:52:55 UTC 2026","failed","Mon Oct 05 00:53:45 UTC 2026","Tests Eors","","",""
"","59507","588. EORS: https://edu.ismart.org/catalog/cat-prepare-test-work-math/1000-vhodnaya-kontrolnaya-rabota?view=tasks&class=5a3cef178409440019b57b37&auth=eyJhbGciOiJIUzI1NiIsInR5cCI6IkpXVCJ9.eyJpZCI6IjY1YzM0MWIyYjkyYzdhNWZiYWZlYjYwNyIsImlzQWN0aXZlIjp0cnVlLCJpc0d1ZXN0IjpmYWxzZSwiaXNSZWdpc3RyYXRpb25Db21wbGV0ZSI6dHJ1ZSwiaXNDb25maXJtRW1haWwiOmZhbHNlLCJzdHVkZW50cyI6W10sInV0Y09mZnNldCI6MTgwLCJyb2xlIjoic2Nob29sLXRlYWNoZXIiLCJsYXN0TmFtZSI6IiIsImZpcnN0TmFtZSI6ItCf0YDQvtGE0LXRgdGB0LjQvtC90LDQu9GM0L3Ri9C5IiwicGhvbmVOdW1iZXIiOiIiLCJsb2dpbiI6InRlYWNoZXJfZnVsbEBpc21hcnQub3JnIiwiZW1haWwiOiJ0ZWFjaGVyX2Z1bGxAaXNtYXJ0Lm9yZyIsImNvbnRyYWN0VHlwZSI6InByaXZhdGUiLCJleHRlcm5hbFVzZXJTb3VyY2UiOm51bGwsImdvZE1vZGUiOnRydWUsImVkdWNvbnQiOnt9LCJfaWQiOiI2NWMzNDFiMmI5MmM3YTVmYmFmZWI2MDcifQ.g8I_2Btv7rGXWFT_jbBB9c0iAVhZshRxVIA8nbNqh0s","default","Mon Oct 05 01:40:23 UTC 2026","failed","Mon Oct 05 01:41:23 UTC 2026","Tests Eors","","",""
"","18891","Каталог заданий: Подготовка к контрольным работам ""Физика"" — Класс 1","default","Mon Oct 05 02:28:16 UTC 2026","passed","Mon Oct 05 02:28:35 UTC 2026","AuTestCatalogTask","","",""
"","36925","Каталог заданий: НОДА ""История. 6.1"" — Класс 5","default","Mon Oct 05 03:44:36 UTC 2026","passed","Mon Oct 05 03:45:13 UTC 2026","AuTestCatalogTask","","",""
"","56654","Каталог заданий: Школьная программа ""История"" — Класс 6","default","Mon Oct 05 02:04:01 UTC 2026","passed","Mon Oct 05 02:04:57 UTC 2026","AuTestCatalogTask","","",""
"","17155","Каталог заданий: НОДА ""Геометрия. 6.1"" — Класс 1","default","Mon Oct 05 03:42:03 UTC 2026","passed","Mon Oct 05 03:42:20 UTC 2026","AuTestCatalogTask","","",""
"","45270","653. EORS: https://edu.ismart.org/catalog/2f83fb-obschestvoznanie-tnr/3-sociologiya_kZOKvU?view=tasks&categoryCode=e04e3a-11-klass&auth=eyJhbGciOiJIUzI1NiIsInR5cCI6IkpXVCJ9.eyJpZCI6IjY1YzM0MWIyYjkyYzdhNWZiYWZlYjYwNyIsImlzQWN0aXZlIjp0cnVlLCJpc0d1ZXN0IjpmYWxzZSwiaXNSZWdpc3RyYXRpb25Db21wbGV0ZSI6dHJ1ZSwiaXNDb25maXJtRW1haWwiOmZhbHNlLCJzdHVkZW50cyI6W10sInV0Y09mZnNldCI6MTgwLCJyb2xlIjoic2Nob29sLXRlYWNoZXIiLCJsYXN0TmFtZSI6IiIsImZpcnN0TmFtZSI6ItCf0YDQvtGE0LXRgdGB0LjQvtC90LDQu9GM0L3Ri9C5IiwicGhvbmVOdW1iZXIiOiIiLCJsb2dpbiI6InRlYWNoZXJfZnVsbEBpc21hcnQub3JnIiwiZW1haWwiOiJ0ZWFjaGVyX2Z1bGxAaXNtYXJ0Lm9yZyIsImNvbnRyYWN0VHlwZSI6InByaXZhdGUiLCJleHRlcm5hbFVzZXJTb3VyY2UiOm51bGwsImdvZE1vZGUiOnRydWUsImVkdWNvbnQiOnt9LCJfaWQiOiI2NWMzNDFiMmI5MmM3YTVmYmFmZWI2MDcifQ.g8I_2Btv7rGXWFT_jbBB9c0iAVhZshRxVIA8nbNqh0s","default","Mon Oct 05 01:51:07 UTC 2026","failed","Mon Oct 05 01:51:52 UTC 2026","Tests Eors","","",""
"","21046","238. EORS: https://edu.ismart.org/catalog/a58645-biologiya-8-1/1-botanika--nauka-o-rasteniyah_5dmWy5_GxmH8p?view=tasks&categoryCode=4f2967-6-kl&auth=eyJhbGciOiJIUzI1NiIsInR5cCI6IkpXVCJ9.eyJpZCI6IjY1YzM0MWIyYjkyYzdhNWZiYWZlYjYwNyIsImlzQWN0aXZlIjp0cnVlLCJpc0d1ZXN0IjpmYWxzZSwiaXNSZWdpc3RyYXRpb25Db21wbGV0ZSI6dHJ1ZSwiaXNDb25maXJtRW1haWwiOmZhbHNlLCJzdHVkZW50cyI6W10sInV0Y09mZnNldCI6MTgwLCJyb2xlIjoic2Nob29sLXRlYWNoZXIiLCJsYXN0TmFtZSI6IiIsImZpcnN0TmFtZSI6ItCf0YDQvtGE0LXRgdGB0LjQvtC90LDQu9GM0L3Ri9C5IiwicGhvbmVOdW1iZXIiOiIiLCJsb2dpbiI6InRlYWNoZXJfZnVsbEBpc21hcnQub3JnIiwiZW1haWwiOiJ0ZWFjaGVyX2Z1bGxAaXNtYXJ0Lm9yZyIsImNvbnRyYWN0VHlwZSI6InByaXZhdGUiLCJleHRlcm5hbFVzZXJTb3VyY2UiOm51bGwsImdvZE1vZGUiOnRydWUsImVkdWNvbnQiOnt9LCJfaWQiOiI2NWMzNDFiMmI5MmM3YTVmYmFmZWI2MDcifQ.g8I_2Btv7rGXWFT_jbBB9c0iAVhZshRxVIA8nbNqh0s","default","Mon Oct 05 00:53:35 UTC 2026","passed","Mon Oct 05 00:53:56 UTC 2026","Tests Eors","","",""
"","20228","Каталог заданий: Слепые ""Физика. 3.1"" — Класс 5","default","Mon Oct 05 03:02:29 UTC 2026","passed","Mon Oct 05 03:02:49 UTC 2026","AuTestCatalogTask","","",""
"","24721","Каталог заданий: Слепые ""Английский язык. 3.1"" — Класс 7","default","Mon Oct 05 02:59:59 UTC 2026","passed","Mon Oct 05 03:00:24 UTC 2026","AuTestCatalogTask","","",""
"","11070","Каталог заданий: Русский язык пакеты ""Орфографическая грамотность (5-9 кл.)"" — Класс 2","default","Mon Oct 05 02:43:07 UTC 2026","passed","Mon Oct 05 02:43:18 UTC 2026","AuTestCatalogTask","","",""
"","24477","Каталог заданий: Повторение пройденного материала ""Английский язык"" — Класс 3","default","Mon Oct 05 02:33:40 UTC 2026","passed","Mon Oct 05 02:34:04 UTC 2026","AuTestCatalogTask","","",""
"","23674","101. EORS: https://edu.ismart.org/catalog/eac093-biologiya/1-ponyatie-o-jizni-i-priznaki-jivogo?view=tasks&categoryCode=21d8da-5-klass&auth=eyJhbGciOiJIUzI1NiIsInR5cCI6IkpXVCJ9.eyJpZCI6IjY1YzM0MWIyYjkyYzdhNWZiYWZlYjYwNyIsImlzQWN0aXZlIjp0cnVlLCJpc0d1ZXN0IjpmYWxzZSwiaXNSZWdpc3RyYXRpb25Db21wbGV0ZSI6dHJ1ZSwiaXNDb25maXJtRW1haWwiOmZhbHNlLCJzdHVkZW50cyI6W10sInV0Y09mZnNldCI6MTgwLCJyb2xlIjoic2Nob29sLXRlYWNoZXIiLCJsYXN0TmFtZSI6IiIsImZpcnN0TmFtZSI6ItCf0YDQvtGE0LXRgdGB0LjQvtC90LDQu9GM0L3Ri9C5IiwicGhvbmVOdW1iZXIiOiIiLCJsb2dpbiI6InRlYWNoZXJfZnVsbEBpc21hcnQub3JnIiwiZW1haWwiOiJ0ZWFjaGVyX2Z1bGxAaXNtYXJ0Lm9yZyIsImNvbnRyYWN0VHlwZSI6InByaXZhdGUiLCJleHRlcm5hbFVzZXJTb3VyY2UiOm51bGwsImdvZE1vZGUiOnRydWUsImVkdWNvbnQiOnt9LCJfaWQiOiI2NWMzNDFiMmI5MmM3YTVmYmFmZWI2MDcifQ.g8I_2Btv7rGXWFT_jbBB9c0iAVhZshRxVIA8nbNqh0s","default","Mon Oct 05 00:35:52 UTC 2026","passed","Mon Oct 05 00:36:16 UTC 2026","Tests Eors","","",""
"","13345","Каталог заданий: Школьная программа ""Обществознание"" — Класс 1","default","Mon Oct 05 02:09:48 UTC 2026","passed","Mon Oct 05 02:10:02 UTC 2026","AuTestCatalogTask","","",""
"","32611","99. EORS: https://edu.ismart.org/catalog/219c63-matematika/501-mnogoznachnye-chisla-razryady-klassy-summa-razryadnyh-slagaemyh?view=tasks&class=5a3cef308409440019b57b39&auth=eyJhbGciOiJIUzI1NiIsInR5cCI6IkpXVCJ9.eyJpZCI6IjY1YzM0MWIyYjkyYzdhNWZiYWZlYjYwNyIsImlzQWN0aXZlIjp0cnVlLCJpc0d1ZXN0IjpmYWxzZSwiaXNSZWdpc3RyYXRpb25Db21wbGV0ZSI6dHJ1ZSwiaXNDb25maXJtRW1haWwiOmZhbHNlLCJzdHVkZW50cyI6W10sInV0Y09mZnNldCI6MTgwLCJyb2xlIjoic2Nob29sLXRlYWNoZXIiLCJsYXN0TmFtZSI6IiIsImZpcnN0TmFtZSI6ItCf0YDQvtGE0LXRgdGB0LjQvtC90LDQu9GM0L3Ri9C5IiwicGhvbmVOdW1iZXIiOiIiLCJsb2dpbiI6InRlYWNoZXJfZnVsbEBpc21hcnQub3JnIiwiZW1haWwiOiJ0ZWFjaGVyX2Z1bGxAaXNtYXJ0Lm9yZyIsImNvbnRyYWN0VHlwZSI6InByaXZhdGUiLCJleHRlcm5hbFVzZXJTb3VyY2UiOm51bGwsImdvZE1vZGUiOnRydWUsImVkdWNvbnQiOnt9LCJfaWQiOiI2NWMzNDFiMmI5MmM3YTVmYmFmZWI2MDcifQ.g8I_2Btv7rGXWFT_jbBB9c0iAVhZshRxVIA8nbNqh0s","default","Mon Oct 05 00:35:40 UTC 2026","passed","Mon Oct 05 00:36:13 UTC 2026","Tests Eors","","",""
"","30148","Каталог заданий: РАС ""История. 8.1"" — Класс 2","default","Mon Oct 05 03:53:49 UTC 2026","passed","Mon Oct 05 03:54:19 UTC 2026","AuTestCatalogTask","","",""
"","13409","Каталог заданий: ЗПР ""Обществознание. 7.1"" — Класс 1","default","Mon Oct 05 03:35:26 UTC 2026","passed","Mon Oct 05 03:35:39 UTC 2026","AuTestCatalogTask","","",""
"","36194","308. EORS: https://edu.ismart.org/catalog/world-full/01-chelovek-i-obshchestvo-nasha-rodina--rossiskaya-federaciya-?view=tasks&categoryCode=67ed51-school-okruzhayuschii-mir-4-klass-full-full&auth=eyJhbGciOiJIUzI1NiIsInR5cCI6IkpXVCJ9.eyJpZCI6IjY1YzM0MWIyYjkyYzdhNWZiYWZlYjYwNyIsImlzQWN0aXZlIjp0cnVlLCJpc0d1ZXN0IjpmYWxzZSwiaXNSZWdpc3RyYXRpb25Db21wbGV0ZSI6dHJ1ZSwiaXNDb25maXJtRW1haWwiOmZhbHNlLCJzdHVkZW50cyI6W10sInV0Y09mZnNldCI6MTgwLCJyb2xlIjoic2Nob29sLXRlYWNoZXIiLCJsYXN0TmFtZSI6IiIsImZpcnN0TmFtZSI6ItCf0YDQvtGE0LXRgdGB0LjQvtC90LDQu9GM0L3Ri9C5IiwicGhvbmVOdW1iZXIiOiIiLCJsb2dpbiI6InRlYWNoZXJfZnVsbEBpc21hcnQub3JnIiwiZW1haWwiOiJ0ZWFjaGVyX2Z1bGxAaXNtYXJ0Lm9yZyIsImNvbnRyYWN0VHlwZSI6InByaXZhdGUiLCJleHRlcm5hbFVzZXJTb3VyY2UiOm51bGwsImdvZE1vZGUiOnRydWUsImVkdWNvbnQiOnt9LCJfaWQiOiI2NWMzNDFiMmI5MmM3YTVmYmFmZWI2MDcifQ.g8I_2Btv7rGXWFT_jbBB9c0iAVhZshRxVIA8nbNqh0s","default","Mon Oct 05 01:02:19 UTC 2026","passed","Mon Oct 05 01:02:55 UTC 2026","Tests Eors","","",""
"","13791","Каталог заданий: ЗПР ""Физика. 7.1"" — Класс 2","default","Mon Oct 05 03:37:52 UTC 2026","passed","Mon Oct 05 03:38:06 UTC 2026","AuTestCatalogTask","","",""
"","24071","Каталог заданий: Повторение пройденного материала ""Литература"" — Класс 6","default","Mon Oct 05 02:35:45 UTC 2026","passed","Mon Oct 05 02:36:09 UTC 2026","AuTestCatalogTask","","",""
"","17099","Каталог заданий: ЗПР ""Геометрия. 7.1"" — Класс 4","default","Mon Oct 05 03:32:41 UTC 2026","passed","Mon Oct 05 03:32:58 UTC 2026","AuTestCatalogTask","","",""
"","14550","Каталог заданий: ЗПР ""Русский язык. 7.1"" — Класс 11","default","Mon Oct 05 03:31:09 UTC 2026","passed","Mon Oct 05 03:31:23 UTC 2026","AuTestCatalogTask","","",""
"","30953","Каталог заданий: Слепые ""Литература. 3.1"" — Класс 3","default","Mon Oct 05 02:57:04 UTC 2026","passed","Mon Oct 05 02:57:35 UTC 2026","AuTestCatalogTask","","",""
"","23797","73. EORS: https://edu.ismart.org/catalog/856d86-istoriya-zpr/1-noveshee-vremya_AR7XZS_X9TFZV?view=tasks&categoryCode=1a035f-10-kl&auth=eyJhbGciOiJIUzI1NiIsInR5cCI6IkpXVCJ9.eyJpZCI6IjY1YzM0MWIyYjkyYzdhNWZiYWZlYjYwNyIsImlzQWN0aXZlIjp0cnVlLCJpc0d1ZXN0IjpmYWxzZSwiaXNSZWdpc3RyYXRpb25Db21wbGV0ZSI6dHJ1ZSwiaXNDb25maXJtRW1haWwiOmZhbHNlLCJzdHVkZW50cyI6W10sInV0Y09mZnNldCI6MTgwLCJyb2xlIjoic2Nob29sLXRlYWNoZXIiLCJsYXN0TmFtZSI6IiIsImZpcnN0TmFtZSI6ItCf0YDQvtGE0LXRgdGB0LjQvtC90LDQu9GM0L3Ri9C5IiwicGhvbmVOdW1iZXIiOiIiLCJsb2dpbiI6InRlYWNoZXJfZnVsbEBpc21hcnQub3JnIiwiZW1haWwiOiJ0ZWFjaGVyX2Z1bGxAaXNtYXJ0Lm9yZyIsImNvbnRyYWN0VHlwZSI6InByaXZhdGUiLCJleHRlcm5hbFVzZXJTb3VyY2UiOm51bGwsImdvZE1vZGUiOnRydWUsImVkdWNvbnQiOnt9LCJfaWQiOiI2NWMzNDFiMmI5MmM3YTVmYmFmZWI2MDcifQ.g8I_2Btv7rGXWFT_jbBB9c0iAVhZshRxVIA8nbNqh0s","default","Mon Oct 05 00:32:10 UTC 2026","passed","Mon Oct 05 00:32:33 UTC 2026","Tests Eors","","",""
"","28044","137. EORS: https://edu.ismart.org/catalog/3d8243-obschestvoznanie-6-1/1-biologicheskoe-i-socialnoe-v-cheloveke-potrebnosti-cheloveka_FgWHsy_XDb1Tn?view=tasks&categoryCode=301951-6-kl&auth=eyJhbGciOiJIUzI1NiIsInR5cCI6IkpXVCJ9.eyJpZCI6IjY1YzM0MWIyYjkyYzdhNWZiYWZlYjYwNyIsImlzQWN0aXZlIjp0cnVlLCJpc0d1ZXN0IjpmYWxzZSwiaXNSZWdpc3RyYXRpb25Db21wbGV0ZSI6dHJ1ZSwiaXNDb25maXJtRW1haWwiOmZhbHNlLCJzdHVkZW50cyI6W10sInV0Y09mZnNldCI6MTgwLCJyb2xlIjoic2Nob29sLXRlYWNoZXIiLCJsYXN0TmFtZSI6IiIsImZpcnN0TmFtZSI6ItCf0YDQvtGE0LXRgdGB0LjQvtC90LDQu9GM0L3Ri9C5IiwicGhvbmVOdW1iZXIiOiIiLCJsb2dpbiI6InRlYWNoZXJfZnVsbEBpc21hcnQub3JnIiwiZW1haWwiOiJ0ZWFjaGVyX2Z1bGxAaXNtYXJ0Lm9yZyIsImNvbnRyYWN0VHlwZSI6InByaXZhdGUiLCJleHRlcm5hbFVzZXJTb3VyY2UiOm51bGwsImdvZE1vZGUiOnRydWUsImVkdWNvbnQiOnt9LCJfaWQiOiI2NWMzNDFiMmI5MmM3YTVmYmFmZWI2MDcifQ.g8I_2Btv7rGXWFT_jbBB9c0iAVhZshRxVIA8nbNqh0s","default","Mon Oct 05 00:40:15 UTC 2026","passed","Mon Oct 05 00:40:44 UTC 2026","Tests Eors","","",""
"","25191","Каталог заданий: Повторение пройденного материала ""Биология"" — Класс 7","default","Mon Oct 05 02:39:03 UTC 2026","passed","Mon Oct 05 02:39:28 UTC 2026","AuTestCatalogTask","","",""
"","34086","Каталог заданий: Слепые ""История. 3.1"" — Класс 1","default","Mon Oct 05 02:57:39 UTC 2026","passed","Mon Oct 05 02:58:13 UTC 2026","AuTestCatalogTask","","",""
"","13753","Каталог заданий: ТНР ""Русский язык. 5.1"" — Класс 11","default","Mon Oct 05 02:45:51 UTC 2026","passed","Mon Oct 05 02:46:05 UTC 2026","AuTestCatalogTask","","",""
"","28812","Каталог заданий: НОДА ""Математика. 6.1"" — Класс 4","default","Mon Oct 05 03:41:06 UTC 2026","passed","Mon Oct 05 03:41:35 UTC 2026","AuTestCatalogTask","","",""
"","16609","Каталог заданий: Слепые ""Вероятность и статистика. 3.1"" — Класс 5","default","Mon Oct 05 03:02:49 UTC 2026","passed","Mon Oct 05 03:03:06 UTC 2026","AuTestCatalogTask","","",""
"","23893","Каталог заданий: НОДА ""Английский язык. 6.1"" — Класс 3","default","Mon Oct 05 03:48:00 UTC 2026","passed","Mon Oct 05 03:48:24 UTC 2026","AuTestCatalogTask","","",""
"","26692","Каталог заданий: Нарушение слуха ""Русский язык. 1.1"" — Класс 4","default","Mon Oct 05 03:12:46 UTC 2026","passed","Mon Oct 05 03:13:13 UTC 2026","AuTestCatalogTask","","",""
"","24538","Каталог заданий: Школьная программа ""Русский язык"" — Класс 6","default","Mon Oct 05 02:05:14 UTC 2026","passed","Mon Oct 05 02:05:38 UTC 2026","AuTestCatalogTask","","",""
"","23456","Каталог заданий: Слабослышащие ""Английский язык. 2.1"" — Класс 6","default","Mon Oct 05 03:29:03 UTC 2026","passed","Mon Oct 05 03:29:26 UTC 2026","AuTestCatalogTask","","",""
"","16311","Каталог заданий: ТНР ""Геометрия. 5.1"" — Класс 3","default","Mon Oct 05 02:47:13 UTC 2026","passed","Mon Oct 05 02:47:30 UTC 2026","AuTestCatalogTask","","",""
"","13289","Каталог заданий: Подготовка к контрольным работам ""Вероятность и статистика"" — Класс 3","default","Mon Oct 05 02:31:14 UTC 2026","passed","Mon Oct 05 02:31:27 UTC 2026","AuTestCatalogTask","","",""
"","26978","109. EORS: https://edu.ismart.org/catalog/f78aab-russkii-yazik-slabovidyaschie-uchaschiesya/fonetika-grafika-orfoepiya_ajPzo2?view=tasks&categoryCode=2520f4-russkii-yazik-6-kl&auth=eyJhbGciOiJIUzI1NiIsInR5cCI6IkpXVCJ9.eyJpZCI6IjY1YzM0MWIyYjkyYzdhNWZiYWZlYjYwNyIsImlzQWN0aXZlIjp0cnVlLCJpc0d1ZXN0IjpmYWxzZSwiaXNSZWdpc3RyYXRpb25Db21wbGV0ZSI6dHJ1ZSwiaXNDb25maXJtRW1haWwiOmZhbHNlLCJzdHVkZW50cyI6W10sInV0Y09mZnNldCI6MTgwLCJyb2xlIjoic2Nob29sLXRlYWNoZXIiLCJsYXN0TmFtZSI6IiIsImZpcnN0TmFtZSI6ItCf0YDQvtGE0LXRgdGB0LjQvtC90LDQu9GM0L3Ri9C5IiwicGhvbmVOdW1iZXIiOiIiLCJsb2dpbiI6InRlYWNoZXJfZnVsbEBpc21hcnQub3JnIiwiZW1haWwiOiJ0ZWFjaGVyX2Z1bGxAaXNtYXJ0Lm9yZyIsImNvbnRyYWN0VHlwZSI6InByaXZhdGUiLCJleHRlcm5hbFVzZXJTb3VyY2UiOm51bGwsImdvZE1vZGUiOnRydWUsImVkdWNvbnQiOnt9LCJfaWQiOiI2NWMzNDFiMmI5MmM3YTVmYmFmZWI2MDcifQ.g8I_2Btv7rGXWFT_jbBB9c0iAVhZshRxVIA8nbNqh0s","default","Mon Oct 05 00:36:48 UTC 2026","passed","Mon Oct 05 00:37:15 UTC 2026","Tests Eors","","",""
"","19889","Каталог заданий: Слепые ""Русский язык. 3.1"" — Класс 10","default","Mon Oct 05 02:54:49 UTC 2026","passed","Mon Oct 05 02:55:09 UTC 2026","AuTestCatalogTask","","",""
"","31221","504. EORS: https://edu.ismart.org/catalog/1168f5-literaturura-1-1/1-drevnerusskaya-literatura-pouchenie-vladimira-monomaha_irtp6q_N5JcX6?view=tasks&categoryCode=b1940f-7-klass&auth=eyJhbGciOiJIUzI1NiIsInR5cCI6IkpXVCJ9.eyJpZCI6IjY1YzM0MWIyYjkyYzdhNWZiYWZlYjYwNyIsImlzQWN0aXZlIjp0cnVlLCJpc0d1ZXN0IjpmYWxzZSwiaXNSZWdpc3RyYXRpb25Db21wbGV0ZSI6dHJ1ZSwiaXNDb25maXJtRW1haWwiOmZhbHNlLCJzdHVkZW50cyI6W10sInV0Y09mZnNldCI6MTgwLCJyb2xlIjoic2Nob29sLXRlYWNoZXIiLCJsYXN0TmFtZSI6IiIsImZpcnN0TmFtZSI6ItCf0YDQvtGE0LXRgdGB0LjQvtC90LDQu9GM0L3Ri9C5IiwicGhvbmVOdW1iZXIiOiIiLCJsb2dpbiI6InRlYWNoZXJfZnVsbEBpc21hcnQub3JnIiwiZW1haWwiOiJ0ZWFjaGVyX2Z1bGxAaXNtYXJ0Lm9yZyIsImNvbnRyYWN0VHlwZSI6InByaXZhdGUiLCJleHRlcm5hbFVzZXJTb3VyY2UiOm51bGwsImdvZE1vZGUiOnRydWUsImVkdWNvbnQiOnt9LCJfaWQiOiI2NWMzNDFiMmI5MmM3YTVmYmFmZWI2MDcifQ.g8I_2Btv7rGXWFT_jbBB9c0iAVhZshRxVIA8nbNqh0s","default","Mon Oct 05 01:28:27 UTC 2026","passed","Mon Oct 05 01:28:58 UTC 2026","Tests Eors","","",""
"","16148","Каталог заданий: Слабовидящие ""Английский язык. 4.1"" — Класс 1","default","Mon Oct 05 03:08:17 UTC 2026","passed","Mon Oct 05 03:08:34 UTC 2026","AuTestCatalogTask","","",""
"","24194","Каталог заданий: Повторение пройденного материала ""Биология"" — Класс 2","default","Mon Oct 05 02:38:30 UTC 2026","passed","Mon Oct 05 02:38:54 UTC 2026","AuTestCatalogTask","","",""
"","31362","721. EORS: https://edu.ismart.org/catalog/f846e1-angliiskii-yazik/01101-leksika?view=tasks&class=5ef1b652250d56001b4f771b&auth=eyJhbGciOiJIUzI1NiIsInR5cCI6IkpXVCJ9.eyJpZCI6IjY1YzM0MWIyYjkyYzdhNWZiYWZlYjYwNyIsImlzQWN0aXZlIjp0cnVlLCJpc0d1ZXN0IjpmYWxzZSwiaXNSZWdpc3RyYXRpb25Db21wbGV0ZSI6dHJ1ZSwiaXNDb25maXJtRW1haWwiOmZhbHNlLCJzdHVkZW50cyI6W10sInV0Y09mZnNldCI6MTgwLCJyb2xlIjoic2Nob29sLXRlYWNoZXIiLCJsYXN0TmFtZSI6IiIsImZpcnN0TmFtZSI6ItCf0YDQvtGE0LXRgdGB0LjQvtC90LDQu9GM0L3Ri9C5IiwicGhvbmVOdW1iZXIiOiIiLCJsb2dpbiI6InRlYWNoZXJfZnVsbEBpc21hcnQub3JnIiwiZW1haWwiOiJ0ZWFjaGVyX2Z1bGxAaXNtYXJ0Lm9yZyIsImNvbnRyYWN0VHlwZSI6InByaXZhdGUiLCJleHRlcm5hbFVzZXJTb3VyY2UiOm51bGwsImdvZE1vZGUiOnRydWUsImVkdWNvbnQiOnt9LCJfaWQiOiI2NWMzNDFiMmI5MmM3YTVmYmFmZWI2MDcifQ.g8I_2Btv7rGXWFT_jbBB9c0iAVhZshRxVIA8nbNqh0s","default","Mon Oct 05 01:59:25 UTC 2026","passed","Mon Oct 05 01:59:56 UTC 2026","Tests Eors","","",""
"","27232","83. EORS: https://edu.ismart.org/catalog/c0b22a-russkii-yazik-narushenie-sluha/fonetika-grafika-orfoepiya_ypQCm6?view=tasks&categoryCode=1d9adb-russkii-yazik-6-kl&auth=eyJhbGciOiJIUzI1NiIsInR5cCI6IkpXVCJ9.eyJpZCI6IjY1YzM0MWIyYjkyYzdhNWZiYWZlYjYwNyIsImlzQWN0aXZlIjp0cnVlLCJpc0d1ZXN0IjpmYWxzZSwiaXNSZWdpc3RyYXRpb25Db21wbGV0ZSI6dHJ1ZSwiaXNDb25maXJtRW1haWwiOmZhbHNlLCJzdHVkZW50cyI6W10sInV0Y09mZnNldCI6MTgwLCJyb2xlIjoic2Nob29sLXRlYWNoZXIiLCJsYXN0TmFtZSI6IiIsImZpcnN0TmFtZSI6ItCf0YDQvtGE0LXRgdGB0LjQvtC90LDQu9GM0L3Ri9C5IiwicGhvbmVOdW1iZXIiOiIiLCJsb2dpbiI6InRlYWNoZXJfZnVsbEBpc21hcnQub3JnIiwiZW1haWwiOiJ0ZWFjaGVyX2Z1bGxAaXNtYXJ0Lm9yZyIsImNvbnRyYWN0VHlwZSI6InByaXZhdGUiLCJleHRlcm5hbFVzZXJTb3VyY2UiOm51bGwsImdvZE1vZGUiOnRydWUsImVkdWNvbnQiOnt9LCJfaWQiOiI2NWMzNDFiMmI5MmM3YTVmYmFmZWI2MDcifQ.g8I_2Btv7rGXWFT_jbBB9c0iAVhZshRxVIA8nbNqh0s","default","Mon Oct 05 00:33:24 UTC 2026","passed","Mon Oct 05 00:33:52 UTC 2026","Tests Eors","","",""
"","25487","680. EORS: https://edu.ismart.org/catalog/ecfd1c-angliiskii-yazik/8-1-nedelya-mir-moego-ya?view=tasks&class=5a3cef178409440019b57b37&auth=eyJhbGciOiJIUzI1NiIsInR5cCI6IkpXVCJ9.eyJpZCI6IjY1YzM0MWIyYjkyYzdhNWZiYWZlYjYwNyIsImlzQWN0aXZlIjp0cnVlLCJpc0d1ZXN0IjpmYWxzZSwiaXNSZWdpc3RyYXRpb25Db21wbGV0ZSI6dHJ1ZSwiaXNDb25maXJtRW1haWwiOmZhbHNlLCJzdHVkZW50cyI6W10sInV0Y09mZnNldCI6MTgwLCJyb2xlIjoic2Nob29sLXRlYWNoZXIiLCJsYXN0TmFtZSI6IiIsImZpcnN0TmFtZSI6ItCf0YDQvtGE0LXRgdGB0LjQvtC90LDQu9GM0L3Ri9C5IiwicGhvbmVOdW1iZXIiOiIiLCJsb2dpbiI6InRlYWNoZXJfZnVsbEBpc21hcnQub3JnIiwiZW1haWwiOiJ0ZWFjaGVyX2Z1bGxAaXNtYXJ0Lm9yZyIsImNvbnRyYWN0VHlwZSI6InByaXZhdGUiLCJleHRlcm5hbFVzZXJTb3VyY2UiOm51bGwsImdvZE1vZGUiOnRydWUsImVkdWNvbnQiOnt9LCJfaWQiOiI2NWMzNDFiMmI5MmM3YTVmYmFmZWI2MDcifQ.g8I_2Btv7rGXWFT_jbBB9c0iAVhZshRxVIA8nbNqh0s","default","Mon Oct 05 01:55:01 UTC 2026","passed","Mon Oct 05 01:55:27 UTC 2026","Tests Eors","","",""
"","17337","Каталог заданий: ТНР ""Окружающий мир. 5.1"" — Класс 3","default","Mon Oct 05 02:47:35 UTC 2026","passed","Mon Oct 05 02:47:52 UTC 2026","AuTestCatalogTask","","",""
"","43378","Каталог заданий: НОДА ""Русский язык. 6.1"" — Класс 3","default","Mon Oct 05 03:39:58 UTC 2026","passed","Mon Oct 05 03:40:42 UTC 2026","AuTestCatalogTask","","",""
"","24931","580. EORS: https://edu.ismart.org/catalog/cat-hard-math/50-rabota-s-geometricheskim-materialom?view=tasks&class=5a3cef0b8409440019b57b36&auth=eyJhbGciOiJIUzI1NiIsInR5cCI6IkpXVCJ9.eyJpZCI6IjY1YzM0MWIyYjkyYzdhNWZiYWZlYjYwNyIsImlzQWN0aXZlIjp0cnVlLCJpc0d1ZXN0IjpmYWxzZSwiaXNSZWdpc3RyYXRpb25Db21wbGV0ZSI6dHJ1ZSwiaXNDb25maXJtRW1haWwiOmZhbHNlLCJzdHVkZW50cyI6W10sInV0Y09mZnNldCI6MTgwLCJyb2xlIjoic2Nob29sLXRlYWNoZXIiLCJsYXN0TmFtZSI6IiIsImZpcnN0TmFtZSI6ItCf0YDQvtGE0LXRgdGB0LjQvtC90LDQu9GM0L3Ri9C5IiwicGhvbmVOdW1iZXIiOiIiLCJsb2dpbiI6InRlYWNoZXJfZnVsbEBpc21hcnQub3JnIiwiZW1haWwiOiJ0ZWFjaGVyX2Z1bGxAaXNtYXJ0Lm9yZyIsImNvbnRyYWN0VHlwZSI6InByaXZhdGUiLCJleHRlcm5hbFVzZXJTb3VyY2UiOm51bGwsImdvZE1vZGUiOnRydWUsImVkdWNvbnQiOnt9LCJfaWQiOiI2NWMzNDFiMmI5MmM3YTVmYmFmZWI2MDcifQ.g8I_2Btv7rGXWFT_jbBB9c0iAVhZshRxVIA8nbNqh0s","default","Mon Oct 05 01:39:19 UTC 2026","passed","Mon Oct 05 01:39:44 UTC 2026","Tests Eors","","",""
"","22221","Каталог заданий: Подготовка к ВПР ""Физика"" — Класс 1","default","Mon Oct 05 02:24:08 UTC 2026","passed","Mon Oct 05 02:24:30 UTC 2026","AuTestCatalogTask","","",""
"","22449","316. EORS: https://edu.ismart.org/catalog/d9cdcf-veroyatnost-i-statistika-7-1/15-opisatelnaya-statistika-veroyatnost-i-statistika_1pykOy_77cVq4?view=tasks&categoryCode=6b4cef-10-kl&auth=eyJhbGciOiJIUzI1NiIsInR5cCI6IkpXVCJ9.eyJpZCI6IjY1YzM0MWIyYjkyYzdhNWZiYWZlYjYwNyIsImlzQWN0aXZlIjp0cnVlLCJpc0d1ZXN0IjpmYWxzZSwiaXNSZWdpc3RyYXRpb25Db21wbGV0ZSI6dHJ1ZSwiaXNDb25maXJtRW1haWwiOmZhbHNlLCJzdHVkZW50cyI6W10sInV0Y09mZnNldCI6MTgwLCJyb2xlIjoic2Nob29sLXRlYWNoZXIiLCJsYXN0TmFtZSI6IiIsImZpcnN0TmFtZSI6ItCf0YDQvtGE0LXRgdGB0LjQvtC90LDQu9GM0L3Ri9C5IiwicGhvbmVOdW1iZXIiOiIiLCJsb2dpbiI6InRlYWNoZXJfZnVsbEBpc21hcnQub3JnIiwiZW1haWwiOiJ0ZWFjaGVyX2Z1bGxAaXNtYXJ0Lm9yZyIsImNvbnRyYWN0VHlwZSI6InByaXZhdGUiLCJleHRlcm5hbFVzZXJTb3VyY2UiOm51bGwsImdvZE1vZGUiOnRydWUsImVkdWNvbnQiOnt9LCJfaWQiOiI2NWMzNDFiMmI5MmM3YTVmYmFmZWI2MDcifQ.g8I_2Btv7rGXWFT_jbBB9c0iAVhZshRxVIA8nbNqh0s","default","Mon Oct 05 01:03:30 UTC 2026","passed","Mon Oct 05 01:03:52 UTC 2026","Tests Eors","","",""
"","13986","Каталог заданий: Слепые ""Русский язык. 3.1"" — Класс 5","default","Mon Oct 05 02:54:26 UTC 2026","passed","Mon Oct 05 02:54:40 UTC 2026","AuTestCatalogTask","","",""
"","23848","Каталог заданий: ТНР ""Русский язык. 5.1"" — Класс 6","default","Mon Oct 05 02:45:27 UTC 2026","passed","Mon Oct 05 02:45:51 UTC 2026","AuTestCatalogTask","","",""
"","17457","Каталог заданий: Нарушение слуха ""Русский язык. 1.1"" — Класс 1","default","Mon Oct 05 03:12:36 UTC 2026","passed","Mon Oct 05 03:12:53 UTC 2026","AuTestCatalogTask","","",""
"","15968","Каталог заданий: РАС ""Информатика. 8.1"" — Класс 1","default","Mon Oct 05 03:58:58 UTC 2026","passed","Mon Oct 05 03:59:14 UTC 2026","AuTestCatalogTask","","",""
"","16707","Каталог заданий: Слабослышащие ""Русский язык. 2.1"" — Класс 8","default","Mon Oct 05 03:22:40 UTC 2026","passed","Mon Oct 05 03:22:57 UTC 2026","AuTestCatalogTask","","",""
"","50972","Каталог заданий: Дополнительное образование ""Биология"" — Класс 4","default","Mon Oct 05 02:14:46 UTC 2026","passed","Mon Oct 05 02:15:37 UTC 2026","AuTestCatalogTask","","",""
"","63928","Каталог заданий: Слабовидящие ""Биология. 4.1"" — Класс 6","default","Mon Oct 05 03:10:27 UTC 2026","passed","Mon Oct 05 03:11:31 UTC 2026","AuTestCatalogTask","","",""
"","20968","Каталог заданий: НОДА ""Физика. 6.1"" — Класс 5","default","Mon Oct 05 03:47:43 UTC 2026","passed","Mon Oct 05 03:48:04 UTC 2026","AuTestCatalogTask","","",""
"","16788","Каталог заданий: Школьная программа ""Биология"" — Класс 3","default","Mon Oct 05 02:05:53 UTC 2026","passed","Mon Oct 05 02:06:10 UTC 2026","AuTestCatalogTask","","",""
"","23475","Каталог заданий: ТНР ""Русский язык. 5.1"" — Класс 3","default","Mon Oct 05 02:45:04 UTC 2026","passed","Mon Oct 05 02:45:27 UTC 2026","AuTestCatalogTask","","",""
"","25188","Каталог заданий: Слабовидящие ""Физика. 4.1"" — Класс 1","default","Mon Oct 05 03:11:28 UTC 2026","passed","Mon Oct 05 03:11:53 UTC 2026","AuTestCatalogTask","","",""
"","34187","592. EORS: https://edu.ismart.org/catalog/cat-prepare-test-work-math/109-vhodnaya-kontrolnaya-rabota?view=tasks&class=5f197003b96284001b29733d&auth=eyJhbGciOiJIUzI1NiIsInR5cCI6IkpXVCJ9.eyJpZCI6IjY1YzM0MWIyYjkyYzdhNWZiYWZlYjYwNyIsImlzQWN0aXZlIjp0cnVlLCJpc0d1ZXN0IjpmYWxzZSwiaXNSZWdpc3RyYXRpb25Db21wbGV0ZSI6dHJ1ZSwiaXNDb25maXJtRW1haWwiOmZhbHNlLCJzdHVkZW50cyI6W10sInV0Y09mZnNldCI6MTgwLCJyb2xlIjoic2Nob29sLXRlYWNoZXIiLCJsYXN0TmFtZSI6IiIsImZpcnN0TmFtZSI6ItCf0YDQvtGE0LXRgdGB0LjQvtC90LDQu9GM0L3Ri9C5IiwicGhvbmVOdW1iZXIiOiIiLCJsb2dpbiI6InRlYWNoZXJfZnVsbEBpc21hcnQub3JnIiwiZW1haWwiOiJ0ZWFjaGVyX2Z1bGxAaXNtYXJ0Lm9yZyIsImNvbnRyYWN0VHlwZSI6InByaXZhdGUiLCJleHRlcm5hbFVzZXJTb3VyY2UiOm51bGwsImdvZE1vZGUiOnRydWUsImVkdWNvbnQiOnt9LCJfaWQiOiI2NWMzNDFiMmI5MmM3YTVmYmFmZWI2MDcifQ.g8I_2Btv7rGXWFT_jbBB9c0iAVhZshRxVIA8nbNqh0s","default","Mon Oct 05 01:41:25 UTC 2026","passed","Mon Oct 05 01:42:00 UTC 2026","Tests Eors","","",""
"","24538","435. EORS: https://edu.ismart.org/catalog/98121b-fizika/100-kontrolnaya-rabota-po-teme-osnovnye-ponyatiya-fiziki?view=tasks&class=5f3fa2c7f00eca001c8bd3f9&auth=eyJhbGciOiJIUzI1NiIsInR5cCI6IkpXVCJ9.eyJpZCI6IjY1YzM0MWIyYjkyYzdhNWZiYWZlYjYwNyIsImlzQWN0aXZlIjp0cnVlLCJpc0d1ZXN0IjpmYWxzZSwiaXNSZWdpc3RyYXRpb25Db21wbGV0ZSI6dHJ1ZSwiaXNDb25maXJtRW1haWwiOmZhbHNlLCJzdHVkZW50cyI6W10sInV0Y09mZnNldCI6MTgwLCJyb2xlIjoic2Nob29sLXRlYWNoZXIiLCJsYXN0TmFtZSI6IiIsImZpcnN0TmFtZSI6ItCf0YDQvtGE0LXRgdGB0LjQvtC90LDQu9GM0L3Ri9C5IiwicGhvbmVOdW1iZXIiOiIiLCJsb2dpbiI6InRlYWNoZXJfZnVsbEBpc21hcnQub3JnIiwiZW1haWwiOiJ0ZWFjaGVyX2Z1bGxAaXNtYXJ0Lm9yZyIsImNvbnRyYWN0VHlwZSI6InByaXZhdGUiLCJleHRlcm5hbFVzZXJTb3VyY2UiOm51bGwsImdvZE1vZGUiOnRydWUsImVkdWNvbnQiOnt9LCJfaWQiOiI2NWMzNDFiMmI5MmM3YTVmYmFmZWI2MDcifQ.g8I_2Btv7rGXWFT_jbBB9c0iAVhZshRxVIA8nbNqh0s","default","Mon Oct 05 01:18:54 UTC 2026","passed","Mon Oct 05 01:19:19 UTC 2026","Tests Eors","","",""
"","15898","Каталог заданий: Нарушение слуха ""Вероятность и статистика. 1.1"" — Класс 1","default","Mon Oct 05 03:21:20 UTC 2026","passed","Mon Oct 05 03:21:36 UTC 2026","AuTestCatalogTask","","",""
"","15257","Каталог заданий: Подготовка к ВПР ""Английский язык"" — Класс 3","default","Mon Oct 05 02:22:49 UTC 2026","passed","Mon Oct 05 02:23:04 UTC 2026","AuTestCatalogTask","","",""
"","45101","Каталог заданий: НОДА ""История. 6.1"" — Класс 7","default","Mon Oct 05 03:44:46 UTC 2026","passed","Mon Oct 05 03:45:31 UTC 2026","AuTestCatalogTask","","",""
"","27636","670. EORS: https://edu.ismart.org/catalog/world-full/01-chelovek-i-obshchestvo-nasha-rodina--rossiya?view=tasks&categoryCode=e77ab2-novii-razdel-full&auth=eyJhbGciOiJIUzI1NiIsInR5cCI6IkpXVCJ9.eyJpZCI6IjY1YzM0MWIyYjkyYzdhNWZiYWZlYjYwNyIsImlzQWN0aXZlIjp0cnVlLCJpc0d1ZXN0IjpmYWxzZSwiaXNSZWdpc3RyYXRpb25Db21wbGV0ZSI6dHJ1ZSwiaXNDb25maXJtRW1haWwiOmZhbHNlLCJzdHVkZW50cyI6W10sInV0Y09mZnNldCI6MTgwLCJyb2xlIjoic2Nob29sLXRlYWNoZXIiLCJsYXN0TmFtZSI6IiIsImZpcnN0TmFtZSI6ItCf0YDQvtGE0LXRgdGB0LjQvtC90LDQu9GM0L3Ri9C5IiwicGhvbmVOdW1iZXIiOiIiLCJsb2dpbiI6InRlYWNoZXJfZnVsbEBpc21hcnQub3JnIiwiZW1haWwiOiJ0ZWFjaGVyX2Z1bGxAaXNtYXJ0Lm9yZyIsImNvbnRyYWN0VHlwZSI6InByaXZhdGUiLCJleHRlcm5hbFVzZXJTb3VyY2UiOm51bGwsImdvZE1vZGUiOnRydWUsImVkdWNvbnQiOnt9LCJfaWQiOiI2NWMzNDFiMmI5MmM3YTVmYmFmZWI2MDcifQ.g8I_2Btv7rGXWFT_jbBB9c0iAVhZshRxVIA8nbNqh0s","default","Mon Oct 05 01:53:44 UTC 2026","passed","Mon Oct 05 01:54:11 UTC 2026","Tests Eors","","",""
"","13520","Каталог заданий: НОДА ""Информатика. 6.1"" — Класс 5","default","Mon Oct 05 03:49:32 UTC 2026","passed","Mon Oct 05 03:49:45 UTC 2026","AuTestCatalogTask","","",""
"","52260","428. EORS: https://edu.ismart.org/catalog/856d86-istoriya-zpr/1-novoe-vremya_65A0d3_aFHhdb?view=tasks&categoryCode=9448c0-7-kl&auth=eyJhbGciOiJIUzI1NiIsInR5cCI6IkpXVCJ9.eyJpZCI6IjY1YzM0MWIyYjkyYzdhNWZiYWZlYjYwNyIsImlzQWN0aXZlIjp0cnVlLCJpc0d1ZXN0IjpmYWxzZSwiaXNSZWdpc3RyYXRpb25Db21wbGV0ZSI6dHJ1ZSwiaXNDb25maXJtRW1haWwiOmZhbHNlLCJzdHVkZW50cyI6W10sInV0Y09mZnNldCI6MTgwLCJyb2xlIjoic2Nob29sLXRlYWNoZXIiLCJsYXN0TmFtZSI6IiIsImZpcnN0TmFtZSI6ItCf0YDQvtGE0LXRgdGB0LjQvtC90LDQu9GM0L3Ri9C5IiwicGhvbmVOdW1iZXIiOiIiLCJsb2dpbiI6InRlYWNoZXJfZnVsbEBpc21hcnQub3JnIiwiZW1haWwiOiJ0ZWFjaGVyX2Z1bGxAaXNtYXJ0Lm9yZyIsImNvbnRyYWN0VHlwZSI6InByaXZhdGUiLCJleHRlcm5hbFVzZXJTb3VyY2UiOm51bGwsImdvZE1vZGUiOnRydWUsImVkdWNvbnQiOnt9LCJfaWQiOiI2NWMzNDFiMmI5MmM3YTVmYmFmZWI2MDcifQ.g8I_2Btv7rGXWFT_jbBB9c0iAVhZshRxVIA8nbNqh0s","default","Mon Oct 05 01:17:56 UTC 2026","failed","Mon Oct 05 01:18:49 UTC 2026","Tests Eors","","",""
"","16306","Каталог заданий: ЗПР ""Физика. 7.1"" — Класс 3","default","Mon Oct 05 03:37:54 UTC 2026","passed","Mon Oct 05 03:38:10 UTC 2026","AuTestCatalogTask","","",""
"","48173","509. EORS: https://edu.ismart.org/catalog/b32e37-chto-nuzhno-znat-o-pravopisanii-slov-dlya-5-9-klassov/301-chto-nujno-znat-o-predlojenii?view=tasks&class=5f3fa2c7f00eca001c8bd3f9&auth=eyJhbGciOiJIUzI1NiIsInR5cCI6IkpXVCJ9.eyJpZCI6IjY1YzM0MWIyYjkyYzdhNWZiYWZlYjYwNyIsImlzQWN0aXZlIjp0cnVlLCJpc0d1ZXN0IjpmYWxzZSwiaXNSZWdpc3RyYXRpb25Db21wbGV0ZSI6dHJ1ZSwiaXNDb25maXJtRW1haWwiOmZhbHNlLCJzdHVkZW50cyI6W10sInV0Y09mZnNldCI6MTgwLCJyb2xlIjoic2Nob29sLXRlYWNoZXIiLCJsYXN0TmFtZSI6IiIsImZpcnN0TmFtZSI6ItCf0YDQvtGE0LXRgdGB0LjQvtC90LDQu9GM0L3Ri9C5IiwicGhvbmVOdW1iZXIiOiIiLCJsb2dpbiI6InRlYWNoZXJfZnVsbEBpc21hcnQub3JnIiwiZW1haWwiOiJ0ZWFjaGVyX2Z1bGxAaXNtYXJ0Lm9yZyIsImNvbnRyYWN0VHlwZSI6InByaXZhdGUiLCJleHRlcm5hbFVzZXJTb3VyY2UiOm51bGwsImdvZE1vZGUiOnRydWUsImVkdWNvbnQiOnt9LCJfaWQiOiI2NWMzNDFiMmI5MmM3YTVmYmFmZWI2MDcifQ.g8I_2Btv7rGXWFT_jbBB9c0iAVhZshRxVIA8nbNqh0s","default","Mon Oct 05 01:29:26 UTC 2026","failed","Mon Oct 05 01:30:14 UTC 2026","Tests Eors","","",""
"","45446","646. EORS: https://edu.ismart.org/catalog/eac093-biologiya/1-sistematika-i-klassifikaciya-rasteni?view=tasks&categoryCode=df4789-7-klass&auth=eyJhbGciOiJIUzI1NiIsInR5cCI6IkpXVCJ9.eyJpZCI6IjY1YzM0MWIyYjkyYzdhNWZiYWZlYjYwNyIsImlzQWN0aXZlIjp0cnVlLCJpc0d1ZXN0IjpmYWxzZSwiaXNSZWdpc3RyYXRpb25Db21wbGV0ZSI6dHJ1ZSwiaXNDb25maXJtRW1haWwiOmZhbHNlLCJzdHVkZW50cyI6W10sInV0Y09mZnNldCI6MTgwLCJyb2xlIjoic2Nob29sLXRlYWNoZXIiLCJsYXN0TmFtZSI6IiIsImZpcnN0TmFtZSI6ItCf0YDQvtGE0LXRgdGB0LjQvtC90LDQu9GM0L3Ri9C5IiwicGhvbmVOdW1iZXIiOiIiLCJsb2dpbiI6InRlYWNoZXJfZnVsbEBpc21hcnQub3JnIiwiZW1haWwiOiJ0ZWFjaGVyX2Z1bGxAaXNtYXJ0Lm9yZyIsImNvbnRyYWN0VHlwZSI6InByaXZhdGUiLCJleHRlcm5hbFVzZXJTb3VyY2UiOm51bGwsImdvZE1vZGUiOnRydWUsImVkdWNvbnQiOnt9LCJfaWQiOiI2NWMzNDFiMmI5MmM3YTVmYmFmZWI2MDcifQ.g8I_2Btv7rGXWFT_jbBB9c0iAVhZshRxVIA8nbNqh0s","default","Mon Oct 05 01:49:55 UTC 2026","failed","Mon Oct 05 01:50:40 UTC 2026","Tests Eors","","",""
"","27108","Каталог заданий: Слепые ""Химия. 3.1"" — Класс 4","default","Mon Oct 05 03:02:02 UTC 2026","passed","Mon Oct 05 03:02:29 UTC 2026","AuTestCatalogTask","","",""
"","23345","490. EORS: https://edu.ismart.org/catalog/9462b8-matematika-noda/011-chisla-i-velichiny-chisla-ot-1-do-9_z7gPqm?view=tasks&categoryCode=acf93e-matematika-1-kl&auth=eyJhbGciOiJIUzI1NiIsInR5cCI6IkpXVCJ9.eyJpZCI6IjY1YzM0MWIyYjkyYzdhNWZiYWZlYjYwNyIsImlzQWN0aXZlIjp0cnVlLCJpc0d1ZXN0IjpmYWxzZSwiaXNSZWdpc3RyYXRpb25Db21wbGV0ZSI6dHJ1ZSwiaXNDb25maXJtRW1haWwiOmZhbHNlLCJzdHVkZW50cyI6W10sInV0Y09mZnNldCI6MTgwLCJyb2xlIjoic2Nob29sLXRlYWNoZXIiLCJsYXN0TmFtZSI6IiIsImZpcnN0TmFtZSI6ItCf0YDQvtGE0LXRgdGB0LjQvtC90LDQu9GM0L3Ri9C5IiwicGhvbmVOdW1iZXIiOiIiLCJsb2dpbiI6InRlYWNoZXJfZnVsbEBpc21hcnQub3JnIiwiZW1haWwiOiJ0ZWFjaGVyX2Z1bGxAaXNtYXJ0Lm9yZyIsImNvbnRyYWN0VHlwZSI6InByaXZhdGUiLCJleHRlcm5hbFVzZXJTb3VyY2UiOm51bGwsImdvZE1vZGUiOnRydWUsImVkdWNvbnQiOnt9LCJfaWQiOiI2NWMzNDFiMmI5MmM3YTVmYmFmZWI2MDcifQ.g8I_2Btv7rGXWFT_jbBB9c0iAVhZshRxVIA8nbNqh0s","default","Mon Oct 05 01:26:36 UTC 2026","passed","Mon Oct 05 01:27:00 UTC 2026","Tests Eors","","",""
"","26477","94. EORS: https://edu.ismart.org/catalog/4e11c9-himiya-6-1/1-vvedenie-v-himiu_QCHMy0_2ECxqo?view=tasks&categoryCode=1fd857-8-kl&auth=eyJhbGciOiJIUzI1NiIsInR5cCI6IkpXVCJ9.eyJpZCI6IjY1YzM0MWIyYjkyYzdhNWZiYWZlYjYwNyIsImlzQWN0aXZlIjp0cnVlLCJpc0d1ZXN0IjpmYWxzZSwiaXNSZWdpc3RyYXRpb25Db21wbGV0ZSI6dHJ1ZSwiaXNDb25maXJtRW1haWwiOmZhbHNlLCJzdHVkZW50cyI6W10sInV0Y09mZnNldCI6MTgwLCJyb2xlIjoic2Nob29sLXRlYWNoZXIiLCJsYXN0TmFtZSI6IiIsImZpcnN0TmFtZSI6ItCf0YDQvtGE0LXRgdGB0LjQvtC90LDQu9GM0L3Ri9C5IiwicGhvbmVOdW1iZXIiOiIiLCJsb2dpbiI6InRlYWNoZXJfZnVsbEBpc21hcnQub3JnIiwiZW1haWwiOiJ0ZWFjaGVyX2Z1bGxAaXNtYXJ0Lm9yZyIsImNvbnRyYWN0VHlwZSI6InByaXZhdGUiLCJleHRlcm5hbFVzZXJTb3VyY2UiOm51bGwsImdvZE1vZGUiOnRydWUsImVkdWNvbnQiOnt9LCJfaWQiOiI2NWMzNDFiMmI5MmM3YTVmYmFmZWI2MDcifQ.g8I_2Btv7rGXWFT_jbBB9c0iAVhZshRxVIA8nbNqh0s","default","Mon Oct 05 00:34:49 UTC 2026","passed","Mon Oct 05 00:35:16 UTC 2026","Tests Eors","","",""
